UNITID,uni_total_enrollment,uni_total_nonresident_enrollment,uni_undergrad_enrollment,uni_undergrad_nonresident_enrollment,uni_graduate_enrollment,uni_graduate_nonresident_enrollment,uni_total_nonresident_pct,uni_undergrad_nonresident_pct,uni_graduate_nonresident_pct
100654,7295,226,6370.0,147.0,925.0,79.0,3.098012337217272,2.307692307692308,8.54054054054054
100663,20905,1873,11959.0,361.0,8946.0,1512.0,8.959579048074623,3.0186470440672295,16.901408450704224
100690,639,0,243.0,0.0,396.0,0.0,0.0,0.0,0.0
100706,8564,278,6800.0,76.0,1764.0,202.0,3.246146660439047,1.1176470588235294,11.45124716553288
100724,4081,109,3521.0,87.0,560.0,22.0,2.6709139916687086,2.470888952002272,3.9285714285714284
100751,40846,1207,34389.0,341.0,6457.0,866.0,2.955001713754101,0.9915961499316642,13.411801146043054
100760,2140,4,2140.0,4.0,,,0.1869158878504673,0.1869158878504673,
100812,2986,7,2535.0,6.0,451.0,1.0,0.23442732752846618,0.2366863905325444,0.22172949002217296
100830,5217,1221,3325.0,129.0,1892.0,1092.0,23.404255319148938,3.879699248120301,57.71670190274841
100858,34145,1767,27907.0,460.0,6238.0,1307.0,5.174989017425684,1.6483319597233668,20.952228278294324
101028,1705,4,1705.0,4.0,,,0.23460410557184752,0.23460410557184752,
101116,303,1,299.0,1.0,4.0,0.0,0.33003300330033003,0.33444816053511706,0.0
101143,2699,16,2699.0,16.0,,,0.5928121526491293,0.5928121526491293,
101161,7553,36,7553.0,36.0,,,0.47663180193300675,0.47663180193300675,
101189,3086,141,1758.0,76.0,1328.0,65.0,4.569021386908619,4.323094425483505,4.894578313253012
101240,5071,39,5071.0,39.0,,,0.7690790771051075,0.7690790771051075,
101277,81,0,81.0,0.0,,,0.0,0.0,
101286,4044,7,4044.0,7.0,,,0.17309594460929772,0.17309594460929772,
101295,6424,32,6424.0,32.0,,,0.49813200498132004,0.49813200498132004,
101301,1925,9,1925.0,9.0,,,0.4675324675324675,0.4675324675324675,
101365,444,0,442.0,0.0,2.0,0.0,0.0,0.0,0.0
101435,892,0,880.0,0.0,12.0,0.0,0.0,0.0,0.0
101453,178,4,93.0,1.0,85.0,3.0,2.247191011235955,1.0752688172043012,3.5294117647058822
101462,1187,23,1187.0,23.0,,,1.9376579612468408,1.9376579612468408,
101471,960,6,960.0,6.0,,,0.625,0.625,
101480,9955,310,8663.0,278.0,1292.0,32.0,3.11401305876444,3.209049982684982,2.476780185758514
101505,9240,143,9240.0,143.0,,,1.5476190476190477,1.5476190476190477,
101514,9119,75,9119.0,75.0,,,0.8224586029169865,0.8224586029169865,
101569,3453,22,3453.0,22.0,,,0.6371271358239212,0.6371271358239212,
101587,6820,105,2983.0,63.0,3837.0,42.0,1.5395894428152492,2.1119678176332553,1.09460516028147
101602,2062,4,2062.0,4.0,,,0.19398642095053348,0.19398642095053348,
101648,332,0,332.0,0.0,,,0.0,0.0,
101675,1180,0,1180.0,0.0,,,0.0,0.0,
101693,1545,32,1308.0,29.0,237.0,3.0,2.071197411003236,2.217125382262997,1.2658227848101267
101709,3088,86,2642.0,84.0,446.0,2.0,2.7849740932642484,3.1794095382286147,0.4484304932735426
101736,4665,15,4665.0,15.0,,,0.3215434083601286,0.3215434083601286,
101879,10204,452,7662.0,365.0,2542.0,87.0,4.429635437083497,4.763769250848342,3.4225019669551533
101897,3208,7,3208.0,7.0,,,0.21820448877805484,0.21820448877805484,
101912,1226,0,1177.0,0.0,49.0,0.0,0.0,0.0,0.0
101994,641,4,641.0,4.0,,,0.62402496099844,0.62402496099844,
102030,4001,78,4001.0,78.0,,,1.9495126218445389,1.9495126218445389,
102049,6097,72,4210.0,45.0,1887.0,27.0,1.1809086435952107,1.0688836104513064,1.4308426073131957
102058,95,0,82.0,0.0,13.0,0.0,0.0,0.0,0.0
102067,4601,36,4601.0,36.0,,,0.7824386003042817,0.7824386003042817,
102076,2917,8,2917.0,8.0,,,0.2742543709290367,0.2742543709290367,
102094,14003,287,9241.0,114.0,4762.0,173.0,2.0495608083982004,1.233632723731198,3.632927341453171
102234,919,93,782.0,87.0,137.0,6.0,10.119695321001087,11.12531969309463,4.37956204379562
102270,731,23,731.0,23.0,,,3.146374829001368,3.146374829001368,
102298,760,109,701.0,103.0,59.0,6.0,14.342105263157896,14.693295292439373,10.16949152542373
102313,2046,10,2046.0,10.0,,,0.4887585532746823,0.4887585532746823,
102368,13658,510,10222.0,384.0,3436.0,126.0,3.7340752672426416,3.756603404421835,3.667054714784633
102377,3121,0,2659.0,0.0,462.0,0.0,0.0,0.0,0.0
102395,367,0,234.0,0.0,133.0,0.0,0.0,0.0,0.0
102429,4378,0,4378.0,0.0,,,0.0,0.0,
102553,10493,166,9853.0,145.0,640.0,21.0,1.5820070523205947,1.4716330051760884,3.28125
102580,38,0,38.0,0.0,,,0.0,0.0,
102614,6893,168,5827.0,70.0,1066.0,98.0,2.4372551864210066,1.2013042732109147,9.193245778611631
102632,2000,25,1768.0,22.0,232.0,3.0,1.25,1.244343891402715,1.293103448275862
102669,593,5,479.0,3.0,114.0,2.0,0.8431703204047217,0.6263048016701461,1.7543859649122806
102711,269,1,269.0,1.0,,,0.37174721189591076,0.37174721189591076,
102845,2157,10,2157.0,10.0,,,0.4636068613815485,0.4636068613815485,
103501,250,0,250.0,0.0,,,0.0,0.0,
103741,203,0,203.0,0.0,,,0.0,0.0,
103893,1080,3,1080.0,3.0,,,0.2777777777777778,0.2777777777777778,
103909,528,2,528.0,2.0,,,0.3787878787878788,0.3787878787878788,
103927,517,1,517.0,1.0,,,0.19342359767891684,0.19342359767891684,
103954,47,0,47.0,0.0,,,0.0,0.0,
103963,689,0,689.0,0.0,,,0.0,0.0,
104090,739,1,712.0,1.0,27.0,0.0,0.13531799729364005,0.1404494382022472,0.0
104151,79818,12563,65450.0,5273.0,14368.0,7290.0,15.739557493297252,8.056531703590528,50.73775055679287
104160,8964,138,8964.0,138.0,,,1.5394912985274432,1.5394912985274432,
104179,56365,3636,44848.0,1718.0,11517.0,1918.0,6.450811673911115,3.830717088833393,16.653642441608056
104346,5053,87,5053.0,87.0,,,1.7217494557688502,1.7217494557688502,
104391,76,0,76.0,0.0,,,0.0,0.0,
104425,3905,105,3905.0,105.0,,,2.6888604353393086,2.6888604353393086,
104443,104,0,104.0,0.0,,,0.0,0.0,
104568,298,0,298.0,0.0,,,0.0,0.0,
104577,5213,65,5213.0,65.0,,,1.2468827930174564,1.2468827930174564,
104586,3264,273,3229.0,266.0,35.0,7.0,8.363970588235293,8.237844533911428,20.0
104665,8,0,,,8.0,0.0,0.0,,0.0
104708,13914,160,13914.0,160.0,,,1.1499209429351733,1.1499209429351733,
104717,113257,967,75936.0,683.0,37321.0,284.0,0.8538103605075182,0.899441635061104,0.7609656761608746
105145,5553,10,5553.0,10.0,,,0.18008283810552855,0.18008283810552855,
105154,17077,248,17077.0,248.0,,,1.4522457106049071,1.4522457106049071,
105206,4619,0,4619.0,0.0,,,0.0,0.0,
105215,527,0,527.0,0.0,,,0.0,0.0,
105297,1434,2,1423.0,2.0,11.0,0.0,0.1394700139470014,0.14054813773717498,0.0
105330,28467,1141,22990.0,486.0,5477.0,655.0,4.008149787473215,2.1139625924314918,11.95910169800986
105349,3158,0,3158.0,0.0,,,0.0,0.0,
105428,10660,100,10660.0,100.0,,,0.9380863039399625,0.9380863039399625,
105525,16283,151,16283.0,151.0,,,0.927347540379537,0.927347540379537,
105534,2676,0,2567.0,0.0,109.0,0.0,0.0,0.0,0.0
105543,562,1,562.0,1.0,,,0.1779359430604982,0.1779359430604982,
105589,867,1,223.0,0.0,644.0,1.0,0.11534025374855825,0.0,0.15527950310559005
105659,1417,0,1417.0,0.0,,,0.0,0.0,
105668,18841,112,18841.0,112.0,,,0.5944482776922668,0.5944482776922668,
105677,21,0,21.0,0.0,,,0.0,0.0,
105747,7065,53,7065.0,53.0,,,0.7501769285208776,0.7501769285208776,
105792,4516,11,4516.0,11.0,,,0.24357838795394152,0.24357838795394152,
105899,1421,48,1381.0,48.0,40.0,0.0,3.377902885292048,3.4757422157856626,0.0
106041,1957,0,1957.0,0.0,,,0.0,0.0,
106148,7428,28,7428.0,28.0,,,0.3769520732364028,0.3769520732364028,
106245,8216,579,5939.0,161.0,2277.0,418.0,7.047224926971762,2.710894089914127,18.357487922705314
106263,3485,93,1589.0,9.0,1896.0,84.0,2.6685796269727406,0.5663939584644431,4.430379746835443
106306,342,5,342.0,5.0,,,1.461988304093567,1.461988304093567,
106315,106,0,106.0,0.0,,,0.0,0.0,
106324,61,0,61.0,0.0,,,0.0,0.0,
106342,659,51,657.0,51.0,2.0,0.0,7.7389984825493165,7.76255707762557,0.0
106351,123,0,123.0,0.0,,,0.0,0.0,
106397,33610,1220,28859.0,363.0,4751.0,857.0,3.6298720618863434,1.257839841990367,18.03830772468954
106412,2005,75,1817.0,50.0,188.0,25.0,3.7406483790523692,2.7517886626307098,13.297872340425531
106449,3277,4,3277.0,4.0,,,0.12206286237412267,0.12206286237412267,
106458,15726,1277,9985.0,954.0,5741.0,323.0,8.120310314129467,9.554331497245869,5.626197526563317
106467,8746,183,8145.0,107.0,601.0,76.0,2.092385090327007,1.3136893799877225,12.645590682196339
106485,2856,23,2457.0,14.0,399.0,9.0,0.8053221288515405,0.5698005698005698,2.2556390977443606
106494,29,0,29.0,0.0,,,0.0,0.0,
106546,583,5,583.0,5.0,,,0.8576329331046313,0.8576329331046313,
106625,1705,0,1705.0,0.0,,,0.0,0.0,
106704,10112,346,8268.0,278.0,1844.0,68.0,3.4216772151898738,3.3623609095307208,3.68763557483731
106713,547,43,547.0,43.0,,,7.861060329067642,7.861060329067642,
106795,1312,0,1312.0,0.0,,,0.0,0.0,
106810,241,0,241.0,0.0,,,0.0,0.0,
106883,1401,10,1401.0,10.0,,,0.7137758743754461,0.7137758743754461,
106908,360,0,360.0,0.0,,,0.0,0.0,
106980,1805,24,1805.0,24.0,,,1.3296398891966759,1.3296398891966759,
106999,1192,10,1192.0,10.0,,,0.8389261744966443,0.8389261744966443,
107044,4696,222,3536.0,169.0,1160.0,53.0,4.727427597955707,4.779411764705882,4.568965517241379
107071,2055,52,1461.0,34.0,594.0,18.0,2.5304136253041363,2.327173169062286,3.0303030303030303
107080,1110,23,1100.0,23.0,10.0,0.0,2.0720720720720722,2.090909090909091,0.0
107099,86,0,86.0,0.0,,,0.0,0.0,
107123,92,0,92.0,0.0,,,0.0,0.0,
107141,2350,152,1948.0,149.0,402.0,3.0,6.468085106382978,7.648870636550307,0.7462686567164178
107220,245,0,245.0,0.0,,,0.0,0.0,
107293,52,0,52.0,0.0,,,0.0,0.0,
107318,1022,10,1022.0,10.0,,,0.9784735812133072,0.9784735812133072,
107327,1461,0,1461.0,0.0,,,0.0,0.0,
107442,39,0,39.0,0.0,,,0.0,0.0,
107460,2089,1,2089.0,1.0,,,0.04786979415988511,0.04786979415988511,
107488,206,0,206.0,0.0,,,0.0,0.0,
107512,1858,35,1729.0,35.0,129.0,0.0,1.883745963401507,2.0242914979757085,0.0
107521,1983,0,1983.0,0.0,,,0.0,0.0,
107549,1069,0,1069.0,0.0,,,0.0,0.0,
107558,778,218,778.0,218.0,,,28.020565552699228,28.020565552699228,
107585,2248,2,2248.0,2.0,,,0.0889679715302491,0.0889679715302491,
107600,780,63,755.0,63.0,25.0,0.0,8.076923076923077,8.344370860927153,0.0
107619,1199,0,1199.0,0.0,,,0.0,0.0,
107637,916,4,916.0,4.0,,,0.43668122270742354,0.43668122270742354,
107655,42,0,42.0,0.0,,,0.0,0.0,
107664,4478,27,4478.0,27.0,,,0.6029477445288075,0.6029477445288075,
107725,1305,5,1305.0,5.0,,,0.38314176245210724,0.38314176245210724,
107743,786,31,786.0,31.0,,,3.9440203562340965,3.9440203562340965,
107789,99,1,99.0,1.0,,,1.0101010101010102,1.0101010101010102,
107831,54,0,54.0,0.0,,,0.0,0.0,
107840,287,0,287.0,0.0,,,0.0,0.0,
107877,517,42,495.0,42.0,22.0,0.0,8.123791102514506,8.484848484848486,0.0
107974,1207,11,1207.0,11.0,,,0.9113504556752278,0.9113504556752278,
107983,4732,736,3084.0,39.0,1648.0,697.0,15.553677092138631,1.264591439688716,42.29368932038835
107992,991,0,991.0,0.0,,,0.0,0.0,
108065,8,0,8.0,0.0,,,0.0,0.0,
108092,5496,56,5459.0,56.0,37.0,0.0,1.0189228529839884,1.0258289063931123,0.0
108232,5498,910,3644.0,421.0,1854.0,489.0,16.55147326300473,11.553238199780461,26.375404530744333
108269,114,1,,,114.0,1.0,0.8771929824561403,,0.8771929824561403
108667,6141,34,6141.0,34.0,,,0.5536557563914672,0.5536557563914672,
108807,11463,12,11463.0,12.0,,,0.10468463752944254,0.10468463752944254,
108852,112,39,112.0,39.0,,,34.82142857142857,34.82142857142857,
108861,108,9,17.0,2.0,91.0,7.0,8.333333333333332,11.76470588235294,7.6923076923076925
108870,379,182,,,379.0,182.0,48.02110817941953,,48.02110817941953
108977,334,2,334.0,2.0,,,0.5988023952095809,0.5988023952095809,
109040,2168,0,2168.0,0.0,,,0.0,0.0,
109208,30462,47,30462.0,47.0,,,0.15429059155669358,0.15429059155669358,
109350,13532,17,13532.0,17.0,,,0.12562814070351758,0.12562814070351758,
109651,2308,1089,2038.0,906.0,270.0,183.0,47.183708838821495,44.45534838076546,67.77777777777779
109721,315,0,315.0,0.0,,,0.0,0.0,
109785,6272,239,2759.0,120.0,3513.0,119.0,3.810586734693878,4.349401957230881,3.387418161115855
109819,30746,63,30746.0,63.0,,,0.20490470305080336,0.20490470305080336,
109907,3226,3,3226.0,3.0,,,0.09299442033477992,0.09299442033477992,
109934,341,0,341.0,0.0,,,0.0,0.0,
110060,263,114,205.0,82.0,58.0,32.0,43.346007604562736,40.0,55.172413793103445
110097,5434,539,3481.0,238.0,1953.0,301.0,9.919028340080972,6.837115771330078,15.412186379928317
110194,307,0,307.0,0.0,,,0.0,0.0,
110219,2519,0,2512.0,0.0,7.0,0.0,0.0,0.0,0.0
110246,10968,84,10968.0,84.0,,,0.7658643326039387,0.7658643326039387,
110316,1874,45,38.0,0.0,1836.0,45.0,2.40128068303095,0.0,2.450980392156863
110334,9457,54,9457.0,54.0,,,0.5710056043142645,0.5710056043142645,
110361,11902,330,8417.0,155.0,3485.0,175.0,2.7726432532347505,1.8415112272781278,5.0215208034433285
110370,1308,458,1004.0,318.0,304.0,140.0,35.015290519877674,31.673306772908365,46.05263157894737
110398,1195,69,,,1195.0,69.0,5.7740585774058575,,5.7740585774058575
110404,2430,810,987.0,139.0,1443.0,671.0,33.33333333333333,14.083080040526848,46.5003465003465
110413,3351,230,2297.0,84.0,1054.0,146.0,6.863622799164429,3.656943839791032,13.851992409867172
110422,23069,218,22033.0,187.0,1036.0,31.0,0.9449911136156748,0.8487269096355468,2.9922779922779923
110468,4530,313,391.0,0.0,4139.0,313.0,6.9094922737306845,0.0,7.5622130949504704
110486,10419,129,8865.0,112.0,1554.0,17.0,1.2381226605240425,1.263395375070502,1.093951093951094
110495,9724,64,8455.0,55.0,1269.0,9.0,0.658165364047717,0.6505026611472502,0.7092198581560284
110510,18492,539,15365.0,180.0,3127.0,359.0,2.9147739563054293,1.171493654409372,11.480652382475217
110529,27636,585,25255.0,293.0,2381.0,292.0,2.116804168475901,1.1601663037022372,12.263754724905501
110538,15257,319,13792.0,181.0,1465.0,138.0,2.0908435472242246,1.312354988399072,9.419795221843003
110547,15182,376,12632.0,126.0,2550.0,250.0,2.476617046502437,0.9974667511082964,9.803921568627452
110556,24427,696,21954.0,491.0,2473.0,205.0,2.849306095713759,2.236494488475904,8.289526890416498
110565,43662,1002,38760.0,408.0,4902.0,594.0,2.2949017452246805,1.0526315789473684,12.11750305997552
110574,12326,863,9909.0,255.0,2417.0,608.0,7.0014603277624525,2.5734181047532547,25.15515101365329
110583,42003,1527,36082.0,878.0,5921.0,649.0,3.635454610384972,2.43334626683665,10.9609863198784
110592,23163,468,19586.0,214.0,3577.0,254.0,2.0204636705090016,1.0926171755335443,7.100922560805143
110608,38313,1632,32756.0,952.0,5557.0,680.0,4.259650771278678,2.9063377701795092,12.236818427208926
110617,31943,724,28820.0,473.0,3123.0,251.0,2.2665372695113173,1.6412213740458017,8.03714377201409
110635,45882,7266,33070.0,3255.0,12812.0,4011.0,15.836275663658952,9.842757786513456,31.306587574149237
110644,40065,5985,32273.0,4146.0,7792.0,1839.0,14.938225383751405,12.846652000123942,23.60112936344969
110653,37297,5850,30204.0,3713.0,7093.0,2137.0,15.684907633321716,12.29307376506423,30.128295502608204
110662,47335,6352,33475.0,2574.0,13860.0,3778.0,13.419245801204182,7.689320388349515,27.258297258297258
110671,26384,2326,22600.0,836.0,3784.0,1490.0,8.815949060036386,3.6991150442477876,39.37632135306554
110680,44256,8029,34955.0,3891.0,9301.0,4138.0,18.142172812725956,11.131454727506794,44.48983980217181
110699,3007,316,,,3007.0,316.0,10.50881277020286,,10.50881277020286
110705,26133,3111,23181.0,2091.0,2952.0,1020.0,11.90448857766043,9.020318364177559,34.552845528455286
110714,19938,1187,17940.0,544.0,1998.0,643.0,5.953455712709399,3.032329988851728,32.18218218218218
110778,1145,930,5.0,0.0,1140.0,930.0,81.22270742358079,0.0,81.57894736842105
110875,122,0,122.0,0.0,,,0.0,0.0,
111045,123,110,38.0,29.0,85.0,81.0,89.43089430894308,76.31578947368422,95.29411764705881
111054,98,0,98.0,0.0,,,0.0,0.0,
111081,1277,387,868.0,229.0,409.0,158.0,30.305403288958498,26.382488479262673,38.63080684596577
111188,837,3,804.0,3.0,33.0,0.0,0.35842293906810035,0.3731343283582089,0.0
111391,650,7,,,650.0,7.0,1.0769230769230769,,1.0769230769230769
111434,6625,181,6625.0,181.0,,,2.7320754716981135,2.7320754716981135,
111461,18075,106,18075.0,106.0,,,0.586445366528354,0.586445366528354,
111513,219,0,219.0,0.0,,,0.0,0.0,
111638,759,0,759.0,0.0,,,0.0,0.0,
111708,223,0,223.0,0.0,,,0.0,0.0,
111717,266,0,266.0,0.0,,,0.0,0.0,
111726,130,0,130.0,0.0,,,0.0,0.0,
111744,162,0,162.0,0.0,,,0.0,0.0,
111762,142,0,142.0,0.0,,,0.0,0.0,
111799,171,0,171.0,0.0,,,0.0,0.0,
111887,21859,58,21859.0,58.0,,,0.2653369321560913,0.2653369321560913,
111896,5549,5,5549.0,5.0,,,0.09010632546404757,0.09010632546404757,
111920,12842,84,12842.0,84.0,,,0.6541037221616571,0.6541037221616571,
111939,22460,87,22460.0,87.0,,,0.3873552983081033,0.3873552983081033,
111948,9760,460,7713.0,232.0,2047.0,228.0,4.713114754098361,3.007908725528329,11.138251099169516
111966,852,0,282.0,0.0,570.0,0.0,0.0,0.0,0.0
112075,3658,103,1544.0,58.0,2114.0,45.0,2.8157463094587207,3.756476683937824,2.128666035950804
112084,96,1,89.0,1.0,7.0,0.0,1.0416666666666665,1.1235955056179776,0.0
112127,40,1,,,40.0,1.0,2.5,,2.5
112172,10429,166,10429.0,166.0,,,1.5917154089557966,1.5917154089557966,
112181,114,0,114.0,0.0,,,0.0,0.0,
112190,19267,314,19267.0,314.0,,,1.6297295894534696,1.6297295894534696,
112251,1771,367,,,1771.0,367.0,20.7227555053642,,20.7227555053642
112260,1393,208,1390.0,208.0,3.0,0.0,14.931801866475233,14.964028776978417,0.0
112288,635,0,635.0,0.0,,,0.0,0.0,
112367,238,0,238.0,0.0,,,0.0,0.0,
112385,9008,175,9008.0,175.0,,,1.9427175843694493,1.9427175843694493,
112394,477,0,456.0,0.0,21.0,0.0,0.0,0.0,0.0
112455,109,0,109.0,0.0,,,0.0,0.0,
112525,3665,60,,,3665.0,60.0,1.6371077762619373,,1.6371077762619373
112561,2828,54,2828.0,54.0,,,1.9094766619519095,1.9094766619519095,
112570,71,0,71.0,0.0,,,0.0,0.0,
112686,5225,0,5225.0,0.0,,,0.0,0.0,
112826,6538,124,6538.0,124.0,,,1.8966044661976138,1.8966044661976138,
113096,15744,40,15744.0,40.0,,,0.25406504065040647,0.25406504065040647,
113111,6768,4,6768.0,4.0,,,0.0591016548463357,0.0591016548463357,
113193,11283,21,11283.0,21.0,,,0.18612071257644244,0.18612071257644244,
113218,8905,15,8905.0,15.0,,,0.16844469399213924,0.16844469399213924,
113236,15924,115,15924.0,115.0,,,0.7221803566942979,0.7221803566942979,
113333,17425,1318,17425.0,1318.0,,,7.563845050215208,7.563845050215208,
113449,132,0,132.0,0.0,,,0.0,0.0,
113573,12861,69,12861.0,69.0,,,0.536505714952181,0.536505714952181,
113582,94,5,77.0,3.0,17.0,2.0,5.319148936170213,3.896103896103896,11.76470588235294
113616,52,30,25.0,17.0,27.0,13.0,57.692307692307686,68.0,48.148148148148145
113634,17228,606,17228.0,606.0,,,3.5175296029719063,3.5175296029719063,
113698,1900,50,1114.0,30.0,786.0,20.0,2.631578947368421,2.6929982046678633,2.5445292620865136
113704,55,10,,,55.0,10.0,18.181818181818183,,18.181818181818183
113856,33677,195,33677.0,195.0,,,0.5790301986518989,0.5790301986518989,
113980,21664,340,21664.0,340.0,,,1.5694239290989662,1.5694239290989662,
114114,150,7,,,150.0,7.0,4.666666666666667,,4.666666666666667
114266,9336,56,9336.0,56.0,,,0.5998286203941731,0.5998286203941731,
114354,564,128,535.0,114.0,29.0,14.0,22.69503546099291,21.30841121495327,48.275862068965516
114433,2055,24,2055.0,24.0,,,1.167883211678832,1.167883211678832,
114460,220,0,220.0,0.0,,,0.0,0.0,
114549,915,8,,,915.0,8.0,0.8743169398907104,,0.8743169398907104
114585,321,51,,,321.0,51.0,15.887850467289718,,15.887850467289718
114637,43,0,43.0,0.0,,,0.0,0.0,
114716,12949,454,12949.0,454.0,,,3.5060622441887404,3.5060622441887404,
114734,89,5,,,89.0,5.0,5.617977528089887,,5.617977528089887
114761,69,0,69.0,0.0,,,0.0,0.0,
114789,28071,30,28071.0,30.0,,,0.10687186063909372,0.10687186063909372,
114813,2879,68,1545.0,53.0,1334.0,15.0,2.3619312261201806,3.43042071197411,1.1244377811094453
114840,1890,507,,,1890.0,507.0,26.825396825396826,,26.825396825396826
114859,19521,180,19521.0,180.0,,,0.9220839096357769,0.9220839096357769,
114938,6083,8,6083.0,8.0,,,0.13151405556468848,0.13151405556468848,
114947,186,49,186.0,49.0,,,26.344086021505376,26.344086021505376,
115001,12075,198,12075.0,198.0,,,1.639751552795031,1.639751552795031,
115010,896,0,896.0,0.0,,,0.0,0.0,
115083,3098,272,271.0,8.0,2827.0,264.0,8.779857972885733,2.952029520295203,9.33852140077821
115126,10721,253,10721.0,253.0,,,2.3598544911855237,2.3598544911855237,
115214,150,38,,,150.0,38.0,25.333333333333336,,25.333333333333336
115296,14440,205,14440.0,205.0,,,1.4196675900277007,1.4196675900277007,
115357,164,1,164.0,1.0,,,0.6097560975609756,0.6097560975609756,
115393,11273,0,11273.0,0.0,,,0.0,0.0,
115409,951,101,951.0,101.0,,,10.620399579390117,10.620399579390117,
115658,77,0,77.0,0.0,,,0.0,0.0,
115746,833,18,,,833.0,18.0,2.1608643457382954,,2.1608643457382954
115755,6237,23,5661.0,18.0,576.0,5.0,0.3687670354337021,0.3179650238473768,0.8680555555555556
115773,699,288,172.0,0.0,527.0,288.0,41.201716738197426,0.0,54.64895635673624
115861,8873,1,8873.0,1.0,,,0.011270145384875464,0.011270145384875464,
115931,765,0,765.0,0.0,,,0.0,0.0,
116226,102,3,97.0,3.0,5.0,0.0,2.941176470588235,3.0927835051546393,0.0
116439,13018,604,13018.0,604.0,,,4.639729605162083,4.639729605162083,
116563,157,0,157.0,0.0,,,0.0,0.0,
116846,424,3,290.0,1.0,134.0,2.0,0.7075471698113208,0.3448275862068966,1.4925373134328357
117052,8796,5,8796.0,5.0,,,0.056844020009095046,0.056844020009095046,
117104,621,10,460.0,6.0,161.0,4.0,1.610305958132045,1.3043478260869565,2.484472049689441
117140,5021,209,3050.0,42.0,1971.0,167.0,4.162517426807409,1.377049180327869,8.472856418061896
117168,775,39,746.0,37.0,29.0,2.0,5.032258064516129,4.959785522788204,6.896551724137931
117195,4040,18,4040.0,18.0,,,0.4455445544554455,0.4455445544554455,
117238,150,0,150.0,0.0,,,0.0,0.0,
117247,9328,52,9328.0,52.0,,,0.5574614065180103,0.5574614065180103,
117274,2038,0,2038.0,0.0,,,0.0,0.0,
117283,112,0,112.0,0.0,,,0.0,0.0,
117520,618,0,,,618.0,0.0,0.0,,0.0
117557,436,306,204.0,82.0,232.0,224.0,70.18348623853211,40.19607843137255,96.55172413793103
117575,161,4,32.0,2.0,129.0,2.0,2.484472049689441,6.25,1.550387596899225
117627,1574,141,1226.0,80.0,348.0,61.0,8.958068614993648,6.525285481239804,17.52873563218391
117636,4210,344,1024.0,26.0,3186.0,318.0,8.17102137767221,2.5390625,9.981167608286253
117645,24985,87,24985.0,87.0,,,0.34820892535521314,0.34820892535521314,
117672,2008,57,729.0,20.0,1279.0,37.0,2.838645418326693,2.7434842249657065,2.8928850664581707
117690,9463,23,9463.0,23.0,,,0.2430518862939871,0.2430518862939871,
117706,16906,137,16906.0,137.0,,,0.8103631846681651,0.8103631846681651,
117715,5371,7,5371.0,7.0,,,0.13032954757028486,0.13032954757028486,
117724,12519,41,12519.0,41.0,,,0.32750219666107516,0.32750219666107516,
117733,15999,65,15999.0,65.0,,,0.40627539221201325,0.40627539221201325,
117751,2860,63,1908.0,37.0,952.0,26.0,2.202797202797203,1.939203354297694,2.73109243697479
117788,14611,381,14611.0,381.0,,,2.607624392580932,2.607624392580932,
117803,204,0,204.0,0.0,,,0.0,0.0,
117867,10690,35,10690.0,35.0,,,0.32740879326473343,0.32740879326473343,
117894,8455,32,8455.0,32.0,,,0.3784742755765819,0.3784742755765819,
117946,10179,907,7273.0,670.0,2906.0,237.0,8.91050201395029,9.212154544204592,8.155540261527873
117955,229,3,229.0,3.0,,,1.3100436681222707,1.3100436681222707,
118134,70,0,70.0,0.0,,,0.0,0.0,
118143,90,0,90.0,0.0,,,0.0,0.0,
118161,86,0,86.0,0.0,,,0.0,0.0,
118198,2000,0,2000.0,0.0,,,0.0,0.0,
118347,4838,77,4838.0,77.0,,,1.5915667631252584,1.5915667631252584,
118684,4225,8,4225.0,8.0,,,0.1893491124260355,0.1893491124260355,
118693,810,187,764.0,173.0,46.0,14.0,23.08641975308642,22.643979057591622,30.434782608695656
118718,12472,45,12472.0,45.0,,,0.3608082103912765,0.3608082103912765,
118772,7022,34,7022.0,34.0,,,0.48419253773853604,0.48419253773853604,
118888,640,219,464.0,70.0,176.0,149.0,34.21875,15.086206896551724,84.6590909090909
118912,11478,83,11478.0,83.0,,,0.7231224952082245,0.7231224952082245,
118930,6909,118,6909.0,118.0,,,1.7079172094369661,1.7079172094369661,
118958,90,2,90.0,2.0,,,2.2222222222222223,2.2222222222222223,
118976,18258,171,18258.0,171.0,,,0.9365757476174827,0.9365757476174827,
118994,411,2,411.0,2.0,,,0.48661800486618007,0.48661800486618007,
119058,526,224,12.0,1.0,514.0,223.0,42.585551330798474,8.333333333333332,43.3852140077821
119067,7173,26,7173.0,26.0,,,0.36247037501742646,0.36247037501742646,
119137,14583,87,14583.0,87.0,,,0.5965850648014812,0.5965850648014812,
119164,29971,248,29971.0,248.0,,,0.8274665509992993,0.8274665509992993,
119173,2312,24,1731.0,9.0,581.0,15.0,1.0380622837370241,0.5199306759098787,2.5817555938037864
119216,17627,0,17627.0,0.0,,,0.0,0.0,
119270,824,361,800.0,345.0,24.0,16.0,43.810679611650485,43.125,66.66666666666666
119331,4844,14,4844.0,14.0,,,0.2890173410404624,0.2890173410404624,
119553,1258,0,1258.0,0.0,,,0.0,0.0,
119605,22115,1,11237.0,0.0,10878.0,1.0,0.0045218177707438394,0.0,0.00919286633572348
119678,2441,183,,,2441.0,183.0,7.4969274887341255,,7.4969274887341255
119775,273,5,183.0,5.0,90.0,0.0,1.8315018315018317,2.73224043715847,0.0
119951,207,0,207.0,0.0,,,0.0,0.0,
120069,381,0,381.0,0.0,,,0.0,0.0,
120078,653,0,653.0,0.0,,,0.0,0.0,
120087,294,0,294.0,0.0,,,0.0,0.0,
120166,389,294,126.0,88.0,263.0,206.0,75.57840616966581,69.84126984126983,78.32699619771863
120184,306,13,33.0,1.0,273.0,12.0,4.248366013071895,3.0303030303030303,4.395604395604396
120254,1881,97,1881.0,97.0,,,5.156831472620946,5.156831472620946,
120290,9061,302,9061.0,302.0,,,3.332965456351396,3.332965456351396,
120342,17096,806,17096.0,806.0,,,4.7145531118390265,4.7145531118390265,
120403,1267,238,1224.0,229.0,43.0,9.0,18.784530386740332,18.709150326797385,20.930232558139537
120421,7361,19,7361.0,19.0,,,0.2581171036543948,0.2581171036543948,
120537,1025,14,564.0,11.0,461.0,3.0,1.3658536585365855,1.950354609929078,0.6507592190889371
120661,147,0,147.0,0.0,,,0.0,0.0,
120698,1065,109,14.0,0.0,1051.0,109.0,10.234741784037558,0.0,10.371075166508087
120768,1068,4,312.0,3.0,756.0,1.0,0.37453183520599254,0.9615384615384616,0.13227513227513227
120795,124,4,,,124.0,4.0,3.225806451612903,,3.225806451612903
120838,101,100,44.0,44.0,57.0,56.0,99.00990099009901,100.0,98.24561403508771
120865,974,26,937.0,26.0,37.0,0.0,2.6694045174537986,2.774813233724653,0.0
120883,6944,777,3249.0,235.0,3695.0,542.0,11.189516129032258,7.232994767620807,14.668470906630581
120953,3833,2,3833.0,2.0,,,0.05217845030002609,0.05217845030002609,
120971,19550,92,19550.0,92.0,,,0.4705882352941176,0.4705882352941176,
121044,24597,548,24597.0,548.0,,,2.22791397324877,2.22791397324877,
121150,8976,617,3553.0,277.0,5423.0,340.0,6.873885918003565,7.796228539262595,6.269592476489027
121257,1242,119,1242.0,119.0,,,9.581320450885668,9.581320450885668,
121309,4757,51,3246.0,37.0,1511.0,14.0,1.0721042673954173,1.1398644485520641,0.9265387160820648
121345,1700,235,1700.0,235.0,,,13.823529411764707,13.823529411764707,
121363,4784,4,4784.0,4.0,,,0.08361204013377926,0.08361204013377926,
121433,93,26,93.0,26.0,,,27.956989247311824,27.956989247311824,
121619,27248,167,27248.0,167.0,,,0.612889019377569,0.612889019377569,
121628,230,39,,,230.0,39.0,16.956521739130434,,16.956521739130434
121637,112,0,112.0,0.0,,,0.0,0.0,
121691,3087,67,2049.0,18.0,1038.0,49.0,2.170391966310334,0.8784773060029283,4.720616570327553
121707,4706,1,4706.0,1.0,,,0.021249468763280918,0.021249468763280918,
121859,254,0,254.0,0.0,,,0.0,0.0,
121868,196,0,196.0,0.0,,,0.0,0.0,
121886,17441,24,17441.0,24.0,,,0.13760678860157102,0.13760678860157102,
121901,21730,110,21730.0,110.0,,,0.5062126092959043,0.5062126092959043,
122117,102,19,,,102.0,19.0,18.627450980392158,,18.627450980392158
122180,19920,53,19920.0,53.0,,,0.2660642570281124,0.2660642570281124,
122205,20764,400,20764.0,400.0,,,1.9264110961279137,1.9264110961279137,
122296,1926,11,735.0,4.0,1191.0,7.0,0.5711318795430945,0.5442176870748299,0.5877413937867338
122339,13242,15,13242.0,15.0,,,0.11327594019030357,0.11327594019030357,
122375,19212,64,19212.0,64.0,,,0.33312513012700395,0.33312513012700395,
122384,14257,23,14257.0,23.0,,,0.16132426176614997,0.16132426176614997,
122409,41137,1345,35782.0,865.0,5355.0,480.0,3.269562680798308,2.417416578167794,8.96358543417367
122436,9714,578,5851.0,423.0,3863.0,155.0,5.95017500514721,7.229533413091779,4.01242557597722
122506,439,166,227.0,67.0,212.0,99.0,37.81321184510251,29.515418502202646,46.69811320754717
122597,22563,1149,19444.0,835.0,3119.0,314.0,5.0924079244781275,4.294383871631351,10.067329272202628
122612,8913,977,5321.0,491.0,3592.0,486.0,10.961516885448223,9.227588799097914,13.530066815144767
122649,154,0,,,154.0,0.0,0.0,,0.0
122658,20969,20,20969.0,20.0,,,0.09537889265105631,0.09537889265105631,
122685,2318,3,2318.0,3.0,,,0.12942191544434856,0.12942191544434856,
122694,798,3,798.0,3.0,,,0.37593984962406013,0.37593984962406013,
122728,1865,188,1317.0,48.0,548.0,140.0,10.080428954423592,3.644646924829157,25.547445255474454
122746,8609,130,8609.0,130.0,,,1.510047624578929,1.510047624578929,
122755,37661,2735,28008.0,1063.0,9653.0,1672.0,7.262154483417859,3.7953441873750355,17.32104009116337
122791,9901,351,9901.0,351.0,,,3.545096454903545,3.545096454903545,
122889,12334,331,12334.0,331.0,,,2.6836387222312306,2.6836387222312306,
122931,9728,1322,6577.0,499.0,3151.0,823.0,13.589638157894738,7.587045765546602,26.118692478578232
122977,23453,1739,23453.0,1739.0,,,7.414829659318638,7.414829659318638,
123013,17854,89,17854.0,89.0,,,0.498487733841156,0.498487733841156,
123095,1057,11,,,1057.0,11.0,1.0406811731315044,,1.0406811731315044
123165,1137,51,1117.0,51.0,20.0,0.0,4.485488126649076,4.565801253357207,0.0
123217,14494,19,14494.0,19.0,,,0.13108872636953223,0.13108872636953223,
123280,25,0,21.0,0.0,4.0,0.0,0.0,0.0,0.0
123299,9073,0,9073.0,0.0,,,0.0,0.0,
123341,19125,57,19125.0,57.0,,,0.2980392156862745,0.2980392156862745,
123350,220,0,220.0,0.0,,,0.0,0.0,
123448,273,0,,,273.0,0.0,0.0,,0.0
123457,992,42,820.0,29.0,172.0,13.0,4.233870967741935,3.536585365853658,7.55813953488372
123484,1575,18,1575.0,18.0,,,1.1428571428571428,1.1428571428571428,
123493,91,0,91.0,0.0,,,0.0,0.0,
123509,9572,261,9572.0,261.0,,,2.726702883409946,2.726702883409946,
123527,14055,15,14055.0,15.0,,,0.10672358591248667,0.10672358591248667,
123554,2734,94,1954.0,50.0,780.0,44.0,3.4381858083394294,2.5588536335721597,5.641025641025641
123563,9282,9,9282.0,9.0,,,0.09696186166774402,0.09696186166774402,
123572,5891,32,5272.0,25.0,619.0,7.0,0.543201493804108,0.47420333839150225,1.1308562197092082
123633,198,45,,,198.0,45.0,22.727272727272727,,22.727272727272727
123642,306,0,306.0,0.0,,,0.0,0.0,
123651,2246,11,1960.0,6.0,286.0,5.0,0.4897595725734639,0.30612244897959184,1.7482517482517483
123679,214,1,214.0,1.0,,,0.46728971962616817,0.46728971962616817,
123800,20986,67,20986.0,67.0,,,0.31926045935385494,0.31926045935385494,
123916,77,0,,,77.0,0.0,0.0,,0.0
123943,653,17,,,653.0,17.0,2.6033690658499236,,2.6033690658499236
123952,418,212,237.0,109.0,181.0,103.0,50.717703349282296,45.9915611814346,56.9060773480663
123961,46566,12374,20630.0,2817.0,25936.0,9557.0,26.573036120774812,13.654871546291808,36.84839605181986
123970,1006,25,,,1006.0,25.0,2.485089463220676,,2.485089463220676
124113,4464,5,4464.0,5.0,,,0.11200716845878135,0.11200716845878135,
124283,213,22,,,213.0,22.0,10.328638497652582,,10.328638497652582
124292,566,38,566.0,38.0,,,6.713780918727916,6.713780918727916,
124487,98,2,66.0,2.0,32.0,0.0,2.0408163265306123,3.0303030303030303,0.0
124681,1079,0,1079.0,0.0,,,0.0,0.0,
124706,222,0,222.0,0.0,,,0.0,0.0,
124937,158,0,158.0,0.0,,,0.0,0.0,
125028,12222,45,12222.0,45.0,,,0.3681885125184094,0.3681885125184094,
125037,288,0,,,288.0,0.0,0.0,,0.0
125082,98,0,98.0,0.0,,,0.0,0.0,
125091,8423,5,8423.0,5.0,,,0.059361272705686814,0.059361272705686814,
125170,6278,47,6278.0,47.0,,,0.7486460656259956,0.7486460656259956,
125231,49441,293,9144.0,13.0,40297.0,280.0,0.5926255536902572,0.14216972878390202,0.6948408070079659
125310,46,0,46.0,0.0,,,0.0,0.0,
125462,4175,10,4175.0,10.0,,,0.23952095808383234,0.23952095808383234,
125471,9255,43,9255.0,43.0,,,0.46461372231226367,0.46461372231226367,
125499,7655,41,7655.0,41.0,,,0.5355976485956891,0.5355976485956891,
125532,2207,16,2207.0,16.0,,,0.724966017217943,0.724966017217943,
125718,108,6,,,108.0,6.0,5.555555555555555,,5.555555555555555
125727,1310,23,1302.0,23.0,8.0,0.0,1.7557251908396947,1.7665130568356373,0.0
125763,795,102,769.0,102.0,26.0,0.0,12.830188679245284,13.263979193758127,0.0
125897,849,45,786.0,37.0,63.0,8.0,5.30035335689046,4.707379134860051,12.698412698412698
126012,518,30,,,518.0,30.0,5.7915057915057915,,5.7915057915057915
126049,262,4,,,262.0,4.0,1.5267175572519083,,1.5267175572519083
126076,163,2,163.0,2.0,,,1.2269938650306749,1.2269938650306749,
126119,6320,2,6320.0,2.0,,,0.03164556962025317,0.03164556962025317,
126182,2901,8,1605.0,7.0,1296.0,1.0,0.2757669769045157,0.43613707165109034,0.07716049382716049
126207,8542,8,8542.0,8.0,,,0.09365488176071178,0.09365488176071178,
126289,15012,271,15012.0,271.0,,,1.805222488675726,1.805222488675726,
126359,139,0,139.0,0.0,,,0.0,0.0,
126562,23124,1760,13921.0,1123.0,9203.0,637.0,7.611139941186646,8.066949213418576,6.921655981745083
126580,11354,191,9302.0,79.0,2052.0,112.0,1.6822265280958253,0.8492797247903676,5.458089668615984
126605,397,0,397.0,0.0,,,0.0,0.0,
126614,38799,2495,32244.0,833.0,6555.0,1662.0,6.430578107683188,2.58342637389902,25.354691075514875
126669,9951,0,8200.0,0.0,1751.0,0.0,0.0,0.0,0.0
126678,2056,106,2031.0,106.0,25.0,0.0,5.155642023346303,5.219103889709502,0.0
126687,256,0,256.0,0.0,,,0.0,0.0,
126711,5494,0,5494.0,0.0,,,0.0,0.0,
126748,1271,20,1271.0,20.0,,,1.5735641227380015,1.5735641227380015,
126775,8044,602,6195.0,187.0,1849.0,415.0,7.483838886126305,3.0185633575464084,22.444564629529477
126784,85,0,85.0,0.0,,,0.0,0.0,
126818,34096,1906,26221.0,625.0,7875.0,1281.0,5.5900985452839045,2.383585675603524,16.266666666666666
126827,31830,0,28246.0,0.0,3584.0,0.0,0.0,0.0,0.0
126863,8833,814,8833.0,814.0,,,9.21544209215442,9.21544209215442,
126915,304,0,304.0,0.0,,,0.0,0.0,
126942,7965,346,7965.0,346.0,,,4.344005021971124,4.344005021971124,
126951,1212,0,1212.0,0.0,,,0.0,0.0,
126979,847,22,,,847.0,22.0,2.5974025974025974,,2.5974025974025974
127060,12813,702,6614.0,180.0,6199.0,522.0,5.478810583001639,2.7214998488055637,8.420713018228748
127158,6123,24,6123.0,24.0,,,0.39196472317491426,0.39196472317491426,
127185,3544,33,3392.0,33.0,152.0,0.0,0.9311512415349887,0.972877358490566,0.0
127200,21970,407,21970.0,407.0,,,1.8525261720527992,1.8525261720527992,
127273,166,11,,,166.0,11.0,6.626506024096386,,6.626506024096386
127316,248,0,248.0,0.0,,,0.0,0.0,
127389,690,34,690.0,34.0,,,4.9275362318840585,4.9275362318840585,
127556,9785,128,9473.0,125.0,312.0,3.0,1.3081246806336229,1.3195397445371055,0.9615384615384616
127565,18453,148,17274.0,105.0,1179.0,43.0,0.8020376090608574,0.6078499478985759,3.64715860899067
127617,1626,5,1626.0,5.0,,,0.3075030750307503,0.3075030750307503,
127653,1094,25,339.0,7.0,755.0,18.0,2.2851919561243146,2.0648967551622417,2.384105960264901
127714,527,0,527.0,0.0,,,0.0,0.0,
127732,1684,61,1684.0,61.0,,,3.622327790973872,3.622327790973872,
127741,8869,177,6480.0,81.0,2389.0,96.0,1.9957154132371182,1.25,4.0184177480117205
127778,959,58,959.0,58.0,,,6.047966631908238,6.047966631908238,
127820,12556,54,12556.0,54.0,,,0.4300732717425932,0.4300732717425932,
127884,7284,41,7284.0,41.0,,,0.5628775398132894,0.5628775398132894,
127909,8419,151,8322.0,150.0,97.0,1.0,1.7935621807815654,1.802451333813987,1.0309278350515463
127918,4605,254,2689.0,62.0,1916.0,192.0,5.515743756786102,2.3056898475269616,10.020876826722338
127945,2061,2,2061.0,2.0,,,0.09704027171276079,0.09704027171276079,
127954,43,0,10.0,0.0,33.0,0.0,0.0,0.0,0.0
128106,6851,75,5086.0,63.0,1765.0,12.0,1.0947306962487227,1.238694455367676,0.6798866855524079
128151,1060,27,1060.0,27.0,,,2.547169811320755,2.547169811320755,
128179,679,0,679.0,0.0,,,0.0,0.0,
128188,1077,0,1077.0,0.0,,,0.0,0.0,
128258,1613,40,1613.0,40.0,,,2.4798512089274647,2.4798512089274647,
128328,4114,59,4114.0,59.0,,,1.4341273699562471,1.4341273699562471,
128337,149,0,149.0,0.0,,,0.0,0.0,
128391,3568,33,3148.0,24.0,420.0,9.0,0.9248878923766817,0.7623888182973316,2.142857142857143
128498,1239,50,1006.0,45.0,233.0,5.0,4.035512510088781,4.473161033797217,2.1459227467811157
128586,46,2,46.0,2.0,,,4.3478260869565215,4.3478260869565215,
128744,3838,1187,1570.0,76.0,2268.0,1111.0,30.92756644085461,4.840764331210192,48.985890652557316
128771,9997,196,8170.0,155.0,1827.0,41.0,1.9605881764529358,1.8971848225214198,2.2441160372194857
128780,2012,18,1927.0,18.0,85.0,0.0,0.8946322067594433,0.9340944473274521,0.0
128896,209,0,209.0,0.0,,,0.0,0.0,
128902,1990,117,1990.0,117.0,,,5.8793969849246235,5.8793969849246235,
129002,402,0,402.0,0.0,,,0.0,0.0,
129020,28306,3247,20056.0,1487.0,8250.0,1760.0,11.471066205044867,7.4142401276426,21.333333333333336
129154,2970,1,2855.0,1.0,115.0,0.0,0.03367003367003367,0.03502626970227671,0.0
129181,1008,0,1008.0,0.0,,,0.0,0.0,
129215,4355,11,4174.0,9.0,181.0,2.0,0.25258323765786456,0.21562050790608528,1.1049723756906076
129242,6864,173,5391.0,104.0,1473.0,69.0,2.5203962703962706,1.9291411611945835,4.684317718940937
129349,178,0,178.0,0.0,,,0.0,0.0,
129367,36315,254,36315.0,254.0,,,0.6994354949745285,0.6994354949745285,
129482,402,0,402.0,0.0,,,0.0,0.0,
129491,109,28,,,109.0,28.0,25.688073394495415,,25.688073394495415
129525,6015,326,4223.0,114.0,1792.0,212.0,5.4197838736492105,2.6995027231825715,11.830357142857142
129534,719,26,267.0,8.0,452.0,18.0,3.616133518776078,2.9962546816479403,3.982300884955752
129774,442,3,442.0,3.0,,,0.6787330316742082,0.6787330316742082,
129923,928,0,928.0,0.0,,,0.0,0.0,
129932,289,0,289.0,0.0,,,0.0,0.0,
129941,9229,3108,4903.0,181.0,4326.0,2927.0,33.67645465380865,3.691617377116051,67.66065649560795
130174,1373,0,1373.0,0.0,,,0.0,0.0,
130183,16178,190,14116.0,109.0,2062.0,81.0,1.174434417109655,0.7721734202323605,3.9282250242483023
130226,9424,207,6557.0,101.0,2867.0,106.0,2.1965195246179965,1.5403385694677445,3.6972445064527384
130253,11022,1463,7204.0,88.0,3818.0,1375.0,13.273453093812376,1.2215435868961688,36.01361969617601
130314,1952,25,993.0,13.0,959.0,12.0,1.2807377049180328,1.3091641490433032,1.251303441084463
130493,9377,77,7252.0,52.0,2125.0,25.0,0.8211581529273754,0.7170435741864313,1.1764705882352942
130590,2238,300,2204.0,295.0,34.0,5.0,13.404825737265416,13.38475499092559,14.705882352941178
130624,1108,32,1108.0,32.0,,,2.888086642599278,2.888086642599278,
130697,4011,356,3805.0,304.0,206.0,52.0,8.87559212166542,7.989487516425756,25.24271844660194
130776,4169,28,3567.0,21.0,602.0,7.0,0.6716238906212522,0.5887300252312868,1.1627906976744187
130794,15564,3776,6814.0,756.0,8750.0,3020.0,24.26111539450013,11.09480481361902,34.51428571428571
130837,51,0,51.0,0.0,,,0.0,0.0,
130873,355,0,355.0,0.0,,,0.0,0.0,
130907,13337,90,13337.0,90.0,,,0.674814426032841,0.674814426032841,
130934,5327,148,4581.0,94.0,746.0,54.0,2.778299230336024,2.0519537218947828,7.238605898123325
130943,24412,2760,20026.0,1121.0,4386.0,1639.0,11.305915123709651,5.597722960151803,37.36890104879161
130989,1001,241,697.0,65.0,304.0,176.0,24.07592407592408,9.32568149210904,57.89473684210527
131061,152,0,152.0,0.0,,,0.0,0.0,
131113,13746,1528,8858.0,285.0,4888.0,1243.0,11.115961006838353,3.2174305712350417,25.42962356792144
131159,12321,1115,7476.0,486.0,4845.0,629.0,9.049590130671211,6.500802568218298,12.982456140350877
131283,5243,599,3177.0,92.0,2066.0,507.0,11.424756818615297,2.895813660686182,24.54017424975799
131399,4202,157,3610.0,114.0,592.0,43.0,3.7363160399809616,3.1578947368421053,7.263513513513513
131405,74,2,,,74.0,2.0,2.7027027027027026,,2.7027027027027026
131450,1335,56,875.0,30.0,460.0,26.0,4.194756554307117,3.428571428571429,5.6521739130434785
131469,25374,3673,11677.0,918.0,13697.0,2755.0,14.475447308268304,7.861608289800462,20.113893553332847
131496,20031,3299,7833.0,1121.0,12198.0,2178.0,16.469472317907243,14.3112472871186,17.855386128873583
131520,14890,651,11519.0,453.0,3371.0,198.0,4.372061786433848,3.932633041062592,5.873628003559775
131803,188,0,156.0,0.0,32.0,0.0,0.0,0.0,0.0
131830,16,0,16.0,0.0,,,0.0,0.0,
131876,1948,14,1658.0,12.0,290.0,2.0,0.7186858316221766,0.7237635705669482,0.6896551724137931
131973,374,31,,,374.0,31.0,8.288770053475936,,8.288770053475936
132374,3304,0,3304.0,0.0,,,0.0,0.0,
132408,717,0,521.0,0.0,196.0,0.0,0.0,0.0,0.0
132471,6825,550,3232.0,348.0,3593.0,202.0,8.058608058608058,10.767326732673267,5.622042861118842
132602,2853,55,2738.0,51.0,115.0,4.0,1.927795303189625,1.8626734842951058,3.4782608695652173
132657,3514,572,2861.0,422.0,653.0,150.0,16.277746158224247,14.750087382034256,22.97090352220521
132675,99,0,99.0,0.0,,,0.0,0.0,
132693,14053,194,14053.0,194.0,,,1.380488151996015,1.380488151996015,
132709,30728,5374,30728.0,5374.0,,,17.488935173132,17.488935173132,
132842,818,11,287.0,0.0,531.0,11.0,1.3447432762836184,0.0,2.0715630885122414
132851,5928,129,5928.0,129.0,,,2.1761133603238867,2.1761133603238867,
132903,69713,3215,59552.0,1968.0,10161.0,1247.0,4.611765380918911,3.3046749059645353,12.272414132467278
132976,330,1,330.0,1.0,,,0.30303030303030304,0.30303030303030304,
133021,1934,21,1934.0,21.0,,,1.0858324715615306,1.0858324715615306,
133155,875,0,875.0,0.0,,,0.0,0.0,
133386,12820,88,12820.0,88.0,,,0.6864274570982839,0.6864274570982839,
133465,433,6,251.0,4.0,182.0,2.0,1.3856812933025404,1.593625498007968,1.098901098901099
133492,1893,74,1893.0,74.0,,,3.909138932910724,3.909138932910724,
133508,14301,440,14301.0,440.0,,,3.0767079225229006,3.0767079225229006,
133526,1177,1,1087.0,1.0,90.0,0.0,0.08496176720475786,0.09199632014719411,0.0
133553,11426,1108,10629.0,823.0,797.0,285.0,9.697181865919832,7.74296735346693,35.75909661229611
133650,9313,46,7890.0,13.0,1423.0,33.0,0.49393321163964354,0.16476552598225602,2.3190442726633873
133669,31607,2437,24876.0,775.0,6731.0,1662.0,7.710317334767615,3.1154526451197944,24.69172485514782
133702,23556,817,23556.0,817.0,,,3.4683307862115806,3.4683307862115806,
133711,2425,84,2409.0,84.0,16.0,0.0,3.463917525773196,3.4869240348692405,0.0
133809,728,22,728.0,22.0,,,3.021978021978022,3.021978021978022,
133845,225,0,225.0,0.0,,,0.0,0.0,
133854,108,0,108.0,0.0,,,0.0,0.0,
133863,158,0,158.0,0.0,,,0.0,0.0,
133872,1861,63,1407.0,59.0,454.0,4.0,3.3852767329392797,4.193319118692253,0.881057268722467
133881,8992,1489,3666.0,585.0,5326.0,904.0,16.559163701067618,15.957446808510639,16.9733383402178
133951,54723,4634,45193.0,3203.0,9530.0,1431.0,8.468102991429562,7.087380789060253,15.015739769150052
133960,1025,20,1025.0,20.0,,,1.951219512195122,1.951219512195122,
133979,1277,102,1206.0,97.0,71.0,5.0,7.987470634299139,8.043117744610282,7.042253521126761
134024,25,1,25.0,1.0,,,4.0,4.0,
134079,3211,117,2682.0,93.0,529.0,24.0,3.643724696356275,3.467561521252797,4.536862003780719
134097,43889,2418,32720.0,798.0,11169.0,1620.0,5.509353140878124,2.4388753056234718,14.5044319097502
134130,56311,5128,36573.0,1088.0,19738.0,4040.0,9.106568876418462,2.974872173461297,20.46813253622454
134228,28,0,28.0,0.0,,,0.0,0.0,
134237,27169,3,25777.0,2.0,1392.0,1.0,0.011041996392947845,0.0077588547930325475,0.07183908045977011
134291,610,0,610.0,0.0,,,0.0,0.0,
134307,1040,34,1040.0,34.0,,,3.2692307692307696,3.2692307692307696,
134343,5426,59,5426.0,59.0,,,1.0873571691854036,1.0873571691854036,
134495,21483,409,21483.0,409.0,,,1.9038309360890004,1.9038309360890004,
134510,152,13,131.0,11.0,21.0,2.0,8.552631578947368,8.396946564885496,9.523809523809524
134529,218,0,218.0,0.0,,,0.0,0.0,
134574,95,0,95.0,0.0,,,0.0,0.0,
134608,15429,267,15429.0,267.0,,,1.7305074859031693,1.7305074859031693,
134714,186,0,186.0,0.0,,,0.0,0.0,
134945,4247,203,2946.0,128.0,1301.0,75.0,4.779844596185543,4.344874405974202,5.764796310530361
135081,20888,457,18071.0,316.0,2817.0,141.0,2.1878590578322483,1.7486580709423938,5.005324813631523
135142,63,0,63.0,0.0,,,0.0,0.0,
135160,2921,3,2921.0,3.0,,,0.10270455323519344,0.10270455323519344,
135179,894,0,894.0,0.0,,,0.0,0.0,
135188,5810,68,5810.0,68.0,,,1.1703958691910499,1.1703958691910499,
135267,764,17,764.0,17.0,,,2.225130890052356,2.225130890052356,
135276,1349,0,1349.0,0.0,,,0.0,0.0,
135294,393,96,393.0,96.0,,,24.427480916030532,24.427480916030532,
135337,30,0,30.0,0.0,,,0.0,0.0,
135364,508,0,176.0,0.0,332.0,0.0,0.0,0.0,0.0
135391,8750,276,8750.0,276.0,,,3.1542857142857144,3.1542857142857144,
135407,1486,69,1486.0,69.0,,,4.643337819650068,4.643337819650068,
135522,741,16,741.0,16.0,,,2.1592442645074224,2.1592442645074224,
135559,70,0,70.0,0.0,,,0.0,0.0,
135647,665,38,665.0,38.0,,,5.714285714285714,5.714285714285714,
135717,58941,4405,58941.0,4405.0,,,7.47357527018544,7.47357527018544,
135726,19852,2151,13250.0,1042.0,6602.0,1109.0,10.835180334475115,7.8641509433962264,16.79794001817631
135735,3608,47,3608.0,47.0,,,1.3026607538802661,1.3026607538802661,
136109,118,1,118.0,1.0,,,0.847457627118644,0.847457627118644,
136145,1268,4,1268.0,4.0,,,0.31545741324921134,0.31545741324921134,
136172,16154,592,13735.0,340.0,2419.0,252.0,3.6647270025999754,2.4754277393520203,10.417527904092601
136215,20910,1137,7311.0,526.0,13599.0,611.0,5.437589670014347,7.194638216386267,4.492977424810648
136233,4752,39,4752.0,39.0,,,0.8207070707070708,0.8207070707070708,
136303,166,0,166.0,0.0,,,0.0,0.0,
136330,4147,353,3312.0,232.0,835.0,121.0,8.512177477694719,7.004830917874397,14.491017964071856
136358,25916,801,25916.0,801.0,,,3.0907547461027933,3.0907547461027933,
136400,9410,117,9410.0,117.0,,,1.2433581296493093,1.2433581296493093,
136473,9491,112,9491.0,112.0,,,1.1800653250447792,1.1800653250447792,
136491,1126,36,1126.0,36.0,,,3.197158081705151,3.197158081705151,
136516,10318,398,10318.0,398.0,,,3.8573366931575883,3.8573366931575883,
136659,432,0,432.0,0.0,,,0.0,0.0,
136701,143,34,,,143.0,34.0,23.776223776223777,,23.776223776223777
136765,407,0,407.0,0.0,,,0.0,0.0,
136774,1666,341,1666.0,341.0,,,20.468187274909962,20.468187274909962,
136826,1045,67,1045.0,67.0,,,6.411483253588517,6.411483253588517,
136950,3046,251,2640.0,211.0,406.0,40.0,8.2403151674327,7.992424242424242,9.852216748768473
137023,727,0,727.0,0.0,,,0.0,0.0,
137032,9692,740,7516.0,366.0,2176.0,374.0,7.635163021048287,4.869611495476317,17.1875
137078,23936,200,23936.0,200.0,,,0.8355614973262032,0.8355614973262032,
137087,1463,48,1463.0,48.0,,,3.2809295967190706,3.2809295967190706,
137096,12758,336,12758.0,336.0,,,2.63364163662016,2.63364163662016,
137120,1116,0,1116.0,0.0,,,0.0,0.0,
137209,15390,342,15390.0,342.0,,,2.2222222222222223,2.2222222222222223,
137245,1573,0,1573.0,0.0,,,0.0,0.0,
137272,79,6,78.0,6.0,1.0,0.0,7.59493670886076,7.6923076923076925,0.0
137281,7927,44,7927.0,44.0,,,0.5550649678314621,0.5550649678314621,
137315,2880,43,2880.0,43.0,,,1.4930555555555556,1.4930555555555556,
137351,49622,5316,38525.0,3032.0,11097.0,2284.0,10.712990205957034,7.8702141466580136,20.582139316932505
137476,7652,456,4486.0,323.0,3166.0,133.0,5.9592263460533195,7.200178332590281,4.200884396715098
137546,3775,249,2349.0,211.0,1426.0,38.0,6.596026490066226,8.98254576415496,2.664796633941094
137564,11510,910,10172.0,769.0,1338.0,141.0,7.90616854908775,7.5599685410931965,10.538116591928251
137591,321,0,321.0,0.0,,,0.0,0.0,
137713,250,2,250.0,2.0,,,0.8,0.8,
137759,12455,273,12455.0,273.0,,,2.1918908069048575,2.1918908069048575,
137777,28,1,27.0,0.0,1.0,1.0,3.571428571428571,0.0,100.0
137847,11433,676,10598.0,499.0,835.0,177.0,5.912708825330185,4.708435553878091,21.19760479041916
137856,201,0,201.0,0.0,,,0.0,0.0,
137865,494,5,494.0,5.0,,,1.0121457489878543,1.0121457489878543,
137953,427,6,406.0,6.0,21.0,0.0,1.405152224824356,1.477832512315271,0.0
137962,152,1,152.0,1.0,,,0.6578947368421052,0.6578947368421052,
138187,47425,3363,47425.0,3363.0,,,7.0911966262519766,7.0911966262519766,
138275,900,42,803.0,40.0,97.0,2.0,4.666666666666667,4.9813200498132,2.0618556701030926
138284,157,0,157.0,0.0,,,0.0,0.0,
138293,878,112,833.0,111.0,45.0,1.0,12.756264236902052,13.325330132052821,2.2222222222222223
138309,3121,0,3121.0,0.0,,,0.0,0.0,
138354,14822,582,9970.0,292.0,4852.0,290.0,3.92659560113345,2.9287863590772316,5.976916735366859
138372,1266,0,1266.0,0.0,,,0.0,0.0,
138479,960,0,960.0,0.0,,,0.0,0.0,
138488,2912,308,2912.0,308.0,,,10.576923076923077,10.576923076923077,
138497,278,0,278.0,0.0,,,0.0,0.0,
138558,3825,26,3825.0,26.0,,,0.6797385620915033,0.6797385620915033,
138600,1079,25,843.0,23.0,236.0,2.0,2.3169601482854496,2.7283511269276395,0.847457627118644
138655,521,0,521.0,0.0,,,0.0,0.0,
138664,117,0,117.0,0.0,,,0.0,0.0,
138682,2719,12,2719.0,12.0,,,0.4413387274733358,0.4413387274733358,
138716,6768,28,6154.0,18.0,614.0,10.0,0.41371158392434987,0.29249268768280795,1.6286644951140066
138761,496,7,496.0,7.0,,,1.411290322580645,1.411290322580645,
138822,515,0,515.0,0.0,,,0.0,0.0,
138840,4498,61,4498.0,61.0,,,1.3561582925744775,1.3561582925744775,
138868,2260,17,1997.0,15.0,263.0,2.0,0.7522123893805309,0.7511266900350526,0.7604562737642585
138901,1549,17,1549.0,17.0,,,1.0974822466107166,1.0974822466107166,
138929,379,1,,,379.0,1.0,0.2638522427440633,,0.2638522427440633
138947,4252,29,3618.0,11.0,634.0,18.0,0.6820319849482597,0.30403537866224434,2.8391167192429023
138956,4455,19,4455.0,19.0,,,0.4264870931537598,0.4264870931537598,
139144,2484,12,2254.0,12.0,230.0,0.0,0.4830917874396135,0.5323868677905945,0.0
139153,359,12,138.0,5.0,221.0,7.0,3.3426183844011144,3.6231884057971016,3.167420814479638
139199,2436,67,1273.0,62.0,1163.0,5.0,2.750410509031199,4.870384917517675,0.4299226139294927
139205,1338,97,1234.0,37.0,104.0,60.0,7.249626307922272,2.99837925445705,57.692307692307686
139250,3468,47,3468.0,47.0,,,1.3552479815455594,1.3552479815455594,
139278,6940,32,6940.0,32.0,,,0.46109510086455335,0.46109510086455335,
139311,6163,88,5551.0,62.0,612.0,26.0,1.4278760343988317,1.1169158710142317,4.248366013071895
139348,127,19,,,127.0,19.0,14.960629921259844,,14.960629921259844
139357,3307,16,3307.0,16.0,,,0.48382219534321136,0.48382219534321136,
139366,7913,159,6123.0,84.0,1790.0,75.0,2.009351699734614,1.3718765311121999,4.189944134078212
139384,7282,40,7282.0,40.0,,,0.549299642955232,0.549299642955232,
139393,1100,40,1087.0,40.0,13.0,0.0,3.6363636363636362,3.6798528058877644,0.0
139463,5135,63,5135.0,63.0,,,1.2268743914313536,1.2268743914313536,
139506,67,0,67.0,0.0,,,0.0,0.0,
139579,716,2,270.0,0.0,446.0,2.0,0.27932960893854747,0.0,0.4484304932735426
139621,1820,7,1820.0,7.0,,,0.38461538461538464,0.38461538461538464,
139630,950,115,886.0,112.0,64.0,3.0,12.105263157894736,12.641083521444695,4.6875
139658,15175,2792,7407.0,1238.0,7768.0,1554.0,18.39868204283361,16.713919265559607,20.005149330587024
139700,5382,44,5382.0,44.0,,,0.8175399479747306,0.8175399479747306,
139719,2897,34,2699.0,4.0,198.0,30.0,1.173627890921643,0.14820303816228234,15.151515151515152
139746,61,0,61.0,0.0,,,0.0,0.0,
139755,53363,13496,20591.0,1628.0,32772.0,11868.0,25.29093191911999,7.9063668593074645,36.21384108385207
139764,3700,210,3024.0,154.0,676.0,56.0,5.675675675675676,5.092592592592593,8.284023668639055
139861,7097,47,6006.0,44.0,1091.0,3.0,0.6622516556291391,0.7326007326007326,0.27497708524289644
139931,27423,597,23541.0,327.0,3882.0,270.0,2.1770047040805163,1.3890658850516122,6.9551777434312205
139940,34944,2902,27415.0,1154.0,7529.0,1748.0,8.304716117216117,4.209374430056538,23.21689467392748
139959,43146,2466,32399.0,435.0,10747.0,2031.0,5.715477680433876,1.3426340319145653,18.898297199218387
139968,3179,8,3179.0,8.0,,,0.2516514627241271,0.2516514627241271,
139986,6185,28,6185.0,28.0,,,0.45270816491511723,0.45270816491511723,
139995,338,0,338.0,0.0,,,0.0,0.0,
140003,156,0,156.0,0.0,,,0.0,0.0,
140012,11166,248,11166.0,248.0,,,2.2210281210818557,2.2210281210818557,
140146,60,0,,,60.0,0.0,0.0,,0.0
140234,813,9,651.0,9.0,162.0,0.0,1.107011070110701,1.3824884792626728,0.0
140243,6908,71,6908.0,71.0,,,1.0277938621887666,1.0277938621887666,
140252,2714,231,899.0,154.0,1815.0,77.0,8.511422254974207,17.130144605116797,4.242424242424243
140331,11156,169,11156.0,169.0,,,1.5148798852635352,1.5148798852635352,
140340,435,0,387.0,0.0,48.0,0.0,0.0,0.0,0.0
140447,9196,384,4690.0,124.0,4506.0,260.0,4.175728577642453,2.6439232409381663,5.770084332001776
140553,2847,10,2847.0,10.0,,,0.3512469265893923,0.3512469265893923,
140562,967,0,,,967.0,0.0,0.0,,0.0
140571,432,0,432.0,0.0,,,0.0,0.0,
140678,2599,9,2599.0,9.0,,,0.34628703347441325,0.34628703347441325,
140696,1425,43,1396.0,43.0,29.0,0.0,3.017543859649123,3.080229226361032,0.0
140720,390,0,390.0,0.0,,,0.0,0.0,
140818,1857,11,1159.0,11.0,698.0,0.0,0.5923532579429186,0.9490940465918896,0.0
140827,65,4,65.0,4.0,,,6.153846153846154,6.153846153846154,
140872,1233,57,1129.0,52.0,104.0,5.0,4.622871046228711,4.605845881310895,4.807692307692308
140942,3942,45,3942.0,45.0,,,1.141552511415525,1.141552511415525,
140951,18550,3841,15552.0,2207.0,2998.0,1634.0,20.70619946091644,14.191100823045266,54.503002001334224
140960,3193,64,2966.0,58.0,227.0,6.0,2.0043845912934546,1.9554956169925826,2.643171806167401
140988,1318,27,1203.0,27.0,115.0,0.0,2.04855842185129,2.2443890274314215,0.0
141006,1795,21,1795.0,21.0,,,1.16991643454039,1.16991643454039,
141060,3417,16,3417.0,16.0,,,0.46824700029265437,0.46824700029265437,
141167,1471,29,1022.0,26.0,449.0,3.0,1.9714479945615229,2.5440313111545985,0.6681514476614699
141185,3067,85,3013.0,85.0,54.0,0.0,2.7714378871861753,2.8211085297046132,0.0
141237,2615,15,2524.0,13.0,91.0,2.0,0.5736137667304015,0.5150554675118859,2.197802197802198
141255,4466,15,4466.0,15.0,,,0.33587102552619796,0.33587102552619796,
141264,10262,131,7166.0,94.0,3096.0,37.0,1.2765542779185344,1.3117499302260676,1.1950904392764856
141325,531,48,496.0,47.0,35.0,1.0,9.03954802259887,9.475806451612904,2.857142857142857
141334,14337,195,9103.0,124.0,5234.0,71.0,1.360117179326219,1.3621882895748654,1.3565150936186474
141361,1457,69,1451.0,69.0,6.0,0.0,4.735758407687028,4.755341144038594,0.0
141486,2709,12,1831.0,6.0,878.0,6.0,0.4429678848283499,0.3276897870016384,0.683371298405467
141565,2668,116,2292.0,103.0,376.0,13.0,4.3478260869565215,4.493891797556719,3.4574468085106385
141574,20028,1236,15375.0,551.0,4653.0,685.0,6.171360095865787,3.5837398373983738,14.721684934450893
141608,85,0,85.0,0.0,,,0.0,0.0,
141644,4921,314,3533.0,268.0,1388.0,46.0,6.380816907132697,7.585621285026889,3.314121037463977
141680,3342,35,3342.0,35.0,,,1.0472770795930582,1.0472770795930582,
141796,5914,373,5914.0,373.0,,,6.307067974298275,6.307067974298275,
141802,1335,23,1335.0,23.0,,,1.7228464419475655,1.7228464419475655,
141811,6471,85,6471.0,85.0,,,1.3135527739143873,1.3135527739143873,
141839,2792,41,2792.0,41.0,,,1.4684813753581663,1.4684813753581663,
141981,2814,11,2814.0,11.0,,,0.39090262970859985,0.39090262970859985,
141990,2765,18,2765.0,18.0,,,0.650994575045208,0.650994575045208,
142054,478,2,478.0,2.0,,,0.41841004184100417,0.41841004184100417,
142090,94,2,94.0,2.0,,,2.127659574468085,2.127659574468085,
142115,27198,371,23983.0,160.0,3215.0,211.0,1.364070887565262,0.6671392236167285,6.56298600311042
142179,3013,0,3013.0,0.0,,,0.0,0.0,
142276,13061,367,10834.0,221.0,2227.0,146.0,2.8098920450195237,2.03987446926343,6.55590480466996
142285,12286,830,9574.0,539.0,2712.0,291.0,6.755656845189646,5.629830791727596,10.730088495575222
142294,1090,121,1041.0,119.0,49.0,2.0,11.100917431192661,11.431316042267051,4.081632653061225
142328,3801,53,3793.0,53.0,8.0,0.0,1.3943699026571954,1.3973108357500659,0.0
142407,88,1,88.0,1.0,,,1.1363636363636365,1.1363636363636365,
142443,4585,51,4585.0,51.0,,,1.1123227917121048,1.1123227917121048,
142461,1635,28,1043.0,19.0,592.0,9.0,1.7125382262996942,1.821668264621285,1.5202702702702704
142489,70,0,70.0,0.0,,,0.0,0.0,
142522,45585,1301,45585.0,1301.0,,,2.8540089941866844,2.8540089941866844,
142559,10176,48,10176.0,48.0,,,0.4716981132075472,0.4716981132075472,
142832,1631,2,9.0,0.0,1622.0,2.0,0.1226241569589209,0.0,0.12330456226880394
142957,29,3,18.0,3.0,11.0,0.0,10.344827586206897,16.666666666666664,0.0
143048,3394,987,2805.0,783.0,589.0,204.0,29.080730701237478,27.9144385026738,34.63497453310696
143084,2570,507,2522.0,507.0,48.0,0.0,19.72762645914397,20.103092783505154,0.0
143118,5923,31,4106.0,30.0,1817.0,1.0,0.5233834205639034,0.7306380905991232,0.0550357732526142
143215,8492,28,8492.0,28.0,,,0.3297220913801225,0.3297220913801225,
143233,61,2,,,61.0,2.0,3.278688524590164,,3.278688524590164
143279,4001,47,4001.0,47.0,,,1.1747063234191453,1.1747063234191453,
143288,513,0,513.0,0.0,,,0.0,0.0,
143297,193,0,179.0,0.0,14.0,0.0,0.0,0.0,0.0
143358,4777,352,3596.0,86.0,1181.0,266.0,7.3686414067406325,2.39154616240267,22.52328535139712
143376,191,0,191.0,0.0,,,0.0,0.0,
143464,82,0,82.0,0.0,,,0.0,0.0,
143473,51,0,51.0,0.0,,,0.0,0.0,
143491,64,0,64.0,0.0,,,0.0,0.0,
143552,33,0,33.0,0.0,,,0.0,0.0,
143613,1603,0,1603.0,0.0,,,0.0,0.0,
143659,210,57,,,210.0,57.0,27.142857142857142,,27.142857142857142
143853,2567,52,,,2567.0,52.0,2.025710946630308,,2.025710946630308
143978,1100,48,21.0,0.0,1079.0,48.0,4.363636363636364,0.0,4.448563484708063
144005,2238,149,1501.0,43.0,737.0,106.0,6.6577301161751565,2.8647568287808127,14.382632293080055
144014,215,4,,,215.0,4.0,1.8604651162790697,,1.8604651162790697
144050,18566,5956,7598.0,1348.0,10968.0,4608.0,32.080146504362816,17.74151092392735,42.01312910284464
144157,3274,17,3274.0,17.0,,,0.5192425167990227,0.5192425167990227,
144166,9303,104,9303.0,104.0,,,1.1179189508760614,1.1179189508760614,
144175,3137,15,3137.0,15.0,,,0.4781638508128785,0.4781638508128785,
144184,6839,90,6839.0,90.0,,,1.3159818686942537,1.3159818686942537,
144193,6296,15,6296.0,15.0,,,0.23824650571791614,0.23824650571791614,
144209,6121,147,6121.0,147.0,,,2.4015683711811797,2.4015683711811797,
144218,7798,81,7798.0,81.0,,,1.038727878943319,1.038727878943319,
144281,5570,282,5422.0,236.0,148.0,46.0,5.062836624775584,4.352637403172261,31.08108108108108
144351,4770,279,1368.0,13.0,3402.0,266.0,5.849056603773585,0.9502923976608186,7.818930041152264
144564,2297,1,2297.0,1.0,,,0.043535045711798,0.043535045711798,
144573,173,0,173.0,0.0,,,0.0,0.0,
144740,21210,2554,14188.0,567.0,7022.0,1987.0,12.04148986327204,3.996334930927544,28.29678154371974
144795,445,2,445.0,2.0,,,0.44943820224719105,0.44943820224719105,
144865,26224,653,26224.0,653.0,,,2.4900854179377667,2.4900854179377667,
144883,468,109,468.0,109.0,,,23.29059829059829,23.29059829059829,
144892,8505,663,6785.0,107.0,1720.0,556.0,7.79541446208113,1.5770081061164332,32.325581395348834
144944,10251,137,10251.0,137.0,,,1.336454980001951,1.336454980001951,
144962,3997,355,3213.0,128.0,784.0,227.0,8.88166124593445,3.9838157485216312,28.95408163265306
144971,527,6,527.0,6.0,,,1.1385199240986716,1.1385199240986716,
145099,278,0,278.0,0.0,,,0.0,0.0,
145239,200,0,200.0,0.0,,,0.0,0.0,
145275,313,70,,,313.0,70.0,22.364217252396166,,22.364217252396166
145309,41,0,41.0,0.0,,,0.0,0.0,
145336,4397,627,2572.0,56.0,1825.0,571.0,14.259722538094156,2.177293934681182,31.28767123287671
145354,40,0,40.0,0.0,,,0.0,0.0,
145372,1104,122,986.0,122.0,118.0,0.0,11.05072463768116,12.373225152129818,0.0
145406,490,3,490.0,3.0,,,0.6122448979591837,0.6122448979591837,
145424,55,0,55.0,0.0,,,0.0,0.0,
145433,136,0,136.0,0.0,,,0.0,0.0,
145497,182,5,182.0,5.0,,,2.7472527472527473,2.7472527472527473,
145521,1360,49,1360.0,49.0,,,3.602941176470588,3.602941176470588,
145558,2021,23,,,2021.0,23.0,1.1380504700643246,,1.1380504700643246
145600,33906,4189,22495.0,1809.0,11411.0,2380.0,12.35474547277768,8.041787063791954,20.85706774165279
145619,2917,98,1972.0,71.0,945.0,27.0,3.359616043880699,3.6004056795131847,2.857142857142857
145628,474,89,,,474.0,89.0,18.776371308016877,,18.776371308016877
145637,59238,13350,37140.0,5533.0,22098.0,7817.0,22.536209865289173,14.897684437264406,35.374242012851845
145646,1582,82,1582.0,82.0,,,5.183312262958281,5.183312262958281,
145682,7906,255,7906.0,255.0,,,3.225398431570959,3.225398431570959,
145691,942,36,937.0,36.0,5.0,0.0,3.821656050955414,3.84204909284952,0.0
145707,3726,0,3726.0,0.0,,,0.0,0.0,
145725,8834,4622,3135.0,556.0,5699.0,4066.0,52.320579578899704,17.73524720893142,71.34585014914897
145813,21546,613,19107.0,169.0,2439.0,444.0,2.845075652093196,0.8844925943371539,18.20418204182042
145831,2720,8,2720.0,8.0,,,0.29411764705882354,0.29411764705882354,
145886,121,0,,,121.0,0.0,0.0,,0.0
146205,3224,12,3224.0,12.0,,,0.37220843672456577,0.37220843672456577,
146278,1856,4,1856.0,4.0,,,0.21551724137931033,0.21551724137931033,
146296,14414,9,14414.0,9.0,,,0.06243929512973498,0.06243929512973498,
146339,960,209,718.0,66.0,242.0,143.0,21.770833333333332,9.192200557103064,59.09090909090909
146348,2564,36,2564.0,36.0,,,1.40405616224649,1.40405616224649,
146366,3669,0,3669.0,0.0,,,0.0,0.0,
146418,2969,12,2969.0,12.0,,,0.40417649040080833,0.40417649040080833,
146427,1136,304,1136.0,304.0,,,26.76056338028169,26.76056338028169,
146454,52,0,52.0,0.0,,,0.0,0.0,
146472,12530,321,12530.0,321.0,,,2.561851556264964,2.561851556264964,
146481,1837,358,1814.0,358.0,23.0,0.0,19.488296135002724,19.735391400220507,0.0
146490,196,6,,,196.0,6.0,3.061224489795918,,3.061224489795918
146506,3960,0,3960.0,0.0,,,0.0,0.0,
146533,66,0,66.0,0.0,,,0.0,0.0,
146603,4606,0,4606.0,0.0,,,0.0,0.0,
146612,7011,1397,4326.0,112.0,2685.0,1285.0,19.925830837255738,2.5889967637540456,47.8584729981378
146685,5677,0,5677.0,0.0,,,0.0,0.0,
146700,1539,0,1539.0,0.0,,,0.0,0.0,
146719,17384,545,12538.0,261.0,4846.0,284.0,3.1350667280257714,2.081671717977349,5.8605035080478745
146728,101,31,,,101.0,31.0,30.693069306930692,,30.693069306930692
146755,65,0,56.0,0.0,9.0,0.0,0.0,0.0,0.0
146807,60,0,60.0,0.0,,,0.0,0.0,
146816,310,0,310.0,0.0,,,0.0,0.0,
146977,125,8,,,125.0,8.0,6.4,,6.4
147004,9399,5,9399.0,5.0,,,0.05319714863283328,0.05319714863283328,
147013,2392,192,1757.0,179.0,635.0,13.0,8.02675585284281,10.187820147979512,2.047244094488189
147031,62,1,,,62.0,1.0,1.6129032258064515,,1.6129032258064515
147129,267,0,245.0,0.0,22.0,0.0,0.0,0.0,0.0
147244,1586,70,1495.0,66.0,91.0,4.0,4.4136191677175285,4.414715719063545,4.395604395604396
147341,713,4,713.0,4.0,,,0.5610098176718092,0.5610098176718092,
147369,2202,208,1547.0,127.0,655.0,81.0,9.44595821980018,8.209437621202326,12.366412213740457
147378,11296,108,11296.0,108.0,,,0.9560906515580737,0.9560906515580737,
147396,59,0,59.0,0.0,,,0.0,0.0,
147411,3562,0,3562.0,0.0,,,0.0,0.0,
147536,8915,536,4471.0,286.0,4444.0,250.0,6.012338754907459,6.396779244016998,5.625562556255625
147590,511,10,21.0,0.0,490.0,10.0,1.9569471624266144,0.0,2.0408163265306123
147642,31,0,31.0,0.0,,,0.0,0.0,
147660,3003,103,2454.0,102.0,549.0,1.0,3.4299034299034297,4.156479217603912,0.18214936247723132
147679,2557,279,1841.0,241.0,716.0,38.0,10.911224090731325,13.090711569799021,5.307262569832402
147697,315,1,,,315.0,1.0,0.31746031746031744,,0.31746031746031744
147703,15414,972,11348.0,201.0,4066.0,771.0,6.305955624756715,1.7712372224180473,18.96212493851451
147767,23856,5238,9399.0,1070.0,14457.0,4168.0,21.956740442655935,11.384189807426322,28.830324410320262
147776,5734,208,4226.0,91.0,1508.0,117.0,3.627485176142309,2.1533364884051114,7.758620689655173
147800,8329,466,8329.0,466.0,,,5.594909352863489,5.594909352863489,
147819,65,0,65.0,0.0,,,0.0,0.0,
147828,3339,56,2711.0,55.0,628.0,1.0,1.6771488469601679,2.028771670970122,0.15923566878980894
147916,6014,158,6014.0,158.0,,,2.627203192550715,2.627203192550715,
148007,2953,43,2953.0,43.0,,,1.4561462919065358,1.4561462919065358,
148016,339,139,339.0,139.0,,,41.00294985250738,41.00294985250738,
148098,53,0,53.0,0.0,,,0.0,0.0,
148131,1210,86,1072.0,76.0,138.0,10.0,7.107438016528926,7.08955223880597,7.246376811594203
148256,2015,0,2015.0,0.0,,,0.0,0.0,
148292,2388,2,2388.0,2.0,,,0.08375209380234507,0.08375209380234507,
148380,5978,26,5978.0,26.0,,,0.4349280695884911,0.4349280695884911,
148405,1241,94,983.0,78.0,258.0,16.0,7.574536663980661,7.934893184130214,6.2015503875969
148487,4281,668,2868.0,170.0,1413.0,498.0,15.603830880635366,5.92747559274756,35.24416135881104
148496,3803,20,2690.0,11.0,1113.0,9.0,0.5259006047856954,0.40892193308550184,0.8086253369272237
148511,2769,24,138.0,0.0,2631.0,24.0,0.8667388949079089,0.0,0.9122006841505131
148575,605,0,273.0,0.0,332.0,0.0,0.0,0.0,0.0
148584,3074,44,1343.0,40.0,1731.0,4.0,1.431359791802212,2.9784065524944157,0.2310803004043905
148593,132,0,126.0,0.0,6.0,0.0,0.0,0.0,0.0
148627,3485,0,3098.0,0.0,387.0,0.0,0.0,0.0,0.0
148654,4628,957,2309.0,82.0,2319.0,875.0,20.67847882454624,3.5513209181463834,37.731780940060375
148672,1467,4,1467.0,4.0,,,0.27266530334015,0.27266530334015,
148821,1156,0,1156.0,0.0,,,0.0,0.0,
148876,810,30,810.0,30.0,,,3.7037037037037033,3.7037037037037033,
148885,200,8,,,200.0,8.0,4.0,,4.0
148937,1446,4,1446.0,4.0,,,0.2766251728907331,0.2766251728907331,
148982,89,1,,,89.0,1.0,1.1235955056179776,,1.1235955056179776
148991,1247,1,1247.0,1.0,,,0.08019246190858059,0.08019246190858059,
149028,263,0,172.0,0.0,91.0,0.0,0.0,0.0,0.0
149204,59,0,59.0,0.0,,,0.0,0.0,
149222,11790,874,8553.0,158.0,3237.0,716.0,7.413061916878711,1.8473050391675436,22.119246215631758
149231,11893,948,8945.0,341.0,2948.0,607.0,7.971075422517447,3.8121855785354946,20.590230664857533
149310,115,110,115.0,110.0,,,95.65217391304348,95.65217391304348,
149329,91,0,78.0,0.0,13.0,0.0,0.0,0.0,0.0
149365,3818,0,3818.0,0.0,,,0.0,0.0,
149505,854,85,825.0,85.0,29.0,0.0,9.953161592505854,10.303030303030303,0.0
149514,869,202,55.0,0.0,814.0,202.0,23.24510932105869,0.0,24.815724815724817
149532,9842,112,9842.0,112.0,,,1.1379800853485065,1.1379800853485065,
149550,164,0,164.0,0.0,,,0.0,0.0,
149639,323,15,107.0,8.0,216.0,7.0,4.643962848297214,7.476635514018691,3.2407407407407405
149727,8305,0,8305.0,0.0,,,0.0,0.0,
149772,6332,652,4525.0,198.0,1807.0,454.0,10.296904611497157,4.375690607734806,25.124515771997785
149781,2874,194,2150.0,89.0,724.0,105.0,6.75017397355602,4.1395348837209305,14.502762430939226
149842,13988,176,13988.0,176.0,,,1.258221332570775,1.258221332570775,
150066,1228,37,1092.0,23.0,136.0,14.0,3.013029315960912,2.1062271062271063,10.294117647058822
150136,21089,401,15189.0,161.0,5900.0,240.0,1.9014652188344634,1.0599776153795508,4.067796610169491
150145,1167,127,1065.0,101.0,102.0,26.0,10.882604970008568,9.483568075117372,25.49019607843137
150163,5746,83,4489.0,70.0,1257.0,13.0,1.4444831186912634,1.5593673423925152,1.0342084327764518
150172,658,12,530.0,9.0,128.0,3.0,1.82370820668693,1.6981132075471699,2.34375
150215,151,0,,,151.0,0.0,0.0,,0.0
150251,182,0,182.0,0.0,,,0.0,0.0,
150288,279,27,,,279.0,27.0,9.67741935483871,,9.67741935483871
150303,319,0,319.0,0.0,,,0.0,0.0,
150400,1917,433,1917.0,433.0,,,22.58737610850287,22.58737610850287,
150428,25,0,25.0,0.0,,,0.0,0.0,
150455,753,130,696.0,123.0,57.0,7.0,17.264276228419657,17.67241379310345,12.280701754385964
150534,2114,119,1742.0,115.0,372.0,4.0,5.629139072847682,6.601607347876004,1.0752688172043012
150604,985,43,931.0,43.0,54.0,0.0,4.365482233502538,4.618689581095596,0.0
150668,847,115,780.0,114.0,67.0,1.0,13.57733175914994,14.615384615384617,1.4925373134328357
150677,2304,100,1795.0,58.0,509.0,42.0,4.340277777777778,3.231197771587744,8.25147347740668
150756,1243,40,1035.0,40.0,208.0,0.0,3.2180209171359615,3.864734299516908,0.0
150765,88,0,88.0,0.0,,,0.0,0.0,
150774,661,31,661.0,31.0,,,4.689863842662632,4.689863842662632,
150853,125,0,125.0,0.0,,,0.0,0.0,
150941,1776,55,1588.0,42.0,188.0,13.0,3.0968468468468466,2.644836272040302,6.914893617021277
150987,110710,0,110710.0,0.0,,,0.0,0.0,
151102,7206,451,6489.0,164.0,717.0,287.0,6.258673327782403,2.5273539836646632,40.0278940027894
151111,22534,1389,14504.0,298.0,8030.0,1091.0,6.164018816011361,2.0546056260341974,13.586550435865504
151263,5000,432,3603.0,381.0,1397.0,51.0,8.64,10.574521232306411,3.650680028632784
151290,2770,704,1650.0,165.0,1120.0,539.0,25.415162454873645,10.0,48.125
151306,9488,128,7600.0,86.0,1888.0,42.0,1.3490725126475547,1.1315789473684212,2.2245762711864407
151324,7895,272,6224.0,93.0,1671.0,179.0,3.4452184927169096,1.494215938303342,10.712148414123279
151333,2921,29,2705.0,15.0,216.0,14.0,0.9928106812735364,0.5545286506469501,6.481481481481481
151342,4631,95,4083.0,64.0,548.0,31.0,2.0513927877348306,1.56747489590987,5.656934306569343
151351,48424,4984,38093.0,1805.0,10331.0,3179.0,10.292416983314059,4.738403381198646,30.77146452424741
151360,3041,14,2778.0,10.0,263.0,4.0,0.46037487668530086,0.3599712023038157,1.520912547528517
151379,3736,18,3276.0,15.0,460.0,3.0,0.4817987152034261,0.4578754578754579,0.6521739130434783
151388,3203,49,2951.0,45.0,252.0,4.0,1.5298157976896658,1.5249068112504236,1.5873015873015872
151467,123,0,123.0,0.0,,,0.0,0.0,
151564,44,0,44.0,0.0,,,0.0,0.0,
151607,126,0,126.0,0.0,,,0.0,0.0,
151661,1052,0,1052.0,0.0,,,0.0,0.0,
151777,1276,6,988.0,4.0,288.0,2.0,0.4702194357366771,0.4048582995951417,0.6944444444444444
151786,3486,74,2378.0,59.0,1108.0,15.0,2.1227768215720024,2.48107653490328,1.3537906137184115
151801,2204,32,2075.0,32.0,129.0,0.0,1.4519056261343013,1.542168674698795,0.0
151810,198,5,150.0,4.0,48.0,1.0,2.525252525252525,2.666666666666667,2.083333333333333
151865,145,67,,,145.0,67.0,46.206896551724135,,46.206896551724135
151962,279,0,279.0,0.0,,,0.0,0.0,
152044,80,0,80.0,0.0,,,0.0,0.0,
152080,13042,1810,8880.0,664.0,4162.0,1146.0,13.878239533813833,7.4774774774774775,27.53483901970207
152099,640,94,505.0,91.0,135.0,3.0,14.6875,18.019801980198018,2.2222222222222223
152150,55,0,55.0,0.0,,,0.0,0.0,
152275,104,0,104.0,0.0,,,0.0,0.0,
152309,72,1,72.0,1.0,,,1.3888888888888888,1.3888888888888888,
152318,2334,195,2315.0,193.0,19.0,2.0,8.354755784061698,8.336933045356371,10.526315789473683
152336,1763,50,1567.0,46.0,196.0,4.0,2.836074872376631,2.935545628589662,2.0408163265306123
152381,1159,1,858.0,1.0,301.0,0.0,0.08628127696289906,0.11655011655011654,0.0
152390,1601,15,1505.0,14.0,96.0,1.0,0.9369144284821986,0.9302325581395349,1.0416666666666665
152451,183,16,,,183.0,16.0,8.743169398907105,,8.743169398907105
152497,145,0,145.0,0.0,,,0.0,0.0,
152530,2548,124,2503.0,113.0,45.0,11.0,4.866562009419153,4.514582500998801,24.444444444444443
152567,4646,50,4373.0,48.0,273.0,2.0,1.076194575979337,1.0976446375485938,0.7326007326007326
152600,2579,218,2123.0,87.0,456.0,131.0,8.452888716556807,4.097974564295808,28.728070175438596
152628,27,0,27.0,0.0,,,0.0,0.0,
152637,19795,202,19795.0,202.0,,,1.020459712048497,1.020459712048497,
152673,866,51,866.0,51.0,,,5.8891454965357966,5.8891454965357966,
152798,483,3,261.0,3.0,222.0,0.0,0.6211180124223602,1.1494252873563218,0.0
152992,947,82,766.0,78.0,181.0,4.0,8.658922914466736,10.182767624020887,2.209944751381215
153001,1890,11,1436.0,11.0,454.0,0.0,0.582010582010582,0.766016713091922,0.0
153074,165,0,165.0,0.0,,,0.0,0.0,
153083,129,0,129.0,0.0,,,0.0,0.0,
153108,1084,2,1084.0,2.0,,,0.18450184501845018,0.18450184501845018,
153126,962,83,815.0,81.0,147.0,2.0,8.627858627858629,9.938650306748466,1.3605442176870748
153144,1195,65,1195.0,65.0,,,5.439330543933055,5.439330543933055,
153162,1094,36,1094.0,36.0,,,3.2906764168190126,3.2906764168190126,
153214,23697,80,23697.0,80.0,,,0.33759547622061864,0.33759547622061864,
153241,64,49,64.0,49.0,,,76.5625,76.5625,
153250,1952,186,1716.0,144.0,236.0,42.0,9.528688524590164,8.391608391608392,17.796610169491526
153269,4345,141,2585.0,110.0,1760.0,31.0,3.2451093210586883,4.25531914893617,1.7613636363636362
153278,1757,48,1440.0,42.0,317.0,6.0,2.7319294251565167,2.9166666666666665,1.8927444794952681
153296,685,33,685.0,33.0,,,4.817518248175182,4.817518248175182,
153302,234,15,234.0,15.0,,,6.41025641025641,6.41025641025641,
153311,7426,1,7426.0,1.0,,,0.013466199838405602,0.013466199838405602,
153320,611,16,551.0,14.0,60.0,2.0,2.618657937806874,2.540834845735027,3.3333333333333335
153366,1102,90,798.0,84.0,304.0,6.0,8.166969147005444,10.526315789473683,1.9736842105263157
153375,1856,55,1500.0,49.0,356.0,6.0,2.9633620689655173,3.266666666666666,1.6853932584269662
153384,1788,366,1788.0,366.0,,,20.469798657718123,20.469798657718123,
153427,41,0,41.0,0.0,,,0.0,0.0,
153445,5120,68,5120.0,68.0,,,1.328125,1.328125,
153463,25,0,25.0,0.0,,,0.0,0.0,
153472,3184,122,3184.0,122.0,,,3.8316582914572863,3.8316582914572863,
153524,4949,46,4949.0,46.0,,,0.9294807031723581,0.9294807031723581,
153533,1945,76,1945.0,76.0,,,3.9074550128534704,3.9074550128534704,
153542,16,0,16.0,0.0,,,0.0,0.0,
153597,74,0,74.0,0.0,,,0.0,0.0,
153603,30380,2871,25628.0,955.0,4752.0,1916.0,9.45029624753127,3.7263930076478853,40.31986531986532
153630,5540,175,5540.0,175.0,,,3.15884476534296,3.15884476534296,
153658,30779,1452,22738.0,292.0,8041.0,1160.0,4.717502193053705,1.284193860497845,14.42606640965054
153737,12763,216,12763.0,216.0,,,1.6923920708297422,1.6923920708297422,
153746,54,0,54.0,0.0,,,0.0,0.0,
153764,141,0,141.0,0.0,,,0.0,0.0,
153773,56,0,56.0,0.0,,,0.0,0.0,
153782,22,0,22.0,0.0,,,0.0,0.0,
153825,1189,60,1123.0,60.0,66.0,0.0,5.046257359125315,5.342831700801424,0.0
153834,1384,205,1384.0,205.0,,,14.8121387283237,14.8121387283237,
153861,2592,902,922.0,12.0,1670.0,890.0,34.79938271604938,1.3015184381778742,53.293413173652695
153922,1857,76,1857.0,76.0,,,4.092622509423801,4.092622509423801,
153977,869,0,867.0,0.0,2.0,0.0,0.0,0.0,0.0
154004,2056,104,1172.0,97.0,884.0,7.0,5.058365758754864,8.276450511945391,0.7918552036199095
154013,1417,157,1139.0,136.0,278.0,21.0,11.079745942131265,11.940298507462686,7.553956834532374
154022,28004,96,21113.0,39.0,6891.0,57.0,0.3428081702613912,0.1847203144981765,0.827165868524162
154059,2662,59,2662.0,59.0,,,2.2163786626596544,2.2163786626596544,
154095,9278,198,7711.0,97.0,1567.0,101.0,2.1340806208234535,1.25794319802879,6.445437141033823
154101,1705,50,1184.0,50.0,521.0,0.0,2.932551319648094,4.222972972972973,0.0
154110,4808,0,4808.0,0.0,,,0.0,0.0,
154129,1907,0,1907.0,0.0,,,0.0,0.0,
154156,1534,1,,,1534.0,1.0,0.0651890482398957,,0.0651890482398957
154174,2161,1,47.0,0.0,2114.0,1.0,0.04627487274409996,0.0,0.04730368968779565
154208,176,0,176.0,0.0,,,0.0,0.0,
154235,2498,67,1939.0,62.0,559.0,5.0,2.6821457165732587,3.1975244971634864,0.8944543828264758
154262,176,0,176.0,0.0,,,0.0,0.0,
154332,127,0,127.0,0.0,,,0.0,0.0,
154350,1251,33,1235.0,33.0,16.0,0.0,2.6378896882494005,2.6720647773279356,0.0
154378,3028,86,3028.0,86.0,,,2.8401585204755615,2.8401585204755615,
154396,1566,29,1566.0,29.0,,,1.8518518518518516,1.8518518518518516,
154448,135,0,135.0,0.0,,,0.0,0.0,
154457,67,0,67.0,0.0,,,0.0,0.0,
154466,66,0,66.0,0.0,,,0.0,0.0,
154493,3941,94,3054.0,79.0,887.0,15.0,2.3851814260340016,2.5867714472822527,1.6910935738444193
154518,2225,6,1834.0,6.0,391.0,0.0,0.2696629213483146,0.3271537622682661,0.0
154527,1483,78,1462.0,78.0,21.0,0.0,5.259608900876602,5.33515731874145,0.0
154536,161,7,,,161.0,7.0,4.3478260869565215,,4.3478260869565215
154545,91,0,91.0,0.0,,,0.0,0.0,
154572,5482,290,5482.0,290.0,,,5.290040131338928,5.290040131338928,
154590,1425,102,1348.0,82.0,77.0,20.0,7.157894736842104,6.083086053412463,25.97402597402597
154642,1855,117,1855.0,117.0,,,6.307277628032345,6.307277628032345,
154688,2017,46,1530.0,46.0,487.0,0.0,2.2806147744174514,3.0065359477124183,0.0
154697,5092,6,5092.0,6.0,,,0.1178318931657502,0.1178318931657502,
154712,2535,23,2403.0,23.0,132.0,0.0,0.9072978303747534,0.9571369121930919,0.0
154721,615,12,611.0,12.0,4.0,0.0,1.951219512195122,1.9639934533551555,0.0
154749,509,29,509.0,29.0,,,5.697445972495088,5.697445972495088,
154800,6841,216,6841.0,216.0,,,3.157433123812308,3.157433123812308,
154855,469,12,454.0,11.0,15.0,1.0,2.55863539445629,2.4229074889867843,6.666666666666667
154907,1715,74,1715.0,74.0,,,4.314868804664723,4.314868804664723,
154925,1466,47,1466.0,47.0,,,3.2060027285129604,3.2060027285129604,
154934,1409,77,1409.0,77.0,,,5.464868701206529,5.464868701206529,
154952,2235,103,2235.0,103.0,,,4.608501118568233,4.608501118568233,
154998,1655,75,1655.0,75.0,,,4.531722054380665,4.531722054380665,
155007,395,0,395.0,0.0,,,0.0,0.0,
155025,4557,174,2396.0,100.0,2161.0,74.0,3.818301514154049,4.173622704507513,3.424340583063397
155052,1794,9,1794.0,9.0,,,0.5016722408026756,0.5016722408026756,
155061,12878,16,10172.0,15.0,2706.0,1.0,0.12424289485945023,0.14746362563900905,0.03695491500369549
155070,219,5,170.0,4.0,49.0,1.0,2.28310502283105,2.3529411764705883,2.0408163265306123
155089,1961,88,1548.0,56.0,413.0,32.0,4.487506374298826,3.6175710594315245,7.74818401937046
155098,1376,10,1376.0,10.0,,,0.7267441860465116,0.7267441860465116,
155104,2079,110,2079.0,110.0,,,5.291005291005291,5.291005291005291,
155140,978,0,978.0,0.0,,,0.0,0.0,
155159,83,0,83.0,0.0,,,0.0,0.0,
155177,373,64,373.0,64.0,,,17.158176943699733,17.158176943699733,
155186,2190,0,2190.0,0.0,,,0.0,0.0,
155195,5119,62,5119.0,62.0,,,1.2111740574330925,1.2111740574330925,
155201,764,20,764.0,20.0,,,2.6178010471204187,2.6178010471204187,
155210,18743,527,18743.0,527.0,,,2.8117163741130025,2.8117163741130025,
155283,198,0,198.0,0.0,,,0.0,0.0,
155292,5014,102,5014.0,102.0,,,2.0343039489429597,2.0343039489429597,
155308,145,7,143.0,7.0,2.0,0.0,4.827586206896552,4.895104895104895,0.0
155317,29792,1921,22085.0,680.0,7707.0,1241.0,6.448039742212675,3.0790129046864387,16.10224471259894
155335,2939,104,2529.0,84.0,410.0,20.0,3.5386185777475334,3.3214709371292996,4.878048780487805
155353,97,0,97.0,0.0,,,0.0,0.0,
155399,20295,982,15650.0,271.0,4645.0,711.0,4.838630204483863,1.731629392971246,15.306781485468246
155414,1021,57,962.0,49.0,59.0,8.0,5.582761998041136,5.093555093555094,13.559322033898304
155423,1341,16,1341.0,16.0,,,1.193139448173005,1.193139448173005,
155450,1426,12,1426.0,12.0,,,0.8415147265077139,0.8415147265077139,
155487,878,3,878.0,3.0,,,0.3416856492027335,0.3416856492027335,
155496,160,0,160.0,0.0,,,0.0,0.0,
155511,878,52,876.0,52.0,2.0,0.0,5.922551252847381,5.93607305936073,0.0
155520,1538,63,1204.0,53.0,334.0,10.0,4.096228868660598,4.401993355481728,2.9940119760479043
155566,1813,85,1813.0,85.0,,,4.688361831218974,4.688361831218974,
155593,987,0,987.0,0.0,,,0.0,0.0,
155618,752,19,752.0,19.0,,,2.5265957446808507,2.5265957446808507,
155627,999,57,870.0,48.0,129.0,9.0,5.7057057057057055,5.517241379310345,6.976744186046512
155636,528,10,221.0,0.0,307.0,10.0,1.893939393939394,0.0,3.257328990228013
155681,5755,272,4472.0,114.0,1283.0,158.0,4.72632493483927,2.5491949910554563,12.314886983632112
155715,1322,60,1322.0,60.0,,,4.53857791225416,4.53857791225416,
155812,1462,32,1027.0,21.0,435.0,11.0,2.188782489740082,2.044790652385589,2.528735632183908
155830,1016,1,1016.0,1.0,,,0.09842519685039369,0.09842519685039369,
155858,2092,83,2092.0,83.0,,,3.9674952198852775,3.9674952198852775,
155900,1041,24,938.0,21.0,103.0,3.0,2.3054755043227666,2.2388059701492535,2.912621359223301
155937,694,62,670.0,61.0,24.0,1.0,8.93371757925072,9.104477611940299,4.166666666666666
155973,621,51,539.0,43.0,82.0,8.0,8.212560386473431,7.977736549165121,9.75609756097561
156082,6033,293,5331.0,268.0,702.0,25.0,4.856621912812862,5.027199399737385,3.561253561253561
156107,6106,77,6106.0,77.0,,,1.261054700294792,1.261054700294792,
156125,16689,2855,13313.0,1990.0,3376.0,865.0,17.107076517466595,14.94779538796665,25.62203791469194
156134,778,0,778.0,0.0,,,0.0,0.0,
156189,589,3,589.0,3.0,,,0.5093378607809848,0.5093378607809848,
156213,2100,108,1789.0,105.0,311.0,3.0,5.142857142857142,5.869200670765791,0.964630225080386
156222,1689,286,,,1689.0,286.0,16.933096506808763,,16.933096506808763
156231,2552,0,2552.0,0.0,,,0.0,0.0,
156286,2886,73,2240.0,59.0,646.0,14.0,2.5294525294525294,2.6339285714285716,2.1671826625387
156295,1527,141,1527.0,141.0,,,9.233791748526523,9.233791748526523,
156310,219,0,219.0,0.0,,,0.0,0.0,
156338,5825,1,5825.0,1.0,,,0.017167381974248927,0.017167381974248927,
156356,690,43,560.0,43.0,130.0,0.0,6.231884057971015,7.678571428571429,0.0
156365,10836,3050,6848.0,295.0,3988.0,2755.0,28.146917681801405,4.3078271028037385,69.08224674022067
156392,12965,6,12965.0,6.0,,,0.04627844195912071,0.04627844195912071,
156408,1404,57,1404.0,57.0,,,4.05982905982906,4.05982905982906,
156417,183,0,160.0,0.0,23.0,0.0,0.0,0.0,0.0
156426,189,0,189.0,0.0,,,0.0,0.0,
156471,5585,0,4801.0,0.0,784.0,0.0,0.0,0.0,0.0
156541,22120,4616,7612.0,135.0,14508.0,4481.0,20.867992766726946,1.7735155018392013,30.886407499310724
156620,15673,149,13448.0,87.0,2225.0,62.0,0.9506795125374847,0.6469363474122547,2.7865168539325844
156648,6420,1,6420.0,1.0,,,0.01557632398753894,0.01557632398753894,
156727,2664,0,,,2664.0,0.0,0.0,,0.0
156745,1345,57,1111.0,56.0,234.0,1.0,4.237918215613383,5.0405040504050405,0.4273504273504274
156754,44,0,44.0,0.0,,,0.0,0.0,
156790,3134,0,3134.0,0.0,,,0.0,0.0,
156842,233,0,233.0,0.0,,,0.0,0.0,
156851,1944,0,1944.0,0.0,,,0.0,0.0,
156860,2211,0,2211.0,0.0,,,0.0,0.0,
156921,13429,5,13429.0,5.0,,,0.037232854270608386,0.037232854270608386,
156967,154,0,154.0,0.0,,,0.0,0.0,
157021,444,1,351.0,0.0,93.0,1.0,0.22522522522522523,0.0,1.0752688172043012
157030,94,5,88.0,5.0,6.0,0.0,5.319148936170213,5.681818181818182,0.0
157058,2020,100,1793.0,18.0,227.0,82.0,4.9504950495049505,1.003904071388734,36.12334801762114
157076,887,49,887.0,49.0,,,5.5242390078917705,5.5242390078917705,
157085,34709,1225,25534.0,358.0,9175.0,867.0,3.52934397418537,1.402052165739798,9.44959128065395
157100,550,14,494.0,13.0,56.0,1.0,2.5454545454545454,2.631578947368421,1.7857142857142856
157207,82,0,,,82.0,0.0,0.0,,0.0
157216,4193,2027,1722.0,159.0,2471.0,1868.0,48.34247555449559,9.233449477351916,75.59692432213679
157289,23065,885,17086.0,312.0,5979.0,573.0,3.836982440927813,1.8260564204611962,9.58354239839438
157298,103,5,,,103.0,5.0,4.854368932038835,,4.854368932038835
157304,3569,0,3569.0,0.0,,,0.0,0.0,
157331,4434,0,4434.0,0.0,,,0.0,0.0,
157377,2003,76,1752.0,39.0,251.0,37.0,3.794308537194209,2.2260273972602738,14.741035856573706
157386,8791,135,8258.0,133.0,533.0,2.0,1.535661471959959,1.6105594574957618,0.37523452157598497
157401,10020,853,7851.0,298.0,2169.0,555.0,8.512974051896208,3.7956948159470127,25.587828492392806
157438,5320,1,5320.0,1.0,,,0.01879699248120301,0.01879699248120301,
157447,15347,446,10163.0,314.0,5184.0,132.0,2.9061054277708998,3.089638886155663,2.5462962962962963
157483,5274,0,5274.0,0.0,,,0.0,0.0,
157535,2547,80,1540.0,72.0,1007.0,8.0,3.1409501374165685,4.675324675324675,0.7944389275074478
157553,2618,0,2618.0,0.0,,,0.0,0.0,
157614,100,0,100.0,0.0,,,0.0,0.0,
157650,171,0,171.0,0.0,,,0.0,0.0,
157669,119,0,119.0,0.0,,,0.0,0.0,
157678,124,0,124.0,0.0,,,0.0,0.0,
157711,6155,3,6155.0,3.0,,,0.048740861088545896,0.048740861088545896,
157739,3371,0,3371.0,0.0,,,0.0,0.0,
157748,4298,649,1015.0,41.0,3283.0,608.0,15.10004653327129,4.039408866995074,18.519646664636003
157757,1553,13,718.0,6.0,835.0,7.0,0.8370895041854475,0.8356545961002786,0.8383233532934131
157793,2498,19,2085.0,5.0,413.0,14.0,0.7606084867894315,0.2398081534772182,3.389830508474576
157809,2350,178,2126.0,85.0,224.0,93.0,7.574468085106383,3.9981185324553152,41.517857142857146
157818,1006,5,1006.0,5.0,,,0.4970178926441352,0.4970178926441352,
157863,1324,497,775.0,137.0,549.0,360.0,37.53776435045317,17.67741935483871,65.57377049180327
157951,16291,150,14151.0,86.0,2140.0,64.0,0.9207537904364373,0.6077309024097237,2.990654205607477
158088,1345,0,1345.0,0.0,,,0.0,0.0,
158246,256,0,256.0,0.0,,,0.0,0.0,
158325,135,0,135.0,0.0,,,0.0,0.0,
158431,5561,41,5561.0,41.0,,,0.7372774680812804,0.7372774680812804,
158477,712,11,693.0,11.0,19.0,0.0,1.544943820224719,1.5873015873015872,0.0
158538,48,0,48.0,0.0,,,0.0,0.0,
158617,570,0,570.0,0.0,,,0.0,0.0,
158662,12712,279,12712.0,279.0,,,2.1947765890497166,2.1947765890497166,
158778,78,0,78.0,0.0,,,0.0,0.0,
158787,89,0,89.0,0.0,,,0.0,0.0,
158802,1080,32,1068.0,32.0,12.0,0.0,2.9629629629629632,2.9962546816479403,0.0
158884,2819,23,2819.0,23.0,,,0.8158921603405462,0.8158921603405462,
159009,5150,369,4313.0,349.0,837.0,20.0,7.16504854368932,8.09181544168792,2.3894862604540026
159027,84,0,84.0,0.0,,,0.0,0.0,
159197,555,0,555.0,0.0,,,0.0,0.0,
159328,81,0,81.0,0.0,,,0.0,0.0,
159373,2750,42,862.0,5.0,1888.0,37.0,1.5272727272727273,0.580046403712297,1.9597457627118644
159382,6815,68,6815.0,68.0,,,0.9977989728539984,0.9977989728539984,
159391,41705,1744,34242.0,523.0,7463.0,1221.0,4.18175278743556,1.52736405583786,16.360712850060295
159407,3670,16,3670.0,16.0,,,0.4359673024523161,0.4359673024523161,
159416,10749,427,2651.0,106.0,8098.0,321.0,3.972462554656247,3.998491135420596,3.963941714003458
159513,175,0,175.0,0.0,,,0.0,0.0,
159522,144,0,144.0,0.0,,,0.0,0.0,
159531,16,0,16.0,0.0,,,0.0,0.0,
159568,936,55,763.0,49.0,173.0,6.0,5.876068376068376,6.422018348623854,3.4682080924855487
159601,37,0,37.0,0.0,,,0.0,0.0,
159647,11873,551,10881.0,351.0,992.0,200.0,4.640781605323001,3.225806451612903,20.161290322580644
159656,4250,187,3007.0,145.0,1243.0,42.0,4.3999999999999995,4.822081809112072,3.3789219629927594
159717,6241,401,5668.0,370.0,573.0,31.0,6.425252363403302,6.52787579393084,5.4101221640488655
159939,6501,217,5419.0,90.0,1082.0,127.0,3.337948007998769,1.6608230300793503,11.737523105360443
159948,2349,129,865.0,34.0,1484.0,95.0,5.491698595146871,3.9306358381502893,6.401617250673855
159966,6043,116,5518.0,100.0,525.0,16.0,1.9195763693529704,1.812250815512867,3.0476190476190474
159993,8601,495,6761.0,437.0,1840.0,58.0,5.755144750610394,6.463540896317113,3.152173913043478
160010,1065,3,1065.0,3.0,,,0.28169014084507044,0.28169014084507044,
160038,8523,163,7622.0,150.0,901.0,13.0,1.9124721342250381,1.9679874048806087,1.4428412874583796
160065,802,0,471.0,0.0,331.0,0.0,0.0,0.0,0.0
160074,1191,0,861.0,0.0,330.0,0.0,0.0,0.0,0.0
160126,51,0,51.0,0.0,,,0.0,0.0,
160199,45,0,45.0,0.0,,,0.0,0.0,
160320,2078,1,2078.0,1.0,,,0.04812319538017325,0.04812319538017325,
160409,95,3,95.0,3.0,,,3.1578947368421053,3.1578947368421053,
160472,193,0,193.0,0.0,,,0.0,0.0,
160481,2663,8,2663.0,8.0,,,0.3004130679684566,0.3004130679684566,
160524,230,0,230.0,0.0,,,0.0,0.0,
160579,3446,43,3446.0,43.0,,,1.2478235635519443,1.2478235635519443,
160597,112,0,112.0,0.0,,,0.0,0.0,
160612,14426,296,13192.0,234.0,1234.0,62.0,2.0518508248994873,1.7738023044269253,5.024311183144246
160621,8279,22,6713.0,21.0,1566.0,1.0,0.2657325763981157,0.31282586027111575,0.06385696040868455
160630,2468,64,2179.0,40.0,289.0,24.0,2.593192868719611,1.8357044515832952,8.304498269896193
160649,2951,2,2951.0,2.0,,,0.06777363605557439,0.06777363605557439,
160658,15665,476,13432.0,102.0,2233.0,374.0,3.038621129907437,0.7593805836807623,16.748768472906402
160667,5975,5,5975.0,5.0,,,0.08368200836820083,0.08368200836820083,
160755,13310,1299,8192.0,454.0,5118.0,845.0,9.759579263711494,5.5419921875,16.510355607659243
160904,3218,83,2688.0,70.0,530.0,13.0,2.579241765071473,2.604166666666667,2.4528301886792456
160959,358,77,353.0,76.0,5.0,1.0,21.508379888268156,21.529745042492916,20.0
160977,1760,172,1760.0,172.0,,,9.772727272727273,9.772727272727273,
160995,504,0,487.0,0.0,17.0,0.0,0.0,0.0,0.0
161004,1881,130,1881.0,130.0,,,6.911217437533226,6.911217437533226,
161022,239,0,239.0,0.0,,,0.0,0.0,
161077,4754,100,4754.0,100.0,,,2.103491796381994,2.103491796381994,
161086,2412,269,2412.0,269.0,,,11.15257048092869,11.15257048092869,
161138,2719,16,2719.0,16.0,,,0.5884516366311144,0.5884516366311144,
161192,2489,10,2489.0,10.0,,,0.4017677782241864,0.4017677782241864,
161208,32,3,32.0,3.0,,,9.375,9.375,
161217,4412,44,4313.0,37.0,99.0,7.0,0.9972801450589301,0.8578715511245073,7.07070707070707
161226,2100,8,1677.0,7.0,423.0,1.0,0.38095238095238093,0.41741204531902204,0.2364066193853428
161235,1562,81,1464.0,78.0,98.0,3.0,5.185659411011524,5.327868852459016,3.061224489795918
161253,12029,570,9601.0,193.0,2428.0,377.0,4.738548507772882,2.010207270076034,15.527182866556839
161299,971,7,945.0,7.0,26.0,0.0,0.7209062821833162,0.7407407407407408,0.0
161341,2873,218,2758.0,212.0,115.0,6.0,7.587887225896275,7.686729514140682,5.217391304347826
161457,6573,43,3884.0,10.0,2689.0,33.0,0.6541913890156702,0.25746652935118436,1.2272220156191893
161484,843,24,843.0,24.0,,,2.8469750889679712,2.8469750889679712,
161493,117,0,117.0,0.0,,,0.0,0.0,
161509,475,0,417.0,0.0,58.0,0.0,0.0,0.0,0.0
161518,1454,0,1097.0,0.0,357.0,0.0,0.0,0.0,0.0
161527,263,0,263.0,0.0,,,0.0,0.0,
161545,7900,96,7900.0,96.0,,,1.2151898734177216,1.2151898734177216,
161554,7604,107,5525.0,73.0,2079.0,34.0,1.407154129405576,1.3212669683257918,1.6354016354016354
161563,1635,47,1526.0,46.0,109.0,1.0,2.874617737003058,3.014416775884666,0.9174311926605505
161572,7165,2,6507.0,2.0,658.0,0.0,0.027913468248429867,0.03073613032119256,0.0
161581,805,4,805.0,4.0,,,0.4968944099378882,0.4968944099378882,
161688,2762,42,2762.0,42.0,,,1.5206372194062274,1.5206372194062274,
161767,11481,241,11481.0,241.0,,,2.0991202856894,2.0991202856894,
161800,94,0,94.0,0.0,,,0.0,0.0,
161855,34,0,34.0,0.0,,,0.0,0.0,
161864,4375,585,4375.0,585.0,,,13.37142857142857,13.37142857142857,
161873,3187,79,1432.0,15.0,1755.0,64.0,2.4788202070913083,1.047486033519553,3.6467236467236464
162007,6353,201,5136.0,78.0,1217.0,123.0,3.1638595938926493,1.5186915887850467,10.106820049301561
162061,1065,45,319.0,9.0,746.0,36.0,4.225352112676056,2.8213166144200628,4.825737265415549
162104,1749,18,1749.0,18.0,,,1.0291595197255576,1.0291595197255576,
162122,5062,52,5062.0,52.0,,,1.0272619517977084,1.0272619517977084,
162168,2095,21,2095.0,21.0,,,1.0023866348448687,1.0023866348448687,
162210,612,98,513.0,70.0,99.0,28.0,16.013071895424837,13.64522417153996,28.28282828282828
162283,2210,141,1907.0,81.0,303.0,60.0,6.380090497737556,4.247509176717357,19.801980198019802
162335,32,0,32.0,0.0,,,0.0,0.0,
162371,534,0,534.0,0.0,,,0.0,0.0,
162557,7293,126,7293.0,126.0,,,1.727684080625257,1.727684080625257,
162584,4104,637,3422.0,630.0,682.0,7.0,15.521442495126706,18.410286382232613,1.0263929618768328
162609,679,22,679.0,22.0,,,3.2400589101620034,3.2400589101620034,
162654,1459,77,981.0,74.0,478.0,3.0,5.2775873886223446,7.543323139653414,0.6276150627615062
162690,5085,30,5085.0,30.0,,,0.5899705014749262,0.5899705014749262,
162706,5067,101,5067.0,101.0,,,1.9932899151371621,1.9932899151371621,
162760,2101,149,1198.0,18.0,903.0,131.0,7.091861018562589,1.5025041736227045,14.507198228128459
162779,8643,565,8643.0,565.0,,,6.537082031701956,6.537082031701956,
162830,77,0,77.0,0.0,,,0.0,0.0,
162928,30210,8152,6356.0,934.0,23854.0,7218.0,26.984442237669647,14.694776589049715,30.25907604594617
163028,1258,0,1258.0,0.0,,,0.0,0.0,
163046,4897,97,3881.0,80.0,1016.0,17.0,1.9808045742291198,2.061324400927596,1.673228346456693
163204,63012,977,52187.0,703.0,10825.0,274.0,1.5504983177807403,1.3470787744074195,2.531177829099307
163259,6636,464,960.0,39.0,5676.0,425.0,6.99216395418927,4.0625,7.4876673713883015
163268,13906,2127,10767.0,520.0,3139.0,1607.0,15.295555875161801,4.829571839881118,51.19464797706276
163286,41725,4889,31133.0,1143.0,10592.0,3746.0,11.717195925704015,3.671345517617962,35.366314199395774
163295,1687,336,1191.0,226.0,496.0,110.0,19.91701244813278,18.97565071368598,22.177419354838708
163338,3177,109,2476.0,63.0,701.0,46.0,3.4309096632042806,2.5444264943457187,6.562054208273895
163347,354,0,354.0,0.0,,,0.0,0.0,
163408,101,0,101.0,0.0,,,0.0,0.0,
163426,18835,1940,18835.0,1940.0,,,10.299973453676666,10.299973453676666,
163453,10739,1035,9027.0,567.0,1712.0,468.0,9.637768879783964,6.281156530408774,27.33644859813084
163462,2408,126,1830.0,89.0,578.0,37.0,5.232558139534884,4.863387978142077,6.401384083044983
163532,449,42,280.0,35.0,169.0,7.0,9.35412026726058,12.5,4.142011834319527
163541,229,0,229.0,0.0,,,0.0,0.0,
163578,1788,46,709.0,25.0,1079.0,21.0,2.5727069351230423,3.5260930888575457,1.9462465245597778
163657,11473,378,11473.0,378.0,,,3.294691885295912,3.294691885295912,
163815,35,0,35.0,0.0,,,0.0,0.0,
163851,7025,70,6288.0,51.0,737.0,19.0,0.99644128113879,0.8110687022900763,2.578018995929444
163912,1630,10,1616.0,10.0,14.0,0.0,0.6134969325153374,0.6188118811881188,0.0
163976,583,77,471.0,65.0,112.0,12.0,13.20754716981132,13.800424628450106,10.714285714285714
164076,19401,354,16264.0,168.0,3137.0,186.0,1.824648214009587,1.0329562223315296,5.929231750079694
164085,544,4,,,544.0,4.0,0.7352941176470588,,0.7352941176470588
164155,4474,58,4474.0,58.0,,,1.2963790791238265,1.2963790791238265,
164173,3684,32,3106.0,31.0,578.0,1.0,0.8686210640608035,0.9980682549903412,0.17301038062283738
164216,923,22,923.0,22.0,,,2.38353196099675,2.38353196099675,
164270,2868,207,1620.0,9.0,1248.0,198.0,7.217573221757322,0.5555555555555556,15.865384615384615
164313,2941,40,2941.0,40.0,,,1.3600816048962938,1.3600816048962938,
164368,2008,1785,618.0,489.0,1390.0,1296.0,88.89442231075697,79.12621359223301,93.23741007194245
164447,2037,102,1207.0,88.0,830.0,14.0,5.007363770250368,7.290803645401822,1.6867469879518073
164465,1914,254,1914.0,254.0,,,13.270637408568442,13.270637408568442,
164492,1202,46,916.0,31.0,286.0,15.0,3.826955074875208,3.384279475982533,5.244755244755245
164535,47,0,47.0,0.0,,,0.0,0.0,
164562,2037,48,1713.0,46.0,324.0,2.0,2.3564064801178204,2.6853473438412143,0.6172839506172839
164580,3932,1313,2793.0,796.0,1139.0,517.0,33.39267548321465,28.499820981023987,45.39069359086918
164599,64,0,64.0,0.0,,,0.0,0.0,
164614,43,0,43.0,0.0,,,0.0,0.0,
164632,2605,11,1177.0,1.0,1428.0,10.0,0.42226487523992323,0.08496176720475786,0.700280112044818
164739,5333,853,4526.0,699.0,807.0,154.0,15.99474967185449,15.4441007512152,19.083023543990087
164748,8369,2697,7549.0,2385.0,820.0,312.0,32.22607241008484,31.593588554775465,38.048780487804876
164775,1694,8,1694.0,8.0,,,0.47225501770956313,0.47225501770956313,
164872,853,208,320.0,49.0,533.0,159.0,24.384525205158265,15.312500000000002,29.831144465290805
164915,169,10,,,169.0,10.0,5.9171597633136095,,5.9171597633136095
164924,15432,1628,10314.0,662.0,5118.0,966.0,10.549507516848108,6.4184603451619155,18.874560375146544
164988,37737,9910,18805.0,3931.0,18932.0,5979.0,26.260699048679015,20.904014889657006,31.581449397844917
165015,5205,1280,3632.0,700.0,1573.0,580.0,24.591738712776177,19.273127753303964,36.87221869040051
165024,9727,122,8270.0,74.0,1457.0,48.0,1.2542407731057879,0.8948004836759371,3.2944406314344548
165033,6950,0,6950.0,0.0,,,0.0,0.0,
165060,146,0,146.0,0.0,,,0.0,0.0,
165112,9876,722,9876.0,722.0,,,7.3106520858647235,7.3106520858647235,
165167,1835,73,646.0,16.0,1189.0,57.0,3.978201634877384,2.476780185758514,4.79394449116905
165194,3260,0,3260.0,0.0,,,0.0,0.0,
165255,174,0,174.0,0.0,,,0.0,0.0,
165264,530,9,530.0,9.0,,,1.6981132075471699,1.6981132075471699,
165334,3925,1369,2266.0,135.0,1659.0,1234.0,34.87898089171975,5.957634598411297,74.38215792646173
165495,17,3,,,17.0,3.0,17.647058823529413,,17.647058823529413
165529,1994,33,1808.0,33.0,186.0,0.0,1.6549648946840523,1.825221238938053,0.0
165574,1092,25,1092.0,25.0,,,2.2893772893772892,2.2893772893772892,
165608,17,0,17.0,0.0,,,0.0,0.0,
165635,241,0,241.0,0.0,,,0.0,0.0,
165644,60,0,23.0,0.0,37.0,0.0,0.0,0.0,0.0
165662,5263,687,3908.0,583.0,1355.0,104.0,13.053391601748052,14.91811668372569,7.675276752767528
165671,1983,20,1909.0,20.0,74.0,0.0,1.0085728693898133,1.0476689366160294,0.0
165699,4394,54,3194.0,43.0,1200.0,11.0,1.2289485662266726,1.3462742642454604,0.9166666666666666
165750,97,0,97.0,0.0,,,0.0,0.0,
165802,1652,164,1536.0,144.0,116.0,20.0,9.927360774818402,9.375,17.24137931034483
165820,5892,226,3027.0,42.0,2865.0,184.0,3.8357094365241005,1.3875123885034688,6.4223385689354275
165866,4002,73,2782.0,45.0,1220.0,28.0,1.824087956021989,1.6175413371675056,2.2950819672131146
165884,744,1,744.0,1.0,,,0.13440860215053765,0.13440860215053765,
165936,1595,125,1314.0,114.0,281.0,11.0,7.836990595611286,8.67579908675799,3.9145907473309607
165945,1352,52,,,1352.0,52.0,3.8461538461538463,,3.8461538461538463
165981,1689,0,1689.0,0.0,,,0.0,0.0,
166018,844,48,844.0,48.0,,,5.687203791469194,5.687203791469194,
166027,30259,8013,8844.0,1346.0,21415.0,6667.0,26.48137744142239,15.21935775667119,31.13238384310063
166045,163,0,73.0,0.0,90.0,0.0,0.0,0.0,0.0
166054,274,4,86.0,2.0,188.0,2.0,1.4598540145985401,2.3255813953488373,1.0638297872340425
166124,3126,117,3126.0,117.0,,,3.742802303262956,3.742802303262956,
166133,4200,43,4200.0,43.0,,,1.023809523809524,1.023809523809524,
166391,1668,64,1293.0,35.0,375.0,29.0,3.8369304556354913,2.706883217324053,7.733333333333333
166407,174,0,174.0,0.0,,,0.0,0.0,
166452,2557,63,1229.0,39.0,1328.0,24.0,2.4638247946812672,3.173311635475997,1.8072289156626504
166489,317,173,10.0,7.0,307.0,166.0,54.57413249211357,70.0,54.071661237785015
166498,66,0,66.0,0.0,,,0.0,0.0,
166513,16598,1001,12122.0,305.0,4476.0,696.0,6.030847090010845,2.5160864543804653,15.549597855227882
166629,31726,4505,23920.0,1859.0,7806.0,2646.0,14.199710017020738,7.771739130434782,33.89700230591852
166638,15575,1628,12138.0,833.0,3437.0,795.0,10.452648475120386,6.862745098039216,23.13063718359034
166647,4578,141,4578.0,141.0,,,3.079947575360419,3.079947575360419,
166656,5945,866,3469.0,406.0,2476.0,460.0,14.56686291000841,11.703660997405592,18.578352180936992
166674,1989,91,1871.0,63.0,118.0,28.0,4.57516339869281,3.3671833244254405,23.728813559322035
166683,11886,3455,4535.0,529.0,7351.0,2926.0,29.06781086993101,11.664829106945977,39.80410828458713
166692,1488,21,1402.0,21.0,86.0,0.0,1.411290322580645,1.4978601997146932,0.0
166708,1489,117,,,1489.0,117.0,7.857622565480188,,7.857622565480188
166717,967,5,39.0,0.0,928.0,5.0,0.5170630816959669,0.0,0.5387931034482759
166805,44,0,44.0,0.0,,,0.0,0.0,
166823,5574,39,5574.0,39.0,,,0.6996770721205597,0.6996770721205597,
166850,5862,119,4102.0,78.0,1760.0,41.0,2.0300238826339134,1.901511457825451,2.3295454545454546
166869,1672,0,363.0,0.0,1309.0,0.0,0.0,0.0,0.0
166887,9374,506,9374.0,506.0,,,5.397909110305099,5.397909110305099,
166911,227,0,227.0,0.0,,,0.0,0.0,
166939,2275,430,2178.0,428.0,97.0,2.0,18.9010989010989,19.65105601469238,2.0618556701030926
166957,3694,7,3694.0,7.0,,,0.18949648077964265,0.18949648077964265,
167039,15,0,15.0,0.0,,,0.0,0.0,
167057,853,414,421.0,174.0,432.0,240.0,48.53458382180539,41.33016627078385,55.55555555555556
167093,515,161,,,515.0,161.0,31.2621359223301,,31.2621359223301
167215,1131,0,,,1131.0,0.0,0.0,,0.0
167260,1392,34,1163.0,32.0,229.0,2.0,2.442528735632184,2.751504729148753,0.8733624454148471
167288,896,10,794.0,10.0,102.0,0.0,1.1160714285714286,1.2594458438287155,0.0
167297,155,3,155.0,3.0,,,1.935483870967742,1.935483870967742,
167312,5743,7,5743.0,7.0,,,0.12188751523593941,0.12188751523593941,
167358,32553,11530,17432.0,2426.0,15121.0,9104.0,35.419162596381284,13.916934373565857,60.20765822366245
167376,4721,98,4721.0,98.0,,,2.0758313916543107,2.0758313916543107,
167394,1268,21,1002.0,16.0,266.0,5.0,1.6561514195583598,1.5968063872255487,1.8796992481203008
167525,3022,146,3022.0,146.0,,,4.831237590999338,4.831237590999338,
167534,7811,45,7811.0,45.0,,,0.5761106132377416,0.5761106132377416,
167598,2517,4,987.0,3.0,1530.0,1.0,0.15891934843067143,0.303951367781155,0.065359477124183
167631,2044,167,2044.0,167.0,,,8.170254403131114,8.170254403131114,
167677,86,15,23.0,7.0,63.0,8.0,17.441860465116278,30.434782608695656,12.698412698412698
167729,6230,246,4867.0,197.0,1363.0,49.0,3.9486356340288924,4.047667967947401,3.59501100513573
167783,4666,199,1675.0,83.0,2991.0,116.0,4.264894984997857,4.955223880597015,3.8783015713808093
167792,314,91,314.0,91.0,,,28.980891719745223,28.980891719745223,
167835,2857,371,2549.0,351.0,308.0,20.0,12.985649282464124,13.770105923891723,6.493506493506493
167871,260,5,260.0,5.0,,,1.9230769230769231,1.9230769230769231,
167899,2599,95,1763.0,72.0,836.0,23.0,3.6552520200076954,4.083947816222349,2.751196172248804
167905,5447,51,5447.0,51.0,,,0.9362952083715808,0.9362952083715808,
167987,7968,884,5731.0,96.0,2237.0,788.0,11.094377510040161,1.675100331530274,35.22574877067501
167996,2674,69,2568.0,64.0,106.0,5.0,2.580403889304413,2.4922118380062304,4.716981132075472
168005,6356,848,4326.0,518.0,2030.0,330.0,13.341724354940215,11.974110032362459,16.25615763546798
168032,23,0,23.0,0.0,,,0.0,0.0,
168148,13599,2001,7126.0,890.0,6473.0,1111.0,14.71431722920803,12.48947516138086,17.163602657191408
168218,2407,316,2407.0,316.0,,,13.128375571250519,13.128375571250519,
168227,4191,196,3965.0,162.0,226.0,34.0,4.67668814125507,4.085750315258512,15.04424778761062
168254,3674,283,2616.0,61.0,1058.0,222.0,7.702776265650517,2.331804281345566,20.982986767485823
168263,4588,53,3868.0,43.0,720.0,10.0,1.1551874455100262,1.1116856256463288,1.3888888888888888
168281,1785,79,1785.0,79.0,,,4.42577030812325,4.42577030812325,
168342,2164,224,2115.0,191.0,49.0,33.0,10.35120147874307,9.030732860520095,67.3469387755102
168421,7584,1160,5558.0,353.0,2026.0,807.0,15.295358649789028,6.3512054695933795,39.83218163869694
168430,5745,116,4868.0,80.0,877.0,36.0,2.019147084421236,1.6433853738701727,4.104903078677309
168528,1765,107,1673.0,101.0,92.0,6.0,6.062322946175637,6.037059175134489,6.521739130434782
168546,1308,69,1308.0,69.0,,,5.275229357798166,5.275229357798166,
168555,26,0,26.0,0.0,,,0.0,0.0,
168573,746,0,746.0,0.0,,,0.0,0.0,
168591,1197,65,1159.0,65.0,38.0,0.0,5.430242272347535,5.608283002588439,0.0
168607,1581,0,1581.0,0.0,,,0.0,0.0,
168740,2940,692,1384.0,267.0,1556.0,425.0,23.537414965986393,19.29190751445087,27.31362467866324
168786,1157,49,1088.0,48.0,69.0,1.0,4.235090751944685,4.411764705882353,1.4492753623188406
168847,3955,12,3595.0,8.0,360.0,4.0,0.3034134007585335,0.22253129346314326,1.1111111111111112
168883,2149,0,2149.0,0.0,,,0.0,0.0,
168892,97,0,97.0,0.0,,,0.0,0.0,
169080,3681,498,3356.0,468.0,325.0,30.0,13.528932355338224,13.945172824791419,9.230769230769232
169099,367,39,,,367.0,39.0,10.626702997275205,,10.626702997275205
169187,93,0,93.0,0.0,,,0.0,0.0,
169220,190,8,,,190.0,8.0,4.2105263157894735,,4.2105263157894735
169248,14488,1659,10193.0,314.0,4295.0,1345.0,11.450855880728879,3.0805454723830077,31.31548311990687
169275,6718,18,6718.0,18.0,,,0.2679368859779696,0.2679368859779696,
169284,259,0,259.0,0.0,,,0.0,0.0,
169327,1004,39,769.0,37.0,235.0,2.0,3.8844621513944224,4.811443433029909,0.851063829787234
169363,1135,45,755.0,37.0,380.0,8.0,3.9647577092511015,4.900662251655629,2.1052631578947367
169424,113,26,,,113.0,26.0,23.008849557522122,,23.008849557522122
169442,1433,131,1376.0,92.0,57.0,39.0,9.141660851360783,6.686046511627906,68.42105263157895
169479,4815,144,3741.0,117.0,1074.0,27.0,2.990654205607477,3.127506014434643,2.5139664804469275
169503,225,4,225.0,4.0,,,1.7777777777777777,1.7777777777777777,
169521,8397,47,8397.0,47.0,,,0.5597237108491128,0.5597237108491128,
169576,124,0,124.0,0.0,,,0.0,0.0,
169655,1417,0,1417.0,0.0,,,0.0,0.0,
169716,5587,1377,3422.0,946.0,2165.0,431.0,24.646500805441203,27.644652250146112,19.907621247113163
169761,643,0,643.0,0.0,,,0.0,0.0,
169798,12631,703,10470.0,555.0,2161.0,148.0,5.565671759955665,5.300859598853868,6.848681166126794
169813,38,0,38.0,0.0,,,0.0,0.0,
169910,9959,141,8991.0,94.0,968.0,47.0,1.4158047996786827,1.0454899343788233,4.855371900826446
169974,1183,0,1183.0,0.0,,,0.0,0.0,
169983,1466,117,1212.0,42.0,254.0,75.0,7.980900409276943,3.4653465346534658,29.527559055118108
169992,882,4,882.0,4.0,,,0.45351473922902497,0.45351473922902497,
170000,1017,7,928.0,7.0,89.0,0.0,0.688298918387414,0.7543103448275862,0.0
170037,1695,67,1354.0,64.0,341.0,3.0,3.9528023598820057,4.726735598227474,0.8797653958944283
170055,12468,58,12468.0,58.0,,,0.465190888675008,0.465190888675008,
170082,22011,625,19002.0,238.0,3009.0,387.0,2.8394893462359727,1.2524997368698032,12.861415752741776
170091,210,3,210.0,3.0,,,1.4285714285714286,1.4285714285714286,
170240,11410,172,11410.0,172.0,,,1.507449605609115,1.507449605609115,
170286,1792,0,1649.0,0.0,143.0,0.0,0.0,0.0,0.0
170301,3395,91,3395.0,91.0,,,2.6804123711340204,2.6804123711340204,
170444,5086,5,5086.0,5.0,,,0.09830908375933936,0.09830908375933936,
170532,1166,58,1166.0,58.0,,,4.974271012006861,4.974271012006861,
170541,6334,111,6334.0,111.0,,,1.752447110830439,1.752447110830439,
170550,4036,16,4036.0,16.0,,,0.39643211100099107,0.39643211100099107,
170587,1905,0,1905.0,0.0,,,0.0,0.0,
170611,70,0,70.0,0.0,,,0.0,0.0,
170620,2937,55,2937.0,55.0,,,1.8726591760299627,1.8726591760299627,
170639,1567,110,1551.0,108.0,16.0,2.0,7.019783024888322,6.963249516441006,12.5
170657,9821,81,9821.0,81.0,,,0.8247632623969046,0.8247632623969046,
170675,3693,874,2579.0,223.0,1114.0,651.0,23.666395884105064,8.646762310973246,58.43806104129264
170736,50,0,50.0,0.0,,,0.0,0.0,
170790,16300,277,16300.0,277.0,,,1.6993865030674844,1.6993865030674844,
170806,2124,206,1828.0,166.0,296.0,40.0,9.698681732580038,9.080962800875273,13.513513513513514
170967,1193,35,1161.0,33.0,32.0,2.0,2.933780385582565,2.842377260981912,6.25
170976,52855,8667,34454.0,2762.0,18401.0,5905.0,16.397691798316146,8.01648574911476,32.0906472474322
171012,176,0,176.0,0.0,,,0.0,0.0,
171100,52089,4419,41234.0,2182.0,10855.0,2237.0,8.483556988999597,5.291749527089296,20.60801473975127
171128,7403,718,6013.0,66.0,1390.0,652.0,9.698770768607321,1.097621819391319,46.906474820143885
171137,8104,963,6187.0,234.0,1917.0,729.0,11.883020730503455,3.782123807984484,38.028169014084504
171146,6529,155,5011.0,59.0,1518.0,96.0,2.374023587073059,1.1774096986629414,6.324110671936759
171155,3692,15,3692.0,15.0,,,0.40628385698808234,0.40628385698808234,
171225,2210,0,2210.0,0.0,,,0.0,0.0,
171234,1751,0,1751.0,0.0,,,0.0,0.0,
171304,3617,17,3617.0,17.0,,,0.4700027647221454,0.4700027647221454,
171395,1613,3,1613.0,3.0,,,0.18598884066955984,0.18598884066955984,
171456,7409,82,6684.0,71.0,725.0,11.0,1.1067620461600756,1.0622381807301018,1.5172413793103448
171483,3253,6,3253.0,6.0,,,0.18444512757454656,0.18444512757454656,
171492,2409,103,2045.0,49.0,364.0,54.0,4.275633042756331,2.3960880195599024,14.835164835164836
171535,15287,907,15287.0,907.0,,,5.9331458101655,5.9331458101655,
171571,15768,720,12587.0,243.0,3181.0,477.0,4.5662100456621,1.9305632795741638,14.995284501729017
171599,979,2,932.0,2.0,47.0,0.0,0.20429009193054137,0.2145922746781116,0.0
171775,37,0,37.0,0.0,,,0.0,0.0,
171881,161,8,161.0,8.0,,,4.968944099378882,4.968944099378882,
171988,135,0,135.0,0.0,,,0.0,0.0,
171997,237,1,237.0,1.0,,,0.42194092827004215,0.42194092827004215,
172015,116,1,116.0,1.0,,,0.8620689655172413,0.8620689655172413,
172033,351,12,188.0,2.0,163.0,10.0,3.418803418803419,1.0638297872340425,6.134969325153374
172051,6822,224,6135.0,166.0,687.0,58.0,3.2834945763705656,2.7057864710676447,8.442503639010189
172200,8587,280,8587.0,280.0,,,3.26074298357983,3.26074298357983,
172264,1781,0,1628.0,0.0,153.0,0.0,0.0,0.0,0.0
172291,3317,24,3317.0,24.0,,,0.7235453723243894,0.7235453723243894,
172307,2000,0,2000.0,0.0,,,0.0,0.0,
172334,2441,48,1139.0,38.0,1302.0,10.0,1.9664072101597707,3.336259877085163,0.7680491551459293
172422,118,0,118.0,0.0,,,0.0,0.0,
172477,420,0,,,420.0,0.0,0.0,,0.0
172495,274,0,274.0,0.0,,,0.0,0.0,
172608,908,27,448.0,3.0,460.0,24.0,2.973568281938326,0.6696428571428571,5.217391304347826
172617,11133,291,11133.0,291.0,,,2.6138507140932363,2.6138507140932363,
172635,11887,149,11887.0,149.0,,,1.2534701775048371,1.2534701775048371,
172644,23803,1313,16012.0,378.0,7791.0,935.0,5.516111414527581,2.3607294529103173,12.001026825824669
172671,1120,2,1120.0,2.0,,,0.17857142857142858,0.17857142857142858,
172680,86,0,86.0,0.0,,,0.0,0.0,
172699,16744,1159,13027.0,526.0,3717.0,633.0,6.921882465360726,4.037767713211023,17.029862792574658
172705,397,6,,,397.0,6.0,1.5113350125944585,,1.5113350125944585
172866,56,0,56.0,0.0,,,0.0,0.0,
172918,3281,18,3281.0,18.0,,,0.5486132276744895,0.5486132276744895,
172954,1970,4,1970.0,4.0,,,0.20304568527918782,0.20304568527918782,
172963,8486,46,8486.0,46.0,,,0.5420692905962762,0.5420692905962762,
173045,3249,94,2527.0,68.0,722.0,26.0,2.8931979070483225,2.6909378709932725,3.6011080332409975
173063,3959,32,3959.0,32.0,,,0.8082849204344532,0.8082849204344532,
173115,978,8,978.0,8.0,,,0.81799591002045,0.81799591002045,
173124,4072,70,3751.0,61.0,321.0,9.0,1.719056974459725,1.626233004532125,2.803738317757009
173142,899,138,856.0,138.0,43.0,0.0,15.350389321468297,16.121495327102803,0.0
173160,3603,16,2755.0,2.0,848.0,14.0,0.44407438245906194,0.07259528130671505,1.650943396226415
173203,4981,4,4981.0,4.0,,,0.08030515960650472,0.08030515960650472,
173258,2128,224,2128.0,224.0,,,10.526315789473683,10.526315789473683,
173300,1935,111,1864.0,110.0,71.0,1.0,5.736434108527131,5.901287553648069,1.4084507042253522
173328,6003,683,3424.0,51.0,2579.0,632.0,11.377644511077795,1.4894859813084111,24.50562233423808
173416,2894,13,2894.0,13.0,,,0.44920525224602625,0.44920525224602625,
173452,878,18,770.0,17.0,108.0,1.0,2.050113895216401,2.207792207792208,0.9259259259259258
173461,4074,35,4074.0,35.0,,,0.859106529209622,0.859106529209622,
173559,5645,29,5645.0,29.0,,,0.5137289636846767,0.5137289636846767,
173638,3695,53,3695.0,53.0,,,1.4343707713125846,1.4343707713125846,
173647,1906,103,1905.0,103.0,1.0,0.0,5.403987408184681,5.406824146981627,0.0
173665,2565,47,1806.0,10.0,759.0,37.0,1.8323586744639377,0.5537098560354374,4.874835309617918
173683,192,0,,,192.0,0.0,0.0,,0.0
173708,4572,19,4572.0,19.0,,,0.41557305336832895,0.41557305336832895,
173735,3174,29,3174.0,29.0,,,0.9136735979836169,0.9136735979836169,
173744,623,0,623.0,0.0,,,0.0,0.0,
173799,3804,14,3804.0,14.0,,,0.36803364879074657,0.36803364879074657,
173896,371,35,,,371.0,35.0,9.433962264150944,,9.433962264150944
173902,2138,321,2138.0,321.0,,,15.014031805425631,15.014031805425631,
173911,2731,90,2731.0,90.0,,,3.2954961552544857,3.2954961552544857,
173920,15271,1352,13433.0,1126.0,1838.0,226.0,8.853382227751947,8.382341993597855,12.295973884657236
173957,1439,132,309.0,0.0,1130.0,132.0,9.17303683113273,0.0,11.68141592920354
174020,6660,142,5904.0,94.0,756.0,48.0,2.1321321321321323,1.5921409214092141,6.349206349206349
174066,56666,5410,41303.0,2121.0,15363.0,3289.0,9.547171143189919,5.135220201922378,21.408579053570268
174075,2612,75,2612.0,75.0,,,2.871362940275651,2.871362940275651,
174127,831,32,720.0,17.0,111.0,15.0,3.850782190132371,2.361111111111111,13.513513513513514
174136,6733,140,6733.0,140.0,,,2.0793108569731173,2.0793108569731173,
174154,748,0,740.0,0.0,8.0,0.0,0.0,0.0,0.0
174190,122,0,122.0,0.0,,,0.0,0.0,
174233,9253,170,8426.0,93.0,827.0,77.0,1.837241975575489,1.1037265606456208,9.310761789600967
174251,981,51,981.0,51.0,,,5.198776758409786,5.198776758409786,
174321,199,0,199.0,0.0,,,0.0,0.0,
174358,4386,172,3375.0,159.0,1011.0,13.0,3.9215686274509802,4.711111111111111,1.2858555885262115
174376,5563,124,5563.0,124.0,,,2.229013122415963,2.229013122415963,
174428,11026,164,11026.0,164.0,,,1.4873934337021586,1.4873934337021586,
174437,852,9,759.0,9.0,93.0,0.0,1.056338028169014,1.185770750988142,0.0
174473,2631,37,2631.0,37.0,,,1.4063093880653743,1.4063093880653743,
174491,3234,18,3163.0,18.0,71.0,0.0,0.5565862708719851,0.569079987353778,0.0
174507,1101,89,439.0,11.0,662.0,78.0,8.083560399636694,2.5056947608200453,11.782477341389729
174525,95,0,95.0,0.0,,,0.0,0.0,
174570,1794,1,1794.0,1.0,,,0.055741360089186176,0.055741360089186176,
174738,5205,36,5205.0,36.0,,,0.69164265129683,0.69164265129683,
174747,1429,53,1391.0,53.0,38.0,0.0,3.7088873337998605,3.8102084831056793,0.0
174756,4030,67,4030.0,67.0,,,1.662531017369727,1.662531017369727,
174783,10732,1289,8738.0,765.0,1994.0,524.0,12.010808796123742,8.754863813229571,26.278836509528585
174792,1572,98,1413.0,50.0,159.0,48.0,6.23409669211196,3.5385704175513095,30.18867924528302
174817,4505,71,1932.0,20.0,2573.0,51.0,1.5760266370699223,1.0351966873706004,1.9821220365332297
174844,3124,330,3124.0,330.0,,,10.56338028169014,10.56338028169014,
174862,1846,49,1523.0,42.0,323.0,7.0,2.654387865655471,2.757715036112935,2.1671826625387
174899,2930,110,1810.0,108.0,1120.0,2.0,3.754266211604096,5.966850828729282,0.17857142857142858
174914,9410,487,6270.0,236.0,3140.0,251.0,5.175345377258235,3.7639553429027113,7.993630573248407
174978,128,0,128.0,0.0,,,0.0,0.0,
175005,3651,15,2498.0,8.0,1153.0,7.0,0.4108463434675432,0.32025620496397117,0.6071118820468344
175014,9416,0,8633.0,0.0,783.0,0.0,0.0,0.0,0.0
175041,5198,158,5198.0,158.0,,,3.0396306271642937,3.0396306271642937,
175078,8214,161,7735.0,109.0,479.0,52.0,1.9600681762843926,1.4091790562378799,10.855949895615867
175120,360,6,360.0,6.0,,,1.6666666666666667,1.6666666666666667,
175139,226,6,,,226.0,6.0,2.6548672566371683,,2.6548672566371683
175227,1537,9,1537.0,9.0,,,0.5855562784645413,0.5855562784645413,
175236,3148,12,3148.0,12.0,,,0.3811944091486658,0.3811944091486658,
175263,2331,15,2331.0,15.0,,,0.6435006435006435,0.6435006435006435,
175272,6045,133,5317.0,125.0,728.0,8.0,2.2001654259718775,2.35094978371262,1.098901098901099
175281,1163,17,,,1163.0,17.0,1.4617368873602752,,1.4617368873602752
175315,8726,98,8726.0,98.0,,,1.1230804492321798,1.1230804492321798,
175342,2995,53,2532.0,20.0,463.0,33.0,1.7696160267111853,0.7898894154818324,7.127429805615551
175421,4213,728,1614.0,23.0,2599.0,705.0,17.27984808924757,1.4250309789343247,27.12581762216237
175430,968,12,912.0,11.0,56.0,1.0,1.2396694214876034,1.2061403508771928,1.7857142857142856
175494,73,0,73.0,0.0,,,0.0,0.0,
175519,1633,1,1633.0,1.0,,,0.0612369871402327,0.0612369871402327,
175573,2932,0,2932.0,0.0,,,0.0,0.0,
175616,2654,107,1876.0,87.0,778.0,20.0,4.031650339110776,4.637526652452026,2.570694087403599
175643,2785,22,2785.0,22.0,,,0.7899461400359067,0.7899461400359067,
175652,3841,8,3841.0,8.0,,,0.2082790939859412,0.2082790939859412,
175698,23,0,23.0,0.0,,,0.0,0.0,
175722,21,0,21.0,0.0,,,0.0,0.0,
175786,8859,0,8859.0,0.0,,,0.0,0.0,
175810,5039,2,5039.0,2.0,,,0.03969041476483429,0.03969041476483429,
175829,5139,0,5139.0,0.0,,,0.0,0.0,
175856,6326,213,4650.0,84.0,1676.0,129.0,3.367056591843187,1.806451612903226,7.6968973747016705
175883,4753,21,4753.0,21.0,,,0.4418262150220913,0.4418262150220913,
175935,2780,0,2780.0,0.0,,,0.0,0.0,
175980,593,19,549.0,13.0,44.0,6.0,3.204047217537943,2.3679417122040074,13.636363636363635
176008,1978,0,1978.0,0.0,,,0.0,0.0,
176017,26449,837,21585.0,308.0,4864.0,529.0,3.16458089152709,1.4269168403984247,10.875822368421053
176035,2193,18,1962.0,15.0,231.0,3.0,0.8207934336525308,0.764525993883792,1.2987012987012987
176044,2205,0,2013.0,0.0,192.0,0.0,0.0,0.0,0.0
176053,4164,160,2883.0,99.0,1281.0,61.0,3.842459173871278,3.433922996878252,4.761904761904762
176062,57,0,57.0,0.0,,,0.0,0.0,
176071,8694,0,8694.0,0.0,,,0.0,0.0,
176080,23150,934,18567.0,257.0,4583.0,677.0,4.0345572354211665,1.38417622663866,14.77198341697578
176169,3442,0,3442.0,0.0,,,0.0,0.0,
176178,7867,0,7867.0,0.0,,,0.0,0.0,
176239,6011,0,6011.0,0.0,,,0.0,0.0,
176318,467,17,467.0,17.0,,,3.640256959314775,3.640256959314775,
176336,93,0,93.0,0.0,,,0.0,0.0,
176354,1758,13,1758.0,13.0,,,0.7394766780432309,0.7394766780432309,
176372,13170,790,10193.0,484.0,2977.0,306.0,5.998481397114654,4.748356715392917,10.278804165267047
176406,1301,287,1286.0,287.0,15.0,0.0,22.059953881629514,22.317262830482115,0.0
176433,63,0,63.0,0.0,,,0.0,0.0,
176451,170,1,24.0,0.0,146.0,1.0,0.5882352941176471,0.0,0.684931506849315
176479,5321,270,3052.0,147.0,2269.0,123.0,5.074234166510054,4.81651376146789,5.420890260026443
176600,110,2,,,110.0,2.0,1.8181818181818181,,1.8181818181818181
176628,2768,1052,1331.0,61.0,1437.0,991.0,38.00578034682081,4.583020285499624,68.96311760612387
176664,434,6,381.0,5.0,53.0,1.0,1.3824884792626728,1.3123359580052494,1.8867924528301887
176716,109,0,109.0,0.0,,,0.0,0.0,
176770,724,0,541.0,0.0,183.0,0.0,0.0,0.0,0.0
176789,244,8,174.0,2.0,70.0,6.0,3.278688524590164,1.1494252873563218,8.571428571428571
176798,159,0,159.0,0.0,,,0.0,0.0,
176910,189,5,165.0,4.0,24.0,1.0,2.6455026455026456,2.4242424242424243,4.166666666666666
176947,1041,98,1041.0,98.0,,,9.414024975984631,9.414024975984631,
176965,12857,3412,7584.0,147.0,5273.0,3265.0,26.538072645251614,1.9382911392405062,61.919211075289205
176983,65,1,65.0,1.0,,,1.5384615384615385,1.5384615384615385,
177038,588,0,97.0,0.0,491.0,0.0,0.0,0.0,0.0
177065,5689,249,5207.0,182.0,482.0,67.0,4.37686763930392,3.4952947954676397,13.900414937759336
177083,63,0,63.0,0.0,,,0.0,0.0,
177092,589,22,,,589.0,22.0,3.7351443123938877,,3.7351443123938877
177117,254,13,254.0,13.0,,,5.118110236220472,5.118110236220472,
177126,550,7,,,550.0,7.0,1.2727272727272727,,1.2727272727272727
177135,3959,56,3959.0,56.0,,,1.414498610760293,1.414498610760293,
177144,1028,35,861.0,29.0,167.0,6.0,3.404669260700389,3.368176538908246,3.592814371257485
177214,1615,142,1391.0,134.0,224.0,8.0,8.792569659442725,9.633357296908699,3.571428571428571
177250,2371,25,2371.0,25.0,,,1.054407423028258,1.054407423028258,
177278,72,6,,,72.0,6.0,8.333333333333332,,8.333333333333332
177302,619,0,619.0,0.0,,,0.0,0.0,
177339,2289,77,1511.0,51.0,778.0,26.0,3.3639143730886847,3.3752481800132363,3.3419023136246784
177418,332,8,209.0,2.0,123.0,6.0,2.4096385542168677,0.9569377990430622,4.878048780487805
177436,30,0,30.0,0.0,,,0.0,0.0,
177472,11380,0,11380.0,0.0,,,0.0,0.0,
177542,499,23,452.0,23.0,47.0,0.0,4.609218436873747,5.0884955752212395,0.0
177551,1002,61,1002.0,61.0,,,6.087824351297405,6.087824351297405,
177588,55,0,55.0,0.0,,,0.0,0.0,
177603,157,0,157.0,0.0,,,0.0,0.0,
177676,3775,27,3775.0,27.0,,,0.7152317880794702,0.7152317880794702,
177685,107,0,107.0,0.0,,,0.0,0.0,
177719,539,19,447.0,15.0,92.0,4.0,3.525046382189239,3.3557046979865772,4.3478260869565215
177746,813,5,813.0,5.0,,,0.6150061500615006,0.6150061500615006,
177816,84,1,,,84.0,1.0,1.1904761904761905,,1.1904761904761905
177834,3466,133,,,3466.0,133.0,3.837276399307559,,3.837276399307559
177931,25,0,25.0,0.0,,,0.0,0.0,
177940,2054,140,1926.0,111.0,128.0,29.0,6.815968841285297,5.763239875389408,22.65625
177968,6826,305,4663.0,262.0,2163.0,43.0,4.468209786111925,5.618700407463006,1.9879796578825704
177977,2346,0,2346.0,0.0,,,0.0,0.0,
177986,1406,32,251.0,0.0,1155.0,32.0,2.275960170697013,0.0,2.7705627705627704
177995,13523,169,13523.0,169.0,,,1.2497226946683428,1.2497226946683428,
178059,9261,251,5692.0,166.0,3569.0,85.0,2.710290465392506,2.916373858046381,2.3816195012608574
178077,97,0,97.0,0.0,,,0.0,0.0,
178183,177,0,177.0,0.0,,,0.0,0.0,
178208,3945,83,1126.0,0.0,2819.0,83.0,2.1039290240811153,0.0,2.9443064916637103
178217,2447,58,2447.0,58.0,,,2.370249284838578,2.370249284838578,
178244,5699,89,4958.0,68.0,741.0,21.0,1.5616774872784698,1.371520774505849,2.834008097165992
178341,4147,182,3881.0,179.0,266.0,3.0,4.38871473354232,4.612213347075496,1.1278195488721803
178369,1770,429,1687.0,412.0,83.0,17.0,24.23728813559322,24.422050978067574,20.481927710843372
178387,3716,34,3491.0,29.0,225.0,5.0,0.914962325080732,0.8307075336579777,2.2222222222222223
178396,31543,1417,24449.0,284.0,7094.0,1133.0,4.492280379164949,1.161601701501084,15.971243304200733
178402,14732,1203,10166.0,330.0,4566.0,873.0,8.165897366277491,3.2461144993114304,19.11957950065703
178411,7154,974,5552.0,177.0,1602.0,797.0,13.614760972882303,3.1880403458213253,49.75031210986267
178420,14736,330,12317.0,169.0,2419.0,161.0,2.239413680781759,1.3720873589348057,6.655642827614717
178448,5384,22,5384.0,22.0,,,0.40861812778603274,0.40861812778603274,
178518,168,6,,,168.0,6.0,3.571428571428571,,3.571428571428571
178527,47,0,47.0,0.0,,,0.0,0.0,
178615,3664,267,3265.0,251.0,399.0,16.0,7.287117903930131,7.68759571209801,4.010025062656641
178624,9152,716,5241.0,145.0,3911.0,571.0,7.823426573426573,2.7666475863384847,14.599846586550754
178679,736,8,610.0,8.0,126.0,0.0,1.0869565217391304,1.3114754098360655,0.0
178697,1454,24,1454.0,24.0,,,1.6506189821182942,1.6506189821182942,
178721,5736,513,4657.0,191.0,1079.0,322.0,8.943514644351465,4.101352802233197,29.842446709916587
178767,89,1,89.0,1.0,,,1.1235955056179776,1.1235955056179776,
178891,1784,2,1784.0,2.0,,,0.11210762331838565,0.11210762331838565,
178989,205,0,177.0,0.0,28.0,0.0,0.0,0.0,0.0
179043,3577,65,2303.0,52.0,1274.0,13.0,1.817165222253285,2.2579244463742945,1.0204081632653061
179159,17059,3405,10413.0,370.0,6646.0,3035.0,19.960138343396448,3.55325074426198,45.66656635570268
179195,31,0,31.0,0.0,,,0.0,0.0,
179265,648,17,343.0,11.0,305.0,6.0,2.6234567901234565,3.206997084548105,1.9672131147540985
179308,15649,222,15649.0,222.0,,,1.4186209981468463,1.4186209981468463,
179317,91,2,,,91.0,2.0,2.197802197802198,,2.197802197802198
179326,2199,22,1710.0,16.0,489.0,6.0,1.0004547521600726,0.9356725146198831,1.2269938650306749
179344,1919,4,1919.0,4.0,,,0.20844189682126105,0.20844189682126105,
179511,153,0,153.0,0.0,,,0.0,0.0,
179539,4242,26,4242.0,26.0,,,0.6129184347006129,0.6129184347006129,
179548,568,2,392.0,2.0,176.0,0.0,0.35211267605633806,0.5102040816326531,0.0
179557,9501,1240,7926.0,560.0,1575.0,680.0,13.051257762340807,7.065354529396922,43.17460317460318
179566,24360,1101,20584.0,488.0,3776.0,613.0,4.519704433497537,2.3707734162456275,16.234110169491526
179645,2604,17,2604.0,17.0,,,0.65284178187404,0.65284178187404,
179715,1951,22,1951.0,22.0,,,1.1276268580215274,1.1276268580215274,
179812,2109,110,,,2109.0,110.0,5.215742057847321,,5.215742057847321
179867,16357,4512,8220.0,774.0,8137.0,3738.0,27.58452038882436,9.416058394160585,45.93830650116751
179894,8260,3631,2322.0,401.0,5938.0,3230.0,43.958837772397096,17.26959517657192,54.395419333108784
179946,640,19,640.0,19.0,,,2.96875,2.96875,
179955,959,53,924.0,52.0,35.0,1.0,5.526590198123045,5.627705627705628,2.857142857142857
179964,2046,46,1342.0,37.0,704.0,9.0,2.248289345063539,2.7570789865871834,1.278409090909091
179991,39,0,39.0,0.0,,,0.0,0.0,
180054,318,0,318.0,0.0,,,0.0,0.0,
180081,727,0,727.0,0.0,,,0.0,0.0,
180090,79,0,79.0,0.0,,,0.0,0.0,
180106,1156,0,1112.0,0.0,44.0,0.0,0.0,0.0,0.0
180151,332,15,332.0,15.0,,,4.518072289156627,4.518072289156627,
180160,185,0,185.0,0.0,,,0.0,0.0,
180179,4129,70,3881.0,67.0,248.0,3.0,1.6953257447323806,1.7263591857768614,1.2096774193548387
180197,2234,9,2234.0,9.0,,,0.40286481647269473,0.40286481647269473,
180203,120,0,120.0,0.0,,,0.0,0.0,
180212,362,1,362.0,1.0,,,0.2762430939226519,0.2762430939226519,
180249,1502,0,1502.0,0.0,,,0.0,0.0,
180258,763,20,590.0,20.0,173.0,0.0,2.621231979030144,3.389830508474576,0.0
180276,1554,0,1554.0,0.0,,,0.0,0.0,
180328,262,0,262.0,0.0,,,0.0,0.0,
180373,710,15,710.0,15.0,,,2.112676056338028,2.112676056338028,
180416,1702,48,1497.0,18.0,205.0,30.0,2.82021151586369,1.2024048096192386,14.634146341463413
180461,17135,419,15046.0,175.0,2089.0,244.0,2.4452874234023927,1.163099827196597,11.680229775011968
180489,10811,183,7891.0,81.0,2920.0,102.0,1.6927203773933956,1.0264858699784565,3.493150684931507
180522,966,0,919.0,0.0,47.0,0.0,0.0,0.0,0.0
180595,1032,54,851.0,53.0,181.0,1.0,5.232558139534884,6.227967097532315,0.5524861878453038
180647,671,0,636.0,0.0,35.0,0.0,0.0,0.0,0.0
180692,1358,4,1335.0,4.0,23.0,0.0,0.29455081001472755,0.299625468164794,0.0
180814,14667,3,11037.0,0.0,3630.0,3.0,0.020454080589077522,0.0,0.08264462809917356
180832,1121,0,643.0,0.0,478.0,0.0,0.0,0.0,0.0
180878,765,0,623.0,0.0,142.0,0.0,0.0,0.0,0.0
180902,6927,0,6927.0,0.0,,,0.0,0.0,
180948,2098,35,1690.0,31.0,408.0,4.0,1.6682554814108674,1.8343195266272188,0.9803921568627451
180957,53,0,53.0,0.0,,,0.0,0.0,
180984,3479,129,3000.0,122.0,479.0,7.0,3.7079620580626615,4.066666666666666,1.4613778705636742
181002,8581,180,4377.0,95.0,4204.0,85.0,2.09765761566251,2.170436371944254,2.0218839200761183
181020,1985,70,1315.0,61.0,670.0,9.0,3.5264483627204033,4.638783269961976,1.3432835820895521
181127,956,63,933.0,56.0,23.0,7.0,6.589958158995817,6.002143622722401,30.434782608695656
181145,29,0,29.0,0.0,,,0.0,0.0,
181190,92,0,92.0,0.0,,,0.0,0.0,
181215,5881,290,4213.0,271.0,1668.0,19.0,4.931134160856997,6.432470923332542,1.1390887290167866
181297,1067,2,781.0,0.0,286.0,2.0,0.18744142455482662,0.0,0.6993006993006993
181303,16642,118,16642.0,118.0,,,0.7090493931017907,0.7090493931017907,
181312,2140,74,2140.0,74.0,,,3.4579439252336446,3.4579439252336446,
181330,1558,110,1309.0,108.0,249.0,2.0,7.060333761232348,8.25057295645531,0.8032128514056224
181394,14972,707,11756.0,361.0,3216.0,346.0,4.722148009617953,3.0707723715549506,10.75870646766169
181419,620,0,620.0,0.0,,,0.0,0.0,
181428,3988,339,971.0,10.0,3017.0,329.0,8.500501504513542,1.0298661174047374,10.904872389791183
181446,1654,56,1463.0,56.0,191.0,0.0,3.3857315598548974,3.827751196172249,0.0
181464,24393,1663,19701.0,555.0,4692.0,1108.0,6.817529619153036,2.8171158824425153,23.614663256606992
181491,5720,118,5720.0,118.0,,,2.062937062937063,2.062937062937063,
181534,1492,26,1308.0,26.0,184.0,0.0,1.742627345844504,1.9877675840978593,0.0
181543,32,0,32.0,0.0,,,0.0,0.0,
181604,786,12,552.0,12.0,234.0,0.0,1.5267175572519083,2.1739130434782608,0.0
181640,10816,0,10816.0,0.0,,,0.0,0.0,
181738,729,38,625.0,37.0,104.0,1.0,5.212620027434842,5.92,0.9615384615384616
181765,222,0,222.0,0.0,,,0.0,0.0,
181783,4666,192,3902.0,186.0,764.0,6.0,4.114873553364767,4.766786263454638,0.7853403141361256
181817,1569,80,1569.0,80.0,,,5.098789037603569,5.098789037603569,
181853,532,76,428.0,66.0,104.0,10.0,14.285714285714285,15.42056074766355,9.615384615384617
181880,183,0,183.0,0.0,,,0.0,0.0,
182005,28313,165,28313.0,165.0,,,0.5827711651891357,0.5827711651891357,
182148,536,0,536.0,0.0,,,0.0,0.0,
182281,32911,1004,27132.0,445.0,5779.0,559.0,3.050651757770958,1.6401297361049683,9.672953798234989
182290,23024,739,19117.0,196.0,3907.0,543.0,3.2096942321056288,1.0252654705236177,13.898131558740722
182306,3320,0,3320.0,0.0,,,0.0,0.0,
182500,10885,59,10885.0,59.0,,,0.5420303169499311,0.5420303169499311,
182564,4284,0,4284.0,0.0,,,0.0,0.0,
182634,972,14,858.0,14.0,114.0,0.0,1.440329218106996,1.6317016317016315,0.0
182670,6938,1470,4637.0,726.0,2301.0,744.0,21.187662150475642,15.656674574078068,32.333767926988266
182704,92,0,92.0,0.0,,,0.0,0.0,
182722,184,0,184.0,0.0,,,0.0,0.0,
182795,1654,73,997.0,48.0,657.0,25.0,4.413542926239419,4.814443329989969,3.8051750380517504
182829,718,50,,,718.0,50.0,6.963788300835655,,6.963788300835655
182892,50,0,50.0,0.0,,,0.0,0.0,
182980,3275,1801,1032.0,47.0,2243.0,1754.0,54.99236641221374,4.554263565891473,78.19884083816318
183026,189531,1154,164423.0,846.0,25108.0,308.0,0.608871371965536,0.5145265565036522,1.2267006531782698
183044,13554,445,11355.0,102.0,2199.0,343.0,3.2831636417293786,0.8982826948480845,15.597999090495678
183062,2848,33,2725.0,33.0,123.0,0.0,1.1587078651685394,1.2110091743119267,0.0
183071,663,103,451.0,3.0,212.0,100.0,15.535444947209653,0.6651884700665188,47.16981132075472
183080,3707,57,3182.0,52.0,525.0,5.0,1.5376315079579175,1.6341923318667504,0.9523809523809524
183099,2657,17,2657.0,17.0,,,0.6398193451260821,0.6398193451260821,
183105,577,0,577.0,0.0,,,0.0,0.0,
183114,677,0,677.0,0.0,,,0.0,0.0,
183123,735,0,735.0,0.0,,,0.0,0.0,
183132,2081,0,2081.0,0.0,,,0.0,0.0,
183141,1342,0,1342.0,0.0,,,0.0,0.0,
183150,1462,0,1462.0,0.0,,,0.0,0.0,
183202,73,0,73.0,0.0,,,0.0,0.0,
183211,2777,0,1252.0,0.0,1525.0,0.0,0.0,0.0,0.0
183239,2111,20,2094.0,20.0,17.0,0.0,0.9474182851729039,0.9551098376313276,0.0
183248,95,0,95.0,0.0,,,0.0,0.0,
183257,1478,1,1326.0,0.0,152.0,1.0,0.06765899864682003,0.0,0.6578947368421052
183275,97,2,97.0,2.0,,,2.0618556701030926,2.0618556701030926,
183488,1171,15,1171.0,15.0,,,1.2809564474807857,1.2809564474807857,
183600,30,20,30.0,20.0,,,66.66666666666666,66.66666666666666,
183655,4052,96,4052.0,96.0,,,2.3692003948667324,2.3692003948667324,
183725,502,0,502.0,0.0,,,0.0,0.0,
183743,11720,652,11720.0,652.0,,,5.563139931740614,5.563139931740614,
183789,1996,8,1907.0,7.0,89.0,1.0,0.4008016032064128,0.36706869428421607,1.1235955056179776
183804,9657,114,4027.0,72.0,5630.0,42.0,1.1804908356632493,1.787931462627266,0.7460035523978685
183822,799,39,799.0,39.0,,,4.881101376720901,4.881101376720901,
183859,9900,296,9900.0,296.0,,,2.98989898989899,2.98989898989899,
183877,6620,108,6620.0,108.0,,,1.6314199395770395,1.6314199395770395,
183910,2005,368,1617.0,355.0,388.0,13.0,18.35411471321696,21.954236239950525,3.350515463917526
183938,7622,279,7622.0,279.0,,,3.6604565730779326,3.6604565730779326,
183974,1398,2,936.0,0.0,462.0,2.0,0.14306151645207438,0.0,0.4329004329004329
183983,117,0,117.0,0.0,,,0.0,0.0,
184056,638,1,638.0,1.0,,,0.1567398119122257,0.1567398119122257,
184092,778,0,778.0,0.0,,,0.0,0.0,
184180,6131,133,6131.0,133.0,,,2.1693035393899853,2.1693035393899853,
184205,2686,3,2686.0,3.0,,,0.11169024571854058,0.11169024571854058,
184348,2232,428,1626.0,241.0,606.0,187.0,19.17562724014337,14.821648216482163,30.85808580858086
184427,335,0,335.0,0.0,,,0.0,0.0,
184481,7026,804,7026.0,804.0,,,11.443210930828352,11.443210930828352,
184506,103,0,103.0,0.0,,,0.0,0.0,
184603,8045,848,5690.0,348.0,2355.0,500.0,10.540708514605344,6.115992970123023,21.231422505307858
184612,2427,141,1870.0,119.0,557.0,22.0,5.80964153275649,6.363636363636363,3.949730700179533
184694,2885,117,2012.0,12.0,873.0,105.0,4.055459272097054,0.5964214711729622,12.027491408934708
184746,146,0,146.0,0.0,,,0.0,0.0,
184773,2013,55,1616.0,43.0,397.0,12.0,2.73224043715847,2.660891089108911,3.022670025188917
184782,21026,1383,16100.0,431.0,4926.0,952.0,6.577570626842956,2.6770186335403725,19.326025172553795
184791,5218,53,5218.0,53.0,,,1.0157148332694519,1.0157148332694519,
184816,139,0,139.0,0.0,,,0.0,0.0,
184959,1203,12,1203.0,12.0,,,0.997506234413965,0.997506234413965,
184968,178,0,178.0,0.0,,,0.0,0.0,
184995,7763,173,7763.0,173.0,,,2.2285199020997037,2.2285199020997037,
185129,5429,170,3871.0,107.0,1558.0,63.0,3.131331736968134,2.764143632136399,4.043645699614891
185262,13905,761,11758.0,709.0,2147.0,52.0,5.472851492268968,6.029937064126552,2.421984163949697
185396,1785,0,1785.0,0.0,,,0.0,0.0,
185466,346,0,346.0,0.0,,,0.0,0.0,
185509,6394,482,6394.0,482.0,,,7.5383171723490765,7.5383171723490765,
185536,12044,492,12044.0,492.0,,,4.085021587512454,4.085021587512454,
185572,4767,104,3710.0,65.0,1057.0,39.0,2.181665617788966,1.7520215633423182,3.6896877956480605
185590,23375,1143,18712.0,302.0,4663.0,841.0,4.889839572192513,1.6139375801624625,18.035599399528202
185679,188,0,188.0,0.0,,,0.0,0.0,
185721,618,8,618.0,8.0,,,1.2944983818770228,1.2944983818770228,
185758,129,0,,,129.0,0.0,0.0,,0.0
185767,271,19,271.0,19.0,,,7.011070110701106,7.011070110701106,
185828,13247,2224,10200.0,603.0,3047.0,1621.0,16.788706877028762,5.911764705882353,53.19986872333443
185873,7095,10,7095.0,10.0,,,0.14094432699083861,0.14094432699083861,
185970,120,0,120.0,0.0,,,0.0,0.0,
186016,441,9,441.0,9.0,,,2.0408163265306123,2.0408163265306123,
186034,4782,9,4782.0,9.0,,,0.18820577164366373,0.18820577164366373,
186052,875,0,875.0,0.0,,,0.0,0.0,
186122,302,22,,,302.0,22.0,7.28476821192053,,7.28476821192053
186131,9137,2236,5813.0,751.0,3324.0,1485.0,24.471927328444785,12.919318768277998,44.675090252707584
186186,194,34,181.0,31.0,13.0,3.0,17.525773195876287,17.12707182320442,23.076923076923077
186201,5981,43,5444.0,40.0,537.0,3.0,0.718943320514964,0.7347538574577517,0.5586592178770949
186274,310,22,310.0,22.0,,,7.096774193548387,7.096774193548387,
186283,4003,192,3145.0,140.0,858.0,52.0,4.796402697976518,4.451510333863275,6.0606060606060606
186371,5675,269,3857.0,88.0,1818.0,181.0,4.740088105726873,2.2815659839253306,9.955995599559957
186380,52269,5286,37985.0,2780.0,14284.0,2506.0,10.113068931871663,7.318678425694353,17.544105292635116
186399,11315,844,7989.0,201.0,3326.0,643.0,7.459125055236412,2.5159594442358246,19.332531569452797
186405,16,0,16.0,0.0,,,0.0,0.0,
186423,66,0,66.0,0.0,,,0.0,0.0,
186432,3572,940,2263.0,131.0,1309.0,809.0,26.31578947368421,5.788775961113566,61.80290297937356
186469,1135,1,1135.0,1.0,,,0.0881057268722467,0.0881057268722467,
186584,9571,221,6146.0,104.0,3425.0,117.0,2.3090586145648313,1.6921575008135372,3.4160583941605838
186593,188,0,188.0,0.0,,,0.0,0.0,
186618,871,16,560.0,12.0,311.0,4.0,1.8369690011481057,2.142857142857143,1.2861736334405145
186645,6762,89,6762.0,89.0,,,1.316178645371192,1.316178645371192,
186867,8469,2633,4236.0,157.0,4233.0,2476.0,31.0898571259889,3.7063267233238903,58.492794708244745
186876,8631,120,7565.0,87.0,1066.0,33.0,1.3903371567605145,1.1500330469266358,3.095684803001876
186900,72,6,72.0,6.0,,,8.333333333333332,8.333333333333332,
187000,695,0,695.0,0.0,,,0.0,0.0,
187046,7544,97,6775.0,92.0,769.0,5.0,1.2857900318133617,1.3579335793357932,0.6501950585175552
187134,8141,70,7435.0,68.0,706.0,2.0,0.8598452278589854,0.9145931405514458,0.28328611898017
187198,8330,69,8330.0,69.0,,,0.8283313325330132,0.8283313325330132,
187444,9942,206,6647.0,172.0,3295.0,34.0,2.072017702675518,2.5876335188806983,1.031866464339909
187505,338,0,338.0,0.0,,,0.0,0.0,
187532,19342,57,19342.0,57.0,,,0.29469548133595286,0.29469548133595286,
187596,1704,6,1678.0,6.0,26.0,0.0,0.35211267605633806,0.3575685339690107,0.0
187620,7200,150,7200.0,150.0,,,2.083333333333333,2.083333333333333,
187639,2342,11,2342.0,11.0,,,0.4696840307429547,0.4696840307429547,
187648,5725,155,4239.0,106.0,1486.0,49.0,2.7074235807860263,2.5005897617362582,3.297442799461642
187666,2082,0,2082.0,0.0,,,0.0,0.0,
187745,947,1,877.0,0.0,70.0,1.0,0.10559662090813093,0.0,1.4285714285714286
187897,2704,81,1603.0,43.0,1101.0,38.0,2.9955621301775146,2.682470368059888,3.451407811080836
187903,2235,2,2235.0,2.0,,,0.0894854586129754,0.0894854586129754,
187912,463,99,463.0,99.0,,,21.382289416846653,21.382289416846653,
187958,1687,14,1687.0,14.0,,,0.8298755186721992,0.8298755186721992,
187967,1622,169,1066.0,32.0,556.0,137.0,10.419235511713934,3.0018761726078798,24.640287769784173
187976,349,6,349.0,6.0,,,1.7191977077363898,1.7191977077363898,
187985,23124,1129,17450.0,439.0,5674.0,690.0,4.882373291818025,2.5157593123209168,12.160733168840324
187994,1152,17,1152.0,17.0,,,1.4756944444444444,1.4756944444444444,
188003,1431,28,1431.0,28.0,,,1.9566736547868624,1.9566736547868624,
188021,754,16,754.0,16.0,,,2.122015915119363,2.122015915119363,
188030,15408,878,12507.0,316.0,2901.0,562.0,5.698338525441329,2.5265851123370915,19.372630127542227
188049,921,2,921.0,2.0,,,0.21715526601520088,0.21715526601520088,
188058,1425,10,1425.0,10.0,,,0.7017543859649122,0.7017543859649122,
188100,6452,64,6452.0,64.0,,,0.9919404835709857,0.9919404835709857,
188137,4469,165,4469.0,165.0,,,3.6921011411948976,3.6921011411948976,
188182,1130,0,346.0,0.0,784.0,0.0,0.0,0.0,0.0
188207,289,1,,,289.0,1.0,0.34602076124567477,,0.34602076124567477
188216,215,0,215.0,0.0,,,0.0,0.0,
188225,896,1,896.0,1.0,,,0.11160714285714285,0.11160714285714285,
188261,563,0,563.0,0.0,,,0.0,0.0,
188289,55,2,55.0,2.0,,,3.6363636363636362,3.6363636363636362,
188304,3531,111,2629.0,79.0,902.0,32.0,3.143585386576041,3.00494484594903,3.5476718403547673
188340,1405,26,1392.0,22.0,13.0,4.0,1.8505338078291813,1.5804597701149428,30.76923076923077
188429,7603,604,5325.0,248.0,2278.0,356.0,7.944232539786926,4.657276995305164,15.627743634767342
188438,2576,16,2576.0,16.0,,,0.6211180124223602,0.6211180124223602,
188517,249,0,249.0,0.0,,,0.0,0.0,
188526,908,41,533.0,17.0,375.0,24.0,4.5154185022026425,3.189493433395872,6.4
188535,670,20,,,670.0,20.0,2.9850746268656714,,2.9850746268656714
188580,814,15,,,814.0,15.0,1.8427518427518428,,1.8427518427518428
188641,2007,152,1442.0,128.0,565.0,24.0,7.573492775286497,8.876560332871012,4.2477876106194685
188650,192,0,192.0,0.0,,,0.0,0.0,
188669,94,30,94.0,30.0,,,31.914893617021278,31.914893617021278,
188678,187,52,187.0,52.0,,,27.807486631016044,27.807486631016044,
188687,270,0,270.0,0.0,,,0.0,0.0,
188854,1452,173,1438.0,172.0,14.0,1.0,11.914600550964186,11.96105702364395,7.142857142857142
188890,1400,0,1400.0,0.0,,,0.0,0.0,
188915,52,0,52.0,0.0,,,0.0,0.0,
188942,254,39,254.0,39.0,,,15.354330708661418,15.354330708661418,
189015,719,14,,,719.0,14.0,1.9471488178025034,,1.9471488178025034
189088,2911,503,2438.0,356.0,473.0,147.0,17.279285468911027,14.602132895816242,31.07822410147992
189097,3487,513,3487.0,513.0,,,14.711786636076857,14.711786636076857,
189219,152,0,152.0,0.0,,,0.0,0.0,
189228,2156,169,1731.0,151.0,425.0,18.0,7.838589981447125,8.723281340265743,4.235294117647059
189255,102,0,102.0,0.0,,,0.0,0.0,
189273,91,0,91.0,0.0,,,0.0,0.0,
189282,311,0,311.0,0.0,,,0.0,0.0,
189404,89,0,89.0,0.0,,,0.0,0.0,
189413,516,0,391.0,0.0,125.0,0.0,0.0,0.0,0.0
189468,141,0,141.0,0.0,,,0.0,0.0,
189477,113,1,113.0,1.0,,,0.8849557522123894,0.8849557522123894,
189501,1125,65,,,1125.0,65.0,5.777777777777778,,5.777777777777778
189547,5327,17,5327.0,17.0,,,0.31912896564670545,0.31912896564670545,
189565,462,0,462.0,0.0,,,0.0,0.0,
189583,2086,2,2086.0,2.0,,,0.09587727708533077,0.09587727708533077,
189592,367,0,367.0,0.0,,,0.0,0.0,
189705,2451,180,1724.0,119.0,727.0,61.0,7.343941248470013,6.902552204176334,8.390646492434662
189714,285,1,285.0,1.0,,,0.3508771929824561,0.3508771929824561,
189811,1056,0,1056.0,0.0,,,0.0,0.0,
189839,3580,51,3580.0,51.0,,,1.4245810055865922,1.4245810055865922,
189857,986,127,863.0,110.0,123.0,17.0,12.880324543610547,12.746234067207416,13.821138211382115
189990,641,14,641.0,14.0,,,2.1840873634945397,2.1840873634945397,
190008,39,8,39.0,8.0,,,20.51282051282051,20.51282051282051,
190044,3348,541,2296.0,139.0,1052.0,402.0,16.158900836320193,6.054006968641115,38.21292775665399
190053,1067,9,1067.0,9.0,,,0.8434864104967198,0.8434864104967198,
190071,117,1,117.0,1.0,,,0.8547008547008548,0.8547008547008548,
190080,78,3,,,78.0,3.0,3.8461538461538463,,3.8461538461538463
190099,3211,261,3193.0,257.0,18.0,4.0,8.128308938025537,8.048856874412778,22.22222222222222
190114,683,23,402.0,7.0,281.0,16.0,3.3674963396778916,1.7412935323383085,5.6939501779359425
190150,35173,13812,9164.0,1879.0,26009.0,11933.0,39.26875728541779,20.504146660846793,45.880272213464565
190169,1616,2,1616.0,2.0,,,0.12376237623762376,0.12376237623762376,
190239,172,0,172.0,0.0,,,0.0,0.0,
190318,194,0,194.0,0.0,,,0.0,0.0,
190372,933,123,854.0,103.0,79.0,20.0,13.183279742765272,12.060889929742387,25.31645569620253
190415,26793,6943,16128.0,1656.0,10665.0,5287.0,25.91348486544993,10.267857142857142,49.57337083919363
190424,1474,385,,,1474.0,385.0,26.119402985074625,,26.119402985074625
190442,3720,2,3720.0,2.0,,,0.053763440860215055,0.053763440860215055,
190451,173,0,173.0,0.0,,,0.0,0.0,
190503,3147,237,3011.0,233.0,136.0,4.0,7.530981887511916,7.738292925938227,2.941176470588235
190512,20081,1736,16496.0,1031.0,3585.0,705.0,8.64498779941238,6.25,19.665271966527197
190521,20123,1432,20123.0,1432.0,,,7.116235153804104,7.116235153804104,
190530,6787,207,6787.0,207.0,,,3.0499484308236333,3.0499484308236333,
190549,14390,477,11562.0,330.0,2828.0,147.0,3.3148019457956917,2.8541774779449924,5.198019801980198
190558,11033,227,10051.0,203.0,982.0,24.0,2.0574639717212,2.0196995323848372,2.4439918533604885
190567,15544,866,12982.0,569.0,2562.0,297.0,5.571281523417396,4.3829918348482515,11.592505854800937
190576,9536,1062,3486.0,62.0,6050.0,1000.0,11.136744966442953,1.7785427423981641,16.528925619834713
190585,5478,172,5478.0,172.0,,,3.139832055494706,3.139832055494706,
190594,22538,961,17027.0,752.0,5511.0,209.0,4.263909841157157,4.416514946849122,3.792415169660679
190600,13763,488,11942.0,411.0,1821.0,77.0,3.545738574438712,3.441634567074192,4.228445908841296
190619,18165,410,18165.0,410.0,,,2.257087806220754,2.257087806220754,
190628,14494,1672,14494.0,1672.0,,,11.535807920518835,11.535807920518835,
190637,13324,390,11617.0,351.0,1707.0,39.0,2.927048934253978,3.021434105190669,2.2847100175746924
190646,3736,81,3736.0,81.0,,,2.1680942184154177,2.1680942184154177,
190655,14486,617,14486.0,617.0,,,4.259284826729256,4.259284826729256,
190664,15965,968,13464.0,834.0,2501.0,134.0,6.0632633886627,6.194295900178253,5.357856857257097
190673,10337,642,10337.0,642.0,,,6.210699429234787,6.210699429234787,
190682,669,13,,,669.0,13.0,1.9431988041853512,,1.9431988041853512
190691,6174,224,5917.0,202.0,257.0,22.0,3.6281179138321997,3.413892175088727,8.560311284046692
190707,20,0,20.0,0.0,,,0.0,0.0,
190716,2556,249,1258.0,90.0,1298.0,159.0,9.741784037558686,7.154213036565977,12.249614791987673
190725,2540,58,1653.0,33.0,887.0,25.0,2.283464566929134,1.9963702359346642,2.818489289740699
190752,86,0,86.0,0.0,,,0.0,0.0,
190761,1396,51,1115.0,47.0,281.0,4.0,3.6532951289398286,4.2152466367713,1.4234875444839856
190840,6606,73,6606.0,73.0,,,1.1050560096881623,1.1050560096881623,
190956,162,0,162.0,0.0,,,0.0,0.0,
190983,786,47,745.0,46.0,41.0,1.0,5.979643765903308,6.174496644295302,2.4390243902439024
191083,8090,58,8090.0,58.0,,,0.7169344870210136,0.7169344870210136,
191126,8206,1038,7924.0,956.0,282.0,82.0,12.649281013892274,12.064613831398283,29.078014184397162
191199,6004,28,6004.0,28.0,,,0.4663557628247834,0.4663557628247834,
191205,974,10,923.0,7.0,51.0,3.0,1.0266940451745379,0.7583965330444203,5.88235294117647
191241,16150,1812,10582.0,817.0,5568.0,995.0,11.219814241486068,7.720657720657721,17.869971264367816
191302,1865,63,1865.0,63.0,,,3.3780160857908843,3.3780160857908843,
191311,160,48,160.0,48.0,,,30.0,30.0,
191339,4240,84,4240.0,84.0,,,1.9811320754716981,1.9811320754716981,
191515,2031,168,2031.0,168.0,,,8.27178729689808,8.27178729689808,
191533,1097,48,1097.0,48.0,,,4.375569735642662,4.375569735642662,
191597,914,0,914.0,0.0,,,0.0,0.0,
191612,1971,48,1971.0,48.0,,,2.43531202435312,2.43531202435312,
191621,968,21,931.0,21.0,37.0,0.0,2.169421487603306,2.2556390977443606,0.0
191630,1841,109,1794.0,107.0,47.0,2.0,5.920695274307441,5.964325529542921,4.25531914893617
191649,10685,652,6581.0,255.0,4104.0,397.0,6.1020121665886755,3.874791065187661,9.673489278752436
191676,1200,53,1162.0,53.0,38.0,0.0,4.416666666666667,4.561101549053356,0.0
191719,9227,95,9227.0,95.0,,,1.0295870813915682,1.0295870813915682,
191728,1261,0,1261.0,0.0,,,0.0,0.0,
191931,3958,95,3382.0,84.0,576.0,11.0,2.4002021222839818,2.4837374334713185,1.9097222222222223
191940,85,0,85.0,0.0,,,0.0,0.0,
191959,30,0,30.0,0.0,,,0.0,0.0,
191968,4767,157,4268.0,136.0,499.0,21.0,3.2934759807006504,3.1865042174320526,4.208416833667335
191986,4054,66,4054.0,66.0,,,1.6280217069560927,1.6280217069560927,
192004,108,0,108.0,0.0,,,0.0,0.0,
192022,2319,32,2319.0,32.0,,,1.379905131522208,1.379905131522208,
192040,316,10,173.0,3.0,143.0,7.0,3.1645569620253164,1.7341040462427744,4.895104895104895
192110,1073,354,642.0,179.0,431.0,175.0,32.99161230195713,27.8816199376947,40.60324825986079
192165,205,0,205.0,0.0,,,0.0,0.0,
192192,1366,4,968.0,4.0,398.0,0.0,0.29282576866764276,0.4132231404958678,0.0
192271,1467,184,1188.0,97.0,279.0,87.0,12.5426039536469,8.164983164983166,31.182795698924732
192323,3091,87,2529.0,76.0,562.0,11.0,2.8146230993206083,3.005140371688414,1.9572953736654803
192448,16689,1271,12072.0,249.0,4617.0,1022.0,7.615794834921205,2.0626242544731612,22.135585878275936
192484,101,1,101.0,1.0,,,0.9900990099009901,0.9900990099009901,
192624,131,1,131.0,1.0,,,0.7633587786259541,0.7633587786259541,
192688,497,0,497.0,0.0,,,0.0,0.0,
192703,3225,136,2744.0,99.0,481.0,37.0,4.217054263565891,3.6078717201166186,7.6923076923076925
192712,1084,509,552.0,186.0,532.0,323.0,46.95571955719557,33.69565217391305,60.71428571428571
192749,2512,55,1466.0,33.0,1046.0,22.0,2.1894904458598723,2.251023192360164,2.1032504780114722
192785,722,0,673.0,0.0,49.0,0.0,0.0,0.0,0.0
192800,14,0,14.0,0.0,,,0.0,0.0,
192819,6356,195,5551.0,109.0,805.0,86.0,3.067967275015733,1.9636101603314717,10.683229813664596
192864,1601,45,1601.0,45.0,,,2.8107432854465957,2.8107432854465957,
192961,123,0,123.0,0.0,,,0.0,0.0,
192970,11,0,11.0,0.0,,,0.0,0.0,
193016,8991,264,6774.0,162.0,2217.0,102.0,2.9362696029362696,2.3914968999114263,4.600811907983761
193052,593,0,399.0,0.0,194.0,0.0,0.0,0.0,0.0
193061,39,4,39.0,4.0,,,10.256410256410255,10.256410256410255,
193070,72,0,51.0,0.0,21.0,0.0,0.0,0.0,0.0
193201,369,0,369.0,0.0,,,0.0,0.0,
193247,139,6,120.0,5.0,19.0,1.0,4.316546762589928,4.166666666666666,5.263157894736842
193265,58,0,58.0,0.0,,,0.0,0.0,
193283,5940,80,5940.0,80.0,,,1.3468013468013467,1.3468013468013467,
193292,5005,43,3240.0,34.0,1765.0,9.0,0.8591408591408592,1.0493827160493827,0.509915014164306
193308,8141,2032,6205.0,643.0,1936.0,1389.0,24.960078614420834,10.362610797743756,71.74586776859503
193326,8641,205,8641.0,205.0,,,2.372410600624928,2.372410600624928,
193353,2491,31,2141.0,22.0,350.0,9.0,1.244480128462465,1.027557216254087,2.571428571428571
193380,121,0,121.0,0.0,,,0.0,0.0,
193399,3774,97,2725.0,86.0,1049.0,11.0,2.570217276099629,3.1559633027522938,1.0486177311725453
193405,1261,232,,,1261.0,232.0,18.398096748612215,,18.398096748612215
193478,12301,88,12301.0,88.0,,,0.7153889927648159,0.7153889927648159,
193584,2401,26,1882.0,22.0,519.0,4.0,1.0828821324448146,1.1689691817215728,0.7707129094412332
193609,67,15,67.0,15.0,,,22.388059701492537,22.388059701492537,
193654,9068,3457,6591.0,2253.0,2477.0,1204.0,38.123070136744595,34.18297678652708,48.60718611223254
193751,564,104,71.0,0.0,493.0,104.0,18.439716312056735,0.0,21.095334685598377
193821,1062,34,,,1062.0,34.0,3.2015065913371,,3.2015065913371
193830,1471,92,,,1471.0,92.0,6.254248810333108,,6.254248810333108
193858,277,0,277.0,0.0,,,0.0,0.0,
193900,56832,19202,29060.0,7611.0,27772.0,11591.0,33.787302927927925,26.190640055058502,41.73628114647847
193946,4547,26,4547.0,26.0,,,0.5718055861007257,0.5718055861007257,
193973,4033,1205,2692.0,695.0,1341.0,510.0,29.878502355566578,25.81723625557207,38.03131991051455
193991,49,0,49.0,0.0,,,0.0,0.0,
194028,1658,6,1658.0,6.0,,,0.3618817852834741,0.3618817852834741,
194073,339,10,,,339.0,10.0,2.949852507374631,,2.949852507374631
194091,6877,932,3646.0,290.0,3231.0,642.0,13.552421113857788,7.953922106417992,19.87000928505107
194116,573,83,440.0,43.0,133.0,40.0,14.485165794066319,9.772727272727273,30.075187969924812
194189,100,3,100.0,3.0,,,3.0,3.0,
194222,8537,32,8537.0,32.0,,,0.374838936394518,0.374838936394518,
194240,5704,1,5704.0,1.0,,,0.01753155680224404,0.01753155680224404,
194259,31,0,31.0,0.0,,,0.0,0.0,
194310,13634,2771,8038.0,691.0,5596.0,2080.0,20.32418952618454,8.596665837272953,37.16940671908506
194392,948,5,926.0,5.0,22.0,0.0,0.5274261603375527,0.5399568034557235,0.0
194435,78,0,78.0,0.0,,,0.0,0.0,
194499,1002,0,989.0,0.0,13.0,0.0,0.0,0.0,0.0
194569,156,0,156.0,0.0,,,0.0,0.0,
194578,5356,1734,3967.0,1067.0,1389.0,667.0,32.374906646751306,26.89689942021679,48.02015838732901
194657,264,2,141.0,0.0,123.0,2.0,0.7575757575757576,0.0,1.6260162601626018
194666,548,0,473.0,0.0,75.0,0.0,0.0,0.0,0.0
194693,53,3,53.0,3.0,,,5.660377358490567,5.660377358490567,
194718,96,0,96.0,0.0,,,0.0,0.0,
194736,159,1,159.0,1.0,,,0.628930817610063,0.628930817610063,
194763,611,0,397.0,0.0,214.0,0.0,0.0,0.0,0.0
194824,7040,937,5741.0,419.0,1299.0,518.0,13.30965909090909,7.298380073157987,39.87682832948422
194958,1960,55,1393.0,47.0,567.0,8.0,2.806122448979592,3.374012921751615,1.4109347442680775
195003,17098,1869,14267.0,517.0,2831.0,1352.0,10.931103052988654,3.6237471087124136,47.75697633345108
195030,11946,3593,6580.0,1454.0,5366.0,2139.0,30.077013226184494,22.09726443768997,39.86209467014536
195049,281,111,,,281.0,111.0,39.50177935943061,,39.50177935943061
195058,5364,208,5364.0,208.0,,,3.877703206562267,3.877703206562267,
195067,388,0,388.0,0.0,,,0.0,0.0,
195128,2790,14,1247.0,8.0,1543.0,6.0,0.5017921146953405,0.6415396952686447,0.38885288399222295
195155,144,4,,,144.0,4.0,2.7777777777777777,,2.7777777777777777
195164,2752,118,2042.0,105.0,710.0,13.0,4.287790697674419,5.14201762977473,1.8309859154929577
195173,4567,3011,1719.0,215.0,2848.0,2796.0,65.92949419750383,12.507271669575335,98.17415730337079
195191,313,0,313.0,0.0,,,0.0,0.0,
195216,1991,215,1949.0,210.0,42.0,5.0,10.798593671521848,10.7747562852745,11.904761904761903
195243,2037,105,1889.0,97.0,148.0,8.0,5.154639175257731,5.13499205929063,5.405405405405405
195289,129,1,129.0,1.0,,,0.7751937984496124,0.7751937984496124,
195304,1798,113,1582.0,83.0,216.0,30.0,6.284760845383759,5.246523388116309,13.88888888888889
195322,3490,0,3490.0,0.0,,,0.0,0.0,
195438,156,5,156.0,5.0,,,3.205128205128205,3.205128205128205,
195474,3720,122,3467.0,113.0,253.0,9.0,3.2795698924731185,3.2593019901932507,3.557312252964427
195526,2704,199,2704.0,199.0,,,7.359467455621302,7.359467455621302,
195544,3899,115,3173.0,113.0,726.0,2.0,2.949474224160041,3.561298455720139,0.27548209366391185
195580,90,12,,,90.0,12.0,13.333333333333334,,13.333333333333334
195702,153,2,153.0,2.0,,,1.3071895424836601,1.3071895424836601,
195720,3693,7,2571.0,6.0,1122.0,1.0,0.18954779312212292,0.2333722287047841,0.08912655971479501
195784,656,0,656.0,0.0,,,0.0,0.0,
195809,19389,650,15640.0,335.0,3749.0,315.0,3.352416318531126,2.1419437340153453,8.402240597492664
195988,1527,24,1527.0,24.0,,,1.5717092337917484,1.5717092337917484,
196006,3781,10,3781.0,10.0,,,0.26448029621793173,0.26448029621793173,
196015,3459,55,3459.0,55.0,,,1.5900549291702804,1.5900549291702804,
196024,3056,5,2881.0,5.0,175.0,0.0,0.16361256544502617,0.17355085039916696,0.0
196033,1988,19,1988.0,19.0,,,0.9557344064386318,0.9557344064386318,
196042,10039,289,10007.0,287.0,32.0,2.0,2.878772786134077,2.8679924053162784,6.25
196051,2186,57,2167.0,57.0,19.0,0.0,2.607502287282708,2.6303645592985694,0.0
196060,17560,1812,12666.0,458.0,4894.0,1354.0,10.318906605922551,3.6159797884099163,27.6665304454434
196079,18816,2048,14669.0,591.0,4147.0,1457.0,10.884353741496598,4.028904492467107,35.13383168555582
196088,31903,6324,20359.0,2384.0,11544.0,3940.0,19.822587217503056,11.709808929711675,34.130284130284124
196097,26689,3864,18263.0,1857.0,8426.0,2007.0,14.477874779871858,10.168099436018178,23.819131260384523
196103,2757,154,2381.0,40.0,376.0,114.0,5.585781646717447,1.6799664006719865,30.319148936170215
196112,2733,162,1973.0,27.0,760.0,135.0,5.92755214050494,1.3684744044602128,17.763157894736842
196121,7482,122,5816.0,109.0,1666.0,13.0,1.6305800588078054,1.87414030261348,0.78031212484994
196130,6188,62,5255.0,49.0,933.0,13.0,1.0019392372333549,0.9324452901998096,1.3933547695605575
196149,6938,62,5911.0,57.0,1027.0,5.0,0.8936292879792448,0.96430384029775,0.4868549172346641
196158,3179,63,2771.0,50.0,408.0,13.0,1.9817552689525009,1.804402742692169,3.1862745098039214
196167,3945,45,3881.0,43.0,64.0,2.0,1.1406844106463878,1.107961865498583,3.125
196176,7898,117,6862.0,63.0,1036.0,54.0,1.4813876930868575,0.9180996793937628,5.212355212355212
196185,5337,11,4681.0,9.0,656.0,2.0,0.20610830054337642,0.19226660969878231,0.3048780487804878
196194,6715,199,5517.0,149.0,1198.0,50.0,2.9635145197319432,2.7007431575131413,4.173622704507513
196200,2832,239,2111.0,23.0,721.0,216.0,8.439265536723164,1.0895310279488395,29.958391123439664
196219,3333,73,3257.0,65.0,76.0,8.0,2.19021902190219,1.9957015658581518,10.526315789473683
196228,400,38,,,400.0,38.0,9.5,,9.5
196237,4709,145,4260.0,137.0,449.0,8.0,3.0792100233595243,3.2159624413145544,1.7817371937639197
196246,4540,155,3825.0,148.0,715.0,7.0,3.4140969162995596,3.869281045751634,0.9790209790209791
196255,2220,35,293.0,2.0,1927.0,33.0,1.5765765765765765,0.6825938566552902,1.7125064867669952
196264,10469,62,8395.0,53.0,2074.0,9.0,0.5922246632916229,0.631328171530673,0.43394406943105107
196291,1413,37,1285.0,26.0,128.0,11.0,2.6185421089879686,2.0233463035019454,8.59375
196307,1341,81,166.0,2.0,1175.0,79.0,6.0402684563758395,1.2048192771084338,6.723404255319148
196389,1233,0,1233.0,0.0,,,0.0,0.0,
196413,22589,3403,15957.0,1438.0,6632.0,1965.0,15.064854575235733,9.011718994798521,29.629071170084437
196431,400,38,400.0,38.0,,,9.5,9.5,
196440,17,5,13.0,5.0,4.0,0.0,29.411764705882355,38.46153846153847,0.0
196468,4401,1507,,,4401.0,1507.0,34.242217677800504,,34.242217677800504
196565,4958,74,4958.0,74.0,,,1.4925373134328357,1.4925373134328357,
196583,82,12,82.0,12.0,,,14.634146341463413,14.634146341463413,
196592,11937,350,4872.0,128.0,7065.0,222.0,2.9320599815699087,2.6272577996715927,3.142250530785563
196653,1069,1,1069.0,1.0,,,0.09354536950420954,0.09354536950420954,
196680,12941,91,11550.0,89.0,1391.0,2.0,0.7031914071555522,0.7705627705627706,0.14378145219266716
196699,3091,48,3091.0,48.0,,,1.552895503073439,1.552895503073439,
196866,2065,218,2065.0,218.0,,,10.556900726392252,10.556900726392252,
196884,234,24,,,234.0,24.0,10.256410256410255,,10.256410256410255
197018,2241,56,2241.0,56.0,,,2.49888442659527,2.49888442659527,
197027,976,1,962.0,1.0,14.0,0.0,0.10245901639344263,0.10395010395010396,0.0
197036,4473,60,4473.0,60.0,,,1.341381623071764,1.341381623071764,
197045,3627,76,2329.0,11.0,1298.0,65.0,2.0953956437827403,0.47230571060541005,5.007704160246533
197133,2462,150,2462.0,150.0,,,6.092607636068237,6.092607636068237,
197142,611,18,611.0,18.0,,,2.9459901800327333,2.9459901800327333,
197151,3812,1925,3255.0,1591.0,557.0,334.0,50.498426023084996,48.87864823348694,59.964093357271096
197197,2001,150,1666.0,137.0,335.0,13.0,7.496251874062969,8.22328931572629,3.880597014925373
197221,106,0,106.0,0.0,,,0.0,0.0,
197285,759,0,759.0,0.0,,,0.0,0.0,
197294,9359,160,9359.0,160.0,,,1.7095843573031306,1.7095843573031306,
197337,59,6,59.0,6.0,,,10.16949152542373,10.16949152542373,
197531,489,46,489.0,46.0,,,9.406952965235174,9.406952965235174,
197601,164,0,139.0,0.0,25.0,0.0,0.0,0.0,0.0
197647,147,16,115.0,12.0,32.0,4.0,10.884353741496598,10.434782608695652,12.5
197674,264,0,243.0,0.0,21.0,0.0,0.0,0.0,0.0
197692,87,0,76.0,0.0,11.0,0.0,0.0,0.0,0.0
197708,6965,1037,2930.0,196.0,4035.0,841.0,14.88872936109117,6.689419795221843,20.842627013630732
197735,1389,32,1159.0,32.0,230.0,0.0,2.3038156947444204,2.76100086281277,0.0
197744,243,12,201.0,12.0,42.0,0.0,4.938271604938271,5.970149253731343,0.0
197814,2905,116,2905.0,116.0,,,3.993115318416524,3.993115318416524,
197850,4013,19,4013.0,19.0,,,0.473461250934463,0.473461250934463,
197869,21570,161,19560.0,131.0,2010.0,30.0,0.746407046824293,0.6697341513292434,1.4925373134328357
197887,6510,24,6510.0,24.0,,,0.3686635944700461,0.3686635944700461,
197911,1235,55,1149.0,53.0,86.0,2.0,4.4534412955465585,4.6127067014795475,2.3255813953488373
197966,1856,4,1856.0,4.0,,,0.21551724137931033,0.21551724137931033,
197984,1388,73,1298.0,73.0,90.0,0.0,5.259365994236311,5.624036979969183,0.0
197993,180,8,180.0,8.0,,,4.444444444444445,4.444444444444445,
198011,1173,1,1173.0,1.0,,,0.08525149190110827,0.08525149190110827,
198039,2723,24,2723.0,24.0,,,0.8813808299669483,0.8813808299669483,
198066,875,59,821.0,53.0,54.0,6.0,6.742857142857144,6.455542021924482,11.11111111111111
198084,2009,0,2009.0,0.0,,,0.0,0.0,
198109,924,0,816.0,0.0,108.0,0.0,0.0,0.0,0.0
198118,3914,18,3914.0,18.0,,,0.45988758303525806,0.45988758303525806,
198136,4963,80,2699.0,56.0,2264.0,24.0,1.6119282691920211,2.0748425342719528,1.0600706713780919
198154,14082,38,14082.0,38.0,,,0.2698480329498651,0.2698480329498651,
198206,1614,4,1614.0,4.0,,,0.24783147459727387,0.24783147459727387,
198215,1376,99,1262.0,86.0,114.0,13.0,7.194767441860465,6.814580031695722,11.403508771929824
198233,4904,37,4904.0,37.0,,,0.7544861337683524,0.7544861337683524,
198251,5882,0,5882.0,0.0,,,0.0,0.0,
198260,20375,1121,20375.0,1121.0,,,5.501840490797546,5.501840490797546,
198303,675,57,603.0,54.0,72.0,3.0,8.444444444444445,8.955223880597014,4.166666666666666
198321,1558,10,1558.0,10.0,,,0.6418485237483954,0.6418485237483954,
198330,3659,35,3659.0,35.0,,,0.95654550423613,0.95654550423613,
198367,3103,29,3103.0,29.0,,,0.9345794392523363,0.9345794392523363,
198376,4305,44,4305.0,44.0,,,1.0220673635307782,1.0220673635307782,
198385,1869,201,1869.0,201.0,,,10.754414125200643,10.754414125200643,
198419,17499,4516,6523.0,693.0,10976.0,3823.0,25.807188982227558,10.623946037099493,34.83053935860058
198455,5157,355,5157.0,355.0,,,6.883847197983324,6.883847197983324,
198464,26940,299,21445.0,185.0,5495.0,114.0,1.1098737936154417,0.862671951503847,2.074613284804368
198491,1397,6,1397.0,6.0,,,0.4294917680744453,0.4294917680744453,
198507,2258,24,2154.0,23.0,104.0,1.0,1.0628875110717448,1.0677808727948004,0.9615384615384616
198516,7239,134,6452.0,119.0,787.0,15.0,1.851084403923194,1.8443893366398016,1.9059720457433291
198534,11755,103,11755.0,103.0,,,0.8762228838792003,0.8762228838792003,
198543,7107,97,6074.0,79.0,1033.0,18.0,1.3648515548051217,1.300625617385578,1.7424975798644726
198552,9099,100,9099.0,100.0,,,1.0990218705352237,1.0990218705352237,
198561,3104,2,1861.0,2.0,1243.0,0.0,0.06443298969072164,0.10746910263299302,0.0
198570,6443,33,6443.0,33.0,,,0.5121837653267112,0.5121837653267112,
198598,967,20,899.0,15.0,68.0,5.0,2.0682523267838677,1.668520578420467,7.352941176470589
198613,1180,22,1132.0,18.0,48.0,4.0,1.864406779661017,1.5901060070671376,8.333333333333332
198622,11485,158,11485.0,158.0,,,1.3757074444928166,1.3757074444928166,
198640,1061,2,1061.0,2.0,,,0.1885014137606032,0.1885014137606032,
198668,1395,1,1395.0,1.0,,,0.07168458781362007,0.07168458781362007,
198677,26,0,22.0,0.0,4.0,0.0,0.0,0.0,0.0
198695,6331,34,5135.0,21.0,1196.0,13.0,0.5370399620912968,0.4089581304771178,1.0869565217391304
198710,1918,6,1918.0,6.0,,,0.31282586027111575,0.31282586027111575,
198729,1519,19,1519.0,19.0,,,1.2508229098090848,1.2508229098090848,
198756,1302,29,1252.0,29.0,50.0,0.0,2.227342549923195,2.31629392971246,0.0
198774,5371,7,5371.0,7.0,,,0.13032954757028486,0.13032954757028486,
198808,910,43,873.0,43.0,37.0,0.0,4.725274725274725,4.925544100801833,0.0
198817,2591,0,2591.0,0.0,,,0.0,0.0,
198835,2256,137,1472.0,109.0,784.0,28.0,6.072695035460993,7.404891304347825,3.571428571428571
198844,102,1,102.0,1.0,,,0.9803921568627451,0.9803921568627451,
198862,936,48,924.0,48.0,12.0,0.0,5.128205128205128,5.194805194805195,0.0
198871,402,0,402.0,0.0,,,0.0,0.0,
198899,1110,60,1061.0,59.0,49.0,1.0,5.405405405405405,5.5607917059377945,2.0408163265306123
198905,891,1,891.0,1.0,,,0.11223344556677892,0.11223344556677892,
198914,850,0,850.0,0.0,,,0.0,0.0,
198923,1249,0,1249.0,0.0,,,0.0,0.0,
198950,1465,43,1206.0,31.0,259.0,12.0,2.9351535836177476,2.570480928689884,4.633204633204633
198969,1822,100,1467.0,100.0,355.0,0.0,5.488474204171241,6.81663258350375,0.0
198978,46,0,46.0,0.0,,,0.0,0.0,
198987,3979,0,3979.0,0.0,,,0.0,0.0,
199023,1184,5,1184.0,5.0,,,0.4222972972972973,0.4222972972972973,
199032,962,45,781.0,44.0,181.0,1.0,4.677754677754678,5.633802816901409,0.5524861878453038
199069,2109,108,1944.0,104.0,165.0,4.0,5.120910384068279,5.349794238683128,2.4242424242424243
199078,132,0,132.0,0.0,,,0.0,0.0,
199087,2780,13,2780.0,13.0,,,0.4676258992805755,0.4676258992805755,
199102,14311,444,12497.0,59.0,1814.0,385.0,3.102508559849067,0.4721133071937265,21.223814773980155
199111,3056,65,3032.0,64.0,24.0,1.0,2.1269633507853403,2.1108179419525066,4.166666666666666
199120,32438,2595,20885.0,1169.0,11553.0,1426.0,7.999876687835256,5.597318649748623,12.343114342594996
199139,31091,2253,24868.0,604.0,6223.0,1649.0,7.246470039561288,2.428824191732347,26.498473405110072
199148,18012,580,14416.0,231.0,3596.0,349.0,3.2200755052187433,1.6023862375138735,9.705228031145717
199157,8579,62,6595.0,25.0,1984.0,37.0,0.7226949527917007,0.37907505686125853,1.8649193548387097
199184,1111,59,946.0,36.0,165.0,23.0,5.3105310531053105,3.8054968287526427,13.939393939393941
199193,38464,3733,28422.0,722.0,10042.0,3011.0,9.705178868552412,2.540285694180564,29.98406691894045
199209,1419,172,1262.0,172.0,157.0,0.0,12.121212121212121,13.629160063391444,0.0
199218,18848,356,15254.0,261.0,3594.0,95.0,1.8887945670628186,1.7110266159695817,2.6432943795214245
199263,263,0,263.0,0.0,,,0.0,0.0,
199272,722,7,722.0,7.0,,,0.9695290858725761,0.9695290858725761,
199281,7674,241,5437.0,230.0,2237.0,11.0,3.1404743289027883,4.230274048188339,0.49172999552972735
199306,889,30,696.0,22.0,193.0,8.0,3.374578177727784,3.1609195402298855,4.145077720207254
199324,896,3,896.0,3.0,,,0.33482142857142855,0.33482142857142855,
199333,7684,46,7684.0,46.0,,,0.5986465382613222,0.5986465382613222,
199412,1599,182,1225.0,156.0,374.0,26.0,11.38211382113821,12.73469387755102,6.951871657754011
199421,2814,9,2814.0,9.0,,,0.31982942430703626,0.31982942430703626,
199449,2384,3,2384.0,3.0,,,0.12583892617449663,0.12583892617449663,
199458,140,8,140.0,8.0,,,5.714285714285714,5.714285714285714,
199467,668,2,668.0,2.0,,,0.29940119760479045,0.29940119760479045,
199476,2238,0,2238.0,0.0,,,0.0,0.0,
199485,1803,10,1803.0,10.0,,,0.5546311702717693,0.5546311702717693,
199494,7028,109,7028.0,109.0,,,1.5509391007398976,1.5509391007398976,
199582,175,0,173.0,0.0,2.0,0.0,0.0,0.0,0.0
199607,549,16,464.0,16.0,85.0,0.0,2.914389799635701,3.4482758620689653,0.0
199625,1526,15,1526.0,15.0,,,0.9829619921363041,0.9829619921363041,
199634,4115,10,4115.0,10.0,,,0.24301336573511542,0.24301336573511542,
199643,964,80,877.0,79.0,87.0,1.0,8.29875518672199,9.007981755986318,1.1494252873563218
199689,149,0,149.0,0.0,,,0.0,0.0,
199698,676,29,628.0,24.0,48.0,5.0,4.289940828402367,3.821656050955414,10.416666666666668
199722,1426,0,1426.0,0.0,,,0.0,0.0,
199731,2157,8,2157.0,8.0,,,0.3708854891052387,0.3708854891052387,
199740,2468,24,2468.0,24.0,,,0.9724473257698543,0.9724473257698543,
199759,3220,4,957.0,1.0,2263.0,3.0,0.12422360248447205,0.10449320794148381,0.13256738842244808
199768,2796,0,2796.0,0.0,,,0.0,0.0,
199786,4827,111,4827.0,111.0,,,2.2995649471721564,2.2995649471721564,
199795,1023,2,1023.0,2.0,,,0.19550342130987292,0.19550342130987292,
199838,2936,10,2936.0,10.0,,,0.3405994550408719,0.3405994550408719,
199847,9322,569,5490.0,317.0,3832.0,252.0,6.103840377601373,5.774134790528233,6.576200417536534
199856,24609,604,24609.0,604.0,,,2.4543866065260675,2.4543866065260675,
199865,791,27,740.0,27.0,51.0,0.0,3.4134007585335016,3.6486486486486487,0.0
199883,124,0,124.0,0.0,,,0.0,0.0,
199892,3626,18,3626.0,18.0,,,0.4964147821290678,0.4964147821290678,
199908,1813,4,1813.0,4.0,,,0.2206287920573635,0.2206287920573635,
199926,2593,2,2593.0,2.0,,,0.07713073659853452,0.07713073659853452,
199953,1832,2,1832.0,2.0,,,0.10917030567685589,0.10917030567685589,
199962,3458,293,2673.0,281.0,785.0,12.0,8.473105841526895,10.512532734754956,1.5286624203821657
199971,71,0,52.0,0.0,19.0,0.0,0.0,0.0,0.0
199980,29,0,29.0,0.0,,,0.0,0.0,
199999,4782,46,4192.0,31.0,590.0,15.0,0.9619406106231703,0.7395038167938931,2.5423728813559325
200004,11686,239,10112.0,201.0,1574.0,38.0,2.045182269382167,1.9877373417721518,2.41423125794155
200013,52,0,52.0,0.0,,,0.0,0.0,
200022,4206,42,4206.0,42.0,,,0.9985734664764622,0.9985734664764622,
200059,1410,25,1339.0,23.0,71.0,2.0,1.773049645390071,1.7176997759522032,2.8169014084507045
200086,233,0,233.0,0.0,,,0.0,0.0,
200110,61,0,61.0,0.0,,,0.0,0.0,
200156,1376,72,1049.0,64.0,327.0,8.0,5.232558139534884,6.1010486177311725,2.4464831804281344
200192,1897,57,1897.0,57.0,,,3.004744333157617,3.004744333157617,
200208,239,0,239.0,0.0,,,0.0,0.0,
200217,3861,118,2821.0,80.0,1040.0,38.0,3.056203056203056,2.835873803615739,3.653846153846154
200226,1134,19,1067.0,19.0,67.0,0.0,1.6754850088183422,1.7806935332708531,0.0
200253,2751,291,2499.0,235.0,252.0,56.0,10.577971646673937,9.40376150460184,22.22222222222222
200280,15019,915,11033.0,429.0,3986.0,486.0,6.09228310806312,3.8883349950149553,12.192674360260913
200305,3367,19,3367.0,19.0,,,0.5643005643005643,0.5643005643005643,
200314,1204,65,1204.0,65.0,,,5.398671096345515,5.398671096345515,
200332,11952,823,9762.0,99.0,2190.0,724.0,6.885876840696118,1.014136447449293,33.0593607305936
200341,934,75,934.0,75.0,,,8.029978586723768,8.029978586723768,
200466,309,0,280.0,0.0,29.0,0.0,0.0,0.0,0.0
200484,275,4,160.0,1.0,115.0,3.0,1.4545454545454546,0.625,2.608695652173913
200527,872,0,840.0,0.0,32.0,0.0,0.0,0.0,0.0
200554,576,1,576.0,1.0,,,0.1736111111111111,0.1736111111111111,
200572,1806,36,1651.0,32.0,155.0,4.0,1.9933554817275747,1.9382192610539066,2.5806451612903225
200590,179,0,179.0,0.0,,,0.0,0.0,
200697,1070,17,,,1070.0,17.0,1.588785046728972,,1.588785046728972
200785,393,0,393.0,0.0,,,0.0,0.0,
200800,13332,547,11160.0,236.0,2172.0,311.0,4.102910291029103,2.1146953405017923,14.318600368324125
200846,1411,1,1411.0,1.0,,,0.07087172218284904,0.07087172218284904,
200873,60,0,60.0,0.0,,,0.0,0.0,
201034,646,15,646.0,15.0,,,2.321981424148607,2.321981424148607,
201061,213,3,206.0,3.0,7.0,0.0,1.4084507042253522,1.4563106796116505,0.0
201098,41,0,41.0,0.0,,,0.0,0.0,
201104,4106,177,2977.0,61.0,1129.0,116.0,4.310764734534827,2.0490426603963723,10.274579273693533
201131,103,0,103.0,0.0,,,0.0,0.0,
201140,156,2,43.0,0.0,113.0,2.0,1.282051282051282,0.0,1.7699115044247788
201159,292,0,292.0,0.0,,,0.0,0.0,
201177,286,0,286.0,0.0,,,0.0,0.0,
201195,3305,26,2862.0,16.0,443.0,10.0,0.7866868381240545,0.5590496156533892,2.2573363431151243
201283,2020,2,2020.0,2.0,,,0.09900990099009901,0.09900990099009901,
201371,646,10,583.0,8.0,63.0,2.0,1.5479876160990713,1.3722126929674099,3.1746031746031744
201432,2097,4,2097.0,4.0,,,0.19074868860276584,0.19074868860276584,
201441,17594,892,14783.0,450.0,2811.0,442.0,5.069910196657951,3.044037069606981,15.723941657773036
201469,624,0,624.0,0.0,,,0.0,0.0,
201478,122,0,122.0,0.0,,,0.0,0.0,
201496,596,0,596.0,0.0,,,0.0,0.0,
201539,88,2,88.0,2.0,,,2.272727272727273,2.272727272727273,
201548,2263,33,1609.0,21.0,654.0,12.0,1.458241272646929,1.305158483530143,1.834862385321101
201645,12475,2040,6528.0,749.0,5947.0,1291.0,16.352705410821645,11.473651960784313,21.708424415671768
201654,6318,144,5790.0,134.0,528.0,10.0,2.2792022792022792,2.31433506044905,1.893939393939394
201672,3182,1,3182.0,1.0,,,0.03142677561282212,0.03142677561282212,
201681,97,0,97.0,0.0,,,0.0,0.0,
201690,2708,253,2665.0,253.0,43.0,0.0,9.342688330871491,9.49343339587242,0.0
201803,50,0,50.0,0.0,,,0.0,0.0,
201821,717,0,717.0,0.0,,,0.0,0.0,
201867,107,0,107.0,0.0,,,0.0,0.0,
201885,45026,4544,33033.0,1646.0,11993.0,2898.0,10.09194687513881,4.982895891986801,24.164095722504793
201928,9683,143,9683.0,143.0,,,1.4768150366621915,1.4768150366621915,
201946,9479,188,9479.0,188.0,,,1.9833315750606606,1.9833315750606606,
201955,7787,127,7787.0,127.0,,,1.630923333761397,1.630923333761397,
201964,1431,3,1288.0,3.0,143.0,0.0,0.20964360587002098,0.2329192546583851,0.0
201973,5077,25,5077.0,25.0,,,0.4924167815639157,0.4924167815639157,
202046,545,5,545.0,5.0,,,0.9174311926605505,0.9174311926605505,
202073,293,101,159.0,38.0,134.0,63.0,34.470989761092156,23.89937106918239,47.01492537313433
202134,14074,1899,9482.0,597.0,4592.0,1302.0,13.492965752451328,6.296140054840752,28.353658536585364
202152,144,0,144.0,0.0,,,0.0,0.0,
202170,916,4,884.0,4.0,32.0,0.0,0.43668122270742354,0.4524886877828055,0.0
202222,28081,665,28081.0,665.0,,,2.3681492824329617,2.3681492824329617,
202356,17840,639,17840.0,639.0,,,3.5818385650224216,3.5818385650224216,
202435,273,214,273.0,214.0,,,78.3882783882784,78.3882783882784,
202453,74,0,74.0,0.0,,,0.0,0.0,
202480,10506,1171,7740.0,226.0,2766.0,945.0,11.146011802779364,2.9198966408268734,34.164859002169194
202514,568,7,529.0,7.0,39.0,0.0,1.232394366197183,1.3232514177693762,0.0
202523,2394,421,2394.0,421.0,,,17.585630743525478,17.585630743525478,
202648,4624,1,4624.0,1.0,,,0.021626297577854673,0.021626297577854673,
202657,398,0,398.0,0.0,,,0.0,0.0,
202763,5016,375,4062.0,79.0,954.0,296.0,7.476076555023924,1.9448547513540126,31.027253668763105
202806,9457,226,6188.0,7.0,3269.0,219.0,2.389764195833774,0.11312217194570137,6.6992964209238295
202888,39,0,39.0,0.0,,,0.0,0.0,
202903,431,34,409.0,33.0,22.0,1.0,7.888631090487238,8.06845965770171,4.545454545454546
202912,690,0,690.0,0.0,,,0.0,0.0,
202949,142,0,142.0,0.0,,,0.0,0.0,
202985,48,0,48.0,0.0,,,0.0,0.0,
203030,67,0,67.0,0.0,,,0.0,0.0,
203067,240,1,,,240.0,1.0,0.4166666666666667,,0.4166666666666667
203085,1091,0,969.0,0.0,122.0,0.0,0.0,0.0,0.0
203128,1061,16,1026.0,16.0,35.0,0.0,1.5080113100848256,1.5594541910331383,0.0
203146,356,0,356.0,0.0,,,0.0,0.0,
203155,1486,34,1486.0,34.0,,,2.2880215343203227,2.2880215343203227,
203234,129,0,129.0,0.0,,,0.0,0.0,
203368,2864,143,2339.0,131.0,525.0,12.0,4.993016759776536,5.600684053014109,2.2857142857142856
203386,3857,0,3857.0,0.0,,,0.0,0.0,
203438,102,0,102.0,0.0,,,0.0,0.0,
203447,1739,8,1739.0,8.0,,,0.46003450258769407,0.46003450258769407,
203456,1196,10,1196.0,10.0,,,0.8361204013377926,0.8361204013377926,
203465,3569,19,3526.0,17.0,43.0,2.0,0.5323620061641917,0.4821327283040272,4.651162790697675
203474,2148,5,2148.0,5.0,,,0.23277467411545624,0.23277467411545624,
203483,2099,8,2099.0,8.0,,,0.38113387327298714,0.38113387327298714,
203492,1633,6,1633.0,6.0,,,0.3674219228413962,0.3674219228413962,
203517,26374,2169,20841.0,825.0,5533.0,1344.0,8.224008493213013,3.9585432560817617,24.29061991686246
203526,2204,21,2204.0,21.0,,,0.9528130671506352,0.9528130671506352,
203535,2249,214,2249.0,214.0,,,9.515340151178302,9.515340151178302,
203544,757,68,575.0,68.0,182.0,0.0,8.982826948480845,11.826086956521738,0.0
203580,1108,37,941.0,26.0,167.0,11.0,3.3393501805054155,2.763018065887354,6.58682634730539
203599,4358,11,4358.0,11.0,,,0.25240936209270304,0.25240936209270304,
203614,454,0,454.0,0.0,,,0.0,0.0,
203678,4124,0,4124.0,0.0,,,0.0,0.0,
203720,224,0,224.0,0.0,,,0.0,0.0,
203739,22,0,22.0,0.0,,,0.0,0.0,
203748,9350,34,9350.0,34.0,,,0.36363636363636365,0.36363636363636365,
203757,964,41,759.0,38.0,205.0,3.0,4.253112033195021,5.006587615283268,1.4634146341463417
203775,1256,20,992.0,20.0,264.0,0.0,1.5923566878980893,2.0161290322580645,0.0
203845,1109,26,1023.0,26.0,86.0,0.0,2.3444544634806133,2.541544477028348,0.0
203881,3346,0,3346.0,0.0,,,0.0,0.0,
203942,43,0,43.0,0.0,,,0.0,0.0,
203960,1096,0,984.0,0.0,112.0,0.0,0.0,0.0,0.0
203997,186,11,,,186.0,11.0,5.913978494623656,,5.913978494623656
204006,2480,92,2438.0,92.0,42.0,0.0,3.7096774193548385,3.7735849056603774,0.0
204015,1190,43,1190.0,43.0,,,3.613445378151261,3.613445378151261,
204024,18838,716,16816.0,422.0,2022.0,294.0,3.800828113387833,2.509514747859182,14.540059347181009
204121,73,0,73.0,0.0,,,0.0,0.0,
204158,46,0,46.0,0.0,,,0.0,0.0,
204176,670,0,534.0,0.0,136.0,0.0,0.0,0.0,0.0
204185,2461,30,2207.0,30.0,254.0,0.0,1.219016659894352,1.359311282283643,0.0
204194,1671,4,1359.0,4.0,312.0,0.0,0.23937761819269898,0.29433406916850624,0.0
204200,2265,0,1545.0,0.0,720.0,0.0,0.0,0.0,0.0
204255,1769,0,1769.0,0.0,,,0.0,0.0,
204264,1751,20,1523.0,20.0,228.0,0.0,1.1422044545973729,1.3131976362442548,0.0
204334,172,0,172.0,0.0,,,0.0,0.0,
204422,2553,7,2553.0,7.0,,,0.27418723070896983,0.27418723070896983,
204431,57,0,57.0,0.0,,,0.0,0.0,
204440,4082,0,4082.0,0.0,,,0.0,0.0,
204459,33,0,33.0,0.0,,,0.0,0.0,
204477,1029,2,,,1029.0,2.0,0.1943634596695821,,0.1943634596695821
204486,2525,117,2495.0,117.0,30.0,0.0,4.633663366336633,4.68937875751503,0.0
204501,2909,286,2896.0,278.0,13.0,8.0,9.83155723616363,9.599447513812155,61.53846153846154
204608,683,0,683.0,0.0,,,0.0,0.0,
204617,1209,78,843.0,41.0,366.0,37.0,6.451612903225806,4.863582443653618,10.10928961748634
204635,3140,56,2706.0,47.0,434.0,9.0,1.78343949044586,1.736881005173688,2.0737327188940093
204662,493,1,493.0,1.0,,,0.2028397565922921,0.2028397565922921,
204671,723,2,720.0,2.0,3.0,0.0,0.2766251728907331,0.2777777777777778,0.0
204680,849,1,849.0,1.0,,,0.11778563015312131,0.11778563015312131,
204699,849,6,849.0,6.0,,,0.7067137809187279,0.7067137809187279,
204705,2544,6,2543.0,6.0,1.0,0.0,0.2358490566037736,0.23594180102241447,0.0
204714,91,0,91.0,0.0,,,0.0,0.0,
204723,406,0,406.0,0.0,,,0.0,0.0,
204769,111,0,111.0,0.0,,,0.0,0.0,
204778,57,0,57.0,0.0,,,0.0,0.0,
204796,61443,6289,46815.0,3564.0,14628.0,2725.0,10.23550282375535,7.6129445690483815,18.628657369428495
204802,1235,1,1235.0,1.0,,,0.08097165991902834,0.08097165991902834,
204820,2170,11,2170.0,11.0,,,0.5069124423963134,0.5069124423963134,
204839,1716,3,1716.0,3.0,,,0.17482517482517482,0.17482517482517482,
204848,2127,11,2127.0,11.0,,,0.5171603196991067,0.5171603196991067,
204857,26323,1102,20444.0,220.0,5879.0,882.0,4.186452911902139,1.076110350225005,15.002551454328966
204866,2009,7,2009.0,7.0,,,0.34843205574912894,0.34843205574912894,
204884,118,0,118.0,0.0,,,0.0,0.0,
204893,26,0,26.0,0.0,,,0.0,0.0,
204909,1525,85,1525.0,85.0,,,5.573770491803279,5.573770491803279,
204936,2332,17,2211.0,16.0,121.0,1.0,0.7289879931389366,0.7236544549977386,0.8264462809917356
204945,7854,66,7854.0,66.0,,,0.8403361344537815,0.8403361344537815,
204963,51,0,51.0,0.0,,,0.0,0.0,
204981,131,0,131.0,0.0,,,0.0,0.0,
204990,124,2,,,124.0,2.0,1.6129032258064515,,1.6129032258064515
205027,88,0,60.0,0.0,28.0,0.0,0.0,0.0,0.0
205054,395,0,395.0,0.0,,,0.0,0.0,
205090,65,0,65.0,0.0,,,0.0,0.0,
205124,64,0,50.0,0.0,14.0,0.0,0.0,0.0,0.0
205142,172,0,172.0,0.0,,,0.0,0.0,
205179,547,0,547.0,0.0,,,0.0,0.0,
205203,2258,412,2037.0,217.0,221.0,195.0,18.24623560673162,10.652920962199312,88.23529411764706
205391,214,1,214.0,1.0,,,0.46728971962616817,0.46728971962616817,
205443,3231,64,2994.0,59.0,237.0,5.0,1.9808108944599194,1.9706078824315298,2.109704641350211
205470,19415,461,19415.0,461.0,,,2.3744527427246975,2.3744527427246975,
205841,10128,0,10128.0,0.0,,,0.0,0.0,
205887,586,0,586.0,0.0,,,0.0,0.0,
205957,3976,135,3219.0,53.0,757.0,82.0,3.3953722334004026,1.6464740602671637,10.83223249669749
205966,2227,0,2227.0,0.0,,,0.0,0.0,
206011,2214,0,2214.0,0.0,,,0.0,0.0,
206039,48,0,48.0,0.0,,,0.0,0.0,
206048,3831,179,2842.0,116.0,989.0,63.0,4.672409292612895,4.081632653061225,6.370070778564206
206084,14358,1402,11013.0,885.0,3345.0,517.0,9.764591168686447,8.035957504767094,15.455904334828102
206154,21,0,17.0,0.0,4.0,0.0,0.0,0.0,0.0
206172,7,0,7.0,0.0,,,0.0,0.0,
206181,151,0,151.0,0.0,,,0.0,0.0,
206288,510,26,,,510.0,26.0,5.098039215686274,,5.098039215686274
206321,131,0,131.0,0.0,,,0.0,0.0,
206349,970,36,677.0,22.0,293.0,14.0,3.711340206185567,3.2496307237813884,4.778156996587031
206437,2192,129,1523.0,127.0,669.0,2.0,5.885036496350365,8.338804990151019,0.29895366218236175
206446,2025,0,2025.0,0.0,,,0.0,0.0,
206491,838,3,822.0,3.0,16.0,0.0,0.35799522673031026,0.36496350364963503,0.0
206507,1040,20,1006.0,20.0,34.0,0.0,1.9230769230769231,1.9880715705765408,0.0
206516,122,1,,,122.0,1.0,0.819672131147541,,0.819672131147541
206525,1285,11,1227.0,11.0,58.0,0.0,0.8560311284046693,0.8964955175224123,0.0
206589,1738,246,1738.0,246.0,,,14.154200230149597,14.154200230149597,
206604,10603,1616,7505.0,405.0,3098.0,1211.0,15.240969536923513,5.396402398401066,39.08973531310523
206613,1356,3,1356.0,3.0,,,0.22123893805309736,0.22123893805309736,
206622,5501,96,4239.0,71.0,1262.0,25.0,1.7451372477731324,1.6749233309742866,1.9809825673534072
206695,12204,1362,9400.0,926.0,2804.0,436.0,11.160275319567354,9.851063829787234,15.549215406562054
206835,880,52,765.0,39.0,115.0,13.0,5.909090909090909,5.098039215686274,11.304347826086957
206862,2198,53,1456.0,37.0,742.0,16.0,2.4112829845313923,2.541208791208791,2.15633423180593
206905,369,0,369.0,0.0,,,0.0,0.0,
206914,3696,81,3307.0,66.0,389.0,15.0,2.1915584415584415,1.995766555790747,3.8560411311053984
206923,1851,2,1851.0,2.0,,,0.10804970286331712,0.10804970286331712,
206932,477,0,477.0,0.0,,,0.0,0.0,
206941,12554,830,10777.0,349.0,1777.0,481.0,6.611438585311455,3.238378027280319,27.068092290377038
206996,2376,59,2376.0,59.0,,,2.483164983164983,2.483164983164983,
207041,3377,238,2644.0,197.0,733.0,41.0,7.047675451584247,7.4508320726172474,5.5934515688949515
207050,1285,1,1285.0,1.0,,,0.07782101167315175,0.07782101167315175,
207069,2184,0,2184.0,0.0,,,0.0,0.0,
207087,39,0,39.0,0.0,,,0.0,0.0,
207102,86,0,86.0,0.0,,,0.0,0.0,
207157,298,19,288.0,19.0,10.0,0.0,6.375838926174497,6.597222222222222,0.0
207209,1937,100,1742.0,97.0,195.0,3.0,5.162622612287042,5.568312284730196,1.5384615384615385
207236,2949,68,2949.0,68.0,,,2.305866395388267,2.305866395388267,
207254,840,22,840.0,22.0,,,2.619047619047619,2.619047619047619,
207263,6751,211,5111.0,189.0,1640.0,22.0,3.125462894386017,3.697906476227744,1.3414634146341464
207281,3138,46,3138.0,46.0,,,1.4659018483110262,1.4659018483110262,
207290,1962,51,1962.0,51.0,,,2.599388379204893,2.599388379204893,
207306,2079,32,1787.0,28.0,292.0,4.0,1.5392015392015392,1.566871852266368,1.36986301369863
207315,2256,44,,,2256.0,44.0,1.950354609929078,,1.950354609929078
207324,2851,0,2098.0,0.0,753.0,0.0,0.0,0.0,0.0
207342,3680,149,1214.0,10.0,2466.0,139.0,4.048913043478261,0.8237232289950577,5.636658556366585
207351,1021,65,1021.0,65.0,,,6.366307541625857,6.366307541625857,
207388,27278,1512,22364.0,334.0,4914.0,1178.0,5.542928367182345,1.4934716508674655,23.972323972323974
207397,3959,47,3959.0,47.0,,,1.187168476888103,1.187168476888103,
207403,1569,15,1427.0,13.0,142.0,2.0,0.9560229445506693,0.9110021023125439,1.4084507042253522
207449,11475,217,11475.0,217.0,,,1.8910675381263615,1.8910675381263615,
207458,2966,304,1514.0,75.0,1452.0,229.0,10.249494268374916,4.953764861294584,15.771349862258955
207500,30851,1818,23329.0,715.0,7522.0,1103.0,5.892839778289197,3.0648549016245874,14.663653283701144
207564,2396,18,2396.0,18.0,,,0.7512520868113522,0.7512520868113522,
207582,5936,1099,5017.0,803.0,919.0,296.0,18.514150943396228,16.005581024516644,32.20892274211099
207661,3272,66,3135.0,62.0,137.0,4.0,2.0171149144254277,1.977671451355662,2.9197080291970803
207670,7758,1,7758.0,1.0,,,0.012889920082495489,0.012889920082495489,
207704,95,0,95.0,0.0,,,0.0,0.0,
207722,1027,66,1027.0,66.0,,,6.426484907497566,6.426484907497566,
207740,1488,17,1488.0,17.0,,,1.14247311827957,1.14247311827957,
207786,21,0,21.0,0.0,,,0.0,0.0,
207847,5851,84,3224.0,52.0,2627.0,32.0,1.4356520252948213,1.6129032258064515,1.218119527978683
207856,399,71,380.0,63.0,19.0,8.0,17.794486215538846,16.57894736842105,42.10526315789473
207865,5186,103,4347.0,74.0,839.0,29.0,1.9861164674122638,1.7023234414538764,3.4564958283671037
207935,15655,406,15655.0,406.0,,,2.5934206323858193,2.5934206323858193,
207962,892,0,892.0,0.0,,,0.0,0.0,
207971,3914,410,2852.0,151.0,1062.0,259.0,10.475217169136434,5.2945301542777,24.3879472693032
208035,1162,37,1162.0,37.0,,,3.1841652323580036,3.1841652323580036,
208044,29,0,29.0,0.0,,,0.0,0.0,
208053,322,0,322.0,0.0,,,0.0,0.0,
208275,1407,5,1407.0,5.0,,,0.35536602700781805,0.35536602700781805,
208318,4332,0,4332.0,0.0,,,0.0,0.0,
208390,8098,16,8098.0,16.0,,,0.19757964929612248,0.19757964929612248,
208406,5545,18,5545.0,18.0,,,0.3246167718665464,0.3246167718665464,
208415,754,0,754.0,0.0,,,0.0,0.0,
208433,58,0,58.0,0.0,,,0.0,0.0,
208479,172,0,172.0,0.0,,,0.0,0.0,
208512,532,0,532.0,0.0,,,0.0,0.0,
208637,236,0,236.0,0.0,,,0.0,0.0,
208646,2894,23,2502.0,21.0,392.0,2.0,0.7947477539737389,0.8393285371702638,0.5102040816326531
208725,56,4,56.0,4.0,,,7.142857142857142,7.142857142857142,
208822,4916,29,3354.0,19.0,1562.0,10.0,0.5899104963384866,0.5664877757901015,0.6402048655569782
208859,43,0,43.0,0.0,,,0.0,0.0,
209038,6810,123,6810.0,123.0,,,1.8061674008810573,1.8061674008810573,
209056,3504,158,2139.0,127.0,1365.0,31.0,4.509132420091324,5.937353903693315,2.271062271062271
209065,1709,23,1652.0,22.0,57.0,1.0,1.3458162668227034,1.331719128329298,1.7543859649122806
209074,5242,29,5242.0,29.0,,,0.5532239603204884,0.5532239603204884,
209083,37,0,37.0,0.0,,,0.0,0.0,
209153,32,0,32.0,0.0,,,0.0,0.0,
209205,35,0,35.0,0.0,,,0.0,0.0,
209241,127,15,41.0,2.0,86.0,13.0,11.811023622047244,4.878048780487805,15.11627906976744
209250,6476,66,6476.0,66.0,,,1.019147621988882,1.019147621988882,
209296,414,4,44.0,0.0,370.0,4.0,0.966183574879227,0.0,1.0810810810810811
209409,761,23,520.0,23.0,241.0,0.0,3.0223390275952693,4.423076923076923,0.0
209490,2942,112,836.0,7.0,2106.0,105.0,3.8069340584636304,0.8373205741626795,4.985754985754986
209506,5299,60,5160.0,46.0,139.0,14.0,1.1322891111530478,0.8914728682170543,10.071942446043165
209542,37163,2197,31253.0,962.0,5910.0,1235.0,5.91179398864462,3.078104501967811,20.896785109983078
209551,24404,824,20622.0,287.0,3782.0,537.0,3.376495656449762,1.3917175831636117,14.198836594394502
209603,466,8,422.0,7.0,44.0,1.0,1.7167381974248928,1.6587677725118484,2.272727272727273
209612,3427,162,1589.0,32.0,1838.0,130.0,4.727166618033266,2.0138451856513533,7.072905331882481
209667,59,0,59.0,0.0,,,0.0,0.0,
209676,101,0,101.0,0.0,,,0.0,0.0,
209694,38,0,38.0,0.0,,,0.0,0.0,
209700,212,0,212.0,0.0,,,0.0,0.0,
209719,66,0,66.0,0.0,,,0.0,0.0,
209746,20861,166,20861.0,166.0,,,0.795743252960069,0.795743252960069,
209807,19951,1081,15414.0,431.0,4537.0,650.0,5.418274773194326,2.7961593356688725,14.326647564469914
209825,3285,142,2986.0,95.0,299.0,47.0,4.322678843226789,3.1815137307434695,15.719063545150503
209922,1358,124,1346.0,124.0,12.0,0.0,9.131075110456553,9.212481426448738,0.0
209940,4009,4,4009.0,4.0,,,0.09977550511349464,0.09977550511349464,
210146,5113,39,4235.0,36.0,878.0,3.0,0.7627615881087424,0.8500590318772138,0.3416856492027335
210155,1551,49,1551.0,49.0,,,3.1592520954223082,3.1592520954223082,
210234,1483,3,1483.0,3.0,,,0.20229265003371544,0.20229265003371544,
210270,2582,1,2582.0,1.0,,,0.03872966692486445,0.03872966692486445,
210304,378,2,378.0,2.0,,,0.5291005291005291,0.5291005291005291,
210331,1029,5,886.0,4.0,143.0,1.0,0.4859086491739553,0.4514672686230248,0.6993006993006993
210368,755,0,,,755.0,0.0,0.0,,0.0
210401,2180,68,1661.0,56.0,519.0,12.0,3.1192660550458715,3.3714629741119806,2.312138728323699
210429,3722,27,3167.0,20.0,555.0,7.0,0.7254164427727029,0.6315124723713293,1.2612612612612613
210438,959,230,,,959.0,230.0,23.983315954118876,,23.983315954118876
210492,255,12,245.0,8.0,10.0,4.0,4.705882352941177,3.2653061224489797,40.0
210571,1380,34,1230.0,34.0,150.0,0.0,2.4637681159420293,2.7642276422764227,0.0
210599,886,0,886.0,0.0,,,0.0,0.0,
210605,10609,1,10609.0,1.0,,,0.009425959091337543,0.009425959091337543,
210669,1171,69,1171.0,69.0,,,5.892399658411613,5.892399658411613,
210711,70,0,70.0,0.0,,,0.0,0.0,
210739,2972,7,2166.0,4.0,806.0,3.0,0.23553162853297444,0.18467220683287164,0.37220843672456577
210748,70,0,70.0,0.0,,,0.0,0.0,
210775,2796,75,2192.0,69.0,604.0,6.0,2.682403433476395,3.1478102189781025,0.9933774834437087
210784,160,0,160.0,0.0,,,0.0,0.0,
210809,5514,0,5144.0,0.0,370.0,0.0,0.0,0.0,0.0
211006,366,0,366.0,0.0,,,0.0,0.0,
211079,1936,2,1936.0,2.0,,,0.10330578512396695,0.10330578512396695,
211088,3404,103,2030.0,98.0,1374.0,5.0,3.0258519388954173,4.827586206896552,0.363901018922853
211130,20,1,,,20.0,1.0,5.0,,5.0
211273,1679,191,1360.0,178.0,319.0,13.0,11.375818939845146,13.088235294117649,4.075235109717868
211291,3969,203,3920.0,181.0,49.0,22.0,5.114638447971781,4.61734693877551,44.89795918367347
211307,6232,33,6232.0,33.0,,,0.5295250320924262,0.5295250320924262,
211316,82,0,82.0,0.0,,,0.0,0.0,
211334,26,0,26.0,0.0,,,0.0,0.0,
211343,2317,10,2317.0,10.0,,,0.43159257660768235,0.43159257660768235,
211431,2416,20,1355.0,13.0,1061.0,7.0,0.8278145695364238,0.959409594095941,0.6597549481621112
211440,15888,6674,7377.0,1405.0,8511.0,5269.0,42.00654582074522,19.0456825267724,61.90811890494654
211468,1290,61,870.0,55.0,420.0,6.0,4.728682170542635,6.321839080459771,1.4285714285714286
211477,684,26,671.0,26.0,13.0,0.0,3.8011695906432745,3.8748137108792844,0.0
211556,2309,60,1550.0,38.0,759.0,22.0,2.59852750108272,2.4516129032258065,2.898550724637681
211583,1288,25,868.0,25.0,420.0,0.0,1.9409937888198756,2.880184331797235,0.0
211608,617,0,617.0,0.0,,,0.0,0.0,
211635,152,1,152.0,1.0,,,0.6578947368421052,0.6578947368421052,
211802,90,0,90.0,0.0,,,0.0,0.0,
211893,161,79,109.0,50.0,52.0,29.0,49.06832298136646,45.87155963302752,55.769230769230774
211927,7402,92,7402.0,92.0,,,1.2429073223453122,1.2429073223453122,
211981,2199,6,1768.0,6.0,431.0,0.0,0.2728512960436562,0.3393665158371041,0.0
212009,2314,296,2311.0,296.0,3.0,0.0,12.791702679343128,12.80830809173518,0.0
212045,178,0,178.0,0.0,,,0.0,0.0,
212054,21153,2382,13309.0,1203.0,7844.0,1179.0,11.260814068926393,9.038996168006612,15.03059663437022
212106,8234,457,5371.0,168.0,2863.0,289.0,5.550157881952878,3.1279091416868368,10.094306671323785
212115,5633,44,4891.0,38.0,742.0,6.0,0.7811113083614416,0.7769372316499694,0.8086253369272237
212133,8727,197,2500.0,109.0,6227.0,88.0,2.2573622092357053,4.36,1.4132005781275092
212197,2283,39,1903.0,37.0,380.0,2.0,1.7082785808147174,1.9442984760903836,0.5263157894736842
212230,49,0,49.0,0.0,,,0.0,0.0,
212267,90,0,90.0,0.0,,,0.0,0.0,
212276,85,0,85.0,0.0,,,0.0,0.0,
212294,69,0,69.0,0.0,,,0.0,0.0,
212300,74,0,74.0,0.0,,,0.0,0.0,
212328,99,0,99.0,0.0,,,0.0,0.0,
212337,130,0,130.0,0.0,,,0.0,0.0,
212355,176,0,176.0,0.0,,,0.0,0.0,
212382,152,0,152.0,0.0,,,0.0,0.0,
212391,90,0,90.0,0.0,,,0.0,0.0,
212434,221,0,221.0,0.0,,,0.0,0.0,
212577,1808,306,1808.0,306.0,,,16.924778761061948,16.924778761061948,
212601,4189,1064,2768.0,435.0,1421.0,629.0,25.399856767724994,15.715317919075144,44.26460239268121
212656,1366,32,1260.0,28.0,106.0,4.0,2.342606149341142,2.2222222222222223,3.7735849056603774
212674,2812,291,2104.0,291.0,708.0,0.0,10.34850640113798,13.830798479087452,0.0
212753,110,0,110.0,0.0,,,0.0,0.0,
212771,449,20,200.0,9.0,249.0,11.0,4.4543429844097995,4.5,4.417670682730924
212805,2383,27,2341.0,24.0,42.0,3.0,1.1330255979857322,1.0252029047415634,7.142857142857142
212832,2017,2,1301.0,2.0,716.0,0.0,0.09915716410510658,0.15372790161414296,0.0
212869,908,78,908.0,78.0,,,8.590308370044053,8.590308370044053,
212878,12585,270,12585.0,270.0,,,2.1454112038140645,2.1454112038140645,
212911,1431,157,1431.0,157.0,,,10.971348707197764,10.971348707197764,
212975,146,0,146.0,0.0,,,0.0,0.0,
212984,3225,61,2643.0,60.0,582.0,1.0,1.891472868217054,2.2701475595913734,0.1718213058419244
213011,2512,30,1652.0,23.0,860.0,7.0,1.194267515923567,1.3922518159806294,0.813953488372093
213020,9073,373,7353.0,137.0,1720.0,236.0,4.111098864763584,1.863185094519244,13.72093023255814
213163,326,0,326.0,0.0,,,0.0,0.0,
213181,335,0,335.0,0.0,,,0.0,0.0,
213233,678,1,678.0,1.0,,,0.14749262536873156,0.14749262536873156,
213251,1321,117,1242.0,117.0,79.0,0.0,8.856926570779713,9.420289855072465,0.0
213303,952,14,894.0,13.0,58.0,1.0,1.4705882352941175,1.45413870246085,1.7241379310344827
213321,1939,24,1568.0,23.0,371.0,1.0,1.2377514182568334,1.4668367346938775,0.2695417789757413
213330,14,0,14.0,0.0,,,0.0,0.0,
213349,7467,107,6306.0,94.0,1161.0,13.0,1.4329717423329316,1.4906438312718047,1.119724375538329
213358,2153,172,1828.0,116.0,325.0,56.0,7.988852763585694,6.3457330415754925,17.23076923076923
213367,3153,143,2080.0,109.0,1073.0,34.0,4.535363146209958,5.240384615384616,3.1686859273066172
213376,2211,6,2211.0,6.0,,,0.27137042062415195,0.27137042062415195,
213385,2775,189,2775.0,189.0,,,6.8108108108108105,6.8108108108108105,
213400,2519,0,1793.0,0.0,726.0,0.0,0.0,0.0,0.0
213446,66,1,,,66.0,1.0,1.5151515151515151,,1.5151515151515151
213455,402,0,402.0,0.0,,,0.0,0.0,
213473,93,0,93.0,0.0,,,0.0,0.0,
213491,42,0,42.0,0.0,,,0.0,0.0,
213507,2146,18,1720.0,18.0,426.0,0.0,0.8387698042870456,1.0465116279069768,0.0
213525,6221,11,6221.0,11.0,,,0.176820446873493,0.176820446873493,
213534,556,0,556.0,0.0,,,0.0,0.0,
213543,7692,995,5911.0,394.0,1781.0,601.0,12.935517420696826,6.66553882591778,33.745087029758565
213570,628,0,628.0,0.0,,,0.0,0.0,
213589,345,0,345.0,0.0,,,0.0,0.0,
213598,1670,35,1545.0,33.0,125.0,2.0,2.095808383233533,2.1359223300970873,1.6
213622,97,0,97.0,0.0,,,0.0,0.0,
213631,254,10,,,254.0,10.0,3.937007874015748,,3.937007874015748
213659,4460,6,4460.0,6.0,,,0.13452914798206278,0.13452914798206278,
213668,1012,35,1012.0,35.0,,,3.458498023715415,3.458498023715415,
213774,567,0,567.0,0.0,,,0.0,0.0,
213826,2530,55,1833.0,8.0,697.0,47.0,2.1739130434782608,0.436442989634479,6.743185078909613
213914,183,0,183.0,0.0,,,0.0,0.0,
213932,161,0,161.0,0.0,,,0.0,0.0,
213987,2632,159,2274.0,131.0,358.0,28.0,6.041033434650456,5.760773966578716,7.82122905027933
213996,3373,75,2618.0,55.0,755.0,20.0,2.223539875481767,2.100840336134454,2.6490066225165565
214023,26,0,26.0,0.0,,,0.0,0.0,
214041,6975,101,5823.0,84.0,1152.0,17.0,1.4480286738351256,1.4425553838227718,1.4756944444444444
214069,2200,12,1720.0,11.0,480.0,1.0,0.5454545454545455,0.6395348837209303,0.20833333333333334
214111,9278,160,9278.0,160.0,,,1.724509592584609,1.724509592584609,
214148,549,0,535.0,0.0,14.0,0.0,0.0,0.0,0.0
214157,2745,22,1992.0,20.0,753.0,2.0,0.8014571948998178,1.0040160642570282,0.2656042496679947
214166,2955,47,2942.0,45.0,13.0,2.0,1.5905245346869712,1.529571719918423,15.384615384615385
214175,1788,20,1737.0,20.0,51.0,0.0,1.1185682326621924,1.1514104778353482,0.0
214272,2244,35,1658.0,33.0,586.0,2.0,1.5597147950089125,1.9903498190591074,0.3412969283276451
214290,700,0,700.0,0.0,,,0.0,0.0,
214379,8810,69,8810.0,69.0,,,0.7832009080590239,0.7832009080590239,
214476,71,0,71.0,0.0,,,0.0,0.0,
214528,340,0,340.0,0.0,,,0.0,0.0,
214564,1106,106,,,1106.0,106.0,9.584086799276673,,9.584086799276673
214582,810,0,810.0,0.0,,,0.0,0.0,
214591,3336,165,3244.0,158.0,92.0,7.0,4.946043165467626,4.870530209617756,7.608695652173914
214607,212,85,,,212.0,85.0,40.09433962264151,,40.09433962264151
214625,421,4,420.0,4.0,1.0,0.0,0.9501187648456058,0.9523809523809524,0.0
214634,265,0,265.0,0.0,,,0.0,0.0,
214643,315,1,315.0,1.0,,,0.31746031746031744,0.31746031746031744,
214652,800,11,800.0,11.0,,,1.375,1.375,
214670,867,11,866.0,11.0,1.0,0.0,1.2687427912341407,1.2702078521939952,0.0
214689,2371,108,2371.0,108.0,,,4.555040067482075,4.555040067482075,
214698,482,14,482.0,14.0,,,2.904564315352697,2.904564315352697,
214704,1884,68,1880.0,68.0,4.0,0.0,3.6093418259023355,3.6170212765957444,0.0
214713,4478,689,4047.0,570.0,431.0,119.0,15.386333184457346,14.084507042253522,27.610208816705335
214731,1236,34,1236.0,34.0,,,2.750809061488673,2.750809061488673,
214740,350,0,350.0,0.0,,,0.0,0.0,
214759,405,0,405.0,0.0,,,0.0,0.0,
214768,502,8,502.0,8.0,,,1.593625498007968,1.593625498007968,
214777,50737,7539,42604.0,3989.0,8133.0,3550.0,14.858978654630741,9.362970613087974,43.64932989056929
214786,352,4,352.0,4.0,,,1.1363636363636365,1.1363636363636365,
214795,582,6,581.0,6.0,1.0,0.0,1.0309278350515463,1.0327022375215147,0.0
214801,2885,176,2884.0,176.0,1.0,0.0,6.10051993067591,6.102635228848821,0.0
214810,624,4,624.0,4.0,,,0.641025641025641,0.641025641025641,
214829,677,36,675.0,36.0,2.0,0.0,5.317577548005908,5.333333333333334,0.0
214883,929,0,799.0,0.0,130.0,0.0,0.0,0.0,0.0
214892,265,0,265.0,0.0,,,0.0,0.0,
214944,771,0,771.0,0.0,,,0.0,0.0,
214971,41,2,25.0,2.0,16.0,0.0,4.878048780487805,8.0,0.0
215008,64,0,64.0,0.0,,,0.0,0.0,
215044,125,0,125.0,0.0,,,0.0,0.0,
215053,414,1,414.0,1.0,,,0.24154589371980675,0.24154589371980675,
215062,29109,6903,11478.0,1591.0,17631.0,5312.0,23.714315160259712,13.86129987802753,30.12875049628495
215114,1097,38,856.0,29.0,241.0,9.0,3.4639927073837744,3.387850467289719,3.7344398340248963
215123,2901,1,,,2901.0,1.0,0.03447087211306446,,0.03447087211306446
215239,12926,442,12926.0,442.0,,,3.4194646449017485,3.4194646449017485,
215266,1009,31,1009.0,31.0,,,3.072348860257681,3.072348860257681,
215275,1321,20,1321.0,20.0,,,1.514004542013626,1.514004542013626,
215284,1813,33,1813.0,33.0,,,1.8201875344732488,1.8201875344732488,
215293,35724,3174,25900.0,970.0,9824.0,2204.0,8.884783338931811,3.7451737451737452,22.434853420195438
215309,36,0,36.0,0.0,,,0.0,0.0,
215381,663,3,663.0,3.0,,,0.4524886877828055,0.4524886877828055,
215390,374,0,374.0,0.0,,,0.0,0.0,
215424,202,8,,,202.0,8.0,3.9603960396039604,,3.9603960396039604
215442,3448,133,2337.0,104.0,1111.0,29.0,3.857308584686775,4.450149764655541,2.6102610261026102
215479,100,0,100.0,0.0,,,0.0,0.0,
215530,83,0,83.0,0.0,,,0.0,0.0,
215585,5369,28,5369.0,28.0,,,0.5215123859191656,0.5215123859191656,
215594,294,0,294.0,0.0,,,0.0,0.0,
215619,46,0,,,46.0,0.0,0.0,,0.0
215637,175,0,175.0,0.0,,,0.0,0.0,
215655,5275,609,4325.0,231.0,950.0,378.0,11.545023696682465,5.341040462427745,39.78947368421053
215682,475,0,475.0,0.0,,,0.0,0.0,
215691,781,4,486.0,4.0,295.0,0.0,0.5121638924455826,0.823045267489712,0.0
215743,2963,51,2567.0,51.0,396.0,0.0,1.721228484643942,1.9867549668874174,0.0
215770,7159,256,5044.0,105.0,2115.0,151.0,3.5759184243609443,2.0816812053925453,7.139479905437353
215798,1440,30,1284.0,30.0,156.0,0.0,2.083333333333333,2.336448598130841,0.0
215813,79,10,,,79.0,10.0,12.658227848101266,,12.658227848101266
215886,102,0,102.0,0.0,,,0.0,0.0,
215929,4724,232,3613.0,22.0,1111.0,210.0,4.911092294665537,0.6089122612787158,18.901890189018903
215947,1927,0,1501.0,0.0,426.0,0.0,0.0,0.0,0.0
215974,715,0,715.0,0.0,,,0.0,0.0,
215992,163,0,163.0,0.0,,,0.0,0.0,
216010,5161,54,4371.0,39.0,790.0,15.0,1.0463088548730868,0.8922443376801648,1.89873417721519
216038,8376,235,6835.0,227.0,1541.0,8.0,2.805635148042025,3.3211411850768107,0.5191434133679429
216047,170,16,38.0,0.0,132.0,16.0,9.411764705882353,0.0,12.121212121212121
216074,183,0,183.0,0.0,,,0.0,0.0,
216083,260,0,260.0,0.0,,,0.0,0.0,
216162,329,0,329.0,0.0,,,0.0,0.0,
216223,49,0,49.0,0.0,,,0.0,0.0,
216278,2255,29,2246.0,29.0,9.0,0.0,1.2860310421286032,1.2911843276936776,0.0
216287,1623,219,1623.0,219.0,,,13.493530499075785,13.493530499075785,
216296,1470,2,1470.0,2.0,,,0.13605442176870747,0.13605442176870747,
216311,112,6,112.0,6.0,,,5.357142857142857,5.357142857142857,
216339,29640,2028,21457.0,946.0,8183.0,1082.0,6.842105263157896,4.408817635270541,13.222534522791152
216348,12,1,,,12.0,1.0,8.333333333333332,,8.333333333333332
216357,950,9,833.0,9.0,117.0,0.0,0.9473684210526316,1.0804321728691477,0.0
216366,8238,419,3772.0,76.0,4466.0,343.0,5.0861859674678325,2.014846235418876,7.6802507836990594
216436,18,0,18.0,0.0,,,0.0,0.0,
216445,31,0,31.0,0.0,,,0.0,0.0,
216454,20,0,20.0,0.0,,,0.0,0.0,
216463,169,23,,,169.0,23.0,13.609467455621301,,13.609467455621301
216524,1502,8,1502.0,8.0,,,0.5326231691078562,0.5326231691078562,
216542,589,23,517.0,22.0,72.0,1.0,3.904923599320883,4.25531914893617,1.3888888888888888
216551,97,0,97.0,0.0,,,0.0,0.0,
216579,56,0,56.0,0.0,,,0.0,0.0,
216597,10041,374,7004.0,130.0,3037.0,244.0,3.7247286126879797,1.856082238720731,8.034244320052682
216630,37,0,37.0,0.0,,,0.0,0.0,
216667,1309,23,1306.0,23.0,3.0,0.0,1.757066462948816,1.761102603369066,0.0
216694,1231,6,1030.0,6.0,201.0,0.0,0.487408610885459,0.5825242718446602,0.0
216746,55,0,55.0,0.0,,,0.0,0.0,
216764,17171,91,14449.0,39.0,2722.0,52.0,0.5299633102323685,0.26991487300159184,1.9103600293901544
216773,164,0,164.0,0.0,,,0.0,0.0,
216807,1191,4,1137.0,4.0,54.0,0.0,0.33585222502099077,0.3518029903254178,0.0
216816,1183,58,,,1183.0,58.0,4.902789518174133,,4.902789518174133
216825,3990,6,3990.0,6.0,,,0.15037593984962408,0.15037593984962408,
216852,5713,112,2975.0,47.0,2738.0,65.0,1.9604410992473307,1.5798319327731094,2.3739956172388608
216931,5381,178,2076.0,170.0,3305.0,8.0,3.307935328005947,8.188824662813103,0.2420574886535552
216940,322,0,322.0,0.0,,,0.0,0.0,
217013,1907,17,1379.0,15.0,528.0,2.0,0.8914525432616675,1.0877447425670776,0.3787878787878788
217040,34,0,34.0,0.0,,,0.0,0.0,
217059,3825,38,3369.0,36.0,456.0,2.0,0.9934640522875817,1.068566340160285,0.43859649122807015
217077,642,0,642.0,0.0,,,0.0,0.0,
217156,11956,2470,7910.0,1069.0,4046.0,1401.0,20.65908330545333,13.514538558786345,34.62679189322788
217165,3636,232,3200.0,180.0,436.0,52.0,6.380638063806381,5.625,11.926605504587156
217235,4303,172,3908.0,113.0,395.0,59.0,3.9972112479665354,2.8915046059365404,14.936708860759493
217305,1922,1,1796.0,1.0,126.0,0.0,0.052029136316337155,0.05567928730512249,0.0
217323,646,0,646.0,0.0,,,0.0,0.0,
217402,4666,89,4236.0,71.0,430.0,18.0,1.9074153450492928,1.676109537299339,4.186046511627907
217420,6155,7,5154.0,5.0,1001.0,2.0,0.11372867587327376,0.09701202949165696,0.1998001998001998
217475,12275,1188,12275.0,1188.0,,,9.678207739307537,9.678207739307537,
217484,17210,493,14376.0,183.0,2834.0,310.0,2.8646135967460777,1.2729549248747913,10.938602681721948
217493,2520,924,2087.0,692.0,433.0,232.0,36.666666666666664,33.15764254911356,53.5796766743649
217518,4350,63,4038.0,61.0,312.0,2.0,1.4482758620689655,1.5106488360574541,0.641025641025641
217536,2791,80,2135.0,70.0,656.0,10.0,2.866356144750985,3.278688524590164,1.524390243902439
217581,107,0,107.0,0.0,,,0.0,0.0,
217606,122,8,89.0,8.0,33.0,0.0,6.557377049180328,8.98876404494382,0.0
217615,2307,0,2307.0,0.0,,,0.0,0.0,
217624,610,9,576.0,9.0,34.0,0.0,1.4754098360655739,1.5625,0.0
217633,4710,0,3683.0,0.0,1027.0,0.0,0.0,0.0,0.0
217688,3832,102,3126.0,73.0,706.0,29.0,2.661795407098121,2.3352527191298784,4.107648725212465
217712,2461,0,2461.0,0.0,,,0.0,0.0,
217721,1691,165,1628.0,161.0,63.0,4.0,9.757539917208751,9.88943488943489,6.349206349206349
217749,2734,224,2312.0,171.0,422.0,53.0,8.19312362838332,7.396193771626297,12.559241706161137
217776,980,13,784.0,9.0,196.0,4.0,1.3265306122448979,1.1479591836734695,2.0408163265306123
217794,100,0,100.0,0.0,,,0.0,0.0,
217819,11926,168,10880.0,125.0,1046.0,43.0,1.4086869025658226,1.1488970588235294,4.1108986615678775
217837,1428,0,1428.0,0.0,,,0.0,0.0,
217864,3793,26,2737.0,22.0,1056.0,4.0,0.6854732401792776,0.8037997807818781,0.3787878787878788
217873,1852,49,1731.0,39.0,121.0,10.0,2.6457883369330455,2.2530329289428077,8.264462809917356
217882,29077,1695,23401.0,212.0,5676.0,1483.0,5.829349657805138,0.9059441904192129,26.127554615926705
217891,126,0,126.0,0.0,,,0.0,0.0,
217907,1325,62,1220.0,62.0,105.0,0.0,4.679245283018868,5.081967213114754,0.0
217925,2914,167,965.0,44.0,1949.0,123.0,5.7309540150995195,4.5595854922279795,6.310928681375064
217934,1725,20,1391.0,14.0,334.0,6.0,1.1594202898550725,1.00647016534867,1.7964071856287425
217961,1787,117,1173.0,103.0,614.0,14.0,6.547285954113039,8.780903665814153,2.2801302931596092
217989,675,0,675.0,0.0,,,0.0,0.0,
217998,912,0,803.0,0.0,109.0,0.0,0.0,0.0,0.0
218025,3522,1,3522.0,1.0,,,0.028392958546280524,0.028392958546280524,
218061,4112,116,3692.0,96.0,420.0,20.0,2.821011673151751,2.600216684723727,4.761904761904762
218070,2554,145,2383.0,144.0,171.0,1.0,5.677368833202819,6.042803189257239,0.5847953216374269
218113,11999,52,11999.0,52.0,,,0.43336944745395445,0.43336944745395445,
218140,7923,4,7923.0,4.0,,,0.05048592704783542,0.05048592704783542,
218159,118,0,118.0,0.0,,,0.0,0.0,
218195,127,0,127.0,0.0,,,0.0,0.0,
218229,4378,102,3776.0,87.0,602.0,15.0,2.3298309730470534,2.3040254237288136,2.4916943521594686
218238,1807,89,1545.0,76.0,262.0,13.0,4.925290536801328,4.919093851132686,4.961832061068702
218335,3246,86,303.0,1.0,2943.0,85.0,2.649414664202095,0.33003300330033003,2.888209310227659
218353,9226,0,9226.0,0.0,,,0.0,0.0,
218399,383,0,383.0,0.0,,,0.0,0.0,
218414,1536,39,1481.0,37.0,55.0,2.0,2.5390625,2.4983119513842,3.6363636363636362
218441,2304,47,2020.0,36.0,284.0,11.0,2.039930555555556,1.782178217821782,3.873239436619718
218487,2106,0,2106.0,0.0,,,0.0,0.0,
218520,5143,0,5143.0,0.0,,,0.0,0.0,
218539,1095,42,853.0,41.0,242.0,1.0,3.8356164383561646,4.8065650644783116,0.4132231404958678
218645,4022,81,3289.0,60.0,733.0,21.0,2.013923421183491,1.8242626938279112,2.8649386084583903
218654,2208,44,2162.0,41.0,46.0,3.0,1.9927536231884055,1.8963922294172062,6.521739130434782
218663,38532,1681,30187.0,536.0,8345.0,1145.0,4.362607702688674,1.7755987676814522,13.72079089275015
218672,2687,42,2687.0,42.0,,,1.5630815035355416,1.5630815035355416,
218681,799,29,799.0,29.0,,,3.629536921151439,3.629536921151439,
218690,1845,61,1845.0,61.0,,,3.3062330623306235,3.3062330623306235,
218706,1402,27,1402.0,27.0,,,1.925820256776034,1.925820256776034,
218724,11348,126,10811.0,101.0,537.0,25.0,1.1103278110680297,0.934233650911109,4.655493482309125
218733,3242,5,2950.0,2.0,292.0,3.0,0.15422578655151142,0.06779661016949153,1.0273972602739725
218742,4916,84,4487.0,62.0,429.0,22.0,1.7087062652563059,1.3817695564965455,5.128205128205128
218751,387,4,,,387.0,4.0,1.03359173126615,,1.03359173126615
218821,1119,7,1119.0,7.0,,,0.6255585344057194,0.6255585344057194,
218830,6653,0,6653.0,0.0,,,0.0,0.0,
218858,2825,0,2825.0,0.0,,,0.0,0.0,
218885,5890,0,5890.0,0.0,,,0.0,0.0,
218894,13552,0,13552.0,0.0,,,0.0,0.0,
218919,578,35,440.0,35.0,138.0,0.0,6.055363321799308,7.954545454545454,0.0
218955,668,1,668.0,1.0,,,0.14970059880239522,0.14970059880239522,
218964,4894,86,3969.0,71.0,925.0,15.0,1.7572537801389458,1.7888636936255986,1.6216216216216217
218973,1817,41,1817.0,41.0,,,2.2564667033571824,2.2564667033571824,
218991,4771,0,4771.0,0.0,,,0.0,0.0,
219000,2390,239,2003.0,225.0,387.0,14.0,10.0,11.233150274588118,3.6175710594315245
219037,80,0,80.0,0.0,,,0.0,0.0,
219046,3346,53,3198.0,48.0,148.0,5.0,1.5839808726838016,1.5009380863039399,3.3783783783783785
219082,3774,279,3066.0,171.0,708.0,108.0,7.392686804451511,5.577299412915851,15.254237288135593
219091,892,24,771.0,23.0,121.0,1.0,2.690582959641256,2.9831387808041505,0.8264462809917356
219125,66,0,66.0,0.0,,,0.0,0.0,
219143,2312,2,2312.0,2.0,,,0.08650519031141869,0.08650519031141869,
219189,1186,3,1186.0,3.0,,,0.25295109612141653,0.25295109612141653,
219198,1284,74,1022.0,66.0,262.0,8.0,5.763239875389408,6.457925636007827,3.0534351145038165
219204,903,34,767.0,26.0,136.0,8.0,3.7652270210409746,3.389830508474576,5.88235294117647
219240,1239,0,82.0,0.0,1157.0,0.0,0.0,0.0,0.0
219259,3708,106,3169.0,99.0,539.0,7.0,2.8586839266450914,3.1240138845061534,1.2987012987012987
219277,1188,0,1139.0,0.0,49.0,0.0,0.0,0.0,0.0
219347,2576,149,2216.0,38.0,360.0,111.0,5.784161490683229,1.7148014440433215,30.833333333333336
219356,12056,826,10719.0,400.0,1337.0,426.0,6.851360318513604,3.7316913891221195,31.8623784592371
219374,592,0,515.0,0.0,77.0,0.0,0.0,0.0,0.0
219383,1450,17,1241.0,17.0,209.0,0.0,1.1724137931034484,1.36986301369863,0.0
219392,28,0,28.0,0.0,,,0.0,0.0,
219408,206,0,206.0,0.0,,,0.0,0.0,
219426,2659,0,2659.0,0.0,,,0.0,0.0,
219453,133,0,133.0,0.0,,,0.0,0.0,
219471,10619,820,7619.0,408.0,3000.0,412.0,7.722007722007722,5.355033468959181,13.733333333333334
219480,1164,1,1164.0,1.0,,,0.0859106529209622,0.0859106529209622,
219505,46,1,46.0,1.0,,,2.1739130434782608,2.1739130434782608,
219587,63,0,63.0,0.0,,,0.0,0.0,
219596,366,1,366.0,1.0,,,0.273224043715847,0.273224043715847,
219602,10439,284,8926.0,194.0,1513.0,90.0,2.7205671041287482,2.1734259466726416,5.948446794448117
219639,891,0,782.0,0.0,109.0,0.0,0.0,0.0,0.0
219709,8803,94,7175.0,65.0,1628.0,29.0,1.0678177893899807,0.9059233449477353,1.7813267813267815
219718,2936,83,2674.0,81.0,262.0,2.0,2.826975476839237,3.029169783096485,0.7633587786259541
219790,1701,23,1565.0,23.0,136.0,0.0,1.352145796590241,1.4696485623003195,0.0
219806,2669,109,1596.0,80.0,1073.0,29.0,4.083926564256276,5.012531328320802,2.7027027027027026
219824,7623,42,7623.0,42.0,,,0.5509641873278237,0.5509641873278237,
219833,1772,460,1155.0,93.0,617.0,367.0,25.95936794582393,8.051948051948052,59.48136142625607
219842,517,92,89.0,10.0,428.0,82.0,17.79497098646035,11.235955056179774,19.158878504672895
219851,101,0,101.0,0.0,,,0.0,0.0,
219879,3282,14,3282.0,14.0,,,0.42656916514320536,0.42656916514320536,
219888,5712,39,5712.0,39.0,,,0.6827731092436975,0.6827731092436975,
219903,517,0,517.0,0.0,,,0.0,0.0,
219949,3457,591,2745.0,144.0,712.0,447.0,17.095747758171825,5.245901639344262,62.78089887640449
219976,5017,131,3336.0,104.0,1681.0,27.0,2.6111221845724537,3.117505995203837,1.6061867935752527
219994,1628,4,1628.0,4.0,,,0.2457002457002457,0.2457002457002457,
220057,3296,5,3296.0,5.0,,,0.15169902912621358,0.15169902912621358,
220075,13728,444,10829.0,182.0,2899.0,262.0,3.234265734265734,1.680672268907563,9.03759917212832
220118,252,0,252.0,0.0,,,0.0,0.0,
220127,1850,2,1850.0,2.0,,,0.10810810810810811,0.10810810810810811,
220163,82,0,82.0,0.0,,,0.0,0.0,
220181,1059,0,1035.0,0.0,24.0,0.0,0.0,0.0,0.0
220206,389,4,350.0,3.0,39.0,1.0,1.0282776349614395,0.8571428571428572,2.564102564102564
220215,2306,0,1873.0,0.0,433.0,0.0,0.0,0.0,0.0
220251,729,3,729.0,3.0,,,0.411522633744856,0.411522633744856,
220279,1014,10,1014.0,10.0,,,0.9861932938856016,0.9861932938856016,
220321,2416,66,2416.0,66.0,,,2.7317880794701987,2.7317880794701987,
220394,455,1,455.0,1.0,,,0.21978021978021978,0.21978021978021978,
220400,3518,16,3518.0,16.0,,,0.45480386583285953,0.45480386583285953,
220464,166,0,166.0,0.0,,,0.0,0.0,
220473,978,87,746.0,67.0,232.0,20.0,8.895705521472392,8.981233243967829,8.620689655172415
220491,201,0,201.0,0.0,,,0.0,0.0,
220516,1157,68,964.0,55.0,193.0,13.0,5.877268798617114,5.7053941908713695,6.7357512953367875
220552,11557,363,8782.0,291.0,2775.0,72.0,3.140953534654322,3.3135959918014124,2.5945945945945943
220598,738,13,738.0,13.0,,,1.7615176151761516,1.7615176151761516,
220604,659,29,659.0,29.0,,,4.400606980273141,4.400606980273141,
220613,3714,108,3271.0,85.0,443.0,23.0,2.9079159935379644,2.5985937022317334,5.191873589164786
220631,6081,126,1668.0,114.0,4413.0,12.0,2.0720276270350273,6.83453237410072,0.27192386131883073
220640,1055,6,1055.0,6.0,,,0.5687203791469194,0.5687203791469194,
220701,1046,73,1012.0,73.0,34.0,0.0,6.9789674952198855,7.213438735177865,0.0
220710,1136,71,1132.0,71.0,4.0,0.0,6.25,6.27208480565371,0.0
220756,155,0,155.0,0.0,,,0.0,0.0,
220765,300,0,300.0,0.0,,,0.0,0.0,
220792,1226,0,,,1226.0,0.0,0.0,,0.0
220853,1960,22,1960.0,22.0,,,1.1224489795918366,1.1224489795918366,
220862,20276,1510,15770.0,277.0,4506.0,1233.0,7.447228250147958,1.7564996829422954,27.363515312916114
220871,157,5,,,157.0,5.0,3.1847133757961785,,3.1847133757961785
220978,20488,657,18042.0,427.0,2446.0,230.0,3.20675517376025,2.366699922403281,9.403107113654947
220996,319,0,,,319.0,0.0,0.0,,0.0
221050,749,3,749.0,3.0,,,0.4005340453938585,0.4005340453938585,
221096,5980,95,5980.0,95.0,,,1.588628762541806,1.588628762541806,
221102,928,10,928.0,10.0,,,1.0775862068965518,1.0775862068965518,
221148,967,0,967.0,0.0,,,0.0,0.0,
221184,7533,74,7533.0,74.0,,,0.9823443515199787,0.9823443515199787,
221236,2284,5,2284.0,5.0,,,0.21891418563922943,0.21891418563922943,
221281,278,0,278.0,0.0,,,0.0,0.0,
221333,742,1,742.0,1.0,,,0.13477088948787064,0.13477088948787064,
221351,1861,118,1838.0,114.0,23.0,4.0,6.340677055346589,6.2023939064200215,17.391304347826086
221397,5002,11,5002.0,11.0,,,0.21991203518592564,0.21991203518592564,
221430,1659,3,1659.0,3.0,,,0.18083182640144665,0.18083182640144665,
221485,7004,47,7004.0,47.0,,,0.6710451170759566,0.6710451170759566,
221494,623,3,623.0,3.0,,,0.4815409309791332,0.4815409309791332,
221519,1724,66,1644.0,58.0,80.0,8.0,3.82830626450116,3.5279805352798053,10.0
221582,559,0,559.0,0.0,,,0.0,0.0,
221591,768,2,768.0,2.0,,,0.26041666666666663,0.26041666666666663,
221607,812,2,812.0,2.0,,,0.24630541871921183,0.24630541871921183,
221616,3117,8,3117.0,8.0,,,0.25665704202759065,0.25665704202759065,
221625,1581,9,1581.0,9.0,,,0.5692599620493358,0.5692599620493358,
221643,9399,102,9399.0,102.0,,,1.0852218321097988,1.0852218321097988,
221661,3229,231,2929.0,215.0,300.0,16.0,7.15391762155466,7.340389211334927,5.333333333333334
221670,530,11,,,530.0,11.0,2.0754716981132075,,2.0754716981132075
221731,1198,164,918.0,60.0,280.0,104.0,13.689482470784641,6.535947712418301,37.142857142857146
221740,11775,139,10202.0,70.0,1573.0,69.0,1.1804670912951167,0.6861399725544011,4.386522568340751
221759,38728,1425,30564.0,289.0,8164.0,1136.0,3.679508366040074,0.9455568642847795,13.914747672709456
221768,7499,37,6809.0,36.0,690.0,1.0,0.49339911988265106,0.5287119988250845,0.14492753623188406
221829,323,0,323.0,0.0,,,0.0,0.0,
221838,6310,263,5057.0,109.0,1253.0,154.0,4.1679873217115695,2.155428119438402,12.290502793296088
221847,10511,327,9187.0,181.0,1324.0,146.0,3.1110265436209685,1.9701752476325243,11.027190332326283
221892,3195,236,1903.0,216.0,1292.0,20.0,7.386541471048513,11.350499211770888,1.5479876160990713
221908,5757,6,5757.0,6.0,,,0.10422094841063052,0.10422094841063052,
221953,1103,45,940.0,44.0,163.0,1.0,4.0797824116047146,4.680851063829787,0.6134969325153374
221971,2713,37,1934.0,31.0,779.0,6.0,1.363803907113896,1.6028955532574976,0.7702182284980745
221999,13575,1838,7221.0,807.0,6354.0,1031.0,13.539594843462247,11.175737432488575,16.225999370475293
222053,6963,36,6963.0,36.0,,,0.5170185264971995,0.5170185264971995,
222062,5899,23,5899.0,23.0,,,0.38989659264282084,0.38989659264282084,
222105,468,0,468.0,0.0,,,0.0,0.0,
222178,5219,185,3263.0,139.0,1956.0,46.0,3.5447403717187203,4.2598835427520685,2.3517382413087935
222567,5872,59,5872.0,59.0,,,1.0047683923705721,1.0047683923705721,
222576,9262,0,9262.0,0.0,,,0.0,0.0,
222628,892,54,118.0,2.0,774.0,52.0,6.053811659192825,1.694915254237288,6.718346253229974
222822,3890,91,3890.0,91.0,,,2.339331619537275,2.339331619537275,
222831,11542,277,9702.0,249.0,1840.0,28.0,2.3999306879223705,2.5664811379097094,1.5217391304347827
222877,302,1,284.0,1.0,18.0,0.0,0.33112582781456956,0.35211267605633806,0.0
222886,562,0,562.0,0.0,,,0.0,0.0,
222983,1217,10,1165.0,10.0,52.0,0.0,0.8216926869350863,0.8583690987124464,0.0
222992,39727,513,39727.0,513.0,,,1.2913132126765172,1.2913132126765172,
223001,155,9,,,155.0,9.0,5.806451612903226,,5.806451612903226
223056,31,0,31.0,0.0,,,0.0,0.0,
223083,575,0,575.0,0.0,,,0.0,0.0,
223117,75,0,46.0,0.0,29.0,0.0,0.0,0.0,0.0
223223,1774,239,,,1774.0,239.0,13.472378804960542,,13.472378804960542
223232,20626,895,14915.0,405.0,5711.0,490.0,4.3391835547367394,2.7153871940998995,8.5799334617405
223320,4259,0,4259.0,0.0,,,0.0,0.0,
223427,18095,121,18095.0,121.0,,,0.668693009118541,0.668693009118541,
223463,250,0,250.0,0.0,,,0.0,0.0,
223472,200,0,200.0,0.0,,,0.0,0.0,
223506,3812,71,3812.0,71.0,,,1.8625393494228752,1.8625393494228752,
223816,8373,30,8373.0,30.0,,,0.35829451809387314,0.35829451809387314,
223852,69,0,69.0,0.0,,,0.0,0.0,
223898,3160,27,3160.0,27.0,,,0.8544303797468354,0.8544303797468354,
223922,1564,41,1564.0,41.0,,,2.6214833759590794,2.6214833759590794,
224004,1396,0,1188.0,0.0,208.0,0.0,0.0,0.0,0.0
224013,55,0,55.0,0.0,,,0.0,0.0,
224110,8106,252,8106.0,252.0,,,3.1088082901554404,3.1088082901554404,
224147,11266,639,8320.0,136.0,2946.0,503.0,5.671933250488195,1.6346153846153848,17.073998642226748
224156,328,0,328.0,0.0,,,0.0,0.0,
224226,4124,511,2785.0,145.0,1339.0,366.0,12.390882638215325,5.206463195691203,27.333831217326367
224244,248,0,224.0,0.0,24.0,0.0,0.0,0.0,0.0
224271,454,1,454.0,1.0,,,0.22026431718061676,0.22026431718061676,
224305,2589,473,,,2589.0,473.0,18.269602162997295,,18.269602162997295
224323,2078,88,1444.0,31.0,634.0,57.0,4.234841193455245,2.146814404432133,8.990536277602523
224350,10256,368,10256.0,368.0,,,3.58814352574103,3.58814352574103,
224527,1813,16,1634.0,16.0,179.0,0.0,0.882515168229454,0.9791921664626682,0.0
224545,2412,96,1982.0,88.0,430.0,8.0,3.9800995024875623,4.439959636730576,1.8604651162790697
224554,13252,460,9992.0,113.0,3260.0,347.0,3.4711741623905827,1.1309047237790233,10.644171779141104
224615,69749,2755,69749.0,2755.0,,,3.9498774175973845,3.9498774175973845,
224642,25567,272,25567.0,272.0,,,1.0638713967223374,1.0638713967223374,
224660,611,0,600.0,0.0,11.0,0.0,0.0,0.0,0.0
224679,1206,0,1206.0,0.0,,,0.0,0.0,
224712,109,0,,,109.0,0.0,0.0,,0.0
224758,14,0,14.0,0.0,,,0.0,0.0,
224891,1801,32,1801.0,32.0,,,1.776790671848973,1.776790671848973,
224961,2405,9,2405.0,9.0,,,0.37422037422037424,0.37422037422037424,
225043,8,0,8.0,0.0,,,0.0,0.0,
225070,4324,1,4324.0,1.0,,,0.023126734505087884,0.023126734505087884,
225201,836,0,771.0,0.0,65.0,0.0,0.0,0.0,0.0
225247,1665,41,1291.0,41.0,374.0,0.0,2.4624624624624625,3.1758326878388843,0.0
225308,5961,64,5961.0,64.0,,,1.073645361516524,1.073645361516524,
225371,4158,46,4158.0,46.0,,,1.1063011063011063,1.1063011063011063,
225399,4276,197,2899.0,115.0,1377.0,82.0,4.60710944808232,3.966885132804415,5.954974582425563
225414,8137,471,6139.0,57.0,1998.0,414.0,5.788374093646307,0.9284899820817722,20.72072072072072
225423,53253,4670,53253.0,4670.0,,,8.769458997615159,8.769458997615159,
225432,13730,280,12622.0,227.0,1108.0,53.0,2.0393299344501092,1.7984471557597845,4.783393501805054
225502,3586,145,2627.0,74.0,959.0,71.0,4.043502509760179,2.8169014084507045,7.40354535974974
225511,47980,5015,39257.0,2210.0,8723.0,2805.0,10.452271779908296,5.629569248796392,32.156368221941996
225520,4101,0,4101.0,0.0,,,0.0,0.0,
225548,809,2,751.0,2.0,58.0,0.0,0.2472187886279357,0.2663115845539281,0.0
225575,1059,202,1024.0,191.0,35.0,11.0,19.07459867799811,18.65234375,31.428571428571427
225627,7047,329,4638.0,182.0,2409.0,147.0,4.668653327657159,3.9241052177662787,6.102117061021171
225876,518,4,518.0,4.0,,,0.7722007722007722,0.7722007722007722,
225885,622,24,577.0,24.0,45.0,0.0,3.858520900321544,4.15944540727903,0.0
225991,70,0,70.0,0.0,,,0.0,0.0,
226019,7198,47,7198.0,47.0,,,0.6529591553209224,0.6529591553209224,
226091,17772,1318,8184.0,86.0,9588.0,1232.0,7.4161602520819265,1.050830889540567,12.849395077179809
226107,3629,0,3629.0,0.0,,,0.0,0.0,
226116,4680,2,4680.0,2.0,,,0.042735042735042736,0.042735042735042736,
226134,11029,8,11029.0,8.0,,,0.07253604134554356,0.07253604134554356,
226152,8991,448,7210.0,379.0,1781.0,69.0,4.982760538316094,5.256588072122053,3.874227961819203
226204,8323,37,8323.0,37.0,,,0.4445512435419921,0.4445512435419921,
226231,3330,96,3187.0,95.0,143.0,1.0,2.8828828828828827,2.980859742704738,0.6993006993006993
226277,1539,0,1539.0,0.0,,,0.0,0.0,
226383,1595,60,1313.0,52.0,282.0,8.0,3.761755485893417,3.9603960396039604,2.8368794326241136
226408,5127,7,5127.0,7.0,,,0.1365320850399844,0.1365320850399844,
226471,3321,46,2803.0,20.0,518.0,26.0,1.3851249623607347,0.7135212272565109,5.019305019305019
226578,7850,86,7850.0,86.0,,,1.0955414012738853,1.0955414012738853,
226587,3175,73,3167.0,73.0,8.0,0.0,2.2992125984251968,2.3050205241553523,0.0
226675,360,0,360.0,0.0,,,0.0,0.0,
226806,5690,163,5690.0,163.0,,,2.8646748681898067,2.8646748681898067,
226833,5324,476,4303.0,246.0,1021.0,230.0,8.940646130728776,5.7169416686033,22.526934378060727
226860,73,0,73.0,0.0,,,0.0,0.0,
226879,252,0,252.0,0.0,,,0.0,0.0,
226903,746,0,746.0,0.0,,,0.0,0.0,
227058,44,0,44.0,0.0,,,0.0,0.0,
227146,6557,51,6557.0,51.0,,,0.7777947231965838,0.7777947231965838,
227182,73077,2647,73077.0,2647.0,,,3.622206713466617,3.622206713466617,
227216,46864,7775,34458.0,1545.0,12406.0,6230.0,16.59055991806077,4.483719310464914,50.21763662743833
227225,3208,49,3208.0,49.0,,,1.527431421446384,1.527431421446384,
227289,173,35,,,173.0,35.0,20.23121387283237,,20.23121387283237
227298,192,0,192.0,0.0,,,0.0,0.0,
227304,9981,82,9981.0,82.0,,,0.8215609658350868,0.8215609658350868,
227313,374,0,374.0,0.0,,,0.0,0.0,
227322,500,0,500.0,0.0,,,0.0,0.0,
227331,1968,51,1108.0,39.0,860.0,12.0,2.591463414634146,3.5198555956678703,1.3953488372093024
227368,33881,847,28674.0,515.0,5207.0,332.0,2.499926212331395,1.7960521727000072,6.37603226425965
227377,8828,19,8828.0,19.0,,,0.21522428636157678,0.21522428636157678,
227386,2691,25,2691.0,25.0,,,0.929022668153103,0.929022668153103,
227401,4533,47,4533.0,47.0,,,1.0368409441870725,1.0368409441870725,
227429,628,0,620.0,0.0,8.0,0.0,0.0,0.0,0.0
227526,9922,290,8877.0,134.0,1045.0,156.0,2.9227978230195526,1.5095189816379406,14.928229665071772
227687,2522,63,2522.0,63.0,,,2.4980174464710547,2.4980174464710547,
227748,360,0,360.0,0.0,,,0.0,0.0,
227757,8961,2311,4789.0,622.0,4172.0,1689.0,25.78953241825689,12.98809772395072,40.48418024928092
227845,3033,195,2499.0,178.0,534.0,17.0,6.429277942631058,7.122849139655862,3.1835205992509366
227854,17299,27,17299.0,27.0,,,0.1560783860338748,0.1560783860338748,
227863,4301,257,3365.0,152.0,936.0,105.0,5.975354568704953,4.517087667161961,11.217948717948719
227881,21039,254,17787.0,127.0,3252.0,127.0,1.2072817149104045,0.7140046101085062,3.9052890528905286
227924,19901,142,19901.0,142.0,,,0.7135319833174212,0.7135319833174212,
227979,31812,789,31812.0,789.0,,,2.4801961523953224,2.4801961523953224,
228042,1326,42,1120.0,41.0,206.0,1.0,3.167420814479638,3.660714285714286,0.48543689320388345
228088,38,0,38.0,0.0,,,0.0,0.0,
228149,3456,194,2149.0,151.0,1307.0,43.0,5.613425925925926,7.0265239646347135,3.2899770466717673
228158,9098,14,9098.0,14.0,,,0.15387997362057595,0.15387997362057595,
228185,23,23,23.0,23.0,,,100.0,100.0,
228194,1089,15,,,1089.0,15.0,1.3774104683195594,,1.3774104683195594
228200,521,0,521.0,0.0,,,0.0,0.0,
228219,546,0,546.0,0.0,,,0.0,0.0,
228246,12116,1117,7285.0,279.0,4831.0,838.0,9.219214262132718,3.829787234042553,17.34630511281308
228282,21,0,21.0,0.0,,,0.0,0.0,
228316,6525,54,6525.0,54.0,,,0.8275862068965517,0.8275862068965517,
228325,1794,11,1479.0,11.0,315.0,0.0,0.6131549609810479,0.7437457741717377,0.0
228343,1440,32,1440.0,32.0,,,2.2222222222222223,2.2222222222222223,
228431,10472,145,9129.0,80.0,1343.0,65.0,1.3846447669977082,0.876328184905247,4.839910647803425
228459,40674,1502,36236.0,733.0,4438.0,769.0,3.692776712396125,2.0228502042168013,17.32762505633168
228468,764,34,758.0,34.0,6.0,0.0,4.450261780104712,4.485488126649076,0.0
228486,110,1,110.0,1.0,,,0.9090909090909091,0.9090909090909091,
228501,2384,13,1890.0,10.0,494.0,3.0,0.5453020134228188,0.5291005291005291,0.6072874493927125
228529,17433,125,15254.0,82.0,2179.0,43.0,0.7170309183732002,0.5375639176609415,1.9733822854520422
228547,43928,631,43928.0,631.0,,,1.4364414496448734,1.4364414496448734,
228608,5274,0,5274.0,0.0,,,0.0,0.0,
228635,2549,629,,,2549.0,629.0,24.67634366418203,,24.67634366418203
228644,3786,113,930.0,4.0,2856.0,109.0,2.9846804014791335,0.43010752688172044,3.816526610644258
228653,3241,58,545.0,9.0,2696.0,49.0,1.7895711200246838,1.651376146788991,1.817507418397626
228699,4290,29,4290.0,29.0,,,0.6759906759906761,0.6759906759906761,
228705,6864,551,5386.0,72.0,1478.0,479.0,8.027389277389277,1.3367991088005942,32.408660351826796
228723,78321,5439,60710.0,741.0,17611.0,4698.0,6.944497644309955,1.220556745182013,26.676509000056782
228769,44956,4905,32545.0,1521.0,12411.0,3384.0,10.910668208915384,4.673528959901675,27.26613488034808
228778,53864,5227,43165.0,1944.0,10699.0,3283.0,9.704069508391505,4.503648789528554,30.685110758014766
228787,29886,5603,21858.0,1205.0,8028.0,4398.0,18.747908719801913,5.512855705005033,54.78325859491778
228796,25039,1368,21118.0,775.0,3921.0,593.0,5.463476975917569,3.669855099914765,15.123692935475644
228802,10362,319,7683.0,173.0,2679.0,146.0,3.0785562632696393,2.2517245867499676,5.449794699514745
228866,261,5,,,261.0,5.0,1.9157088122605364,,1.9157088122605364
228875,12938,632,11049.0,494.0,1889.0,138.0,4.8848353686814034,4.470992850031677,7.305452620434092
228884,614,19,614.0,19.0,,,3.0944625407166124,3.0944625407166124,
228909,2332,59,41.0,0.0,2291.0,59.0,2.530017152658662,0.0,2.5752946311654297
228981,1423,6,1319.0,6.0,104.0,0.0,0.4216444132115249,0.45489006823351025,0.0
229018,5585,386,4218.0,235.0,1367.0,151.0,6.911369740376007,5.571360834518729,11.046086320409657
229027,35770,992,31127.0,436.0,4643.0,556.0,2.7732736930388593,1.4007132071834743,11.975016153349127
229063,8704,168,6844.0,66.0,1860.0,102.0,1.9301470588235294,0.9643483343074225,5.483870967741936
229115,40757,2911,32580.0,681.0,8177.0,2230.0,7.142331378658881,2.0902394106813995,27.271615506909626
229160,2487,144,1796.0,130.0,691.0,14.0,5.790108564535585,7.2383073496659245,2.0260492040520983
229179,15361,226,10039.0,105.0,5322.0,121.0,1.4712583816157803,1.0459209084570176,2.2735813603908306
229267,2687,134,2518.0,130.0,169.0,4.0,4.986974320803871,5.162827640984909,2.366863905325444
229300,4938,686,465.0,3.0,4473.0,683.0,13.8922640745241,0.6451612903225806,15.26939414263358
229337,5098,68,1482.0,3.0,3616.0,65.0,1.3338564142801097,0.20242914979757085,1.7975663716814159
229355,11885,139,11885.0,139.0,,,1.1695414387883887,1.1695414387883887,
229416,2632,0,2632.0,0.0,,,0.0,0.0,
229425,53,0,53.0,0.0,,,0.0,0.0,
229504,2299,7,2299.0,7.0,,,0.3044802087864289,0.3044802087864289,
229522,73,0,73.0,0.0,,,0.0,0.0,
229540,3276,10,3276.0,10.0,,,0.3052503052503053,0.3052503052503053,
229656,344,1,344.0,1.0,,,0.29069767441860467,0.29069767441860467,
229780,2809,164,2087.0,58.0,722.0,106.0,5.838376646493415,2.7791087685673217,14.681440443213297
229799,6520,2,6520.0,2.0,,,0.030674846625766874,0.030674846625766874,
229814,9045,189,6926.0,106.0,2119.0,83.0,2.0895522388059704,1.5304649148137455,3.9169419537517696
229832,1385,74,1385.0,74.0,,,5.342960288808665,5.342960288808665,
229841,5504,1,5504.0,1.0,,,0.018168604651162792,0.018168604651162792,
229887,783,19,712.0,18.0,71.0,1.0,2.4265644955300125,2.528089887640449,1.4084507042253522
230010,1682,0,1682.0,0.0,,,0.0,0.0,
230038,35873,1261,32952.0,930.0,2921.0,331.0,3.51517854653918,2.822286962855062,11.331735706949676
230047,2906,1762,2906.0,1762.0,,,60.633172746042675,60.633172746042675,
230065,257,0,257.0,0.0,,,0.0,0.0,
230144,70,0,70.0,0.0,,,0.0,0.0,
230162,4188,0,4188.0,0.0,,,0.0,0.0,
230171,13167,223,13006.0,221.0,161.0,2.0,1.6936280094174831,1.6992157465785023,1.2422360248447204
230199,51,0,51.0,0.0,,,0.0,0.0,
230205,66,0,66.0,0.0,,,0.0,0.0,
230214,287,3,287.0,3.0,,,1.0452961672473868,1.0452961672473868,
230366,410,0,363.0,0.0,47.0,0.0,0.0,0.0,0.0
230418,7594,852,7594.0,852.0,,,11.219383723992626,11.219383723992626,
230490,4207,0,4207.0,0.0,,,0.0,0.0,
230597,5577,247,5577.0,247.0,,,4.428904428904429,4.428904428904429,
230603,15444,833,13126.0,763.0,2318.0,70.0,5.393680393680394,5.812890446442176,3.019844693701467
230676,2002,0,2002.0,0.0,,,0.0,0.0,
230728,28904,550,25706.0,225.0,3198.0,325.0,1.9028508164959868,0.8752820353224928,10.16260162601626
230737,46807,779,45810.0,761.0,997.0,18.0,1.6642809836135621,1.6612093429382233,1.8054162487462388
230746,27437,406,27437.0,406.0,,,1.479753617377993,1.479753617377993,
230764,36894,3138,28064.0,1591.0,8830.0,1547.0,8.505448040331762,5.66918472063854,17.519818799547
230782,32701,864,31672.0,819.0,1029.0,45.0,2.6421210360539433,2.5858802727961607,4.373177842565598
230807,1155,53,842.0,40.0,313.0,13.0,4.588744588744588,4.750593824228028,4.15335463258786
230816,927,107,797.0,95.0,130.0,12.0,11.542610571736784,11.91969887076537,9.230769230769232
230852,3259,6,2778.0,6.0,481.0,0.0,0.18410555385087451,0.21598272138228944,0.0
230861,5028,36,5028.0,36.0,,,0.7159904534606205,0.7159904534606205,
230959,2803,365,2760.0,357.0,43.0,8.0,13.021762397431324,12.934782608695652,18.6046511627907
230995,3149,127,2626.0,120.0,523.0,7.0,4.033026357573833,4.56968773800457,1.338432122370937
231004,80,0,80.0,0.0,,,0.0,0.0,
231059,1323,51,1120.0,45.0,203.0,6.0,3.8548752834467117,4.017857142857143,2.955665024630542
231068,644,26,585.0,21.0,59.0,5.0,4.037267080745342,3.5897435897435894,8.47457627118644
231095,57,2,57.0,2.0,,,3.508771929824561,3.508771929824561,
231147,722,4,,,722.0,4.0,0.554016620498615,,0.554016620498615
231165,5093,102,4108.0,94.0,985.0,8.0,2.002748870999411,2.288218111002921,0.8121827411167513
231174,14476,452,12276.0,194.0,2200.0,258.0,3.122409505388229,1.580319322254806,11.727272727272728
231280,169,0,169.0,0.0,,,0.0,0.0,
231411,415,0,415.0,0.0,,,0.0,0.0,
231420,1476,96,1244.0,96.0,232.0,0.0,6.504065040650407,7.717041800643088,0.0
231536,3790,68,3790.0,68.0,,,1.7941952506596308,1.7941952506596308,
231554,959,14,627.0,14.0,332.0,0.0,1.4598540145985401,2.2328548644338118,0.0
231581,1448,50,1407.0,50.0,41.0,0.0,3.4530386740331496,3.553660270078181,0.0
231624,9818,526,7063.0,237.0,2755.0,289.0,5.357506620492972,3.3555146538298173,10.490018148820326
231651,10657,182,5049.0,26.0,5608.0,156.0,1.707797691658065,0.5149534561299267,2.7817403708987163
231688,24,0,24.0,0.0,,,0.0,0.0,
231697,3481,23,3481.0,23.0,,,0.6607296753806378,0.6607296753806378,
231712,4454,18,4369.0,16.0,85.0,2.0,0.4041311180960934,0.3662165255207141,2.3529411764705883
231785,1717,1,1717.0,1.0,,,0.05824111822947001,0.05824111822947001,
231873,989,8,989.0,8.0,,,0.8088978766430739,0.8088978766430739,
231882,2465,34,2465.0,34.0,,,1.3793103448275863,1.3793103448275863,
231970,1216,18,,,1216.0,18.0,1.4802631578947367,,1.4802631578947367
232025,1311,39,1083.0,37.0,228.0,2.0,2.9748283752860414,3.4164358264081254,0.8771929824561403
232043,1154,72,791.0,46.0,363.0,26.0,6.239168110918544,5.815423514538559,7.162534435261708
232052,859,18,859.0,18.0,,,2.0954598370197903,2.0954598370197903,
232089,763,4,724.0,4.0,39.0,0.0,0.5242463958060288,0.5524861878453038,0.0
232186,39766,4259,28334.0,1574.0,11432.0,2685.0,10.710154403259066,5.555163407919814,23.48670398880336
232195,8544,93,8544.0,93.0,,,1.0884831460674158,1.0884831460674158,
232256,946,5,946.0,5.0,,,0.5285412262156448,0.5285412262156448,
232265,4244,68,3728.0,56.0,516.0,12.0,1.6022620169651274,1.502145922746781,2.3255813953488373
232308,761,42,665.0,38.0,96.0,4.0,5.519053876478318,5.714285714285714,4.166666666666666
232414,8681,262,8681.0,262.0,,,3.0180854740237297,3.0180854740237297,
232423,22740,260,20973.0,154.0,1767.0,106.0,1.1433597185576077,0.7342774042816955,5.998868138087153
232450,9380,125,9380.0,125.0,,,1.3326226012793176,1.3326226012793176,
232557,104327,712,52961.0,426.0,51366.0,286.0,0.6824695428795997,0.8043654764826947,0.5567885371646615
232566,4612,87,3314.0,61.0,1298.0,26.0,1.886383347788378,1.8406759203379603,2.0030816640986133
232575,5902,77,5902.0,77.0,,,1.304642494069807,1.304642494069807,
232609,2316,209,1595.0,205.0,721.0,4.0,9.024179620034541,12.852664576802509,0.5547850208044383
232618,219,0,219.0,0.0,,,0.0,0.0,
232672,1772,47,1124.0,32.0,648.0,15.0,2.652370203160271,2.8469750889679712,2.314814814814815
232681,3826,108,3660.0,104.0,166.0,4.0,2.822791427077888,2.841530054644809,2.4096385542168677
232706,4060,312,2503.0,213.0,1557.0,99.0,7.684729064039408,8.509788254095085,6.358381502890173
232724,30,0,30.0,0.0,,,0.0,0.0,
232788,2116,1,2116.0,1.0,,,0.04725897920604915,0.04725897920604915,
232797,770,0,630.0,0.0,140.0,0.0,0.0,0.0,0.0
232867,4254,62,4254.0,62.0,,,1.457451810061119,1.457451810061119,
232885,312,15,251.0,15.0,61.0,0.0,4.807692307692308,5.9760956175298805,0.0
232919,367,0,367.0,0.0,,,0.0,0.0,
232937,6053,405,5410.0,357.0,643.0,48.0,6.690897075830167,6.598890942698706,7.4650077760497675
232946,56457,2435,56457.0,2435.0,,,4.313016986379014,4.313016986379014,
232982,23743,761,17746.0,226.0,5997.0,535.0,3.2051552036389674,1.2735264284909276,8.921127230281806
233019,1908,13,1908.0,13.0,,,0.6813417190775681,0.6813417190775681,
233037,1219,9,1219.0,9.0,,,0.7383100902378998,0.7383100902378998,
233082,151,0,151.0,0.0,,,0.0,0.0,
233116,5263,95,5263.0,95.0,,,1.8050541516245486,1.8050541516245486,
233277,7812,83,6161.0,65.0,1651.0,18.0,1.062467997951869,1.0550235351403991,1.0902483343428226
233286,175,0,175.0,0.0,,,0.0,0.0,
233295,1687,17,1643.0,17.0,44.0,0.0,1.007705986959099,1.0346926354230066,0.0
233301,816,21,694.0,18.0,122.0,3.0,2.5735294117647056,2.5936599423631126,2.459016393442623
233310,2962,24,2962.0,24.0,,,0.8102633355840648,0.8102633355840648,
233329,399,0,399.0,0.0,,,0.0,0.0,
233338,2788,23,2788.0,23.0,,,0.8249641319942611,0.8249641319942611,
233356,591,0,591.0,0.0,,,0.0,0.0,
233374,3722,403,3055.0,376.0,667.0,27.0,10.827512090274046,12.307692307692308,4.0479760119940025
233408,350,0,350.0,0.0,,,0.0,0.0,
233426,1804,68,1793.0,68.0,11.0,0.0,3.7694013303769403,3.7925264919129953,0.0
233480,35,0,35.0,0.0,,,0.0,0.0,
233541,4454,91,2641.0,40.0,1813.0,51.0,2.043107319263583,1.5145778114350625,2.8130170987313843
233602,64,0,64.0,0.0,,,0.0,0.0,
233611,936,13,936.0,13.0,,,1.3888888888888888,1.3888888888888888,
233639,3306,53,3306.0,53.0,,,1.6031457955232908,1.6031457955232908,
233648,2364,9,2364.0,9.0,,,0.3807106598984772,0.3807106598984772,
233666,24,0,24.0,0.0,,,0.0,0.0,
233684,1998,42,1669.0,19.0,329.0,23.0,2.1021021021021022,1.1384062312762133,6.990881458966565
233718,444,38,444.0,38.0,,,8.558558558558559,8.558558558558559,
233754,6410,72,6410.0,72.0,,,1.1232449297971918,1.1232449297971918,
233772,16884,215,16884.0,215.0,,,1.273394930111348,1.273394930111348,
233842,159,15,,,159.0,15.0,9.433962264150944,,9.433962264150944
233897,2167,0,2142.0,0.0,25.0,0.0,0.0,0.0,0.0
233903,2082,8,2082.0,8.0,,,0.38424591738712777,0.38424591738712777,
233921,38857,4171,31035.0,1470.0,7822.0,2701.0,10.734230640553825,4.736587723537941,34.530810534390184
233949,6332,82,6332.0,82.0,,,1.2950094756790902,1.2950094756790902,
234030,28464,1160,21210.0,468.0,7254.0,692.0,4.0753232152894885,2.2065063649222063,9.539564378274056
234076,26409,2543,17885.0,886.0,8524.0,1657.0,9.629293044038018,4.953871959742801,19.439230408259036
234085,1527,30,1527.0,30.0,,,1.9646365422396856,1.9646365422396856,
234119,144,1,144.0,1.0,,,0.6944444444444444,0.6944444444444444,
234137,581,0,126.0,0.0,455.0,0.0,0.0,0.0,0.0
234155,5605,60,5124.0,55.0,481.0,5.0,1.070472792149866,1.0733801717408276,1.0395010395010396
234164,1646,20,1205.0,15.0,441.0,5.0,1.2150668286755772,1.2448132780082988,1.1337868480725624
234173,1853,53,1749.0,53.0,104.0,0.0,2.860226659471128,3.0303030303030303,0.0
234207,2241,174,1886.0,158.0,355.0,16.0,7.764390896921017,8.377518557794273,4.507042253521127
234377,2107,10,2107.0,10.0,,,0.47460844803037494,0.47460844803037494,
234669,12485,839,12485.0,839.0,,,6.720064076892271,6.720064076892271,
234696,2047,3,2047.0,3.0,,,0.14655593551538837,0.14655593551538837,
234711,1857,12,1857.0,12.0,,,0.6462035541195477,0.6462035541195477,
234827,10811,197,10317.0,168.0,494.0,29.0,1.8222181111830542,1.628380343123001,5.870445344129554
234845,2244,3,2244.0,3.0,,,0.1336898395721925,0.1336898395721925,
234915,2007,140,1187.0,39.0,820.0,101.0,6.975585450921774,3.285593934288121,12.317073170731707
234924,256,1,256.0,1.0,,,0.390625,0.390625,
234933,7463,54,7463.0,54.0,,,0.7235696100763768,0.7235696100763768,
234951,3408,22,3408.0,22.0,,,0.6455399061032864,0.6455399061032864,
234979,7510,9,7510.0,9.0,,,0.11984021304926765,0.11984021304926765,
235024,505,10,505.0,10.0,,,1.9801980198019802,1.9801980198019802,
235088,198,1,198.0,1.0,,,0.5050505050505051,0.5050505050505051,
235097,10492,63,6952.0,40.0,3540.0,23.0,0.6004574914220359,0.5753739930955121,0.6497175141242938
235103,6549,520,6549.0,520.0,,,7.940143533363872,7.940143533363872,
235149,6698,174,6698.0,174.0,,,2.597790385189609,2.597790385189609,
235167,2490,6,2276.0,5.0,214.0,1.0,0.24096385542168677,0.21968365553602814,0.46728971962616817
235237,8137,155,8137.0,155.0,,,1.904878948015239,1.904878948015239,
235316,7470,404,5281.0,259.0,2189.0,145.0,5.408299866131191,4.904374171558417,6.624029237094565
235334,1577,0,1577.0,0.0,,,0.0,0.0,
235343,7967,854,7967.0,854.0,,,10.719216769172837,10.719216769172837,
235352,131,0,131.0,0.0,,,0.0,0.0,
235422,937,4,815.0,3.0,122.0,1.0,0.42689434364994666,0.36809815950920244,0.819672131147541
235431,5592,281,5592.0,281.0,,,5.025035765379113,5.025035765379113,
235547,734,20,39.0,0.0,695.0,20.0,2.7247956403269753,0.0,2.877697841726619
235671,4083,9,4083.0,9.0,,,0.2204261572373255,0.2204261572373255,
235699,3564,235,3564.0,235.0,,,6.593714927048261,6.593714927048261,
235750,2724,27,2724.0,27.0,,,0.9911894273127754,0.9911894273127754,
236018,40,0,40.0,0.0,,,0.0,0.0,
236072,5569,233,5569.0,233.0,,,4.183875022445681,4.183875022445681,
236133,1053,136,675.0,66.0,378.0,70.0,12.91547958214625,9.777777777777779,18.51851851851852
236188,5784,53,5784.0,53.0,,,0.9163208852005533,0.9163208852005533,
236212,1072,12,1072.0,12.0,,,1.1194029850746268,1.1194029850746268,
236230,2797,118,2446.0,109.0,351.0,9.0,4.218805863425098,4.456255110384301,2.564102564102564
236258,2153,37,2153.0,37.0,,,1.7185322805387833,1.7185322805387833,
236328,1864,10,1594.0,7.0,270.0,3.0,0.5364806866952789,0.43914680050188204,1.1111111111111112
236382,2824,7,2824.0,7.0,,,0.24787535410764872,0.24787535410764872,
236452,1390,61,1189.0,48.0,201.0,13.0,4.388489208633094,4.037005887300253,6.467661691542288
236504,5210,93,5210.0,93.0,,,1.785028790786948,1.785028790786948,
236513,5396,660,5396.0,660.0,,,12.23128243143069,12.23128243143069,
236577,2261,179,1776.0,124.0,485.0,55.0,7.916850950906679,6.981981981981981,11.34020618556701
236595,7189,862,4078.0,304.0,3111.0,558.0,11.990541104465155,7.454634624816086,17.93635486981678
236610,4477,615,4477.0,615.0,,,13.736877373241011,13.736877373241011,
236638,4028,17,4028.0,17.0,,,0.42204568023833167,0.42204568023833167,
236656,4871,56,4871.0,56.0,,,1.1496612605214533,1.1496612605214533,
236692,6813,62,6813.0,62.0,,,0.9100249522970791,0.9100249522970791,
236708,4319,37,4319.0,37.0,,,0.8566797869877286,0.8566797869877286,
236744,50,0,50.0,0.0,,,0.0,0.0,
236753,6199,203,6199.0,203.0,,,3.2747217293111794,3.2747217293111794,
236887,2967,4,2967.0,4.0,,,0.13481631277384565,0.13481631277384565,
236896,1426,145,1313.0,140.0,113.0,5.0,10.168302945301543,10.662604722010663,4.424778761061947
236939,25685,1290,21455.0,518.0,4230.0,772.0,5.022386606969048,2.4143556280587277,18.250591016548466
236948,56997,7963,40684.0,3924.0,16313.0,4039.0,13.970910749688581,9.645069314718317,24.75939434806596
236975,3067,2,3067.0,2.0,,,0.06521030322791001,0.06521030322791001,
237011,14710,172,13752.0,143.0,958.0,29.0,1.1692726036709722,1.039848749272833,3.02713987473904
237039,3674,25,3674.0,25.0,,,0.6804572672836147,0.6804572672836147,
237057,1561,220,1561.0,220.0,,,14.093529788597053,14.093529788597053,
237066,2314,109,1867.0,100.0,447.0,9.0,4.710458081244598,5.356186395286556,2.013422818791946
237109,3809,2,3809.0,2.0,,,0.05250721974271463,0.05250721974271463,
237127,49,0,49.0,0.0,,,0.0,0.0,
237136,223,7,220.0,7.0,3.0,0.0,3.1390134529147984,3.1818181818181817,0.0
237145,17,0,17.0,0.0,,,0.0,0.0,
237172,78,0,78.0,0.0,,,0.0,0.0,
237181,640,48,615.0,47.0,25.0,1.0,7.5,7.642276422764227,4.0
237215,1141,2,1117.0,2.0,24.0,0.0,0.175284837861525,0.17905102954341987,0.0
237242,51,0,51.0,0.0,,,0.0,0.0,
237303,46,0,46.0,0.0,,,0.0,0.0,
237312,3062,210,2348.0,176.0,714.0,34.0,6.858262573481384,7.495741056218058,4.761904761904762
237321,47,0,47.0,0.0,,,0.0,0.0,
237330,1943,77,1609.0,66.0,334.0,11.0,3.9629439011837366,4.101926662523306,3.293413173652695
237358,661,96,661.0,96.0,,,14.523449319213313,14.523449319213313,
237367,3305,38,3088.0,37.0,217.0,1.0,1.1497730711043872,1.1981865284974091,0.4608294930875576
237385,1765,53,1685.0,50.0,80.0,3.0,3.002832861189802,2.967359050445104,3.75
237437,182,0,182.0,0.0,,,0.0,0.0,
237473,99,0,99.0,0.0,,,0.0,0.0,
237491,18,0,18.0,0.0,,,0.0,0.0,
237525,11958,201,9146.0,96.0,2812.0,105.0,1.6808830908178627,1.0496391865296304,3.733997155049787
237543,120,0,120.0,0.0,,,0.0,0.0,
237561,43,0,43.0,0.0,,,0.0,0.0,
237570,68,0,68.0,0.0,,,0.0,0.0,
237686,2728,14,2728.0,14.0,,,0.5131964809384164,0.5131964809384164,
237701,1077,12,1077.0,12.0,,,1.1142061281337048,1.1142061281337048,
237729,168,0,168.0,0.0,,,0.0,0.0,
237783,1083,114,892.0,92.0,191.0,22.0,10.526315789473683,10.31390134529148,11.518324607329843
237792,3339,26,3032.0,22.0,307.0,4.0,0.7786762503743636,0.7255936675461742,1.3029315960912053
237817,1482,0,1482.0,0.0,,,0.0,0.0,
237844,109,0,109.0,0.0,,,0.0,0.0,
237880,835,0,,,835.0,0.0,0.0,,0.0
237899,3246,92,3110.0,69.0,136.0,23.0,2.8342575477510783,2.2186495176848875,16.911764705882355
237905,64,0,62.0,0.0,2.0,0.0,0.0,0.0,0.0
237932,2299,69,1934.0,53.0,365.0,16.0,3.001304915180513,2.7404343329886243,4.383561643835616
237950,1278,103,1278.0,103.0,,,8.059467918622849,8.059467918622849,
237969,1055,90,971.0,86.0,84.0,4.0,8.530805687203792,8.85684860968074,4.761904761904762
237987,394,0,394.0,0.0,,,0.0,0.0,
237996,673,0,673.0,0.0,,,0.0,0.0,
238005,86,0,86.0,0.0,,,0.0,0.0,
238014,1525,9,1525.0,9.0,,,0.5901639344262295,0.5901639344262295,
238032,23643,984,18206.0,314.0,5437.0,670.0,4.1619083872605,1.7247061408326925,12.322972227331249
238078,774,133,619.0,120.0,155.0,13.0,17.183462532299743,19.38610662358643,8.38709677419355
238096,31,0,31.0,0.0,,,0.0,0.0,
238175,109,0,109.0,0.0,,,0.0,0.0,
238193,1317,59,673.0,7.0,644.0,52.0,4.479878511769172,1.040118870728083,8.074534161490684
238263,13641,245,13610.0,243.0,31.0,2.0,1.7960560076240744,1.7854518736223366,6.451612903225806
238324,927,0,656.0,0.0,271.0,0.0,0.0,0.0,0.0
238333,1004,129,1004.0,129.0,,,12.848605577689243,12.848605577689243,
238397,2811,20,2811.0,20.0,,,0.7114905727499111,0.7114905727499111,
238458,3138,104,2581.0,99.0,557.0,5.0,3.31421287444232,3.8357225881441304,0.8976660682226212
238476,2844,66,2675.0,42.0,169.0,24.0,2.320675105485232,1.5700934579439254,14.201183431952662
238616,5253,1192,2401.0,71.0,2852.0,1121.0,22.69179516466781,2.9571012078300707,39.305750350631136
238661,2459,42,1236.0,14.0,1223.0,28.0,1.7080113867425781,1.132686084142395,2.2894521668029433
238722,10670,54,10670.0,54.0,,,0.5060918462980318,0.5060918462980318,
238759,10100,2,10100.0,2.0,,,0.019801980198019802,0.019801980198019802,
238810,60,0,60.0,0.0,,,0.0,0.0,
238980,2813,17,2411.0,15.0,402.0,2.0,0.6043370067543549,0.6221484861053505,0.4975124378109453
239008,3303,1,3303.0,1.0,,,0.030275507114744173,0.030275507114744173,
239017,1417,159,1417.0,159.0,,,11.22088920254058,11.22088920254058,
239071,960,11,735.0,7.0,225.0,4.0,1.1458333333333333,0.9523809523809524,1.7777777777777777
239080,1246,56,1021.0,55.0,225.0,1.0,4.49438202247191,5.386875612144956,0.4444444444444444
239105,11746,399,8045.0,129.0,3701.0,270.0,3.396901072705602,1.603480422622747,7.295325587679005
239169,1677,140,,,1677.0,140.0,8.348240906380441,,8.348240906380441
239220,3144,0,3144.0,0.0,,,0.0,0.0,
239248,13792,142,13792.0,142.0,,,1.0295823665893271,1.0295823665893271,
239309,838,2,838.0,2.0,,,0.23866348448687352,0.23866348448687352,
239318,2953,140,2704.0,127.0,249.0,13.0,4.740941415509651,4.696745562130177,5.220883534136546
239372,4171,24,4171.0,24.0,,,0.5754015823543515,0.5754015823543515,
239390,1182,13,752.0,9.0,430.0,4.0,1.0998307952622675,1.196808510638298,0.9302325581395349
239424,143,5,,,143.0,5.0,3.4965034965034967,,3.4965034965034967
239442,1384,0,1384.0,0.0,,,0.0,0.0,
239460,6746,7,6746.0,7.0,,,0.10376519418914913,0.10376519418914913,
239488,11826,0,11826.0,0.0,,,0.0,0.0,
239512,286,21,286.0,21.0,,,7.3426573426573425,7.3426573426573425,
239628,709,12,696.0,12.0,13.0,0.0,1.692524682651622,1.7241379310344827,0.0
239637,128,14,,,128.0,14.0,10.9375,,10.9375
239716,2032,30,1970.0,29.0,62.0,1.0,1.4763779527559056,1.4720812182741116,1.6129032258064515
239877,57,0,57.0,0.0,,,0.0,0.0,
239910,2849,0,2849.0,0.0,,,0.0,0.0,
240107,2094,54,1299.0,27.0,795.0,27.0,2.5787965616045847,2.0785219399538106,3.3962264150943398
240116,8330,0,8330.0,0.0,,,0.0,0.0,
240125,8367,13,8367.0,13.0,,,0.15537229592446516,0.15537229592446516,
240170,3625,0,3625.0,0.0,,,0.0,0.0,
240189,11746,56,10084.0,50.0,1662.0,6.0,0.47675804529201427,0.4958349861166204,0.36101083032490977
240198,2940,2,2940.0,2.0,,,0.06802721088435373,0.06802721088435373,
240213,78,0,,,78.0,0.0,0.0,,0.0
240268,10049,240,9351.0,219.0,698.0,21.0,2.3882973430192056,2.3419955085017645,3.0085959885386817
240277,11174,200,10632.0,186.0,542.0,14.0,1.7898693395382137,1.7494356659142212,2.5830258302583027
240329,10446,87,9501.0,77.0,945.0,10.0,0.832854681217691,0.8104410062098727,1.0582010582010581
240338,1027,8,957.0,6.0,70.0,2.0,0.7789678675754625,0.6269592476489028,2.857142857142857
240365,12953,160,11994.0,152.0,959.0,8.0,1.235235080676291,1.2673003168250792,0.8342022940563086
240374,3925,97,3184.0,58.0,741.0,39.0,2.4713375796178343,1.8216080402010049,5.263157894736842
240392,5274,0,2521.0,0.0,2753.0,0.0,0.0,0.0,0.0
240417,6926,343,6136.0,302.0,790.0,41.0,4.952353450765233,4.921773142112125,5.189873417721519
240426,2833,201,2037.0,198.0,796.0,3.0,7.0949523473349805,9.72017673048601,0.37688442211055273
240444,51044,7955,38040.0,4101.0,13004.0,3854.0,15.584593683880573,10.780757097791797,29.637034758535837
240453,22450,1363,18288.0,393.0,4162.0,970.0,6.071269487750556,2.1489501312335957,23.306102835175395
240462,6389,79,6045.0,43.0,344.0,36.0,1.2365002347785254,0.7113316790736146,10.465116279069768
240471,5243,54,4880.0,49.0,363.0,5.0,1.0299446881556362,1.0040983606557377,1.3774104683195594
240480,8233,35,7490.0,30.0,743.0,5.0,0.42511842584720033,0.4005340453938585,0.6729475100942126
240505,3403,58,3403.0,58.0,,,1.7043784895680283,1.7043784895680283,
240514,2205,55,2205.0,55.0,,,2.494331065759637,2.494331065759637,
240596,1457,23,1457.0,23.0,,,1.578586135895676,1.578586135895676,
240620,4193,28,4193.0,28.0,,,0.667779632721202,0.667779632721202,
240657,1486,105,1486.0,105.0,,,7.065948855989233,7.065948855989233,
240666,3534,29,3534.0,29.0,,,0.8205998868138087,0.8205998868138087,
240693,2653,19,2653.0,19.0,,,0.7161703731624576,0.7161703731624576,
240709,47,0,47.0,0.0,,,0.0,0.0,
240718,1335,4,1335.0,4.0,,,0.299625468164794,0.299625468164794,
240727,10813,586,8130.0,149.0,2683.0,437.0,5.4194025709793765,1.8327183271832719,16.28773760715617
240736,843,89,843.0,89.0,,,10.55753262158956,10.55753262158956,
240745,1430,0,1430.0,0.0,,,0.0,0.0,
240754,2896,8,2549.0,8.0,347.0,0.0,0.2762430939226519,0.3138485680659082,0.0
240790,1239,118,1239.0,118.0,,,9.523809523809524,9.523809523809524,
240879,93,0,93.0,0.0,,,0.0,0.0,
241146,168,0,168.0,0.0,,,0.0,0.0,
241182,286,0,286.0,0.0,,,0.0,0.0,
241191,939,34,848.0,32.0,91.0,2.0,3.62087326943557,3.7735849056603774,2.197802197802198
241216,1540,0,1451.0,0.0,89.0,0.0,0.0,0.0,0.0
241225,698,8,563.0,5.0,135.0,3.0,1.146131805157593,0.8880994671403196,2.2222222222222223
241304,2676,0,2362.0,0.0,314.0,0.0,0.0,0.0,0.0
241331,2504,19,729.0,0.0,1775.0,19.0,0.7587859424920127,0.0,1.0704225352112675
241377,957,0,697.0,0.0,260.0,0.0,0.0,0.0,0.0
241386,127,0,112.0,0.0,15.0,0.0,0.0,0.0,0.0
241395,640,0,298.0,0.0,342.0,0.0,0.0,0.0,0.0
241410,5568,26,4006.0,16.0,1562.0,10.0,0.4669540229885058,0.399400898652022,0.6402048655569782
241517,119,0,119.0,0.0,,,0.0,0.0,
241614,266,0,174.0,0.0,92.0,0.0,0.0,0.0,0.0
241720,491,0,491.0,0.0,,,0.0,0.0,
241739,6097,0,4612.0,0.0,1485.0,0.0,0.0,0.0,0.0
241766,347,3,317.0,3.0,30.0,0.0,0.8645533141210375,0.9463722397476341,0.0
241793,358,0,,,358.0,0.0,0.0,,0.0
241836,1065,0,1034.0,0.0,31.0,0.0,0.0,0.0,0.0
241906,237,0,237.0,0.0,,,0.0,0.0,
241951,466,0,466.0,0.0,,,0.0,0.0,
242042,323,0,323.0,0.0,,,0.0,0.0,
242112,430,0,430.0,0.0,,,0.0,0.0,
242121,173,0,173.0,0.0,,,0.0,0.0,
242130,339,0,339.0,0.0,,,0.0,0.0,
242149,373,0,373.0,0.0,,,0.0,0.0,
242556,216,0,216.0,0.0,,,0.0,0.0,
242583,179,0,179.0,0.0,,,0.0,0.0,
242617,3114,0,2613.0,0.0,501.0,0.0,0.0,0.0,0.0
242626,3161,0,2970.0,0.0,191.0,0.0,0.0,0.0,0.0
242635,2624,0,2425.0,0.0,199.0,0.0,0.0,0.0,0.0
242644,1020,0,947.0,0.0,73.0,0.0,0.0,0.0,0.0
242653,4101,0,2711.0,0.0,1390.0,0.0,0.0,0.0,0.0
242662,2925,0,2436.0,0.0,489.0,0.0,0.0,0.0,0.0
242680,1197,0,1109.0,0.0,88.0,0.0,0.0,0.0,0.0
242699,2487,0,2398.0,0.0,89.0,0.0,0.0,0.0,0.0
242705,3556,0,3508.0,0.0,48.0,0.0,0.0,0.0,0.0
242723,692,0,,,692.0,0.0,0.0,,0.0
242820,431,0,431.0,0.0,,,0.0,0.0,
242945,156,0,156.0,0.0,,,0.0,0.0,
242954,76,0,76.0,0.0,,,0.0,0.0,
242972,30794,4,28974.0,4.0,1820.0,0.0,0.012989543417548873,0.013805480775868021,0.0
243081,970,0,,,970.0,0.0,0.0,,0.0
243106,1928,0,1928.0,0.0,,,0.0,0.0,
243115,2704,0,2689.0,0.0,15.0,0.0,0.0,0.0,0.0
243133,2851,0,2851.0,0.0,,,0.0,0.0,
243142,2576,0,2576.0,0.0,,,0.0,0.0,
243151,2093,0,2093.0,0.0,,,0.0,0.0,
243179,2577,1,2577.0,1.0,,,0.038804811796662786,0.038804811796662786,
243188,334,0,334.0,0.0,,,0.0,0.0,
243197,10618,272,9764.0,7.0,854.0,265.0,2.5616877001318517,0.07169192953707497,31.030444964871194
243203,1944,0,233.0,0.0,1711.0,0.0,0.0,0.0,0.0
243212,2373,0,2373.0,0.0,,,0.0,0.0,
243221,11312,0,8710.0,0.0,2602.0,0.0,0.0,0.0,0.0
243346,5185,0,4564.0,0.0,621.0,0.0,0.0,0.0,0.0
243443,5037,0,4494.0,0.0,543.0,0.0,0.0,0.0,0.0
243498,135,0,,,135.0,0.0,0.0,,0.0
243568,604,0,90.0,0.0,514.0,0.0,0.0,0.0,0.0
243577,4223,0,3670.0,0.0,553.0,0.0,0.0,0.0,0.0
243586,679,1,581.0,1.0,98.0,0.0,0.14727540500736377,0.17211703958691912,0.0
243601,9909,0,7906.0,0.0,2003.0,0.0,0.0,0.0,0.0
243638,1729,0,1729.0,0.0,,,0.0,0.0,
243647,393,0,393.0,0.0,,,0.0,0.0,
243665,1792,138,1569.0,112.0,223.0,26.0,7.700892857142858,7.138304652644997,11.659192825112108
243744,18625,4790,7904.0,965.0,10721.0,3825.0,25.718120805369125,12.209008097165992,35.67764201100644
243780,58658,9967,44819.0,4429.0,13839.0,5538.0,16.991714685123938,9.881969700350297,40.01734229351832
243823,2308,24,621.0,5.0,1687.0,19.0,1.0398613518197575,0.8051529790660225,1.1262596324836989
243832,1513,0,1414.0,0.0,99.0,0.0,0.0,0.0,0.0
243841,439,0,439.0,0.0,,,0.0,0.0,
244233,305,0,305.0,0.0,,,0.0,0.0,
244279,163,0,163.0,0.0,,,0.0,0.0,
244437,17437,983,17437.0,983.0,,,5.637437632620291,5.637437632620291,
244446,3282,46,3282.0,46.0,,,1.401584399756246,1.401584399756246,
244613,443,1,443.0,1.0,,,0.2257336343115124,0.2257336343115124,
245281,98,0,98.0,0.0,,,0.0,0.0,
245625,944,9,944.0,9.0,,,0.9533898305084746,0.9533898305084746,
245652,467,53,368.0,45.0,99.0,8.0,11.349036402569594,12.228260869565217,8.080808080808081
245777,61,0,61.0,0.0,,,0.0,0.0,
245838,910,15,60.0,4.0,850.0,11.0,1.6483516483516485,6.666666666666667,1.2941176470588236
245847,263,9,55.0,4.0,208.0,5.0,3.4220532319391634,7.2727272727272725,2.403846153846154
245865,992,15,,,992.0,15.0,1.5120967741935485,,1.5120967741935485
245883,771,19,74.0,0.0,697.0,19.0,2.4643320363164722,0.0,2.72596843615495
245892,486,5,77.0,1.0,409.0,4.0,1.02880658436214,1.2987012987012987,0.9779951100244498
245953,2397,104,1806.0,89.0,591.0,15.0,4.3387567793074675,4.9280177187153935,2.5380710659898478
245962,389,0,389.0,0.0,,,0.0,0.0,
245980,38,0,38.0,0.0,,,0.0,0.0,
245999,2834,0,2834.0,0.0,,,0.0,0.0,
246017,1159,0,1159.0,0.0,,,0.0,0.0,
246035,254,1,254.0,1.0,,,0.39370078740157477,0.39370078740157477,
246071,113,0,113.0,0.0,,,0.0,0.0,
246354,12395,8,12395.0,8.0,,,0.0645421540943929,0.0645421540943929,
246415,39,0,39.0,0.0,,,0.0,0.0,
246460,122,1,122.0,1.0,,,0.819672131147541,0.819672131147541,
246789,155,7,,,155.0,7.0,4.516129032258064,,4.516129032258064
246813,4459,32,4459.0,32.0,,,0.717649697241534,0.717649697241534,
246895,595,0,595.0,0.0,,,0.0,0.0,
246974,326,2,326.0,2.0,,,0.6134969325153374,0.6134969325153374,
247010,92,0,92.0,0.0,,,0.0,0.0,
247047,111,0,111.0,0.0,,,0.0,0.0,
247065,536,2,536.0,2.0,,,0.3731343283582089,0.3731343283582089,
247153,196,0,196.0,0.0,,,0.0,0.0,
247162,63,0,11.0,0.0,52.0,0.0,0.0,0.0,0.0
247409,84,0,84.0,0.0,,,0.0,0.0,
247603,2247,37,2247.0,37.0,,,1.6466399643969738,1.6466399643969738,
247649,672,5,604.0,5.0,68.0,0.0,0.744047619047619,0.8278145695364238,0.0
247773,75,0,75.0,0.0,,,0.0,0.0,
247834,39548,2689,39548.0,2689.0,,,6.7993324567614035,6.7993324567614035,
247940,4875,0,4875.0,0.0,,,0.0,0.0,
248192,17,0,17.0,0.0,,,0.0,0.0,
248527,93,0,93.0,0.0,,,0.0,0.0,
248606,1403,0,1403.0,0.0,,,0.0,0.0,
248624,71,0,71.0,0.0,,,0.0,0.0,
248633,60,0,60.0,0.0,,,0.0,0.0,
248660,87,0,87.0,0.0,,,0.0,0.0,
248703,273,0,273.0,0.0,,,0.0,0.0,
248925,1101,54,1101.0,54.0,,,4.904632152588556,4.904632152588556,
248934,12572,25,12164.0,24.0,408.0,1.0,0.1988545975182946,0.19730351857941467,0.24509803921568626
249061,52,0,52.0,0.0,,,0.0,0.0,
249238,288,1,288.0,1.0,,,0.3472222222222222,0.3472222222222222,
249609,15,0,15.0,0.0,,,0.0,0.0,
250027,518,0,518.0,0.0,,,0.0,0.0,
250285,385,2,385.0,2.0,,,0.5194805194805194,0.5194805194805194,
250744,437,0,437.0,0.0,,,0.0,0.0,
250902,88,0,88.0,0.0,,,0.0,0.0,
250993,518,0,518.0,0.0,,,0.0,0.0,
251260,5063,1,5063.0,1.0,,,0.019751135690302193,0.019751135690302193,
251312,504,6,450.0,5.0,54.0,1.0,1.1904761904761905,1.1111111111111112,1.8518518518518516
260363,16,0,16.0,0.0,,,0.0,0.0,
260372,204,0,196.0,0.0,8.0,0.0,0.0,0.0,0.0
260664,191,0,191.0,0.0,,,0.0,0.0,
260691,705,0,705.0,0.0,,,0.0,0.0,
260789,570,0,570.0,0.0,,,0.0,0.0,
260929,183,0,183.0,0.0,,,0.0,0.0,
260965,97,0,97.0,0.0,,,0.0,0.0,
261436,777,1,777.0,1.0,,,0.1287001287001287,0.1287001287001287,
261676,39,0,39.0,0.0,,,0.0,0.0,
261685,51,0,51.0,0.0,,,0.0,0.0,
261719,164,0,164.0,0.0,,,0.0,0.0,
261773,32,0,32.0,0.0,,,0.0,0.0,
262031,6143,168,6143.0,168.0,,,2.734820120462315,2.734820120462315,
262086,8996,142,5090.0,2.0,3906.0,140.0,1.578479324144064,0.03929273084479371,3.584229390681003
262129,881,115,852.0,112.0,29.0,3.0,13.053348467650396,13.145539906103288,10.344827586206897
262165,36,0,36.0,0.0,,,0.0,0.0,
262341,692,0,692.0,0.0,,,0.0,0.0,
262457,447,2,447.0,2.0,,,0.44742729306487694,0.44742729306487694,
262466,12,1,12.0,1.0,,,8.333333333333332,8.333333333333332,
362700,283,0,283.0,0.0,,,0.0,0.0,
363013,38,0,38.0,0.0,,,0.0,0.0,
363147,339,1,339.0,1.0,,,0.2949852507374631,0.2949852507374631,
363165,1626,0,1626.0,0.0,,,0.0,0.0,
363633,743,0,743.0,0.0,,,0.0,0.0,
363679,182,0,182.0,0.0,,,0.0,0.0,
363712,60,9,60.0,9.0,,,15.0,15.0,
363882,73,0,73.0,0.0,,,0.0,0.0,
363907,591,0,432.0,0.0,159.0,0.0,0.0,0.0,0.0
363916,192,0,171.0,0.0,21.0,0.0,0.0,0.0,0.0
363934,933,4,855.0,1.0,78.0,3.0,0.4287245444801715,0.11695906432748539,3.8461538461538463
364016,6148,64,6148.0,64.0,,,1.040988939492518,1.040988939492518,
364025,15085,135,15085.0,135.0,,,0.8949287371561153,0.8949287371561153,
364548,314,0,314.0,0.0,,,0.0,0.0,
364575,28,0,28.0,0.0,,,0.0,0.0,
364627,420,0,420.0,0.0,,,0.0,0.0,
364636,168,0,168.0,0.0,,,0.0,0.0,
364946,358,0,358.0,0.0,,,0.0,0.0,
364964,15,0,15.0,0.0,,,0.0,0.0,
365091,246,1,246.0,1.0,,,0.40650406504065045,0.40650406504065045,
365125,193,0,193.0,0.0,,,0.0,0.0,
365198,679,0,679.0,0.0,,,0.0,0.0,
365213,632,0,632.0,0.0,,,0.0,0.0,
365240,12,0,12.0,0.0,,,0.0,0.0,
365374,2197,0,2197.0,0.0,,,0.0,0.0,
365383,85,0,85.0,0.0,,,0.0,0.0,
365480,1009,0,1009.0,0.0,,,0.0,0.0,
365505,27,0,27.0,0.0,,,0.0,0.0,
365693,161,0,161.0,0.0,,,0.0,0.0,
365763,36,0,36.0,0.0,,,0.0,0.0,
365824,130,0,130.0,0.0,,,0.0,0.0,
365833,134,1,134.0,1.0,,,0.7462686567164178,0.7462686567164178,
366003,471,149,373.0,122.0,98.0,27.0,31.634819532908704,32.707774798927616,27.55102040816326
366155,35,0,35.0,0.0,,,0.0,0.0,
366191,1156,1,1156.0,1.0,,,0.08650519031141869,0.08650519031141869,
366252,4575,4,4526.0,1.0,49.0,3.0,0.08743169398907104,0.02209456473707468,6.122448979591836
366261,254,0,254.0,0.0,,,0.0,0.0,
366270,326,0,326.0,0.0,,,0.0,0.0,
366340,292,3,292.0,3.0,,,1.0273972602739725,1.0273972602739725,
366368,106,40,,,106.0,40.0,37.735849056603776,,37.735849056603776
366395,19973,143,19973.0,143.0,,,0.7159665548490463,0.7159665548490463,
366401,8103,95,8103.0,95.0,,,1.172405281994323,1.172405281994323,
366465,2300,8,2300.0,8.0,,,0.34782608695652173,0.34782608695652173,
366535,257,0,257.0,0.0,,,0.0,0.0,
366553,550,3,550.0,3.0,,,0.5454545454545455,0.5454545454545455,
366571,21,0,21.0,0.0,,,0.0,0.0,
366623,287,0,287.0,0.0,,,0.0,0.0,
366711,16237,173,14977.0,139.0,1260.0,34.0,1.0654677588224426,0.9280897375976498,2.6984126984126986
367088,109,0,109.0,0.0,,,0.0,0.0,
367103,101,0,101.0,0.0,,,0.0,0.0,
367112,8,0,8.0,0.0,,,0.0,0.0,
367158,75,0,75.0,0.0,,,0.0,0.0,
367361,65,0,65.0,0.0,,,0.0,0.0,
367431,15,0,15.0,0.0,,,0.0,0.0,
367459,8412,22,8412.0,22.0,,,0.26153114598193056,0.26153114598193056,
367875,695,0,695.0,0.0,,,0.0,0.0,
367954,4370,15,,,4370.0,15.0,0.34324942791762014,,0.34324942791762014
367972,353,0,353.0,0.0,,,0.0,0.0,
367981,86,0,86.0,0.0,,,0.0,0.0,
368230,164,0,164.0,0.0,,,0.0,0.0,
368364,332,0,332.0,0.0,,,0.0,0.0,
368407,23,0,23.0,0.0,,,0.0,0.0,
368452,247,0,247.0,0.0,,,0.0,0.0,
368629,471,0,471.0,0.0,,,0.0,0.0,
368647,14,0,14.0,0.0,,,0.0,0.0,
368771,209,0,209.0,0.0,,,0.0,0.0,
368832,43,0,43.0,0.0,,,0.0,0.0,
368911,1903,10,1903.0,10.0,,,0.5254860746190226,0.5254860746190226,
369002,273,0,,,273.0,0.0,0.0,,0.0
369400,788,0,788.0,0.0,,,0.0,0.0,
369419,581,0,581.0,0.0,,,0.0,0.0,
369446,55,5,55.0,5.0,,,9.090909090909092,9.090909090909092,
369455,183,0,183.0,0.0,,,0.0,0.0,
369516,153,0,144.0,0.0,9.0,0.0,0.0,0.0,0.0
369668,171,2,171.0,2.0,,,1.1695906432748537,1.1695906432748537,
369686,305,0,305.0,0.0,,,0.0,0.0,
369783,256,0,256.0,0.0,,,0.0,0.0,
369950,89,0,89.0,0.0,,,0.0,0.0,
371052,315,0,315.0,0.0,,,0.0,0.0,
371690,953,0,953.0,0.0,,,0.0,0.0,
371830,91,0,91.0,0.0,,,0.0,0.0,
371928,101,0,101.0,0.0,,,0.0,0.0,
371964,515,0,515.0,0.0,,,0.0,0.0,
372028,71,0,71.0,0.0,,,0.0,0.0,
372073,174,0,157.0,0.0,17.0,0.0,0.0,0.0,0.0
372082,71,0,71.0,0.0,,,0.0,0.0,
372240,44,0,44.0,0.0,,,0.0,0.0,
372329,297,1,297.0,1.0,,,0.33670033670033667,0.33670033670033667,
372356,162,0,162.0,0.0,,,0.0,0.0,
372462,50,0,50.0,0.0,,,0.0,0.0,
372921,607,0,607.0,0.0,,,0.0,0.0,
373085,42,0,42.0,0.0,,,0.0,0.0,
373216,103,0,103.0,0.0,,,0.0,0.0,
373456,32,0,32.0,0.0,,,0.0,0.0,
373526,282,0,282.0,0.0,,,0.0,0.0,
373678,87,0,87.0,0.0,,,0.0,0.0,
373696,109,0,109.0,0.0,,,0.0,0.0,
373711,70,8,70.0,8.0,,,11.428571428571429,11.428571428571429,
373784,563,0,563.0,0.0,,,0.0,0.0,
374024,275,0,,,275.0,0.0,0.0,,0.0
374316,71,0,71.0,0.0,,,0.0,0.0,
374343,58,0,58.0,0.0,,,0.0,0.0,
374574,782,0,782.0,0.0,,,0.0,0.0,
374592,67,0,67.0,0.0,,,0.0,0.0,
375230,226,0,226.0,0.0,,,0.0,0.0,
375373,126,0,126.0,0.0,,,0.0,0.0,
375407,81,0,81.0,0.0,,,0.0,0.0,
375416,197,0,197.0,0.0,,,0.0,0.0,
375568,101,0,101.0,0.0,,,0.0,0.0,
375656,192,0,192.0,0.0,,,0.0,0.0,
375683,860,0,860.0,0.0,,,0.0,0.0,
375726,540,0,540.0,0.0,,,0.0,0.0,
375939,32,0,32.0,0.0,,,0.0,0.0,
375966,180,0,180.0,0.0,,,0.0,0.0,
375984,279,0,279.0,0.0,,,0.0,0.0,
376224,161,0,161.0,0.0,,,0.0,0.0,
376242,56,0,56.0,0.0,,,0.0,0.0,
376288,210,0,210.0,0.0,,,0.0,0.0,
376330,212,0,212.0,0.0,,,0.0,0.0,
376385,149,0,149.0,0.0,,,0.0,0.0,
376446,58,0,58.0,0.0,,,0.0,0.0,
376631,20,0,20.0,0.0,,,0.0,0.0,
376695,1011,0,1011.0,0.0,,,0.0,0.0,
377111,154,0,154.0,0.0,,,0.0,0.0,
377193,24,0,24.0,0.0,,,0.0,0.0,
377218,88,0,88.0,0.0,,,0.0,0.0,
377272,12,0,12.0,0.0,,,0.0,0.0,
377281,77,0,77.0,0.0,,,0.0,0.0,
377315,40,0,40.0,0.0,,,0.0,0.0,
377449,203,0,203.0,0.0,,,0.0,0.0,
377458,163,0,163.0,0.0,,,0.0,0.0,
377485,55,0,55.0,0.0,,,0.0,0.0,
377546,139,0,139.0,0.0,,,0.0,0.0,
377555,6058,298,5472.0,158.0,586.0,140.0,4.919115219544404,2.8874269005847952,23.890784982935152
377564,4965,208,4207.0,73.0,758.0,135.0,4.18932527693857,1.7352032327073923,17.810026385224276
377643,111,0,111.0,0.0,,,0.0,0.0,
377652,165,0,165.0,0.0,,,0.0,0.0,
377661,765,0,765.0,0.0,,,0.0,0.0,
377722,324,1,324.0,1.0,,,0.30864197530864196,0.30864197530864196,
377759,148,0,148.0,0.0,,,0.0,0.0,
378105,631,0,631.0,0.0,,,0.0,0.0,
378576,786,52,156.0,6.0,630.0,46.0,6.615776081424936,3.8461538461538463,7.301587301587302
378886,253,0,253.0,0.0,,,0.0,0.0,
378956,713,2,713.0,2.0,,,0.2805049088359046,0.2805049088359046,
379621,113,0,113.0,0.0,,,0.0,0.0,
379746,631,0,631.0,0.0,,,0.0,0.0,
379782,271,0,271.0,0.0,,,0.0,0.0,
380067,198,0,198.0,0.0,,,0.0,0.0,
380359,698,0,698.0,0.0,,,0.0,0.0,
380368,1789,0,1789.0,0.0,,,0.0,0.0,
380377,636,1,636.0,1.0,,,0.15723270440251574,0.15723270440251574,
380438,669,0,669.0,0.0,,,0.0,0.0,
381255,96,0,96.0,0.0,,,0.0,0.0,
381282,95,0,95.0,0.0,,,0.0,0.0,
381325,142,0,142.0,0.0,,,0.0,0.0,
381352,89,6,,,89.0,6.0,6.741573033707865,,6.741573033707865
381370,230,0,230.0,0.0,,,0.0,0.0,
381404,415,0,415.0,0.0,,,0.0,0.0,
381459,296,11,,,296.0,11.0,3.7162162162162162,,3.7162162162162162
381486,22,0,22.0,0.0,,,0.0,0.0,
381699,46,0,46.0,0.0,,,0.0,0.0,
381732,52,0,52.0,0.0,,,0.0,0.0,
382258,172,0,172.0,0.0,,,0.0,0.0,
382416,80,0,80.0,0.0,,,0.0,0.0,
382461,43,0,43.0,0.0,,,0.0,0.0,
382780,96,0,96.0,0.0,,,0.0,0.0,
382911,47,0,47.0,0.0,,,0.0,0.0,
382957,502,0,502.0,0.0,,,0.0,0.0,
383020,37,0,1.0,0.0,36.0,0.0,0.0,0.0,0.0
383084,491,0,491.0,0.0,,,0.0,0.0,
383163,106,0,106.0,0.0,,,0.0,0.0,
383190,2289,36,2289.0,36.0,,,1.5727391874180863,1.5727391874180863,
383279,190,6,190.0,6.0,,,3.1578947368421053,3.1578947368421053,
383297,232,6,232.0,6.0,,,2.586206896551724,2.586206896551724,
383312,80,0,80.0,0.0,,,0.0,0.0,
383330,88,0,88.0,0.0,,,0.0,0.0,
383367,220,0,220.0,0.0,,,0.0,0.0,
383464,32,0,32.0,0.0,,,0.0,0.0,
383525,24,0,24.0,0.0,,,0.0,0.0,
383765,98,0,98.0,0.0,,,0.0,0.0,
383996,773,21,773.0,21.0,,,2.716688227684347,2.716688227684347,
384236,1045,0,1045.0,0.0,,,0.0,0.0,
384245,1201,0,1201.0,0.0,,,0.0,0.0,
384254,531,8,531.0,8.0,,,1.5065913370998116,1.5065913370998116,
384306,115,1,,,115.0,1.0,0.8695652173913043,,0.8695652173913043
384333,10109,22,10109.0,22.0,,,0.2176278563656148,0.2176278563656148,
384342,4855,70,4855.0,70.0,,,1.4418125643666324,1.4418125643666324,
384412,1241,100,809.0,19.0,432.0,81.0,8.058017727639001,2.3485784919653896,18.75
384421,115,4,115.0,4.0,,,3.4782608695652173,3.4782608695652173,
385132,163,2,163.0,2.0,,,1.2269938650306749,1.2269938650306749,
385415,1424,44,,,1424.0,44.0,3.089887640449438,,3.089887640449438
385503,372,0,372.0,0.0,,,0.0,0.0,
385619,3242,5,2789.0,2.0,453.0,3.0,0.15422578655151142,0.07171029042667623,0.6622516556291391
386153,449,0,449.0,0.0,,,0.0,0.0,
386472,717,0,714.0,0.0,3.0,0.0,0.0,0.0,0.0
388520,419,26,419.0,26.0,,,6.205250596658711,6.205250596658711,
389860,356,0,356.0,0.0,,,0.0,0.0,
390905,300,0,300.0,0.0,,,0.0,0.0,
391005,90,0,90.0,0.0,,,0.0,0.0,
391759,16,0,16.0,0.0,,,0.0,0.0,
392257,4530,4,4530.0,4.0,,,0.08830022075055188,0.08830022075055188,
392354,14,1,14.0,1.0,,,7.142857142857142,7.142857142857142,
392415,455,0,455.0,0.0,,,0.0,0.0,
393649,1332,0,1332.0,0.0,,,0.0,0.0,
393861,442,21,442.0,21.0,,,4.751131221719457,4.751131221719457,
395362,2019,0,2019.0,0.0,,,0.0,0.0,
395690,264,0,264.0,0.0,,,0.0,0.0,
397942,1009,0,1009.0,0.0,,,0.0,0.0,
399212,11897,92,11897.0,92.0,,,0.7733041943347062,0.7733041943347062,
399869,510,0,510.0,0.0,,,0.0,0.0,
399911,495,277,484.0,268.0,11.0,9.0,55.959595959595966,55.371900826446286,81.81818181818183
400080,989,0,989.0,0.0,,,0.0,0.0,
400187,346,5,346.0,5.0,,,1.4450867052023122,1.4450867052023122,
400558,78,0,78.0,0.0,,,0.0,0.0,
401223,510,263,207.0,57.0,303.0,206.0,51.5686274509804,27.536231884057973,67.98679867986799
401250,166,1,,,166.0,1.0,0.6024096385542169,,0.6024096385542169
401764,162,3,162.0,3.0,,,1.8518518518518516,1.8518518518518516,
402563,155,0,155.0,0.0,,,0.0,0.0,
402800,126,0,126.0,0.0,,,0.0,0.0,
404055,282,0,282.0,0.0,,,0.0,0.0,
404222,213,0,,,213.0,0.0,0.0,,0.0
404338,59,51,43.0,39.0,16.0,12.0,86.4406779661017,90.69767441860465,75.0
404426,2524,0,2524.0,0.0,,,0.0,0.0,
404684,339,0,339.0,0.0,,,0.0,0.0,
404718,265,0,265.0,0.0,,,0.0,0.0,
404912,664,0,664.0,0.0,,,0.0,0.0,
405012,86,0,86.0,0.0,,,0.0,0.0,
405058,157,3,157.0,3.0,,,1.910828025477707,1.910828025477707,
405076,578,0,578.0,0.0,,,0.0,0.0,
405854,232,0,232.0,0.0,,,0.0,0.0,
405872,3337,19,3337.0,19.0,,,0.5693736889421637,0.5693736889421637,
406024,1465,0,1465.0,0.0,,,0.0,0.0,
406033,2953,0,2953.0,0.0,,,0.0,0.0,
406149,82,0,82.0,0.0,,,0.0,0.0,
406325,166,0,166.0,0.0,,,0.0,0.0,
406361,31,0,31.0,0.0,,,0.0,0.0,
406422,98,0,98.0,0.0,,,0.0,0.0,
406486,50,0,50.0,0.0,,,0.0,0.0,
407090,337,1,337.0,1.0,,,0.2967359050445104,0.2967359050445104,
407142,125,0,125.0,0.0,,,0.0,0.0,
407151,66,0,66.0,0.0,,,0.0,0.0,
407179,95,0,95.0,0.0,,,0.0,0.0,
407355,241,0,241.0,0.0,,,0.0,0.0,
407434,56,0,56.0,0.0,,,0.0,0.0,
407461,115,0,115.0,0.0,,,0.0,0.0,
407470,168,0,168.0,0.0,,,0.0,0.0,
407489,80,0,80.0,0.0,,,0.0,0.0,
407513,145,0,145.0,0.0,,,0.0,0.0,
407522,63,0,63.0,0.0,,,0.0,0.0,
407568,129,0,129.0,0.0,,,0.0,0.0,
407577,175,0,175.0,0.0,,,0.0,0.0,
407610,22,0,22.0,0.0,,,0.0,0.0,
407629,4133,3,4.0,0.0,4129.0,3.0,0.07258649891120252,0.0,0.07265681763138775
407683,87,0,87.0,0.0,,,0.0,0.0,
407708,147,0,147.0,0.0,,,0.0,0.0,
407735,100,0,100.0,0.0,,,0.0,0.0,
407832,298,0,298.0,0.0,,,0.0,0.0,
408066,163,0,163.0,0.0,,,0.0,0.0,
408163,18,0,18.0,0.0,,,0.0,0.0,
408385,596,0,596.0,0.0,,,0.0,0.0,
408844,2750,245,2455.0,212.0,295.0,33.0,8.90909090909091,8.635437881873727,11.186440677966102
408862,200,0,200.0,0.0,,,0.0,0.0,
409032,75,0,75.0,0.0,,,0.0,0.0,
409120,91,0,91.0,0.0,,,0.0,0.0,
409193,181,0,181.0,0.0,,,0.0,0.0,
409254,297,0,,,297.0,0.0,0.0,,0.0
409315,27431,17,27431.0,17.0,,,0.0619736794138019,0.0619736794138019,
409537,39,0,39.0,0.0,,,0.0,0.0,
409591,87,0,87.0,0.0,,,0.0,0.0,
409616,484,4,,,484.0,4.0,0.8264462809917356,,0.8264462809917356
409698,7713,113,6907.0,112.0,806.0,1.0,1.465058991313367,1.6215433618068626,0.12406947890818859
410797,88,0,88.0,0.0,,,0.0,0.0,
410964,47,0,47.0,0.0,,,0.0,0.0,
411684,150,5,150.0,5.0,,,3.3333333333333335,3.3333333333333335,
411754,38,0,38.0,0.0,,,0.0,0.0,
412173,558,0,558.0,0.0,,,0.0,0.0,
412535,37,0,37.0,0.0,,,0.0,0.0,
412544,204,0,204.0,0.0,,,0.0,0.0,
412599,331,0,331.0,0.0,,,0.0,0.0,
413176,32,0,32.0,0.0,,,0.0,0.0,
413413,47761,338,18366.0,107.0,29395.0,231.0,0.7076903749921484,0.5825982794293804,0.7858479333219935
413617,300,0,300.0,0.0,,,0.0,0.0,
413626,209,0,209.0,0.0,,,0.0,0.0,
413680,411,1,411.0,1.0,,,0.24330900243309003,0.24330900243309003,
413820,9,0,9.0,0.0,,,0.0,0.0,
413893,1160,0,1160.0,0.0,,,0.0,0.0,
414063,88,2,88.0,2.0,,,2.272727272727273,2.272727272727273,
414124,312,0,312.0,0.0,,,0.0,0.0,
414461,2302,0,2302.0,0.0,,,0.0,0.0,
414489,78,0,78.0,0.0,,,0.0,0.0,
414540,244,0,244.0,0.0,,,0.0,0.0,
414595,736,69,350.0,23.0,386.0,46.0,9.375,6.571428571428571,11.917098445595855
414869,346,2,346.0,2.0,,,0.5780346820809248,0.5780346820809248,
414878,9868,9213,745.0,218.0,9123.0,8995.0,93.36238346169436,29.261744966442954,98.5969527567686
414911,2501,0,2501.0,0.0,,,0.0,0.0,
414939,461,0,461.0,0.0,,,0.0,0.0,
414966,103,0,,,103.0,0.0,0.0,,0.0
415039,55,0,55.0,0.0,,,0.0,0.0,
415057,114,0,114.0,0.0,,,0.0,0.0,
415987,67,0,67.0,0.0,,,0.0,0.0,
416458,105,6,105.0,6.0,,,5.714285714285714,5.714285714285714,
416801,359,20,334.0,13.0,25.0,7.0,5.571030640668524,3.8922155688622757,28.000000000000004
417008,64,0,64.0,0.0,,,0.0,0.0,
417062,41,0,41.0,0.0,,,0.0,0.0,
417105,426,0,426.0,0.0,,,0.0,0.0,
417123,74,0,74.0,0.0,,,0.0,0.0,
417327,362,0,362.0,0.0,,,0.0,0.0,
417442,36,0,36.0,0.0,,,0.0,0.0,
417503,303,0,303.0,0.0,,,0.0,0.0,
417600,22,0,22.0,0.0,,,0.0,0.0,
417628,22,0,22.0,0.0,,,0.0,0.0,
417637,90,0,90.0,0.0,,,0.0,0.0,
417646,23,0,23.0,0.0,,,0.0,0.0,
417655,31,0,31.0,0.0,,,0.0,0.0,
417682,27,0,27.0,0.0,,,0.0,0.0,
417716,172,0,172.0,0.0,,,0.0,0.0,
417725,61,0,61.0,0.0,,,0.0,0.0,
417734,202,0,202.0,0.0,,,0.0,0.0,
417752,24,3,24.0,3.0,,,12.5,12.5,
417831,88,0,88.0,0.0,,,0.0,0.0,
417840,468,0,468.0,0.0,,,0.0,0.0,
417868,31,0,31.0,0.0,,,0.0,0.0,
417886,23,0,23.0,0.0,,,0.0,0.0,
417910,193,0,193.0,0.0,,,0.0,0.0,
417983,31,0,31.0,0.0,,,0.0,0.0,
417992,74,0,74.0,0.0,,,0.0,0.0,
418001,84,0,84.0,0.0,,,0.0,0.0,
418010,99,0,99.0,0.0,,,0.0,0.0,
418029,35,0,35.0,0.0,,,0.0,0.0,
418038,187,0,187.0,0.0,,,0.0,0.0,
418065,310,0,310.0,0.0,,,0.0,0.0,
418083,37,0,37.0,0.0,,,0.0,0.0,
418126,96,0,63.0,0.0,33.0,0.0,0.0,0.0,0.0
418171,38,0,38.0,0.0,,,0.0,0.0,
418205,237,0,237.0,0.0,,,0.0,0.0,
418223,150,0,150.0,0.0,,,0.0,0.0,
418250,193,0,193.0,0.0,,,0.0,0.0,
418269,42,0,42.0,0.0,,,0.0,0.0,
418278,104,0,104.0,0.0,,,0.0,0.0,
418296,1491,0,1491.0,0.0,,,0.0,0.0,
418302,532,0,532.0,0.0,,,0.0,0.0,
418320,1121,0,1121.0,0.0,,,0.0,0.0,
418348,558,0,558.0,0.0,,,0.0,0.0,
418357,195,0,195.0,0.0,,,0.0,0.0,
418409,229,0,229.0,0.0,,,0.0,0.0,
418427,82,0,82.0,0.0,,,0.0,0.0,
418445,39,0,39.0,0.0,,,0.0,0.0,
418454,105,0,105.0,0.0,,,0.0,0.0,
418481,56,0,56.0,0.0,,,0.0,0.0,
418515,58,0,58.0,0.0,,,0.0,0.0,
418524,59,0,59.0,0.0,,,0.0,0.0,
418533,279,0,279.0,0.0,,,0.0,0.0,
418560,109,0,109.0,0.0,,,0.0,0.0,
418588,50,0,50.0,0.0,,,0.0,0.0,
418612,7,0,7.0,0.0,,,0.0,0.0,
418658,410,0,410.0,0.0,,,0.0,0.0,
418773,257,0,257.0,0.0,,,0.0,0.0,
418782,246,0,246.0,0.0,,,0.0,0.0,
418889,61,0,61.0,0.0,,,0.0,0.0,
418913,8,0,8.0,0.0,,,0.0,0.0,
418968,220,1,220.0,1.0,,,0.45454545454545453,0.45454545454545453,
419031,10,0,10.0,0.0,,,0.0,0.0,
419095,41,0,41.0,0.0,,,0.0,0.0,
419183,41,0,41.0,0.0,,,0.0,0.0,
419217,31,0,31.0,0.0,,,0.0,0.0,
419226,502,2,502.0,2.0,,,0.398406374501992,0.398406374501992,
419235,150,0,150.0,0.0,,,0.0,0.0,
419244,249,1,249.0,1.0,,,0.4016064257028112,0.4016064257028112,
419253,32,0,32.0,0.0,,,0.0,0.0,
419280,38,0,38.0,0.0,,,0.0,0.0,
419341,15,0,15.0,0.0,,,0.0,0.0,
419420,27,0,27.0,0.0,,,0.0,0.0,
419633,72,0,72.0,0.0,,,0.0,0.0,
419703,482,0,482.0,0.0,,,0.0,0.0,
419712,186,0,186.0,0.0,,,0.0,0.0,
419721,310,0,310.0,0.0,,,0.0,0.0,
420024,191,0,191.0,0.0,,,0.0,0.0,
420130,269,0,269.0,0.0,,,0.0,0.0,
420246,516,10,,,516.0,10.0,1.937984496124031,,1.937984496124031
420255,198,0,198.0,0.0,,,0.0,0.0,
420325,84,0,84.0,0.0,,,0.0,0.0,
420343,1080,0,1080.0,0.0,,,0.0,0.0,
420370,232,0,232.0,0.0,,,0.0,0.0,
420398,20060,39,20060.0,39.0,,,0.19441674975074777,0.19441674975074777,
420431,2108,1,2108.0,1.0,,,0.04743833017077799,0.04743833017077799,
420440,1875,16,1875.0,16.0,,,0.8533333333333334,0.8533333333333334,
420468,286,0,286.0,0.0,,,0.0,0.0,
420538,1315,0,1315.0,0.0,,,0.0,0.0,
420556,812,0,812.0,0.0,,,0.0,0.0,
420705,118,28,,,118.0,28.0,23.728813559322035,,23.728813559322035
420723,587,0,587.0,0.0,,,0.0,0.0,
420981,1002,0,1002.0,0.0,,,0.0,0.0,
421513,90,0,90.0,0.0,,,0.0,0.0,
421610,109,0,109.0,0.0,,,0.0,0.0,
421665,43,0,43.0,0.0,,,0.0,0.0,
421708,1202,0,1202.0,0.0,,,0.0,0.0,
421717,7,0,7.0,0.0,,,0.0,0.0,
421771,31,0,31.0,0.0,,,0.0,0.0,
421841,251,29,251.0,29.0,,,11.553784860557768,11.553784860557768,
421878,495,5,495.0,5.0,,,1.0101010101010102,1.0101010101010102,
421896,156,0,156.0,0.0,,,0.0,0.0,
422020,364,0,364.0,0.0,,,0.0,0.0,
422695,243,1,225.0,1.0,18.0,0.0,0.411522633744856,0.4444444444444444,0.0
422835,272,0,272.0,0.0,,,0.0,0.0,
423120,169,0,169.0,0.0,,,0.0,0.0,
423397,584,0,584.0,0.0,,,0.0,0.0,
423412,22,0,22.0,0.0,,,0.0,0.0,
423643,3738,118,,,3738.0,118.0,3.156768325307651,,3.156768325307651
423652,470,0,470.0,0.0,,,0.0,0.0,
425250,94,0,94.0,0.0,,,0.0,0.0,
425986,46,0,46.0,0.0,,,0.0,0.0,
426314,12770,857,9447.0,518.0,3323.0,339.0,6.711041503523885,5.4832221869376525,10.201625037616612
427308,110,0,110.0,0.0,,,0.0,0.0,
427335,34,0,34.0,0.0,,,0.0,0.0,
427973,270,0,270.0,0.0,,,0.0,0.0,
427991,1155,0,1155.0,0.0,,,0.0,0.0,
428000,32,4,32.0,4.0,,,12.5,12.5,
428019,385,0,385.0,0.0,,,0.0,0.0,
428055,144,0,144.0,0.0,,,0.0,0.0,
428125,57,0,57.0,0.0,,,0.0,0.0,
428170,564,0,564.0,0.0,,,0.0,0.0,
428259,116,1,41.0,0.0,75.0,1.0,0.8620689655172413,0.0,1.3333333333333335
428392,1834,3,1834.0,3.0,,,0.16357688113413305,0.16357688113413305,
429085,76,4,,,76.0,4.0,5.263157894736842,,5.263157894736842
429128,868,0,868.0,0.0,,,0.0,0.0,
430184,1290,1,1044.0,0.0,246.0,1.0,0.07751937984496124,0.0,0.40650406504065045
430227,84,0,84.0,0.0,,,0.0,0.0,
430245,584,0,584.0,0.0,,,0.0,0.0,
430306,19,0,19.0,0.0,,,0.0,0.0,
430403,235,0,235.0,0.0,,,0.0,0.0,
430564,74,0,74.0,0.0,,,0.0,0.0,
430582,422,0,422.0,0.0,,,0.0,0.0,
430670,425,0,94.0,0.0,331.0,0.0,0.0,0.0,0.0
430704,92,18,,,92.0,18.0,19.565217391304348,,19.565217391304348
430795,169,0,169.0,0.0,,,0.0,0.0,
430883,32,0,32.0,0.0,,,0.0,0.0,
430908,31,0,31.0,0.0,,,0.0,0.0,
430935,556,0,556.0,0.0,,,0.0,0.0,
430971,48,0,48.0,0.0,,,0.0,0.0,
431017,371,0,371.0,0.0,,,0.0,0.0,
431071,30,0,30.0,0.0,,,0.0,0.0,
431105,83,0,83.0,0.0,,,0.0,0.0,
431123,183,0,183.0,0.0,,,0.0,0.0,
431141,1377,0,1377.0,0.0,,,0.0,0.0,
431196,93,0,93.0,0.0,,,0.0,0.0,
431266,124,0,124.0,0.0,,,0.0,0.0,
431275,58,0,58.0,0.0,,,0.0,0.0,
431284,62,0,62.0,0.0,,,0.0,0.0,
431558,297,12,297.0,12.0,,,4.040404040404041,4.040404040404041,
431600,308,0,308.0,0.0,,,0.0,0.0,
431716,497,0,497.0,0.0,,,0.0,0.0,
431983,73,1,73.0,1.0,,,1.36986301369863,1.36986301369863,
432117,181,0,181.0,0.0,,,0.0,0.0,
432269,67,0,67.0,0.0,,,0.0,0.0,
432348,154,2,,,154.0,2.0,1.2987012987012987,,1.2987012987012987
432384,500,0,500.0,0.0,,,0.0,0.0,
433004,473,16,351.0,10.0,122.0,6.0,3.382663847780127,2.849002849002849,4.918032786885246
433013,1133,25,1133.0,25.0,,,2.206531332744925,2.206531332744925,
433040,48,5,48.0,5.0,,,10.416666666666668,10.416666666666668,
433068,421,4,421.0,4.0,,,0.9501187648456058,0.9501187648456058,
433101,659,0,659.0,0.0,,,0.0,0.0,
433138,146,0,146.0,0.0,,,0.0,0.0,
433174,632,3,632.0,3.0,,,0.4746835443037975,0.4746835443037975,
433387,210208,27,155088.0,14.0,55120.0,13.0,0.012844420764195464,0.009027132982564738,0.02358490566037736
433420,350,0,347.0,0.0,3.0,0.0,0.0,0.0,0.0
433536,351,0,346.0,0.0,5.0,0.0,0.0,0.0,0.0
433660,16612,419,14463.0,348.0,2149.0,71.0,2.5222730556224415,2.4061398050197056,3.303862261516985
434016,218,0,218.0,0.0,,,0.0,0.0,
434061,6238,67,6238.0,67.0,,,1.074062199422892,1.074062199422892,
434140,537,0,537.0,0.0,,,0.0,0.0,
434159,538,0,538.0,0.0,,,0.0,0.0,
434274,74,0,74.0,0.0,,,0.0,0.0,
434308,225,0,225.0,0.0,,,0.0,0.0,
434344,192,0,192.0,0.0,,,0.0,0.0,
434362,50,0,50.0,0.0,,,0.0,0.0,
434432,12,0,12.0,0.0,,,0.0,0.0,
434441,54,0,,,54.0,0.0,0.0,,0.0
434469,514,0,514.0,0.0,,,0.0,0.0,
434496,70,0,70.0,0.0,,,0.0,0.0,
434584,256,0,256.0,0.0,,,0.0,0.0,
434672,16451,1305,16451.0,1305.0,,,7.932648471217556,7.932648471217556,
434751,119,0,119.0,0.0,,,0.0,0.0,
434821,291,0,291.0,0.0,,,0.0,0.0,
434830,210,0,210.0,0.0,,,0.0,0.0,
434900,292,0,292.0,0.0,,,0.0,0.0,
434937,56,0,56.0,0.0,,,0.0,0.0,
435000,1103,76,21.0,0.0,1082.0,76.0,6.890299184043518,0.0,7.024029574861368
436030,218,0,218.0,0.0,,,0.0,0.0,
436304,2597,8,2597.0,8.0,,,0.3080477474008471,0.3080477474008471,
436429,5472,89,5472.0,89.0,,,1.6264619883040936,1.6264619883040936,
436553,678,0,678.0,0.0,,,0.0,0.0,
436599,185,0,185.0,0.0,,,0.0,0.0,
436614,78,4,48.0,3.0,30.0,1.0,5.128205128205128,6.25,3.3333333333333335
436632,146,0,146.0,0.0,,,0.0,0.0,
436650,164,0,164.0,0.0,,,0.0,0.0,
436818,745,15,745.0,15.0,,,2.013422818791946,2.013422818791946,
436827,477,2,477.0,2.0,,,0.41928721174004197,0.41928721174004197,
436836,2482,155,2482.0,155.0,,,6.244963738920226,6.244963738920226,
437097,979,0,294.0,0.0,685.0,0.0,0.0,0.0,0.0
437103,11182,105,11182.0,105.0,,,0.9390091218028975,0.9390091218028975,
437237,68,1,68.0,1.0,,,1.4705882352941175,1.4705882352941175,
437556,1326,0,1326.0,0.0,,,0.0,0.0,
437608,91,0,91.0,0.0,,,0.0,0.0,
437635,974,41,974.0,41.0,,,4.209445585215605,4.209445585215605,
437723,11,0,11.0,0.0,,,0.0,0.0,
437732,2,0,2.0,0.0,,,0.0,0.0,
437750,70,3,70.0,3.0,,,4.285714285714286,4.285714285714286,
437769,79,0,79.0,0.0,,,0.0,0.0,
437778,379,0,379.0,0.0,,,0.0,0.0,
437857,91,0,91.0,0.0,,,0.0,0.0,
437936,645,11,645.0,11.0,,,1.7054263565891472,1.7054263565891472,
438179,218,0,218.0,0.0,,,0.0,0.0,
438221,126,0,126.0,0.0,,,0.0,0.0,
438258,416,5,416.0,5.0,,,1.201923076923077,1.201923076923077,
438285,159,0,159.0,0.0,,,0.0,0.0,
438337,189,0,189.0,0.0,,,0.0,0.0,
438504,1553,0,1553.0,0.0,,,0.0,0.0,
438586,801,0,734.0,0.0,67.0,0.0,0.0,0.0,0.0
438674,37,0,37.0,0.0,,,0.0,0.0,
438708,465,0,465.0,0.0,,,0.0,0.0,
438735,172,1,172.0,1.0,,,0.5813953488372093,0.5813953488372093,
438984,195,0,195.0,0.0,,,0.0,0.0,
439020,30,0,,,30.0,0.0,0.0,,0.0
439118,353,2,353.0,2.0,,,0.56657223796034,0.56657223796034,
439190,2380,154,2380.0,154.0,,,6.470588235294119,6.470588235294119,
439367,1581,0,1581.0,0.0,,,0.0,0.0,
439394,27,0,,,27.0,0.0,0.0,,0.0
439446,89,4,,,89.0,4.0,4.49438202247191,,4.49438202247191
439455,575,0,575.0,0.0,,,0.0,0.0,
439473,176,0,176.0,0.0,,,0.0,0.0,
439491,62,0,62.0,0.0,,,0.0,0.0,
439570,493,0,493.0,0.0,,,0.0,0.0,
439622,383,0,383.0,0.0,,,0.0,0.0,
439668,200,5,200.0,5.0,,,2.5,2.5,
439701,540,0,251.0,0.0,289.0,0.0,0.0,0.0,0.0
439738,482,0,482.0,0.0,,,0.0,0.0,
439747,150,0,150.0,0.0,,,0.0,0.0,
439774,123,0,123.0,0.0,,,0.0,0.0,
439783,172,14,3.0,0.0,169.0,14.0,8.13953488372093,0.0,8.284023668639055
439792,399,0,399.0,0.0,,,0.0,0.0,
439817,218,14,,,218.0,14.0,6.422018348623854,,6.422018348623854
439844,55,0,55.0,0.0,,,0.0,0.0,
439862,62,0,62.0,0.0,,,0.0,0.0,
439871,149,0,149.0,0.0,,,0.0,0.0,
439899,102,2,102.0,2.0,,,1.9607843137254901,1.9607843137254901,
439914,50,0,,,50.0,0.0,0.0,,0.0
439932,60,0,60.0,0.0,,,0.0,0.0,
440004,51,0,,,51.0,0.0,0.0,,0.0
440031,622,74,,,622.0,74.0,11.89710610932476,,11.89710610932476
440059,824,1,824.0,1.0,,,0.12135922330097086,0.12135922330097086,
440101,161,0,161.0,0.0,,,0.0,0.0,
440262,487,1,487.0,1.0,,,0.20533880903490762,0.20533880903490762,
440271,210,0,210.0,0.0,,,0.0,0.0,
440396,413,2,350.0,2.0,63.0,0.0,0.48426150121065376,0.5714285714285714,0.0
440402,1868,33,1868.0,33.0,,,1.7665952890792294,1.7665952890792294,
440651,622,0,597.0,0.0,25.0,0.0,0.0,0.0,0.0
440730,354,0,354.0,0.0,,,0.0,0.0,
440776,86,0,86.0,0.0,,,0.0,0.0,
440794,556,9,512.0,9.0,44.0,0.0,1.618705035971223,1.7578125,0.0
440828,1296,9,1049.0,9.0,247.0,0.0,0.6944444444444444,0.8579599618684461,0.0
440855,271,0,271.0,0.0,,,0.0,0.0,
440989,518,0,518.0,0.0,,,0.0,0.0,
441025,9,0,9.0,0.0,,,0.0,0.0,
441052,1644,0,1644.0,0.0,,,0.0,0.0,
441070,196,0,196.0,0.0,,,0.0,0.0,
441104,329,0,,,329.0,0.0,0.0,,0.0
441131,243,0,,,243.0,0.0,0.0,,0.0
441210,377,0,377.0,0.0,,,0.0,0.0,
441229,2447,0,2447.0,0.0,,,0.0,0.0,
441256,73,0,73.0,0.0,,,0.0,0.0,
441371,8932,0,8932.0,0.0,,,0.0,0.0,
441380,244,0,244.0,0.0,,,0.0,0.0,
441414,203,110,203.0,110.0,,,54.187192118226605,54.187192118226605,
441423,318,0,318.0,0.0,,,0.0,0.0,
441487,96,0,96.0,0.0,,,0.0,0.0,
441496,253,0,253.0,0.0,,,0.0,0.0,
441502,200,0,200.0,0.0,,,0.0,0.0,
441575,357,0,357.0,0.0,,,0.0,0.0,
441593,30,0,30.0,0.0,,,0.0,0.0,
441609,152,21,152.0,21.0,,,13.815789473684212,13.815789473684212,
441618,22,0,22.0,0.0,,,0.0,0.0,
441636,251,0,231.0,0.0,20.0,0.0,0.0,0.0,0.0
441645,115,0,115.0,0.0,,,0.0,0.0,
441663,267,0,267.0,0.0,,,0.0,0.0,
441672,23,0,23.0,0.0,,,0.0,0.0,
441690,225,0,173.0,0.0,52.0,0.0,0.0,0.0,0.0
441706,381,0,381.0,0.0,,,0.0,0.0,
441742,268,0,268.0,0.0,,,0.0,0.0,
441760,5680,0,5680.0,0.0,,,0.0,0.0,
441788,495,0,495.0,0.0,,,0.0,0.0,
441830,43,0,43.0,0.0,,,0.0,0.0,
441858,177,0,177.0,0.0,,,0.0,0.0,
441876,155,2,155.0,2.0,,,1.2903225806451613,1.2903225806451613,
441900,7549,4,7464.0,4.0,85.0,0.0,0.05298715061597563,0.05359056806002144,0.0
441937,5592,133,5118.0,57.0,474.0,76.0,2.3783977110157366,1.1137162954279016,16.033755274261605
441982,405,29,405.0,29.0,,,7.160493827160494,7.160493827160494,
442064,118,0,,,118.0,0.0,0.0,,0.0
442073,495,0,495.0,0.0,,,0.0,0.0,
442134,305,0,305.0,0.0,,,0.0,0.0,
442240,395,1,395.0,1.0,,,0.25316455696202533,0.25316455696202533,
442295,299,0,,,299.0,0.0,0.0,,0.0
442329,968,0,968.0,0.0,,,0.0,0.0,
442356,1439,0,1348.0,0.0,91.0,0.0,0.0,0.0,0.0
442383,146,0,146.0,0.0,,,0.0,0.0,
442426,419,0,399.0,0.0,20.0,0.0,0.0,0.0,0.0
442435,50,0,50.0,0.0,,,0.0,0.0,
442444,941,1,941.0,1.0,,,0.10626992561105207,0.10626992561105207,
442523,46,0,46.0,0.0,,,0.0,0.0,
442569,5646,48,2838.0,24.0,2808.0,24.0,0.8501594048884166,0.8456659619450317,0.8547008547008548
442602,357,4,357.0,4.0,,,1.1204481792717087,1.1204481792717087,
442611,1345,0,1345.0,0.0,,,0.0,0.0,
442639,551,195,157.0,55.0,394.0,140.0,35.39019963702359,35.03184713375796,35.53299492385787
442657,356,1,356.0,1.0,,,0.2808988764044944,0.2808988764044944,
442781,1165,0,1165.0,0.0,,,0.0,0.0,
442806,2617,0,,,2617.0,0.0,0.0,,0.0
442842,245,14,60.0,2.0,185.0,12.0,5.714285714285714,3.3333333333333335,6.486486486486487
442879,534,1,534.0,1.0,,,0.18726591760299627,0.18726591760299627,
442888,65,0,65.0,0.0,,,0.0,0.0,
442976,53,0,53.0,0.0,,,0.0,0.0,
442985,243,0,243.0,0.0,,,0.0,0.0,
443021,8,0,8.0,0.0,,,0.0,0.0,
443030,80,0,,,80.0,0.0,0.0,,0.0
443049,464,8,276.0,4.0,188.0,4.0,1.7241379310344827,1.4492753623188406,2.127659574468085
443058,320,31,84.0,17.0,236.0,14.0,9.6875,20.238095238095237,5.932203389830509
443076,115,0,,,115.0,0.0,0.0,,0.0
443100,76,0,76.0,0.0,,,0.0,0.0,
443137,285,1,285.0,1.0,,,0.3508771929824561,0.3508771929824561,
443146,79,0,79.0,0.0,,,0.0,0.0,
443207,85,0,85.0,0.0,,,0.0,0.0,
443216,106,0,106.0,0.0,,,0.0,0.0,
443225,46,0,46.0,0.0,,,0.0,0.0,
443234,215,0,215.0,0.0,,,0.0,0.0,
443252,9747,0,9747.0,0.0,,,0.0,0.0,
443261,226,0,226.0,0.0,,,0.0,0.0,
443289,72,0,72.0,0.0,,,0.0,0.0,
443298,30,0,30.0,0.0,,,0.0,0.0,
443322,84,4,84.0,4.0,,,4.761904761904762,4.761904761904762,
443331,2673,6,2673.0,6.0,,,0.22446689113355783,0.22446689113355783,
443340,64,0,46.0,0.0,18.0,0.0,0.0,0.0,0.0
443377,25,0,25.0,0.0,,,0.0,0.0,
443410,1084,136,1016.0,108.0,68.0,28.0,12.546125461254611,10.62992125984252,41.17647058823529
443492,1938,0,1938.0,0.0,,,0.0,0.0,
443562,386,0,244.0,0.0,142.0,0.0,0.0,0.0,0.0
443571,535,1,535.0,1.0,,,0.1869158878504673,0.1869158878504673,
443599,1052,0,762.0,0.0,290.0,0.0,0.0,0.0,0.0
443632,38,0,38.0,0.0,,,0.0,0.0,
443641,181,0,181.0,0.0,,,0.0,0.0,
443650,4462,0,4462.0,0.0,,,0.0,0.0,
443669,171,0,171.0,0.0,,,0.0,0.0,
443696,55,0,55.0,0.0,,,0.0,0.0,
443702,80,1,,,80.0,1.0,1.25,,1.25
443766,1965,0,1784.0,0.0,181.0,0.0,0.0,0.0,0.0
443784,1384,13,1226.0,5.0,158.0,8.0,0.9393063583815029,0.40783034257748774,5.063291139240507
443951,57,0,57.0,0.0,,,0.0,0.0,
443979,165,0,165.0,0.0,,,0.0,0.0,
444051,69,0,69.0,0.0,,,0.0,0.0,
444088,560,0,560.0,0.0,,,0.0,0.0,
444103,24,0,,,24.0,0.0,0.0,,0.0
444130,9489,0,60.0,0.0,9429.0,0.0,0.0,0.0,0.0
444194,130,0,130.0,0.0,,,0.0,0.0,
444219,11098,23,11098.0,23.0,,,0.20724454856730942,0.20724454856730942,
444228,33,0,33.0,0.0,,,0.0,0.0,
444264,51,0,51.0,0.0,,,0.0,0.0,
444282,125,0,125.0,0.0,,,0.0,0.0,
444291,121,0,121.0,0.0,,,0.0,0.0,
444307,82,0,82.0,0.0,,,0.0,0.0,
444325,149,36,149.0,36.0,,,24.161073825503358,24.161073825503358,
444361,80,0,80.0,0.0,,,0.0,0.0,
444370,23,0,23.0,0.0,,,0.0,0.0,
444398,104,0,99.0,0.0,5.0,0.0,0.0,0.0,0.0
444404,18,0,18.0,0.0,,,0.0,0.0,
444413,206,9,206.0,9.0,,,4.368932038834951,4.368932038834951,
444440,107,0,107.0,0.0,,,0.0,0.0,
444468,128,0,128.0,0.0,,,0.0,0.0,
444486,97,0,97.0,0.0,,,0.0,0.0,
444510,118,0,118.0,0.0,,,0.0,0.0,
444529,46,0,46.0,0.0,,,0.0,0.0,
444556,305,0,305.0,0.0,,,0.0,0.0,
444565,316,0,316.0,0.0,,,0.0,0.0,
444583,397,0,397.0,0.0,,,0.0,0.0,
444635,44,0,44.0,0.0,,,0.0,0.0,
444671,109,0,109.0,0.0,,,0.0,0.0,
444699,61,1,,,61.0,1.0,1.639344262295082,,1.639344262295082
444714,205,0,205.0,0.0,,,0.0,0.0,
444732,49,0,49.0,0.0,,,0.0,0.0,
444778,58,0,24.0,0.0,34.0,0.0,0.0,0.0,0.0
444787,6036,0,5986.0,0.0,50.0,0.0,0.0,0.0,0.0
444811,282,0,282.0,0.0,,,0.0,0.0,
444857,117,0,117.0,0.0,,,0.0,0.0,
444866,267,0,267.0,0.0,,,0.0,0.0,
444936,106,0,106.0,0.0,,,0.0,0.0,
444945,229,0,229.0,0.0,,,0.0,0.0,
444954,1520,2,1520.0,2.0,,,0.13157894736842105,0.13157894736842105,
445027,11277,0,7186.0,0.0,4091.0,0.0,0.0,0.0,0.0
445054,39,33,,,39.0,33.0,84.61538461538461,,84.61538461538461
445133,116,0,94.0,0.0,22.0,0.0,0.0,0.0,0.0
445188,9110,337,8372.0,42.0,738.0,295.0,3.699231613611416,0.5016722408026756,39.97289972899729
445203,88,0,88.0,0.0,,,0.0,0.0,
445212,174,0,174.0,0.0,,,0.0,0.0,
445230,678,0,678.0,0.0,,,0.0,0.0,
445249,280,0,280.0,0.0,,,0.0,0.0,
445267,3802,0,3465.0,0.0,337.0,0.0,0.0,0.0,0.0
445364,717,0,717.0,0.0,,,0.0,0.0,
445498,7,0,7.0,0.0,,,0.0,0.0,
445540,66,0,66.0,0.0,,,0.0,0.0,
445647,182,0,182.0,0.0,,,0.0,0.0,
445656,233,0,233.0,0.0,,,0.0,0.0,
445692,476,0,453.0,0.0,23.0,0.0,0.0,0.0,0.0
445708,1184,13,1184.0,13.0,,,1.097972972972973,1.097972972972973,
445735,1367,11,536.0,0.0,831.0,11.0,0.8046817849305048,0.0,1.3237063778580023
445744,546,0,546.0,0.0,,,0.0,0.0,
445762,272,0,272.0,0.0,,,0.0,0.0,
445780,40,0,40.0,0.0,,,0.0,0.0,
445799,954,0,954.0,0.0,,,0.0,0.0,
445841,113,0,113.0,0.0,,,0.0,0.0,
445850,64,0,64.0,0.0,,,0.0,0.0,
445869,463,0,,,463.0,0.0,0.0,,0.0
445911,875,1,875.0,1.0,,,0.1142857142857143,0.1142857142857143,
445948,2937,0,2937.0,0.0,,,0.0,0.0,
445957,233,0,233.0,0.0,,,0.0,0.0,
446002,29,0,,,29.0,0.0,0.0,,0.0
446039,19,0,,,19.0,0.0,0.0,,0.0
446048,1423,35,1301.0,30.0,122.0,5.0,2.459592410400562,2.3059185242121445,4.098360655737705
446084,83,0,83.0,0.0,,,0.0,0.0,
446093,54,0,54.0,0.0,,,0.0,0.0,
446109,381,0,381.0,0.0,,,0.0,0.0,
446118,620,0,620.0,0.0,,,0.0,0.0,
446127,201,0,201.0,0.0,,,0.0,0.0,
446163,424,0,424.0,0.0,,,0.0,0.0,
446206,34,0,34.0,0.0,,,0.0,0.0,
446224,42,0,2.0,0.0,40.0,0.0,0.0,0.0,0.0
446233,111,13,111.0,13.0,,,11.711711711711711,11.711711711711711,
446242,203,0,203.0,0.0,,,0.0,0.0,
446251,66,0,66.0,0.0,,,0.0,0.0,
446260,1172,0,1172.0,0.0,,,0.0,0.0,
446288,75,0,75.0,0.0,,,0.0,0.0,
446303,48,0,48.0,0.0,,,0.0,0.0,
446349,20,0,20.0,0.0,,,0.0,0.0,
446385,261,138,227.0,115.0,34.0,23.0,52.87356321839081,50.66079295154186,67.64705882352942
446516,21,0,21.0,0.0,,,0.0,0.0,
446525,1712,2,1712.0,2.0,,,0.11682242990654204,0.11682242990654204,
446552,1875,6,1875.0,6.0,,,0.32,0.32,
446561,2928,0,2643.0,0.0,285.0,0.0,0.0,0.0,0.0
446598,26,0,26.0,0.0,,,0.0,0.0,
446604,2957,0,2957.0,0.0,,,0.0,0.0,
446640,3650,2827,706.0,12.0,2944.0,2815.0,77.45205479452055,1.69971671388102,95.61820652173914
446774,4203,14,4203.0,14.0,,,0.3330954080418749,0.3330954080418749,
447014,191,0,191.0,0.0,,,0.0,0.0,
447023,2307,0,2307.0,0.0,,,0.0,0.0,
447050,2454,21,159.0,0.0,2295.0,21.0,0.8557457212713936,0.0,0.9150326797385622
447148,236,0,236.0,0.0,,,0.0,0.0,
447166,48,0,48.0,0.0,,,0.0,0.0,
447175,70,0,70.0,0.0,,,0.0,0.0,
447263,2073,0,2058.0,0.0,15.0,0.0,0.0,0.0,0.0
447351,598,2,598.0,2.0,,,0.33444816053511706,0.33444816053511706,
447421,226,0,226.0,0.0,,,0.0,0.0,
447449,52,0,52.0,0.0,,,0.0,0.0,
447467,81,0,81.0,0.0,,,0.0,0.0,
447582,1571,0,1571.0,0.0,,,0.0,0.0,
447591,681,0,681.0,0.0,,,0.0,0.0,
447607,1373,0,1373.0,0.0,,,0.0,0.0,
447616,978,0,978.0,0.0,,,0.0,0.0,
447689,12230,399,12230.0,399.0,,,3.2624693376941947,3.2624693376941947,
447698,118,2,,,118.0,2.0,1.694915254237288,,1.694915254237288
447704,144,0,144.0,0.0,,,0.0,0.0,
447713,190,0,190.0,0.0,,,0.0,0.0,
447722,49,0,49.0,0.0,,,0.0,0.0,
447731,117,12,117.0,12.0,,,10.256410256410255,10.256410256410255,
447759,516,3,516.0,3.0,,,0.5813953488372093,0.5813953488372093,
447768,2242,0,2242.0,0.0,,,0.0,0.0,
447777,649,0,649.0,0.0,,,0.0,0.0,
447795,19,0,19.0,0.0,,,0.0,0.0,
447801,81,0,,,81.0,0.0,0.0,,0.0
447810,217,0,217.0,0.0,,,0.0,0.0,
447847,258,81,258.0,81.0,,,31.3953488372093,31.3953488372093,
447865,18,0,18.0,0.0,,,0.0,0.0,
447883,151,0,151.0,0.0,,,0.0,0.0,
447892,91,0,91.0,0.0,,,0.0,0.0,
447908,54,0,54.0,0.0,,,0.0,0.0,
447917,34,0,34.0,0.0,,,0.0,0.0,
447935,363,0,363.0,0.0,,,0.0,0.0,
447953,319,0,198.0,0.0,121.0,0.0,0.0,0.0,0.0
447962,194,0,194.0,0.0,,,0.0,0.0,
447971,38,0,38.0,0.0,,,0.0,0.0,
447980,96,0,96.0,0.0,,,0.0,0.0,
447999,208,0,208.0,0.0,,,0.0,0.0,
448026,95,0,95.0,0.0,,,0.0,0.0,
448071,293,0,293.0,0.0,,,0.0,0.0,
448123,193,0,193.0,0.0,,,0.0,0.0,
448196,192,0,192.0,0.0,,,0.0,0.0,
448220,133,2,133.0,2.0,,,1.5037593984962405,1.5037593984962405,
448239,118,0,118.0,0.0,,,0.0,0.0,
448248,3967,0,3967.0,0.0,,,0.0,0.0,
448257,22,0,22.0,0.0,,,0.0,0.0,
448275,32,0,32.0,0.0,,,0.0,0.0,
448372,224,1,224.0,1.0,,,0.4464285714285714,0.4464285714285714,
448424,71,0,71.0,0.0,,,0.0,0.0,
448433,1214,1,1214.0,1.0,,,0.08237232289950577,0.08237232289950577,
448594,4404,2,4404.0,2.0,,,0.045413260672116255,0.045413260672116255,
448600,62,0,62.0,0.0,,,0.0,0.0,
448646,47,0,47.0,0.0,,,0.0,0.0,
448673,1145,0,1145.0,0.0,,,0.0,0.0,
448691,110,11,,,110.0,11.0,10.0,,10.0
448770,302,0,302.0,0.0,,,0.0,0.0,
448798,111,0,111.0,0.0,,,0.0,0.0,
448859,43,0,43.0,0.0,,,0.0,0.0,
448895,560,0,560.0,0.0,,,0.0,0.0,
449038,1303,3,1107.0,1.0,196.0,2.0,0.23023791250959325,0.09033423667570009,1.0204081632653061
449074,456,0,456.0,0.0,,,0.0,0.0,
449083,508,0,508.0,0.0,,,0.0,0.0,
449092,547,0,547.0,0.0,,,0.0,0.0,
449135,265,0,263.0,0.0,2.0,0.0,0.0,0.0,0.0
449250,766,1,766.0,1.0,,,0.13054830287206268,0.13054830287206268,
449311,136,1,136.0,1.0,,,0.7352941176470588,0.7352941176470588,
449320,1131,0,1131.0,0.0,,,0.0,0.0,
449339,50715,606,41620.0,484.0,9095.0,122.0,1.1949127477077788,1.1629024507448342,1.3413963716327653
449348,98,0,64.0,0.0,34.0,0.0,0.0,0.0,0.0
449357,108,0,108.0,0.0,,,0.0,0.0,
449384,526,122,526.0,122.0,,,23.193916349809886,23.193916349809886,
449393,66,1,66.0,1.0,,,1.5151515151515151,1.5151515151515151,
449454,13,0,13.0,0.0,,,0.0,0.0,
449463,402,0,402.0,0.0,,,0.0,0.0,
449472,81,0,81.0,0.0,,,0.0,0.0,
449481,71,0,,,71.0,0.0,0.0,,0.0
449490,63,0,63.0,0.0,,,0.0,0.0,
449506,560,0,560.0,0.0,,,0.0,0.0,
449524,308,0,308.0,0.0,,,0.0,0.0,
449603,175,0,175.0,0.0,,,0.0,0.0,
449612,77,0,77.0,0.0,,,0.0,0.0,
449658,132,1,132.0,1.0,,,0.7575757575757576,0.7575757575757576,
449676,275,11,275.0,11.0,,,4.0,4.0,
449685,187,0,187.0,0.0,,,0.0,0.0,
449700,376,0,376.0,0.0,,,0.0,0.0,
449728,193,0,193.0,0.0,,,0.0,0.0,
449764,89,0,79.0,0.0,10.0,0.0,0.0,0.0,0.0
449773,305,0,305.0,0.0,,,0.0,0.0,
449807,75,0,75.0,0.0,,,0.0,0.0,
449816,864,0,864.0,0.0,,,0.0,0.0,
449834,33,0,1.0,0.0,32.0,0.0,0.0,0.0,0.0
449861,67,0,67.0,0.0,,,0.0,0.0,
449870,138,65,43.0,30.0,95.0,35.0,47.10144927536232,69.76744186046511,36.84210526315789
449889,14263,548,359.0,16.0,13904.0,532.0,3.8421089532356447,4.456824512534819,3.8262370540851554
449898,752,4,388.0,2.0,364.0,2.0,0.5319148936170213,0.5154639175257731,0.5494505494505495
449904,225,0,225.0,0.0,,,0.0,0.0,
449922,113,6,,,113.0,6.0,5.3097345132743365,,5.3097345132743365
449959,106,0,106.0,0.0,,,0.0,0.0,
449968,225,0,225.0,0.0,,,0.0,0.0,
449977,136,0,136.0,0.0,,,0.0,0.0,
449986,286,0,286.0,0.0,,,0.0,0.0,
450058,766,0,766.0,0.0,,,0.0,0.0,
450067,500,0,500.0,0.0,,,0.0,0.0,
450128,345,0,345.0,0.0,,,0.0,0.0,
450298,187,0,161.0,0.0,26.0,0.0,0.0,0.0,0.0
450304,153,7,,,153.0,7.0,4.57516339869281,,4.57516339869281
450377,1329,0,1196.0,0.0,133.0,0.0,0.0,0.0,0.0
450395,121,0,121.0,0.0,,,0.0,0.0,
450401,415,0,415.0,0.0,,,0.0,0.0,
450571,55,0,55.0,0.0,,,0.0,0.0,
450599,77,0,77.0,0.0,,,0.0,0.0,
450605,83,0,83.0,0.0,,,0.0,0.0,
450614,110,0,110.0,0.0,,,0.0,0.0,
450632,78,0,78.0,0.0,,,0.0,0.0,
450641,306,1,306.0,1.0,,,0.32679738562091504,0.32679738562091504,
450650,186,0,186.0,0.0,,,0.0,0.0,
450696,436,2,436.0,2.0,,,0.45871559633027525,0.45871559633027525,
450711,61,0,61.0,0.0,,,0.0,0.0,
450720,414,0,414.0,0.0,,,0.0,0.0,
450933,17763,4,12213.0,0.0,5550.0,4.0,0.02251871868490683,0.0,0.07207207207207207
450951,149,0,149.0,0.0,,,0.0,0.0,
450960,447,0,447.0,0.0,,,0.0,0.0,
450988,203,7,203.0,7.0,,,3.4482758620689653,3.4482758620689653,
451042,51,0,51.0,0.0,,,0.0,0.0,
451051,81,0,81.0,0.0,,,0.0,0.0,
451079,39,0,,,39.0,0.0,0.0,,0.0
451097,100,0,100.0,0.0,,,0.0,0.0,
451103,916,0,312.0,0.0,604.0,0.0,0.0,0.0,0.0
451149,923,0,923.0,0.0,,,0.0,0.0,
451158,620,0,620.0,0.0,,,0.0,0.0,
451167,118,0,118.0,0.0,,,0.0,0.0,
451194,39,0,39.0,0.0,,,0.0,0.0,
451228,1144,0,1144.0,0.0,,,0.0,0.0,
451237,235,0,235.0,0.0,,,0.0,0.0,
451255,21,0,21.0,0.0,,,0.0,0.0,
451282,197,0,197.0,0.0,,,0.0,0.0,
451291,10,0,10.0,0.0,,,0.0,0.0,
451307,49,0,49.0,0.0,,,0.0,0.0,
451316,65,0,65.0,0.0,,,0.0,0.0,
451334,275,0,275.0,0.0,,,0.0,0.0,
451343,90,0,90.0,0.0,,,0.0,0.0,
451352,252,0,252.0,0.0,,,0.0,0.0,
451370,90,3,90.0,3.0,,,3.3333333333333335,3.3333333333333335,
451398,227,31,227.0,31.0,,,13.656387665198238,13.656387665198238,
451404,602,0,602.0,0.0,,,0.0,0.0,
451413,437,0,437.0,0.0,,,0.0,0.0,
451468,453,0,453.0,0.0,,,0.0,0.0,
451477,821,0,821.0,0.0,,,0.0,0.0,
451495,311,14,311.0,14.0,,,4.501607717041801,4.501607717041801,
451501,290,0,290.0,0.0,,,0.0,0.0,
451510,692,0,,,692.0,0.0,0.0,,0.0
451529,53,0,53.0,0.0,,,0.0,0.0,
451547,13,0,13.0,0.0,,,0.0,0.0,
451556,2130,0,2073.0,0.0,57.0,0.0,0.0,0.0,0.0
451565,171,0,171.0,0.0,,,0.0,0.0,
451574,164,0,164.0,0.0,,,0.0,0.0,
451583,1347,0,1347.0,0.0,,,0.0,0.0,
451626,34,0,34.0,0.0,,,0.0,0.0,
451714,361,0,361.0,0.0,,,0.0,0.0,
451750,1037,0,1037.0,0.0,,,0.0,0.0,
451857,111,0,111.0,0.0,,,0.0,0.0,
451866,315,0,315.0,0.0,,,0.0,0.0,
451918,100,0,100.0,0.0,,,0.0,0.0,
451927,425,0,425.0,0.0,,,0.0,0.0,
452009,65,0,65.0,0.0,,,0.0,0.0,
452072,33,0,33.0,0.0,,,0.0,0.0,
452081,1714,2,1714.0,2.0,,,0.11668611435239205,0.11668611435239205,
452106,69,0,69.0,0.0,,,0.0,0.0,
452124,393,1,393.0,1.0,,,0.2544529262086514,0.2544529262086514,
452373,266,0,266.0,0.0,,,0.0,0.0,
452771,10,0,10.0,0.0,,,0.0,0.0,
452780,20,0,20.0,0.0,,,0.0,0.0,
452887,59,0,59.0,0.0,,,0.0,0.0,
452948,645,0,645.0,0.0,,,0.0,0.0,
453163,3037,1,2671.0,1.0,366.0,0.0,0.03292723081988805,0.037439161362785474,0.0
453215,796,0,703.0,0.0,93.0,0.0,0.0,0.0,0.0
453297,33,0,33.0,0.0,,,0.0,0.0,
453756,43,0,43.0,0.0,,,0.0,0.0,
453792,129,0,129.0,0.0,,,0.0,0.0,
454227,32944,71,14041.0,36.0,18903.0,35.0,0.21551724137931033,0.2563919948721601,0.1851557953763953
454236,257,0,257.0,0.0,,,0.0,0.0,
454245,693,1,693.0,1.0,,,0.1443001443001443,0.1443001443001443,
454537,81,0,81.0,0.0,,,0.0,0.0,
454546,260,0,260.0,0.0,,,0.0,0.0,
454555,235,0,235.0,0.0,,,0.0,0.0,
454582,810,15,339.0,7.0,471.0,8.0,1.8518518518518516,2.0648967551622417,1.6985138004246285
454607,359,1,359.0,1.0,,,0.2785515320334262,0.2785515320334262,
454652,129,0,129.0,0.0,,,0.0,0.0,
454689,324,0,,,324.0,0.0,0.0,,0.0
454698,292,0,292.0,0.0,,,0.0,0.0,
454722,30,2,30.0,2.0,,,6.666666666666667,6.666666666666667,
454759,54,0,54.0,0.0,,,0.0,0.0,
454768,170,0,170.0,0.0,,,0.0,0.0,
454777,167,1,167.0,1.0,,,0.5988023952095809,0.5988023952095809,
454786,1116,0,1116.0,0.0,,,0.0,0.0,
454795,220,0,220.0,0.0,,,0.0,0.0,
454801,172,5,172.0,5.0,,,2.9069767441860463,2.9069767441860463,
454810,8504,0,8504.0,0.0,,,0.0,0.0,
454829,3511,0,1475.0,0.0,2036.0,0.0,0.0,0.0,0.0
454838,32,0,,,32.0,0.0,0.0,,0.0
454856,811,0,757.0,0.0,54.0,0.0,0.0,0.0,0.0
454865,1315,0,1315.0,0.0,,,0.0,0.0,
454874,52,0,52.0,0.0,,,0.0,0.0,
454917,855,11,855.0,11.0,,,1.2865497076023393,1.2865497076023393,
454926,249,0,249.0,0.0,,,0.0,0.0,
454935,76,0,76.0,0.0,,,0.0,0.0,
454944,224,2,224.0,2.0,,,0.8928571428571428,0.8928571428571428,
454953,53,0,53.0,0.0,,,0.0,0.0,
454962,39,0,39.0,0.0,,,0.0,0.0,
454971,216,2,216.0,2.0,,,0.9259259259259258,0.9259259259259258,
454980,132,4,132.0,4.0,,,3.0303030303030303,3.0303030303030303,
454999,125,0,125.0,0.0,,,0.0,0.0,
455008,170,0,170.0,0.0,,,0.0,0.0,
455026,82,0,82.0,0.0,,,0.0,0.0,
455062,51,0,51.0,0.0,,,0.0,0.0,
455071,113,0,113.0,0.0,,,0.0,0.0,
455080,297,0,297.0,0.0,,,0.0,0.0,
455099,116,0,,,116.0,0.0,0.0,,0.0
455105,77,0,77.0,0.0,,,0.0,0.0,
455114,11015,102,11015.0,102.0,,,0.9260099863822061,0.9260099863822061,
455141,198,0,198.0,0.0,,,0.0,0.0,
455178,102,0,,,102.0,0.0,0.0,,0.0
455187,204,0,204.0,0.0,,,0.0,0.0,
455196,4478,0,4478.0,0.0,,,0.0,0.0,
455202,472,0,472.0,0.0,,,0.0,0.0,
455211,271,0,271.0,0.0,,,0.0,0.0,
455220,112,0,112.0,0.0,,,0.0,0.0,
455257,515,0,515.0,0.0,,,0.0,0.0,
455275,290,0,290.0,0.0,,,0.0,0.0,
455284,246,0,246.0,0.0,,,0.0,0.0,
455327,28,0,28.0,0.0,,,0.0,0.0,
455336,217,0,217.0,0.0,,,0.0,0.0,
455354,250,0,250.0,0.0,,,0.0,0.0,
455381,127,0,127.0,0.0,,,0.0,0.0,
455406,665,0,,,665.0,0.0,0.0,,0.0
455433,523,14,,,523.0,14.0,2.676864244741874,,2.676864244741874
455460,177,0,177.0,0.0,,,0.0,0.0,
455479,760,0,760.0,0.0,,,0.0,0.0,
455488,359,0,359.0,0.0,,,0.0,0.0,
455512,4128,2,4128.0,2.0,,,0.04844961240310078,0.04844961240310078,
455628,613,0,613.0,0.0,,,0.0,0.0,
455664,3344,84,337.0,6.0,3007.0,78.0,2.511961722488038,1.7804154302670623,2.593947455936149
455707,56,0,56.0,0.0,,,0.0,0.0,
455725,570,0,570.0,0.0,,,0.0,0.0,
455734,200,5,200.0,5.0,,,2.5,2.5,
455761,309,1,309.0,1.0,,,0.3236245954692557,0.3236245954692557,
455770,168,9,168.0,9.0,,,5.357142857142857,5.357142857142857,
455798,143,5,143.0,5.0,,,3.4965034965034967,3.4965034965034967,
455804,173,0,,,173.0,0.0,0.0,,0.0
455813,65,11,,,65.0,11.0,16.923076923076923,,16.923076923076923
455831,356,0,356.0,0.0,,,0.0,0.0,
455859,254,0,254.0,0.0,,,0.0,0.0,
455868,398,6,398.0,6.0,,,1.507537688442211,1.507537688442211,
455877,93,0,93.0,0.0,,,0.0,0.0,
455886,162,1,162.0,1.0,,,0.6172839506172839,0.6172839506172839,
455895,470,7,470.0,7.0,,,1.4893617021276597,1.4893617021276597,
455901,140,0,140.0,0.0,,,0.0,0.0,
455910,51,0,51.0,0.0,,,0.0,0.0,
455929,56,0,56.0,0.0,,,0.0,0.0,
455965,102,1,102.0,1.0,,,0.9803921568627451,0.9803921568627451,
455974,120,0,120.0,0.0,,,0.0,0.0,
455983,151,84,151.0,84.0,,,55.62913907284768,55.62913907284768,
455992,190,6,,,190.0,6.0,3.1578947368421053,,3.1578947368421053
456001,104,0,104.0,0.0,,,0.0,0.0,
456029,216,0,216.0,0.0,,,0.0,0.0,
456038,306,0,306.0,0.0,,,0.0,0.0,
456065,181,0,181.0,0.0,,,0.0,0.0,
456074,200,0,200.0,0.0,,,0.0,0.0,
456135,95,0,95.0,0.0,,,0.0,0.0,
456153,62,0,62.0,0.0,,,0.0,0.0,
456205,409,0,409.0,0.0,,,0.0,0.0,
456214,498,0,498.0,0.0,,,0.0,0.0,
456287,125,0,125.0,0.0,,,0.0,0.0,
456454,383,0,383.0,0.0,,,0.0,0.0,
456481,32,0,19.0,0.0,13.0,0.0,0.0,0.0,0.0
456490,127,13,96.0,1.0,31.0,12.0,10.236220472440944,1.0416666666666665,38.70967741935484
456506,156,0,156.0,0.0,,,0.0,0.0,
456515,50,0,50.0,0.0,,,0.0,0.0,
456542,665,0,88.0,0.0,577.0,0.0,0.0,0.0,0.0
456551,72,0,72.0,0.0,,,0.0,0.0,
456579,285,0,285.0,0.0,,,0.0,0.0,
456588,29,0,29.0,0.0,,,0.0,0.0,
456597,220,0,220.0,0.0,,,0.0,0.0,
456621,252,0,234.0,0.0,18.0,0.0,0.0,0.0,0.0
456825,249,0,249.0,0.0,,,0.0,0.0,
456852,528,0,528.0,0.0,,,0.0,0.0,
456922,423,0,423.0,0.0,,,0.0,0.0,
456931,533,0,533.0,0.0,,,0.0,0.0,
456959,578,6,578.0,6.0,,,1.0380622837370241,1.0380622837370241,
456977,326,0,326.0,0.0,,,0.0,0.0,
457031,75,0,75.0,0.0,,,0.0,0.0,
457077,582,0,582.0,0.0,,,0.0,0.0,
457086,158,0,157.0,0.0,1.0,0.0,0.0,0.0,0.0
457101,396,6,396.0,6.0,,,1.5151515151515151,1.5151515151515151,
457110,551,7,551.0,7.0,,,1.2704174228675136,1.2704174228675136,
457129,821,1,821.0,1.0,,,0.12180267965895249,0.12180267965895249,
457192,43,0,43.0,0.0,,,0.0,0.0,
457208,71,0,71.0,0.0,,,0.0,0.0,
457226,70,1,63.0,1.0,7.0,0.0,1.4285714285714286,1.5873015873015872,0.0
457253,120,0,120.0,0.0,,,0.0,0.0,
457271,58,0,,,58.0,0.0,0.0,,0.0
457299,603,32,598.0,27.0,5.0,5.0,5.306799336650083,4.51505016722408,100.0
457314,113,2,113.0,2.0,,,1.7699115044247788,1.7699115044247788,
457323,320,0,320.0,0.0,,,0.0,0.0,
457332,52,0,52.0,0.0,,,0.0,0.0,
457341,197,1,197.0,1.0,,,0.5076142131979695,0.5076142131979695,
457350,54,0,54.0,0.0,,,0.0,0.0,
457378,235,0,235.0,0.0,,,0.0,0.0,
457387,615,0,615.0,0.0,,,0.0,0.0,
457396,122,0,122.0,0.0,,,0.0,0.0,
457402,368,1,350.0,0.0,18.0,1.0,0.2717391304347826,0.0,5.555555555555555
457411,376,0,376.0,0.0,,,0.0,0.0,
457420,183,0,183.0,0.0,,,0.0,0.0,
457439,83,0,83.0,0.0,,,0.0,0.0,
457448,55,0,55.0,0.0,,,0.0,0.0,
457466,34,0,34.0,0.0,,,0.0,0.0,
457475,117,0,117.0,0.0,,,0.0,0.0,
457484,187,10,129.0,6.0,58.0,4.0,5.347593582887701,4.651162790697675,6.896551724137931
457493,19,0,19.0,0.0,,,0.0,0.0,
457527,123,0,123.0,0.0,,,0.0,0.0,
457536,887,277,887.0,277.0,,,31.228861330326946,31.228861330326946,
457545,46,0,46.0,0.0,,,0.0,0.0,
457563,265,0,265.0,0.0,,,0.0,0.0,
457572,130,0,130.0,0.0,,,0.0,0.0,
457581,161,0,161.0,0.0,,,0.0,0.0,
457606,110,0,110.0,0.0,,,0.0,0.0,
457615,42,5,42.0,5.0,,,11.904761904761903,11.904761904761903,
457624,40,0,40.0,0.0,,,0.0,0.0,
457633,266,0,266.0,0.0,,,0.0,0.0,
457642,45,0,45.0,0.0,,,0.0,0.0,
457679,15,0,15.0,0.0,,,0.0,0.0,
457697,296,1,257.0,1.0,39.0,0.0,0.33783783783783783,0.38910505836575876,0.0
457749,126,0,126.0,0.0,,,0.0,0.0,
457767,249,0,249.0,0.0,,,0.0,0.0,
457776,119,0,119.0,0.0,,,0.0,0.0,
457785,89,0,89.0,0.0,,,0.0,0.0,
457794,151,0,151.0,0.0,,,0.0,0.0,
457800,452,0,452.0,0.0,,,0.0,0.0,
457819,589,38,589.0,38.0,,,6.451612903225806,6.451612903225806,
457837,142,0,142.0,0.0,,,0.0,0.0,
457855,96,2,96.0,2.0,,,2.083333333333333,2.083333333333333,
457873,223,0,223.0,0.0,,,0.0,0.0,
457916,113,0,113.0,0.0,,,0.0,0.0,
457925,11,0,11.0,0.0,,,0.0,0.0,
457943,59,0,59.0,0.0,,,0.0,0.0,
457952,197,0,197.0,0.0,,,0.0,0.0,
457989,37,0,37.0,0.0,,,0.0,0.0,
458007,75,0,75.0,0.0,,,0.0,0.0,
458043,65,0,65.0,0.0,,,0.0,0.0,
458061,38,0,38.0,0.0,,,0.0,0.0,
458070,316,4,316.0,4.0,,,1.2658227848101267,1.2658227848101267,
458098,132,0,132.0,0.0,,,0.0,0.0,
458104,188,1,188.0,1.0,,,0.5319148936170213,0.5319148936170213,
458113,83,0,83.0,0.0,,,0.0,0.0,
458122,7,0,7.0,0.0,,,0.0,0.0,
458131,154,0,154.0,0.0,,,0.0,0.0,
458140,50,1,50.0,1.0,,,2.0,2.0,
458168,67,0,67.0,0.0,,,0.0,0.0,
458210,4586,15,3192.0,15.0,1394.0,0.0,0.3270824247710423,0.4699248120300752,0.0
458229,2671,4,2671.0,4.0,,,0.1497566454511419,0.1497566454511419,
458274,160,0,160.0,0.0,,,0.0,0.0,
458405,336,0,336.0,0.0,,,0.0,0.0,
458423,84,0,84.0,0.0,,,0.0,0.0,
458441,190,0,190.0,0.0,,,0.0,0.0,
458681,322,0,322.0,0.0,,,0.0,0.0,
458803,156,0,156.0,0.0,,,0.0,0.0,
458812,111,0,111.0,0.0,,,0.0,0.0,
458821,73,0,73.0,0.0,,,0.0,0.0,
458830,188,0,188.0,0.0,,,0.0,0.0,
458858,166,0,166.0,0.0,,,0.0,0.0,
458867,242,0,242.0,0.0,,,0.0,0.0,
458885,741,0,695.0,0.0,46.0,0.0,0.0,0.0,0.0
458919,4916,20,4299.0,7.0,617.0,13.0,0.40683482506102525,0.16282856478250757,2.106969205834684
458955,983,0,882.0,0.0,101.0,0.0,0.0,0.0,0.0
458964,2110,0,1868.0,0.0,242.0,0.0,0.0,0.0,0.0
458973,2508,25,2295.0,11.0,213.0,14.0,0.9968102073365231,0.4793028322440087,6.572769953051644
459019,90,0,90.0,0.0,,,0.0,0.0,
459046,80,0,80.0,0.0,,,0.0,0.0,
459055,96,0,96.0,0.0,,,0.0,0.0,
459064,75,0,75.0,0.0,,,0.0,0.0,
459116,137,0,137.0,0.0,,,0.0,0.0,
459170,218,1,218.0,1.0,,,0.45871559633027525,0.45871559633027525,
459198,223,1,223.0,1.0,,,0.4484304932735426,0.4484304932735426,
459204,5725,0,5725.0,0.0,,,0.0,0.0,
459213,3437,1,3421.0,1.0,16.0,0.0,0.02909514111143439,0.029231218941829874,0.0
459231,184,0,184.0,0.0,,,0.0,0.0,
459259,395,5,306.0,4.0,89.0,1.0,1.2658227848101267,1.3071895424836601,1.1235955056179776
459268,258,6,240.0,6.0,18.0,0.0,2.3255813953488373,2.5,0.0
459277,280,0,280.0,0.0,,,0.0,0.0,
459286,204,0,204.0,0.0,,,0.0,0.0,
459295,121,0,121.0,0.0,,,0.0,0.0,
459301,148,0,148.0,0.0,,,0.0,0.0,
459329,568,3,568.0,3.0,,,0.528169014084507,0.528169014084507,
459347,112,0,112.0,0.0,,,0.0,0.0,
459374,139,0,139.0,0.0,,,0.0,0.0,
459392,162,0,162.0,0.0,,,0.0,0.0,
459408,72,0,72.0,0.0,,,0.0,0.0,
459426,205,0,205.0,0.0,,,0.0,0.0,
459514,61,0,61.0,0.0,,,0.0,0.0,
459523,52,0,52.0,0.0,,,0.0,0.0,
459532,71,0,71.0,0.0,,,0.0,0.0,
459541,20,0,20.0,0.0,,,0.0,0.0,
459550,138,0,138.0,0.0,,,0.0,0.0,
459578,140,0,140.0,0.0,,,0.0,0.0,
459727,2358,1,469.0,1.0,1889.0,0.0,0.04240882103477523,0.21321961620469082,0.0
459736,1144,0,23.0,0.0,1121.0,0.0,0.0,0.0,0.0
459745,564,19,,,564.0,19.0,3.368794326241135,,3.368794326241135
459824,1600,0,22.0,0.0,1578.0,0.0,0.0,0.0,0.0
459842,526,0,524.0,0.0,2.0,0.0,0.0,0.0,0.0
459851,385,0,380.0,0.0,5.0,0.0,0.0,0.0,0.0
459949,7956,77,7062.0,29.0,894.0,48.0,0.9678230266465561,0.410648541489663,5.369127516778524
459958,422,0,422.0,0.0,,,0.0,0.0,
459967,631,0,631.0,0.0,,,0.0,0.0,
459985,543,0,543.0,0.0,,,0.0,0.0,
459994,12098,16,9386.0,7.0,2712.0,9.0,0.13225326500247975,0.07457916045173663,0.33185840707964603
460011,172,0,172.0,0.0,,,0.0,0.0,
460020,582,0,582.0,0.0,,,0.0,0.0,
460093,53,0,53.0,0.0,,,0.0,0.0,
460109,172,0,172.0,0.0,,,0.0,0.0,
460118,99,0,99.0,0.0,,,0.0,0.0,
460127,92,0,92.0,0.0,,,0.0,0.0,
460136,1068,0,1068.0,0.0,,,0.0,0.0,
460145,66,0,66.0,0.0,,,0.0,0.0,
460172,762,0,762.0,0.0,,,0.0,0.0,
460181,194,0,194.0,0.0,,,0.0,0.0,
460190,95,0,95.0,0.0,,,0.0,0.0,
460206,195,0,195.0,0.0,,,0.0,0.0,
460349,2839,20,2209.0,11.0,630.0,9.0,0.7044734061289186,0.49796287913082843,1.4285714285714286
460394,11920,29,11920.0,29.0,,,0.24328859060402686,0.24328859060402686,
460464,11351,46,11351.0,46.0,,,0.40525063871024575,0.40525063871024575,
460482,183,0,183.0,0.0,,,0.0,0.0,
460534,448,0,448.0,0.0,,,0.0,0.0,
460543,1610,0,1610.0,0.0,,,0.0,0.0,
460677,424,0,424.0,0.0,,,0.0,0.0,
460701,185,0,185.0,0.0,,,0.0,0.0,
460756,194,14,194.0,14.0,,,7.216494845360824,7.216494845360824,
460765,46,0,46.0,0.0,,,0.0,0.0,
460808,7,0,7.0,0.0,,,0.0,0.0,
460817,195,0,195.0,0.0,,,0.0,0.0,
460826,506,0,506.0,0.0,,,0.0,0.0,
460835,3,0,3.0,0.0,,,0.0,0.0,
460862,238,0,238.0,0.0,,,0.0,0.0,
460871,557,3,557.0,3.0,,,0.5385996409335727,0.5385996409335727,
460914,403,0,403.0,0.0,,,0.0,0.0,
460932,88,0,88.0,0.0,,,0.0,0.0,
460969,544,0,544.0,0.0,,,0.0,0.0,
460978,312,0,312.0,0.0,,,0.0,0.0,
460987,106,0,106.0,0.0,,,0.0,0.0,
460996,132,0,132.0,0.0,,,0.0,0.0,
461014,961,0,961.0,0.0,,,0.0,0.0,
461023,446,0,386.0,0.0,60.0,0.0,0.0,0.0,0.0
461032,212,0,159.0,0.0,53.0,0.0,0.0,0.0,0.0
461087,1498,0,1498.0,0.0,,,0.0,0.0,
461111,33,0,33.0,0.0,,,0.0,0.0,
461120,69,0,,,69.0,0.0,0.0,,0.0
461139,69,0,,,69.0,0.0,0.0,,0.0
461148,1132,642,849.0,425.0,283.0,217.0,56.71378091872792,50.05889281507656,76.67844522968198
461175,113,10,113.0,10.0,,,8.849557522123893,8.849557522123893,
461193,259,1,259.0,1.0,,,0.3861003861003861,0.3861003861003861,
461218,845,0,845.0,0.0,,,0.0,0.0,
461245,135,3,135.0,3.0,,,2.2222222222222223,2.2222222222222223,
461254,111,62,111.0,62.0,,,55.85585585585585,55.85585585585585,
461263,365,4,365.0,4.0,,,1.095890410958904,1.095890410958904,
461272,55,0,55.0,0.0,,,0.0,0.0,
461281,112,10,101.0,10.0,11.0,0.0,8.928571428571429,9.900990099009901,0.0
461306,129,30,129.0,30.0,,,23.25581395348837,23.25581395348837,
461315,243,0,243.0,0.0,,,0.0,0.0,
461324,805,0,805.0,0.0,,,0.0,0.0,
461333,12,4,12.0,4.0,,,33.33333333333333,33.33333333333333,
461342,113,0,113.0,0.0,,,0.0,0.0,
461379,36,0,36.0,0.0,,,0.0,0.0,
461388,51,0,51.0,0.0,,,0.0,0.0,
461412,101,0,101.0,0.0,,,0.0,0.0,
461421,214,0,214.0,0.0,,,0.0,0.0,
461430,605,0,605.0,0.0,,,0.0,0.0,
461485,201,3,,,201.0,3.0,1.4925373134328357,,1.4925373134328357
461494,144,0,144.0,0.0,,,0.0,0.0,
461500,35,0,35.0,0.0,,,0.0,0.0,
461528,268,1,202.0,0.0,66.0,1.0,0.3731343283582089,0.0,1.5151515151515151
461537,16,0,16.0,0.0,,,0.0,0.0,
461555,161,0,161.0,0.0,,,0.0,0.0,
461573,154,0,154.0,0.0,,,0.0,0.0,
461582,141,0,141.0,0.0,,,0.0,0.0,
461607,115,2,115.0,2.0,,,1.7391304347826086,1.7391304347826086,
461625,11,0,11.0,0.0,,,0.0,0.0,
461652,97,1,97.0,1.0,,,1.0309278350515463,1.0309278350515463,
461689,266,0,266.0,0.0,,,0.0,0.0,
461704,156,0,156.0,0.0,,,0.0,0.0,
461713,53,0,53.0,0.0,,,0.0,0.0,
461722,56,0,56.0,0.0,,,0.0,0.0,
461740,38,0,38.0,0.0,,,0.0,0.0,
461759,506,0,504.0,0.0,2.0,0.0,0.0,0.0,0.0
461768,299,0,299.0,0.0,,,0.0,0.0,
461786,24,0,24.0,0.0,,,0.0,0.0,
461795,983,460,609.0,268.0,374.0,192.0,46.79552390640895,44.006568144499184,51.33689839572193
461810,23,0,23.0,0.0,,,0.0,0.0,
461829,117,0,117.0,0.0,,,0.0,0.0,
461838,249,0,249.0,0.0,,,0.0,0.0,
461847,57,15,57.0,15.0,,,26.31578947368421,26.31578947368421,
461856,156,0,156.0,0.0,,,0.0,0.0,
461865,44,0,44.0,0.0,,,0.0,0.0,
461874,92,0,92.0,0.0,,,0.0,0.0,
461883,220,105,184.0,79.0,36.0,26.0,47.72727272727273,42.934782608695656,72.22222222222221
461892,142,0,142.0,0.0,,,0.0,0.0,
461908,130,0,130.0,0.0,,,0.0,0.0,
461917,178,0,178.0,0.0,,,0.0,0.0,
461926,127,0,127.0,0.0,,,0.0,0.0,
461944,72,0,72.0,0.0,,,0.0,0.0,
461953,23,0,23.0,0.0,,,0.0,0.0,
461962,74,0,74.0,0.0,,,0.0,0.0,
461999,200,0,200.0,0.0,,,0.0,0.0,
462008,204,0,204.0,0.0,,,0.0,0.0,
462017,98,0,98.0,0.0,,,0.0,0.0,
462035,350,1,350.0,1.0,,,0.2857142857142857,0.2857142857142857,
462044,99,3,,,99.0,3.0,3.0303030303030303,,3.0303030303030303
462053,185,0,185.0,0.0,,,0.0,0.0,
462062,134,1,134.0,1.0,,,0.7462686567164178,0.7462686567164178,
462071,296,0,296.0,0.0,,,0.0,0.0,
462336,62,0,62.0,0.0,,,0.0,0.0,
462354,286,7,286.0,7.0,,,2.4475524475524475,2.4475524475524475,
463056,1544,36,1544.0,36.0,,,2.33160621761658,2.33160621761658,
464226,912,39,837.0,39.0,75.0,0.0,4.276315789473684,4.659498207885305,0.0
466921,284,1,284.0,1.0,,,0.35211267605633806,0.35211267605633806,
466930,2270,5,2270.0,5.0,,,0.22026431718061676,0.22026431718061676,
467094,152,0,152.0,0.0,,,0.0,0.0,
467863,256,0,256.0,0.0,,,0.0,0.0,
467872,264,0,264.0,0.0,,,0.0,0.0,
467906,157,0,157.0,0.0,,,0.0,0.0,
468246,139,0,139.0,0.0,,,0.0,0.0,
468255,35,0,35.0,0.0,,,0.0,0.0,
468769,155,0,155.0,0.0,,,0.0,0.0,
468848,814,0,814.0,0.0,,,0.0,0.0,
468893,185,1,185.0,1.0,,,0.5405405405405406,0.5405405405405406,
468909,1073,0,1073.0,0.0,,,0.0,0.0,
468963,430,0,430.0,0.0,,,0.0,0.0,
469416,221,0,221.0,0.0,,,0.0,0.0,
469610,8,0,8.0,0.0,,,0.0,0.0,
469629,128,0,128.0,0.0,,,0.0,0.0,
469911,86,0,86.0,0.0,,,0.0,0.0,
470038,1616,0,1616.0,0.0,,,0.0,0.0,
470047,37,0,37.0,0.0,,,0.0,0.0,
470296,18,0,18.0,0.0,,,0.0,0.0,
470393,160,1,160.0,1.0,,,0.625,0.625,
474863,1881,0,1685.0,0.0,196.0,0.0,0.0,0.0,0.0
474915,219,0,219.0,0.0,,,0.0,0.0,
474924,186,0,186.0,0.0,,,0.0,0.0,
475015,244,0,244.0,0.0,,,0.0,0.0,
475024,373,0,373.0,0.0,,,0.0,0.0,
475033,1324,0,57.0,0.0,1267.0,0.0,0.0,0.0,0.0
475060,230,0,230.0,0.0,,,0.0,0.0,
475121,8803,16,6439.0,6.0,2364.0,10.0,0.18175621947063503,0.09318217114458767,0.4230118443316413
475176,650,0,650.0,0.0,,,0.0,0.0,
475200,145,0,145.0,0.0,,,0.0,0.0,
475228,78,0,,,78.0,0.0,0.0,,0.0
475273,380,1,176.0,1.0,204.0,0.0,0.2631578947368421,0.5681818181818182,0.0
475282,90,1,90.0,1.0,,,1.1111111111111112,1.1111111111111112,
475325,331,0,331.0,0.0,,,0.0,0.0,
475398,230,12,125.0,9.0,105.0,3.0,5.217391304347826,7.199999999999999,2.857142857142857
475404,120,0,120.0,0.0,,,0.0,0.0,
475422,65,0,65.0,0.0,,,0.0,0.0,
475431,62,0,62.0,0.0,,,0.0,0.0,
475468,353,17,353.0,17.0,,,4.815864022662889,4.815864022662889,
475486,360,1,360.0,1.0,,,0.2777777777777778,0.2777777777777778,
475495,1686,0,,,1686.0,0.0,0.0,,0.0
475547,104,0,104.0,0.0,,,0.0,0.0,
475556,130,1,130.0,1.0,,,0.7692307692307693,0.7692307692307693,
475565,1048,32,1048.0,32.0,,,3.0534351145038165,3.0534351145038165,
475574,40,0,40.0,0.0,,,0.0,0.0,
475608,160,13,132.0,9.0,28.0,4.0,8.125,6.8181818181818175,14.285714285714285
475653,40,0,40.0,0.0,,,0.0,0.0,
475662,51,0,51.0,0.0,,,0.0,0.0,
475705,7,2,7.0,2.0,,,28.57142857142857,28.57142857142857,
475714,412,0,412.0,0.0,,,0.0,0.0,
475723,666,0,666.0,0.0,,,0.0,0.0,
475732,1940,8,1940.0,8.0,,,0.4123711340206186,0.4123711340206186,
475741,144,0,144.0,0.0,,,0.0,0.0,
475839,194,0,194.0,0.0,,,0.0,0.0,
476063,579,0,579.0,0.0,,,0.0,0.0,
476179,163,0,163.0,0.0,,,0.0,0.0,
476230,30,0,30.0,0.0,,,0.0,0.0,
476355,31,3,31.0,3.0,,,9.67741935483871,9.67741935483871,
476489,68,0,68.0,0.0,,,0.0,0.0,
476498,404,5,404.0,5.0,,,1.2376237623762376,1.2376237623762376,
476540,90,0,90.0,0.0,,,0.0,0.0,
476559,92,0,92.0,0.0,,,0.0,0.0,
476568,15,0,15.0,0.0,,,0.0,0.0,
476595,48,0,48.0,0.0,,,0.0,0.0,
476601,87,0,87.0,0.0,,,0.0,0.0,
476610,16,0,16.0,0.0,,,0.0,0.0,
476629,152,0,152.0,0.0,,,0.0,0.0,
476683,516,0,516.0,0.0,,,0.0,0.0,
476692,47,7,47.0,7.0,,,14.893617021276595,14.893617021276595,
476708,169,0,169.0,0.0,,,0.0,0.0,
476717,765,0,765.0,0.0,,,0.0,0.0,
476726,832,0,832.0,0.0,,,0.0,0.0,
476735,39,0,39.0,0.0,,,0.0,0.0,
476753,240,0,240.0,0.0,,,0.0,0.0,
476780,67,0,67.0,0.0,,,0.0,0.0,
476799,191,0,191.0,0.0,,,0.0,0.0,
476805,38,0,38.0,0.0,,,0.0,0.0,
476814,757,0,757.0,0.0,,,0.0,0.0,
476841,161,1,161.0,1.0,,,0.6211180124223602,0.6211180124223602,
476850,104,0,104.0,0.0,,,0.0,0.0,
476869,82,0,82.0,0.0,,,0.0,0.0,
476878,164,0,164.0,0.0,,,0.0,0.0,
476887,641,4,641.0,4.0,,,0.62402496099844,0.62402496099844,
476896,129,1,129.0,1.0,,,0.7751937984496124,0.7751937984496124,
476902,85,0,85.0,0.0,,,0.0,0.0,
476939,661,0,661.0,0.0,,,0.0,0.0,
476975,10257,313,7157.0,190.0,3100.0,123.0,3.0515745344642684,2.6547436076568394,3.9677419354838714
476984,179,0,179.0,0.0,,,0.0,0.0,
476993,241,0,241.0,0.0,,,0.0,0.0,
477002,43,0,43.0,0.0,,,0.0,0.0,
477039,1887,29,1162.0,29.0,725.0,0.0,1.5368309485956544,2.495697074010327,0.0
477233,89,0,89.0,0.0,,,0.0,0.0,
478582,127,0,127.0,0.0,,,0.0,0.0,
478591,228,0,228.0,0.0,,,0.0,0.0,
478616,99,0,99.0,0.0,,,0.0,0.0,
478917,46,0,46.0,0.0,,,0.0,0.0,
478953,209,0,209.0,0.0,,,0.0,0.0,
479062,124,0,124.0,0.0,,,0.0,0.0,
479424,284,0,284.0,0.0,,,0.0,0.0,
479956,13774,423,8051.0,223.0,5723.0,200.0,3.0710033396253813,2.7698422556204196,3.4946706272933774
479965,150,2,150.0,2.0,,,1.3333333333333335,1.3333333333333335,
479974,90,0,90.0,0.0,,,0.0,0.0,
479992,15,0,15.0,0.0,,,0.0,0.0,
480000,50,0,50.0,0.0,,,0.0,0.0,
480019,664,0,664.0,0.0,,,0.0,0.0,
480037,1466,0,1466.0,0.0,,,0.0,0.0,
480073,297,2,211.0,2.0,86.0,0.0,0.6734006734006733,0.9478672985781991,0.0
480091,10343,0,10343.0,0.0,,,0.0,0.0,
480125,466,0,466.0,0.0,,,0.0,0.0,
480161,2,0,2.0,0.0,,,0.0,0.0,
480198,257,0,144.0,0.0,113.0,0.0,0.0,0.0,0.0
480204,413,0,413.0,0.0,,,0.0,0.0,
480310,77,0,77.0,0.0,,,0.0,0.0,
480471,868,0,868.0,0.0,,,0.0,0.0,
480523,84,0,84.0,0.0,,,0.0,0.0,
480532,79,0,79.0,0.0,,,0.0,0.0,
480550,57,0,57.0,0.0,,,0.0,0.0,
480569,815,20,475.0,12.0,340.0,8.0,2.4539877300613497,2.526315789473684,2.3529411764705883
480657,359,0,359.0,0.0,,,0.0,0.0,
480727,36,5,36.0,5.0,,,13.88888888888889,13.88888888888889,
480781,247,84,135.0,24.0,112.0,60.0,34.0080971659919,17.77777777777778,53.57142857142857
480790,1903,5,,,1903.0,5.0,0.2627430373095113,,0.2627430373095113
480824,720,0,720.0,0.0,,,0.0,0.0,
480833,1076,2,1076.0,2.0,,,0.18587360594795538,0.18587360594795538,
480842,49,0,49.0,0.0,,,0.0,0.0,
480851,28,0,28.0,0.0,,,0.0,0.0,
480879,50,0,50.0,0.0,,,0.0,0.0,
480888,152,0,152.0,0.0,,,0.0,0.0,
480903,428,0,428.0,0.0,,,0.0,0.0,
480921,95,0,95.0,0.0,,,0.0,0.0,
480967,241,1,241.0,1.0,,,0.4149377593360996,0.4149377593360996,
480976,53,0,53.0,0.0,,,0.0,0.0,
480985,239,0,234.0,0.0,5.0,0.0,0.0,0.0,0.0
480994,118,5,118.0,5.0,,,4.23728813559322,4.23728813559322,
481003,293,0,293.0,0.0,,,0.0,0.0,
481021,47,0,47.0,0.0,,,0.0,0.0,
481030,48,0,,,48.0,0.0,0.0,,0.0
481049,26,0,26.0,0.0,,,0.0,0.0,
481058,301,114,68.0,20.0,233.0,94.0,37.87375415282392,29.411764705882355,40.343347639484975
481067,20,0,20.0,0.0,,,0.0,0.0,
481085,176,0,176.0,0.0,,,0.0,0.0,
481094,188,0,,,188.0,0.0,0.0,,0.0
481100,92,0,92.0,0.0,,,0.0,0.0,
481128,99,0,99.0,0.0,,,0.0,0.0,
481146,60,0,60.0,0.0,,,0.0,0.0,
481155,183,0,183.0,0.0,,,0.0,0.0,
481182,34,0,34.0,0.0,,,0.0,0.0,
481191,105,0,105.0,0.0,,,0.0,0.0,
481207,87,1,87.0,1.0,,,1.1494252873563218,1.1494252873563218,
481225,32,9,19.0,8.0,13.0,1.0,28.125,42.10526315789473,7.6923076923076925
481243,211,0,211.0,0.0,,,0.0,0.0,
481252,121,3,121.0,3.0,,,2.479338842975207,2.479338842975207,
481289,106,0,106.0,0.0,,,0.0,0.0,
481298,34,0,34.0,0.0,,,0.0,0.0,
481313,95,0,95.0,0.0,,,0.0,0.0,
481331,57,0,57.0,0.0,,,0.0,0.0,
481340,33,0,33.0,0.0,,,0.0,0.0,
481368,119,0,119.0,0.0,,,0.0,0.0,
481386,628,0,628.0,0.0,,,0.0,0.0,
481401,568,0,229.0,0.0,339.0,0.0,0.0,0.0,0.0
481410,84,3,84.0,3.0,,,3.571428571428571,3.571428571428571,
481429,158,0,158.0,0.0,,,0.0,0.0,
481438,76,5,76.0,5.0,,,6.578947368421052,6.578947368421052,
481447,39,0,39.0,0.0,,,0.0,0.0,
481456,20,0,20.0,0.0,,,0.0,0.0,
481465,94,0,94.0,0.0,,,0.0,0.0,
481474,91,0,91.0,0.0,,,0.0,0.0,
481483,228,0,228.0,0.0,,,0.0,0.0,
481517,96,0,96.0,0.0,,,0.0,0.0,
481526,271,0,271.0,0.0,,,0.0,0.0,
481535,52,27,,,52.0,27.0,51.92307692307693,,51.92307692307693
481571,5,0,5.0,0.0,,,0.0,0.0,
481678,73,0,73.0,0.0,,,0.0,0.0,
481720,67,0,67.0,0.0,,,0.0,0.0,
481739,50,0,50.0,0.0,,,0.0,0.0,
481748,136,0,136.0,0.0,,,0.0,0.0,
481775,257,1,257.0,1.0,,,0.38910505836575876,0.38910505836575876,
481845,67,0,67.0,0.0,,,0.0,0.0,
481863,75,0,75.0,0.0,,,0.0,0.0,
481890,77,0,77.0,0.0,,,0.0,0.0,
481906,65,0,65.0,0.0,,,0.0,0.0,
481960,183,0,183.0,0.0,,,0.0,0.0,
482015,1089,0,1089.0,0.0,,,0.0,0.0,
482060,359,0,359.0,0.0,,,0.0,0.0,
482097,396,0,396.0,0.0,,,0.0,0.0,
482149,10900,208,6049.0,87.0,4851.0,121.0,1.908256880733945,1.4382542569019674,2.494331065759637
482158,8363,184,7692.0,155.0,671.0,29.0,2.2001674040416117,2.015080603224129,4.321907600596125
482167,109,0,109.0,0.0,,,0.0,0.0,
482176,213,0,213.0,0.0,,,0.0,0.0,
482185,47,4,47.0,4.0,,,8.51063829787234,8.51063829787234,
482194,104,0,104.0,0.0,,,0.0,0.0,
482200,28,0,28.0,0.0,,,0.0,0.0,
482228,211,0,133.0,0.0,78.0,0.0,0.0,0.0,0.0
482246,55,1,55.0,1.0,,,1.8181818181818181,1.8181818181818181,
482255,429,0,429.0,0.0,,,0.0,0.0,
482291,1415,0,1415.0,0.0,,,0.0,0.0,
482413,107,19,86.0,5.0,21.0,14.0,17.75700934579439,5.813953488372093,66.66666666666666
482422,6,1,6.0,1.0,,,16.666666666666664,16.666666666666664,
482431,2403,24,2382.0,12.0,21.0,12.0,0.9987515605493134,0.5037783375314862,57.14285714285714
482459,114,5,109.0,1.0,5.0,4.0,4.385964912280701,0.9174311926605505,80.0
482468,522,10,516.0,4.0,6.0,6.0,1.9157088122605364,0.7751937984496124,100.0
482477,31296,109,28046.0,54.0,3250.0,55.0,0.3482873210633947,0.19254082578620837,1.6923076923076923
482547,1,0,1.0,0.0,,,0.0,0.0,
482556,67,5,62.0,2.0,5.0,3.0,7.462686567164178,3.225806451612903,60.0
482574,211,3,210.0,2.0,1.0,1.0,1.4218009478672986,0.9523809523809524,100.0
482635,17,9,8.0,2.0,9.0,7.0,52.94117647058824,25.0,77.77777777777779
482653,19,6,13.0,1.0,6.0,5.0,31.57894736842105,7.6923076923076925,83.33333333333334
482680,19291,243,18322.0,214.0,969.0,29.0,1.2596547612876472,1.1679947603973366,2.9927760577915374
482699,1893,9,1893.0,9.0,,,0.4754358161648178,0.4754358161648178,
482705,7411,3231,2416.0,489.0,4995.0,2742.0,43.59735528268789,20.240066225165563,54.8948948948949
482936,1769,57,1690.0,44.0,79.0,13.0,3.22215941209723,2.603550295857988,16.455696202531644
482963,484,0,484.0,0.0,,,0.0,0.0,
482981,114,0,114.0,0.0,,,0.0,0.0,
482990,140,0,140.0,0.0,,,0.0,0.0,
483009,125,0,125.0,0.0,,,0.0,0.0,
483018,121,1,121.0,1.0,,,0.8264462809917356,0.8264462809917356,
483036,2403,17,1755.0,1.0,648.0,16.0,0.7074490220557637,0.056980056980056974,2.4691358024691357
483045,11527,34,11527.0,34.0,,,0.29495965992886264,0.29495965992886264,
483054,86,0,86.0,0.0,,,0.0,0.0,
483106,288,0,288.0,0.0,,,0.0,0.0,
483124,72994,430,54226.0,105.0,18768.0,325.0,0.5890895142066471,0.1936340500866743,1.7316709292412618
483212,3463,7,3463.0,7.0,,,0.20213687554143808,0.20213687554143808,
483230,161,0,161.0,0.0,,,0.0,0.0,
483258,54,0,54.0,0.0,,,0.0,0.0,
483276,59,0,59.0,0.0,,,0.0,0.0,
483328,52,0,52.0,0.0,,,0.0,0.0,
483337,196,0,196.0,0.0,,,0.0,0.0,
483346,47,0,47.0,0.0,,,0.0,0.0,
483355,189,0,189.0,0.0,,,0.0,0.0,
483364,162,0,162.0,0.0,,,0.0,0.0,
483373,225,1,225.0,1.0,,,0.4444444444444444,0.4444444444444444,
483382,226,1,226.0,1.0,,,0.4424778761061947,0.4424778761061947,
483425,55,0,55.0,0.0,,,0.0,0.0,
483470,102,0,102.0,0.0,,,0.0,0.0,
483504,430,0,430.0,0.0,,,0.0,0.0,
483513,32,0,32.0,0.0,,,0.0,0.0,
483559,57,0,57.0,0.0,,,0.0,0.0,
483577,116,0,116.0,0.0,,,0.0,0.0,
483595,8378,68,4780.0,34.0,3598.0,34.0,0.811649558367152,0.7112970711297071,0.9449694274596998
483647,121,0,121.0,0.0,,,0.0,0.0,
483708,511,0,511.0,0.0,,,0.0,0.0,
483726,17,0,17.0,0.0,,,0.0,0.0,
483735,112,0,112.0,0.0,,,0.0,0.0,
483744,71,0,71.0,0.0,,,0.0,0.0,
483753,62,0,62.0,0.0,,,0.0,0.0,
483780,1096,1020,400.0,368.0,696.0,652.0,93.06569343065694,92.0,93.67816091954023
483799,72,0,72.0,0.0,,,0.0,0.0,
483814,730,0,730.0,0.0,,,0.0,0.0,
483823,512,0,512.0,0.0,,,0.0,0.0,
483841,24,0,24.0,0.0,,,0.0,0.0,
483850,7,0,7.0,0.0,,,0.0,0.0,
483869,500,0,500.0,0.0,,,0.0,0.0,
483878,209,12,209.0,12.0,,,5.741626794258373,5.741626794258373,
483887,29,0,29.0,0.0,,,0.0,0.0,
483896,61,0,61.0,0.0,,,0.0,0.0,
483911,16,0,16.0,0.0,,,0.0,0.0,
483920,169,0,169.0,0.0,,,0.0,0.0,
483948,56,0,56.0,0.0,,,0.0,0.0,
483957,21,0,21.0,0.0,,,0.0,0.0,
483975,778,0,,,778.0,0.0,0.0,,0.0
484002,2280,1,2280.0,1.0,,,0.043859649122807015,0.043859649122807015,
484011,87,0,87.0,0.0,,,0.0,0.0,
484020,38,0,38.0,0.0,,,0.0,0.0,
484057,201,1,201.0,1.0,,,0.4975124378109453,0.4975124378109453,
484066,524,0,524.0,0.0,,,0.0,0.0,
484075,82,0,82.0,0.0,,,0.0,0.0,
484084,99,1,99.0,1.0,,,1.0101010101010102,1.0101010101010102,
484093,99,0,99.0,0.0,,,0.0,0.0,
484109,107,0,107.0,0.0,,,0.0,0.0,
484127,53,0,53.0,0.0,,,0.0,0.0,
484136,29,0,29.0,0.0,,,0.0,0.0,
484163,155,0,155.0,0.0,,,0.0,0.0,
484172,36,0,36.0,0.0,,,0.0,0.0,
484190,32,0,32.0,0.0,,,0.0,0.0,
484206,196,0,196.0,0.0,,,0.0,0.0,
484233,217,0,217.0,0.0,,,0.0,0.0,
484330,38,0,38.0,0.0,,,0.0,0.0,
484349,91,0,91.0,0.0,,,0.0,0.0,
484358,87,0,87.0,0.0,,,0.0,0.0,
484367,513,0,513.0,0.0,,,0.0,0.0,
484376,652,0,652.0,0.0,,,0.0,0.0,
484394,147,0,147.0,0.0,,,0.0,0.0,
484473,5655,57,5655.0,57.0,,,1.0079575596816976,1.0079575596816976,
484604,550,0,550.0,0.0,,,0.0,0.0,
484613,111248,316,89828.0,167.0,21420.0,149.0,0.28405005033798364,0.18591085185020262,0.6956115779645191
484631,34,0,24.0,0.0,10.0,0.0,0.0,0.0,0.0
484756,6,0,5.0,0.0,1.0,0.0,0.0,0.0,0.0
484844,669,133,637.0,133.0,32.0,0.0,19.880418535127056,20.87912087912088,0.0
484862,367,30,7.0,0.0,360.0,30.0,8.174386920980927,0.0,8.333333333333332
484871,114,0,114.0,0.0,,,0.0,0.0,
484899,218,0,218.0,0.0,,,0.0,0.0,
484905,3794,24,2953.0,21.0,841.0,3.0,0.632577754348972,0.7111412123264477,0.356718192627824
484923,36,0,36.0,0.0,,,0.0,0.0,
484932,1927,0,1927.0,0.0,,,0.0,0.0,
484950,95,0,95.0,0.0,,,0.0,0.0,
484996,138,0,138.0,0.0,,,0.0,0.0,
485014,87,0,87.0,0.0,,,0.0,0.0,
485032,165,0,165.0,0.0,,,0.0,0.0,
485111,6575,35,6575.0,35.0,,,0.532319391634981,0.532319391634981,
485166,92,1,92.0,1.0,,,1.0869565217391304,1.0869565217391304,
485236,45,0,45.0,0.0,,,0.0,0.0,
485272,961,8,961.0,8.0,,,0.8324661810613945,0.8324661810613945,
485342,329,0,329.0,0.0,,,0.0,0.0,
485360,3,0,3.0,0.0,,,0.0,0.0,
485379,239,0,239.0,0.0,,,0.0,0.0,
485388,273,0,273.0,0.0,,,0.0,0.0,
485397,152,0,152.0,0.0,,,0.0,0.0,
485403,99,16,,,99.0,16.0,16.161616161616163,,16.161616161616163
485412,94,0,94.0,0.0,,,0.0,0.0,
485458,4130,17,4130.0,17.0,,,0.4116222760290557,0.4116222760290557,
485476,81,0,81.0,0.0,,,0.0,0.0,
485485,283,7,283.0,7.0,,,2.4734982332155475,2.4734982332155475,
485494,121,0,121.0,0.0,,,0.0,0.0,
485500,75,0,75.0,0.0,,,0.0,0.0,
485519,403,1,370.0,1.0,33.0,0.0,0.24813895781637718,0.2702702702702703,0.0
485546,623,76,151.0,4.0,472.0,72.0,12.199036918138042,2.6490066225165565,15.254237288135593
485564,179,0,179.0,0.0,,,0.0,0.0,
485573,287,0,287.0,0.0,,,0.0,0.0,
485591,27,0,27.0,0.0,,,0.0,0.0,
485607,44,0,44.0,0.0,,,0.0,0.0,
485698,155,0,155.0,0.0,,,0.0,0.0,
485768,746,344,330.0,131.0,416.0,213.0,46.11260053619303,39.696969696969695,51.20192307692307
485801,67,0,67.0,0.0,,,0.0,0.0,
485856,39,2,39.0,2.0,,,5.128205128205128,5.128205128205128,
485874,200,0,200.0,0.0,,,0.0,0.0,
485926,171,0,171.0,0.0,,,0.0,0.0,
485953,77,0,77.0,0.0,,,0.0,0.0,
485962,27,0,27.0,0.0,,,0.0,0.0,
485999,112,0,112.0,0.0,,,0.0,0.0,
486017,23,2,23.0,2.0,,,8.695652173913043,8.695652173913043,
486026,132,0,132.0,0.0,,,0.0,0.0,
486053,200,5,117.0,3.0,83.0,2.0,2.5,2.564102564102564,2.4096385542168677
486080,12,9,,,12.0,9.0,75.0,,75.0
486123,10,2,10.0,2.0,,,20.0,20.0,
486150,107,3,107.0,3.0,,,2.803738317757009,2.803738317757009,
486169,84,0,84.0,0.0,,,0.0,0.0,
486196,226,19,226.0,19.0,,,8.4070796460177,8.4070796460177,
486202,9,0,9.0,0.0,,,0.0,0.0,
486239,319,237,189.0,135.0,130.0,102.0,74.29467084639498,71.42857142857143,78.46153846153847
486248,144,0,144.0,0.0,,,0.0,0.0,
486257,414,2,414.0,2.0,,,0.4830917874396135,0.4830917874396135,
486284,100,3,81.0,0.0,19.0,3.0,3.0,0.0,15.789473684210526
486345,285,0,285.0,0.0,,,0.0,0.0,
486354,137,118,113.0,94.0,24.0,24.0,86.13138686131386,83.1858407079646,100.0
486372,127,0,127.0,0.0,,,0.0,0.0,
486381,37,0,37.0,0.0,,,0.0,0.0,
486406,15,0,15.0,0.0,,,0.0,0.0,
486415,552,0,552.0,0.0,,,0.0,0.0,
486424,136,0,136.0,0.0,,,0.0,0.0,
486433,74,3,,,74.0,3.0,4.054054054054054,,4.054054054054054
486442,117,0,117.0,0.0,,,0.0,0.0,
486488,6,2,6.0,2.0,,,33.33333333333333,33.33333333333333,
486497,50,0,50.0,0.0,,,0.0,0.0,
486503,54,0,54.0,0.0,,,0.0,0.0,
486512,494,0,494.0,0.0,,,0.0,0.0,
486530,148,0,148.0,0.0,,,0.0,0.0,
486558,343,0,343.0,0.0,,,0.0,0.0,
486567,234,1,234.0,1.0,,,0.4273504273504274,0.4273504273504274,
486576,235,0,235.0,0.0,,,0.0,0.0,
486619,115,0,115.0,0.0,,,0.0,0.0,
486691,127,0,127.0,0.0,,,0.0,0.0,
486707,132,0,132.0,0.0,,,0.0,0.0,
486716,75,0,75.0,0.0,,,0.0,0.0,
486752,63,0,63.0,0.0,,,0.0,0.0,
486770,155,0,155.0,0.0,,,0.0,0.0,
486798,1962,0,1962.0,0.0,,,0.0,0.0,
486813,617,0,617.0,0.0,,,0.0,0.0,
486822,780,0,780.0,0.0,,,0.0,0.0,
486840,47764,1499,42760.0,768.0,5004.0,731.0,3.138346872121263,1.7960710944808234,14.608313349320543
486859,99,0,99.0,0.0,,,0.0,0.0,
486877,9,0,9.0,0.0,,,0.0,0.0,
486886,31,0,31.0,0.0,,,0.0,0.0,
486901,1240,99,865.0,84.0,375.0,15.0,7.983870967741935,9.710982658959537,4.0
486938,652,0,652.0,0.0,,,0.0,0.0,
486947,629,0,629.0,0.0,,,0.0,0.0,
486956,1226,5,1226.0,5.0,,,0.40783034257748774,0.40783034257748774,
486983,70,0,70.0,0.0,,,0.0,0.0,
487010,3101,116,394.0,6.0,2707.0,110.0,3.740728797162206,1.5228426395939088,4.063538973032878
487047,49,0,49.0,0.0,,,0.0,0.0,
487065,96,0,96.0,0.0,,,0.0,0.0,
487083,44,0,44.0,0.0,,,0.0,0.0,
487092,967,138,967.0,138.0,,,14.270941054808686,14.270941054808686,
487153,20,0,,,20.0,0.0,0.0,,0.0
487162,5381,16,5381.0,16.0,,,0.297342501393793,0.297342501393793,
487232,54,1,54.0,1.0,,,1.8518518518518516,1.8518518518518516,
487302,583,0,583.0,0.0,,,0.0,0.0,
487311,659,0,659.0,0.0,,,0.0,0.0,
487320,12077,0,12077.0,0.0,,,0.0,0.0,
487348,122,2,122.0,2.0,,,1.639344262295082,1.639344262295082,
487375,1222,0,1222.0,0.0,,,0.0,0.0,
487481,1234,0,1234.0,0.0,,,0.0,0.0,
487506,88,0,88.0,0.0,,,0.0,0.0,
487524,3367,73,2763.0,73.0,604.0,0.0,2.1681021681021684,2.6420557365182775,0.0
487533,138,4,138.0,4.0,,,2.898550724637681,2.898550724637681,
487588,115,0,115.0,0.0,,,0.0,0.0,
487597,1701,1,1701.0,1.0,,,0.058788947677836566,0.058788947677836566,
487603,1352,7,1221.0,3.0,131.0,4.0,0.5177514792899409,0.2457002457002457,3.0534351145038165
487621,20,0,20.0,0.0,,,0.0,0.0,
487649,344,338,,,344.0,338.0,98.25581395348837,,98.25581395348837
487658,89,0,89.0,0.0,,,0.0,0.0,
487676,202,0,202.0,0.0,,,0.0,0.0,
487746,41,1,41.0,1.0,,,2.4390243902439024,2.4390243902439024,
487773,41,0,41.0,0.0,,,0.0,0.0,
487791,744,6,744.0,6.0,,,0.8064516129032258,0.8064516129032258,
487807,45,0,45.0,0.0,,,0.0,0.0,
487816,9,0,9.0,0.0,,,0.0,0.0,
487861,192,0,192.0,0.0,,,0.0,0.0,
487889,131,0,131.0,0.0,,,0.0,0.0,
487904,31,0,31.0,0.0,,,0.0,0.0,
487922,74,0,74.0,0.0,,,0.0,0.0,
487959,47,0,47.0,0.0,,,0.0,0.0,
487968,96,0,96.0,0.0,,,0.0,0.0,
487977,2812,0,2491.0,0.0,321.0,0.0,0.0,0.0,0.0
487995,140,7,59.0,1.0,81.0,6.0,5.0,1.694915254237288,7.4074074074074066
488004,15,6,15.0,6.0,,,40.0,40.0,
488013,917,0,917.0,0.0,,,0.0,0.0,
488022,59,0,59.0,0.0,,,0.0,0.0,
488031,112,1,25.0,0.0,87.0,1.0,0.8928571428571428,0.0,1.1494252873563218
488059,455,48,455.0,48.0,,,10.54945054945055,10.54945054945055,
488077,5437,0,5437.0,0.0,,,0.0,0.0,
488110,75,0,75.0,0.0,,,0.0,0.0,
488129,19,0,19.0,0.0,,,0.0,0.0,
488138,28,0,28.0,0.0,,,0.0,0.0,
488174,31,0,31.0,0.0,,,0.0,0.0,
488183,23,0,23.0,0.0,,,0.0,0.0,
488192,99,0,99.0,0.0,,,0.0,0.0,
488217,235,0,235.0,0.0,,,0.0,0.0,
488226,16,0,16.0,0.0,,,0.0,0.0,
488253,64,0,64.0,0.0,,,0.0,0.0,
488262,33,0,33.0,0.0,,,0.0,0.0,
488280,36,0,36.0,0.0,,,0.0,0.0,
488299,11,0,11.0,0.0,,,0.0,0.0,
488305,118,5,118.0,5.0,,,4.23728813559322,4.23728813559322,
488314,124,14,124.0,14.0,,,11.29032258064516,11.29032258064516,
488332,54,0,54.0,0.0,,,0.0,0.0,
488350,150,7,150.0,7.0,,,4.666666666666667,4.666666666666667,
488369,50,0,50.0,0.0,,,0.0,0.0,
488378,146,0,146.0,0.0,,,0.0,0.0,
488387,271,3,54.0,0.0,217.0,3.0,1.107011070110701,0.0,1.3824884792626728
488396,39,0,39.0,0.0,,,0.0,0.0,
488411,112,0,112.0,0.0,,,0.0,0.0,
488420,160,0,160.0,0.0,,,0.0,0.0,
488439,178,0,178.0,0.0,,,0.0,0.0,
488448,85,7,65.0,0.0,20.0,7.0,8.235294117647058,0.0,35.0
488527,870,10,,,870.0,10.0,1.1494252873563218,,1.1494252873563218
488554,841,0,,,841.0,0.0,0.0,,0.0
488563,60,0,60.0,0.0,,,0.0,0.0,
488572,607,0,,,607.0,0.0,0.0,,0.0
488590,22,0,22.0,0.0,,,0.0,0.0,
488651,124,0,124.0,0.0,,,0.0,0.0,
488679,14331,3721,6901.0,287.0,7430.0,3434.0,25.964691926592703,4.158817562672076,46.21803499327052
488721,1077,0,595.0,0.0,482.0,0.0,0.0,0.0,0.0
488730,9355,0,9355.0,0.0,,,0.0,0.0,
488749,131,0,131.0,0.0,,,0.0,0.0,
488776,674,4,574.0,3.0,100.0,1.0,0.5934718100890208,0.5226480836236934,1.0
488800,974,0,642.0,0.0,332.0,0.0,0.0,0.0,0.0
488837,24,0,24.0,0.0,,,0.0,0.0,
488846,41961,0,36901.0,0.0,5060.0,0.0,0.0,0.0,0.0
488891,196,16,196.0,16.0,,,8.16326530612245,8.16326530612245,
488907,29,1,,,29.0,1.0,3.4482758620689653,,3.4482758620689653
488916,97,0,97.0,0.0,,,0.0,0.0,
488934,4148,0,4148.0,0.0,,,0.0,0.0,
488952,74,0,74.0,0.0,,,0.0,0.0,
488961,132,0,132.0,0.0,,,0.0,0.0,
488970,57,0,57.0,0.0,,,0.0,0.0,
488989,133,0,133.0,0.0,,,0.0,0.0,
488998,117,0,117.0,0.0,,,0.0,0.0,
489122,53,2,53.0,2.0,,,3.7735849056603774,3.7735849056603774,
489131,37,0,37.0,0.0,,,0.0,0.0,
489140,64,0,64.0,0.0,,,0.0,0.0,
489159,152,0,152.0,0.0,,,0.0,0.0,
489201,10358,0,10358.0,0.0,,,0.0,0.0,
489238,201,0,201.0,0.0,,,0.0,0.0,
489247,18,0,18.0,0.0,,,0.0,0.0,
489256,191,0,191.0,0.0,,,0.0,0.0,
489283,787,0,787.0,0.0,,,0.0,0.0,
489335,65,0,,,65.0,0.0,0.0,,0.0
489344,202,0,202.0,0.0,,,0.0,0.0,
489353,751,0,751.0,0.0,,,0.0,0.0,
489371,317,0,317.0,0.0,,,0.0,0.0,
489779,45588,252,31224.0,162.0,14364.0,90.0,0.5527770465912082,0.5188316679477325,0.6265664160401002
489830,69,0,69.0,0.0,,,0.0,0.0,
489858,548,3,,,548.0,3.0,0.5474452554744526,,0.5474452554744526
489937,880,267,460.0,154.0,420.0,113.0,30.34090909090909,33.47826086956522,26.904761904761905
490018,15,0,15.0,0.0,,,0.0,0.0,
490045,223,33,55.0,9.0,168.0,24.0,14.798206278026907,16.363636363636363,14.285714285714285
490054,218,0,218.0,0.0,,,0.0,0.0,
490081,307,24,73.0,2.0,234.0,22.0,7.81758957654723,2.73972602739726,9.401709401709402
490090,120,0,120.0,0.0,,,0.0,0.0,
490106,457,17,,,457.0,17.0,3.7199124726477026,,3.7199124726477026
490115,60,0,60.0,0.0,,,0.0,0.0,
490124,2,0,2.0,0.0,,,0.0,0.0,
490133,7686,4204,2363.0,219.0,5323.0,3985.0,54.69685141816289,9.267879813796021,74.8637986098065
490142,36,0,36.0,0.0,,,0.0,0.0,
490151,26,0,26.0,0.0,,,0.0,0.0,
490160,212,0,212.0,0.0,,,0.0,0.0,
490197,56,0,56.0,0.0,,,0.0,0.0,
490203,144,0,144.0,0.0,,,0.0,0.0,
490221,11,0,11.0,0.0,,,0.0,0.0,
490230,294,38,253.0,23.0,41.0,15.0,12.925170068027212,9.090909090909092,36.58536585365854
490249,31,0,31.0,0.0,,,0.0,0.0,
490258,104,0,104.0,0.0,,,0.0,0.0,
490276,113,0,113.0,0.0,,,0.0,0.0,
490285,2112,0,2112.0,0.0,,,0.0,0.0,
490294,118,0,118.0,0.0,,,0.0,0.0,
490300,99,2,99.0,2.0,,,2.0202020202020203,2.0202020202020203,
490319,25,0,25.0,0.0,,,0.0,0.0,
490328,122,0,122.0,0.0,,,0.0,0.0,
490346,79,0,79.0,0.0,,,0.0,0.0,
490373,346,0,,,346.0,0.0,0.0,,0.0
490382,153,23,153.0,23.0,,,15.032679738562091,15.032679738562091,
490391,83,0,83.0,0.0,,,0.0,0.0,
490407,69,0,69.0,0.0,,,0.0,0.0,
490416,26,0,26.0,0.0,,,0.0,0.0,
490425,121,0,121.0,0.0,,,0.0,0.0,
490434,17,0,17.0,0.0,,,0.0,0.0,
490443,66,0,66.0,0.0,,,0.0,0.0,
490470,29,0,29.0,0.0,,,0.0,0.0,
490489,59,0,59.0,0.0,,,0.0,0.0,
490498,7,0,7.0,0.0,,,0.0,0.0,
490504,49,3,49.0,3.0,,,6.122448979591836,6.122448979591836,
490513,38,6,38.0,6.0,,,15.789473684210526,15.789473684210526,
490522,30,0,30.0,0.0,,,0.0,0.0,
490531,41,0,41.0,0.0,,,0.0,0.0,
490674,8,0,8.0,0.0,,,0.0,0.0,
490692,48,0,48.0,0.0,,,0.0,0.0,
490717,73,0,73.0,0.0,,,0.0,0.0,
490735,72,1,72.0,1.0,,,1.3888888888888888,1.3888888888888888,
490744,8,0,8.0,0.0,,,0.0,0.0,
490753,42,1,3.0,0.0,39.0,1.0,2.380952380952381,0.0,2.564102564102564
490805,9051,585,8201.0,251.0,850.0,334.0,6.463374212794166,3.0606023655651753,39.294117647058826
490814,124,0,124.0,0.0,,,0.0,0.0,
490832,785,1,785.0,1.0,,,0.12738853503184713,0.12738853503184713,
490841,387,0,387.0,0.0,,,0.0,0.0,
490869,364,0,364.0,0.0,,,0.0,0.0,
490878,498,0,498.0,0.0,,,0.0,0.0,
490896,161,0,161.0,0.0,,,0.0,0.0,
490948,41,0,41.0,0.0,,,0.0,0.0,
490975,365,0,365.0,0.0,,,0.0,0.0,
491057,499,0,499.0,0.0,,,0.0,0.0,
491066,65,1,65.0,1.0,,,1.5384615384615385,1.5384615384615385,
491075,73,0,73.0,0.0,,,0.0,0.0,
491084,72,0,72.0,0.0,,,0.0,0.0,
491136,111,0,111.0,0.0,,,0.0,0.0,
491145,145,0,145.0,0.0,,,0.0,0.0,
491181,350,0,350.0,0.0,,,0.0,0.0,
491190,112,1,2.0,0.0,110.0,1.0,0.8928571428571428,0.0,0.9090909090909091
491215,71,0,71.0,0.0,,,0.0,0.0,
491224,102,2,102.0,2.0,,,1.9607843137254901,1.9607843137254901,
491233,29,0,29.0,0.0,,,0.0,0.0,
491242,60,3,60.0,3.0,,,5.0,5.0,
491251,92,0,92.0,0.0,,,0.0,0.0,
491260,90,0,90.0,0.0,,,0.0,0.0,
491288,551,0,551.0,0.0,,,0.0,0.0,
491297,173,0,173.0,0.0,,,0.0,0.0,
491394,268,0,268.0,0.0,,,0.0,0.0,
491446,124,0,124.0,0.0,,,0.0,0.0,
491464,173,14,173.0,14.0,,,8.092485549132949,8.092485549132949,
491473,590,0,590.0,0.0,,,0.0,0.0,
491507,35,0,35.0,0.0,,,0.0,0.0,
491525,218,5,218.0,5.0,,,2.293577981651376,2.293577981651376,
491534,22,0,22.0,0.0,,,0.0,0.0,
491543,82,3,82.0,3.0,,,3.6585365853658534,3.6585365853658534,
491552,44,0,44.0,0.0,,,0.0,0.0,
491570,50,0,50.0,0.0,,,0.0,0.0,
491589,50,0,50.0,0.0,,,0.0,0.0,
491598,37,0,37.0,0.0,,,0.0,0.0,
491613,81,0,81.0,0.0,,,0.0,0.0,
491622,72,5,72.0,5.0,,,6.944444444444445,6.944444444444445,
491631,161,0,161.0,0.0,,,0.0,0.0,
491640,181,1,181.0,1.0,,,0.5524861878453038,0.5524861878453038,
491659,171,0,171.0,0.0,,,0.0,0.0,
491668,109,0,109.0,0.0,,,0.0,0.0,
491677,77,0,77.0,0.0,,,0.0,0.0,
491686,45,0,45.0,0.0,,,0.0,0.0,
491695,54,0,54.0,0.0,,,0.0,0.0,
491701,37,0,37.0,0.0,,,0.0,0.0,
491710,30,2,30.0,2.0,,,6.666666666666667,6.666666666666667,
491738,47,0,47.0,0.0,,,0.0,0.0,
491747,26,0,26.0,0.0,,,0.0,0.0,
491756,224,0,224.0,0.0,,,0.0,0.0,
491765,101,0,101.0,0.0,,,0.0,0.0,
491774,186,0,186.0,0.0,,,0.0,0.0,
491783,155,0,155.0,0.0,,,0.0,0.0,
491792,90,0,90.0,0.0,,,0.0,0.0,
491808,297,32,,,297.0,32.0,10.774410774410773,,10.774410774410773
491817,182,0,182.0,0.0,,,0.0,0.0,
491826,96,0,96.0,0.0,,,0.0,0.0,
491835,94,0,94.0,0.0,,,0.0,0.0,
491844,338,0,338.0,0.0,,,0.0,0.0,
491853,29,0,29.0,0.0,,,0.0,0.0,
491871,8,0,8.0,0.0,,,0.0,0.0,
491880,92,0,92.0,0.0,,,0.0,0.0,
491899,100,0,100.0,0.0,,,0.0,0.0,
491905,120,0,120.0,0.0,,,0.0,0.0,
491914,177,21,177.0,21.0,,,11.864406779661017,11.864406779661017,
491923,358,0,358.0,0.0,,,0.0,0.0,
491941,202,0,202.0,0.0,,,0.0,0.0,
491950,556,0,556.0,0.0,,,0.0,0.0,
491978,70,0,70.0,0.0,,,0.0,0.0,
491996,79,0,79.0,0.0,,,0.0,0.0,
492005,61,0,61.0,0.0,,,0.0,0.0,
492023,25,0,25.0,0.0,,,0.0,0.0,
492069,146,7,146.0,7.0,,,4.794520547945205,4.794520547945205,
492078,95,0,95.0,0.0,,,0.0,0.0,
492096,6,0,6.0,0.0,,,0.0,0.0,
492139,132,0,132.0,0.0,,,0.0,0.0,
492148,10,0,10.0,0.0,,,0.0,0.0,
492209,35,0,,,35.0,0.0,0.0,,0.0
492281,32,0,32.0,0.0,,,0.0,0.0,
492306,1476,0,1476.0,0.0,,,0.0,0.0,
492315,1459,0,1459.0,0.0,,,0.0,0.0,
492324,1426,0,1426.0,0.0,,,0.0,0.0,
492421,28,0,28.0,0.0,,,0.0,0.0,
492449,573,0,573.0,0.0,,,0.0,0.0,
492476,379,0,379.0,0.0,,,0.0,0.0,
492607,219,8,,,219.0,8.0,3.65296803652968,,3.65296803652968
492652,36,0,36.0,0.0,,,0.0,0.0,
492661,227,2,227.0,2.0,,,0.881057268722467,0.881057268722467,
492689,997,1,242.0,0.0,755.0,1.0,0.10030090270812438,0.0,0.13245033112582782
492704,240,0,,,240.0,0.0,0.0,,0.0
492722,419,0,419.0,0.0,,,0.0,0.0,
492731,174,0,174.0,0.0,,,0.0,0.0,
492759,625,1,625.0,1.0,,,0.16,0.16,
492801,659,4,659.0,4.0,,,0.6069802731411229,0.6069802731411229,
492935,393,0,393.0,0.0,,,0.0,0.0,
492953,75,0,75.0,0.0,,,0.0,0.0,
492962,2779,3,2779.0,3.0,,,0.10795250089960418,0.10795250089960418,
493071,381,0,381.0,0.0,,,0.0,0.0,
493080,553,50,553.0,50.0,,,9.041591320072333,9.041591320072333,
493132,1428,1,1428.0,1.0,,,0.0700280112044818,0.0700280112044818,
493150,135,0,135.0,0.0,,,0.0,0.0,
493451,90,0,90.0,0.0,,,0.0,0.0,
493479,14,0,14.0,0.0,,,0.0,0.0,
493488,88,0,88.0,0.0,,,0.0,0.0,
493512,193,70,173.0,55.0,20.0,15.0,36.26943005181347,31.79190751445087,75.0
493521,102,0,102.0,0.0,,,0.0,0.0,
493549,129,0,129.0,0.0,,,0.0,0.0,
493567,43,0,43.0,0.0,,,0.0,0.0,
493585,20,0,20.0,0.0,,,0.0,0.0,
493594,63,3,63.0,3.0,,,4.761904761904762,4.761904761904762,
493600,168,0,168.0,0.0,,,0.0,0.0,
493619,15,4,15.0,4.0,,,26.666666666666668,26.666666666666668,
493628,67,2,67.0,2.0,,,2.9850746268656714,2.9850746268656714,
493637,45,0,45.0,0.0,,,0.0,0.0,
493646,280,0,280.0,0.0,,,0.0,0.0,
493664,65,1,65.0,1.0,,,1.5384615384615385,1.5384615384615385,
493673,192,0,7.0,0.0,185.0,0.0,0.0,0.0,0.0
493682,100,0,100.0,0.0,,,0.0,0.0,
493691,49,0,49.0,0.0,,,0.0,0.0,
493707,87,19,87.0,19.0,,,21.839080459770116,21.839080459770116,
493716,72,2,72.0,2.0,,,2.7777777777777777,2.7777777777777777,
493743,264,0,264.0,0.0,,,0.0,0.0,
493752,8,1,8.0,1.0,,,12.5,12.5,
493761,138,1,138.0,1.0,,,0.7246376811594203,0.7246376811594203,
493770,31,0,31.0,0.0,,,0.0,0.0,
493798,97,0,97.0,0.0,,,0.0,0.0,
493804,94,0,94.0,0.0,,,0.0,0.0,
493813,137,0,137.0,0.0,,,0.0,0.0,
493822,494,0,494.0,0.0,,,0.0,0.0,
493868,46,0,46.0,0.0,,,0.0,0.0,
493895,1963,228,781.0,58.0,1182.0,170.0,11.61487519103413,7.426376440460948,14.382402707275805
493910,42,0,42.0,0.0,,,0.0,0.0,
493947,632,0,,,632.0,0.0,0.0,,0.0
493956,55,0,,,55.0,0.0,0.0,,0.0
493974,57,0,46.0,0.0,11.0,0.0,0.0,0.0,0.0
493992,185,0,185.0,0.0,,,0.0,0.0,
494010,164,0,,,164.0,0.0,0.0,,0.0
494029,26,0,26.0,0.0,,,0.0,0.0,
494162,588,0,588.0,0.0,,,0.0,0.0,
494232,117,0,117.0,0.0,,,0.0,0.0,
494250,887,0,887.0,0.0,,,0.0,0.0,
494278,325,0,325.0,0.0,,,0.0,0.0,
494287,468,0,468.0,0.0,,,0.0,0.0,
494357,1217,0,1217.0,0.0,,,0.0,0.0,
494436,334,0,334.0,0.0,,,0.0,0.0,
494463,300,0,300.0,0.0,,,0.0,0.0,
494472,14,0,14.0,0.0,,,0.0,0.0,
494524,139,0,139.0,0.0,,,0.0,0.0,
494542,57,17,57.0,17.0,,,29.82456140350877,29.82456140350877,
494551,4,0,,,4.0,0.0,0.0,,0.0
494588,424,0,424.0,0.0,,,0.0,0.0,
494603,2850,608,354.0,28.0,2496.0,580.0,21.333333333333336,7.909604519774012,23.23717948717949
494621,178,0,171.0,0.0,7.0,0.0,0.0,0.0,0.0
494630,32,3,32.0,3.0,,,9.375,9.375,
494649,56,0,56.0,0.0,,,0.0,0.0,
494658,41,0,41.0,0.0,,,0.0,0.0,
494685,474,1,474.0,1.0,,,0.21097046413502107,0.21097046413502107,
494694,150,0,150.0,0.0,,,0.0,0.0,
494700,57,8,57.0,8.0,,,14.035087719298245,14.035087719298245,
494719,170,0,170.0,0.0,,,0.0,0.0,
494728,42,0,42.0,0.0,,,0.0,0.0,
494737,223,0,223.0,0.0,,,0.0,0.0,
494746,636,0,636.0,0.0,,,0.0,0.0,
494755,61,0,61.0,0.0,,,0.0,0.0,
494764,344,0,344.0,0.0,,,0.0,0.0,
494807,764,0,131.0,0.0,633.0,0.0,0.0,0.0,0.0
494843,566,0,566.0,0.0,,,0.0,0.0,
494852,682,0,682.0,0.0,,,0.0,0.0,
494898,58,0,58.0,0.0,,,0.0,0.0,
494904,312,0,312.0,0.0,,,0.0,0.0,
494959,136,0,136.0,0.0,,,0.0,0.0,
494986,27,0,27.0,0.0,,,0.0,0.0,
494995,48,0,48.0,0.0,,,0.0,0.0,
495013,247,0,247.0,0.0,,,0.0,0.0,
495031,51,1,51.0,1.0,,,1.9607843137254901,1.9607843137254901,
495040,50,0,50.0,0.0,,,0.0,0.0,
495059,75,0,75.0,0.0,,,0.0,0.0,
495077,91,1,91.0,1.0,,,1.098901098901099,1.098901098901099,
495101,56,1,56.0,1.0,,,1.7857142857142856,1.7857142857142856,
495110,26,2,26.0,2.0,,,7.6923076923076925,7.6923076923076925,
495129,102,0,102.0,0.0,,,0.0,0.0,
495138,17,0,17.0,0.0,,,0.0,0.0,
495147,130,0,130.0,0.0,,,0.0,0.0,
495174,38,0,38.0,0.0,,,0.0,0.0,
495183,108,16,108.0,16.0,,,14.814814814814813,14.814814814814813,
495192,558,0,,,558.0,0.0,0.0,,0.0
495208,16,0,16.0,0.0,,,0.0,0.0,
495217,33,0,33.0,0.0,,,0.0,0.0,
495226,12,0,12.0,0.0,,,0.0,0.0,
495235,10,0,10.0,0.0,,,0.0,0.0,
495244,69,0,69.0,0.0,,,0.0,0.0,
495253,41,0,41.0,0.0,,,0.0,0.0,
495262,45,0,45.0,0.0,,,0.0,0.0,
495271,154,2,154.0,2.0,,,1.2987012987012987,1.2987012987012987,
495280,38,0,38.0,0.0,,,0.0,0.0,
495299,117,0,117.0,0.0,,,0.0,0.0,
495305,146,0,146.0,0.0,,,0.0,0.0,
495314,610,0,,,610.0,0.0,0.0,,0.0
495341,57,0,57.0,0.0,,,0.0,0.0,
495369,64,0,64.0,0.0,,,0.0,0.0,
495378,113,0,113.0,0.0,,,0.0,0.0,
495387,29,0,29.0,0.0,,,0.0,0.0,
495411,147,0,147.0,0.0,,,0.0,0.0,
495420,335,0,335.0,0.0,,,0.0,0.0,
495439,428,1,428.0,1.0,,,0.23364485981308408,0.23364485981308408,
495448,562,0,562.0,0.0,,,0.0,0.0,
495457,1229,0,1229.0,0.0,,,0.0,0.0,
495518,92,0,92.0,0.0,,,0.0,0.0,
495730,171,0,171.0,0.0,,,0.0,0.0,
495776,24,0,24.0,0.0,,,0.0,0.0,
495794,237,3,237.0,3.0,,,1.2658227848101267,1.2658227848101267,
495837,223,0,223.0,0.0,,,0.0,0.0,
495916,196,0,196.0,0.0,,,0.0,0.0,
495934,69,0,69.0,0.0,,,0.0,0.0,
495952,342,2,342.0,2.0,,,0.5847953216374269,0.5847953216374269,
495961,114,0,114.0,0.0,,,0.0,0.0,
495970,263,0,263.0,0.0,,,0.0,0.0,
495998,78,0,78.0,0.0,,,0.0,0.0,
496043,590,0,,,590.0,0.0,0.0,,0.0
496052,22,0,22.0,0.0,,,0.0,0.0,
496061,251,0,251.0,0.0,,,0.0,0.0,
496265,29,0,29.0,0.0,,,0.0,0.0,
496283,289,0,270.0,0.0,19.0,0.0,0.0,0.0,0.0
496326,658,1,617.0,1.0,41.0,0.0,0.1519756838905775,0.1620745542949757,0.0
496371,29,0,29.0,0.0,,,0.0,0.0,
496399,43,0,43.0,0.0,,,0.0,0.0,
496423,35,0,35.0,0.0,,,0.0,0.0,
496469,145,101,,,145.0,101.0,69.6551724137931,,69.6551724137931
496478,53,0,53.0,0.0,,,0.0,0.0,
496539,82,0,82.0,0.0,,,0.0,0.0,
496575,28,0,28.0,0.0,,,0.0,0.0,
496618,194,4,194.0,4.0,,,2.0618556701030926,2.0618556701030926,
496627,981,36,37.0,1.0,944.0,35.0,3.669724770642202,2.7027027027027026,3.7076271186440675
496636,251,0,251.0,0.0,,,0.0,0.0,
496645,241,0,241.0,0.0,,,0.0,0.0,
496654,61,0,61.0,0.0,,,0.0,0.0,
496663,85,0,85.0,0.0,,,0.0,0.0,
496672,38,0,38.0,0.0,,,0.0,0.0,
496681,21,0,21.0,0.0,,,0.0,0.0,
496690,45,0,45.0,0.0,,,0.0,0.0,
496706,103,0,103.0,0.0,,,0.0,0.0,
496715,114,0,114.0,0.0,,,0.0,0.0,
496724,28,0,28.0,0.0,,,0.0,0.0,
496733,160,0,160.0,0.0,,,0.0,0.0,
496751,60,0,60.0,0.0,,,0.0,0.0,
496803,34,0,34.0,0.0,,,0.0,0.0,
496894,32,0,32.0,0.0,,,0.0,0.0,
496919,855,0,855.0,0.0,,,0.0,0.0,
496955,657,0,657.0,0.0,,,0.0,0.0,
496964,27,0,27.0,0.0,,,0.0,0.0,
496973,251,0,251.0,0.0,,,0.0,0.0,
496991,813,0,813.0,0.0,,,0.0,0.0,
497000,178,0,178.0,0.0,,,0.0,0.0,
497037,1224,5,1224.0,5.0,,,0.40849673202614384,0.40849673202614384,
497046,6636,0,6636.0,0.0,,,0.0,0.0,
497073,481,0,481.0,0.0,,,0.0,0.0,
497107,238,69,70.0,28.0,168.0,41.0,28.991596638655466,40.0,24.404761904761905
497116,1161,0,1161.0,0.0,,,0.0,0.0,
497125,1027,0,1027.0,0.0,,,0.0,0.0,
497161,170,0,170.0,0.0,,,0.0,0.0,
497189,27,0,27.0,0.0,,,0.0,0.0,
497198,194,0,194.0,0.0,,,0.0,0.0,
497204,91,1,91.0,1.0,,,1.098901098901099,1.098901098901099,
497213,48,0,48.0,0.0,,,0.0,0.0,
497222,59,9,59.0,9.0,,,15.254237288135593,15.254237288135593,
497268,306,0,306.0,0.0,,,0.0,0.0,
497277,403,0,403.0,0.0,,,0.0,0.0,
497286,1335,0,1335.0,0.0,,,0.0,0.0,
497301,304,1,304.0,1.0,,,0.3289473684210526,0.3289473684210526,
497310,215,0,215.0,0.0,,,0.0,0.0,
497329,390,0,390.0,0.0,,,0.0,0.0,
497338,493,1,493.0,1.0,,,0.2028397565922921,0.2028397565922921,
497356,37,0,37.0,0.0,,,0.0,0.0,
497365,26,0,26.0,0.0,,,0.0,0.0,
497374,466,0,466.0,0.0,,,0.0,0.0,
497383,9,0,9.0,0.0,,,0.0,0.0,
497392,86,0,86.0,0.0,,,0.0,0.0,
497408,204,0,163.0,0.0,41.0,0.0,0.0,0.0,0.0
497417,64,0,64.0,0.0,,,0.0,0.0,
497426,237,0,237.0,0.0,,,0.0,0.0,
497435,59,1,59.0,1.0,,,1.694915254237288,1.694915254237288,
497444,31,0,31.0,0.0,,,0.0,0.0,
497453,7,0,1.0,0.0,6.0,0.0,0.0,0.0,0.0
497462,23,0,6.0,0.0,17.0,0.0,0.0,0.0,0.0
497471,7,0,7.0,0.0,,,0.0,0.0,
497480,2230,14,2124.0,8.0,106.0,6.0,0.6278026905829596,0.3766478342749529,5.660377358490567
497499,31,0,31.0,0.0,,,0.0,0.0,
497657,24,21,24.0,21.0,,,87.5,87.5,
497675,38,0,38.0,0.0,,,0.0,0.0,
497684,22,0,22.0,0.0,,,0.0,0.0,
497693,401,0,,,401.0,0.0,0.0,,0.0
497718,82,4,,,82.0,4.0,4.878048780487805,,4.878048780487805
497736,51,0,51.0,0.0,,,0.0,0.0,
497745,333,0,333.0,0.0,,,0.0,0.0,
497824,242,1,242.0,1.0,,,0.4132231404958678,0.4132231404958678,
497833,230,0,230.0,0.0,,,0.0,0.0,
497888,118,0,118.0,0.0,,,0.0,0.0,
497897,166,1,166.0,1.0,,,0.6024096385542169,0.6024096385542169,
497912,26,0,26.0,0.0,,,0.0,0.0,
497949,911,0,911.0,0.0,,,0.0,0.0,
497958,689,0,689.0,0.0,,,0.0,0.0,
498003,242,0,242.0,0.0,,,0.0,0.0,
498012,79,0,79.0,0.0,,,0.0,0.0,
498030,791,0,791.0,0.0,,,0.0,0.0,
498049,594,0,594.0,0.0,,,0.0,0.0,
498076,574,0,574.0,0.0,,,0.0,0.0,
498085,668,0,668.0,0.0,,,0.0,0.0,
498094,454,0,454.0,0.0,,,0.0,0.0,
498100,743,0,743.0,0.0,,,0.0,0.0,
498119,253,0,253.0,0.0,,,0.0,0.0,
498234,127,0,,,127.0,0.0,0.0,,0.0
498298,85,0,85.0,0.0,,,0.0,0.0,
498322,78,4,78.0,4.0,,,5.128205128205128,5.128205128205128,
498331,139,18,139.0,18.0,,,12.949640287769784,12.949640287769784,
498340,128,0,128.0,0.0,,,0.0,0.0,
498359,80,0,80.0,0.0,,,0.0,0.0,
498368,14,0,14.0,0.0,,,0.0,0.0,
498386,59,0,59.0,0.0,,,0.0,0.0,
498401,56,0,56.0,0.0,,,0.0,0.0,
498410,45,0,45.0,0.0,,,0.0,0.0,
498447,348,0,348.0,0.0,,,0.0,0.0,
498456,380,0,380.0,0.0,,,0.0,0.0,
498474,1582,0,1582.0,0.0,,,0.0,0.0,
498483,169,0,169.0,0.0,,,0.0,0.0,
498553,83,0,83.0,0.0,,,0.0,0.0,
498562,11092,67,9847.0,53.0,1245.0,14.0,0.6040389469888208,0.5382349954300802,1.1244979919678715
498571,10834,144,7586.0,106.0,3248.0,38.0,1.3291489754476649,1.3973108357500659,1.1699507389162562
498623,124,0,124.0,0.0,,,0.0,0.0,
498641,13,0,13.0,0.0,,,0.0,0.0,
498669,80,0,80.0,0.0,,,0.0,0.0,
498739,14,0,14.0,0.0,,,0.0,0.0,
498748,33,0,33.0,0.0,,,0.0,0.0,
498757,108,0,108.0,0.0,,,0.0,0.0,
498766,30,0,30.0,0.0,,,0.0,0.0,
498775,47,0,47.0,0.0,,,0.0,0.0,
498784,17,0,17.0,0.0,,,0.0,0.0,
498793,21,0,21.0,0.0,,,0.0,0.0,
498809,185,0,185.0,0.0,,,0.0,0.0,
498818,22,0,22.0,0.0,,,0.0,0.0,
498827,37,0,37.0,0.0,,,0.0,0.0,
498836,55,0,55.0,0.0,,,0.0,0.0,
498845,47,0,47.0,0.0,,,0.0,0.0,
498854,46,0,46.0,0.0,,,0.0,0.0,
498863,66,0,66.0,0.0,,,0.0,0.0,
498872,122,0,122.0,0.0,,,0.0,0.0,
498881,31,0,31.0,0.0,,,0.0,0.0,
498890,51,0,51.0,0.0,,,0.0,0.0,
498906,98,0,98.0,0.0,,,0.0,0.0,
498924,65,0,33.0,0.0,32.0,0.0,0.0,0.0,0.0
498951,55,0,55.0,0.0,,,0.0,0.0,
499033,13,0,13.0,0.0,,,0.0,0.0,
499079,319,0,319.0,0.0,,,0.0,0.0,
499103,32,0,32.0,0.0,,,0.0,0.0,
499130,219,0,219.0,0.0,,,0.0,0.0,
499149,201,0,201.0,0.0,,,0.0,0.0,
499176,319,3,319.0,3.0,,,0.9404388714733543,0.9404388714733543,
499185,82,0,82.0,0.0,,,0.0,0.0,
499255,101,0,101.0,0.0,,,0.0,0.0,
499273,1153,0,1153.0,0.0,,,0.0,0.0,
499282,315,0,315.0,0.0,,,0.0,0.0,
499291,233,0,233.0,0.0,,,0.0,0.0,
499307,122,0,122.0,0.0,,,0.0,0.0,
499325,19,0,19.0,0.0,,,0.0,0.0,
499334,158,0,158.0,0.0,,,0.0,0.0,
499361,64,0,64.0,0.0,,,0.0,0.0,
499370,133,0,133.0,0.0,,,0.0,0.0,
499389,336,0,336.0,0.0,,,0.0,0.0,
499398,77,0,77.0,0.0,,,0.0,0.0,
499404,164,0,164.0,0.0,,,0.0,0.0,
499413,290,0,290.0,0.0,,,0.0,0.0,
499422,135,0,135.0,0.0,,,0.0,0.0,
499495,340,0,340.0,0.0,,,0.0,0.0,
499529,32,0,32.0,0.0,,,0.0,0.0,
499538,29,0,29.0,0.0,,,0.0,0.0,
499547,328,0,328.0,0.0,,,0.0,0.0,
499556,18,0,18.0,0.0,,,0.0,0.0,
499608,29,0,29.0,0.0,,,0.0,0.0,
499635,414,0,414.0,0.0,,,0.0,0.0,
499662,105,0,105.0,0.0,,,0.0,0.0,
499671,293,0,293.0,0.0,,,0.0,0.0,
499680,81,0,81.0,0.0,,,0.0,0.0,
499705,1020,0,1020.0,0.0,,,0.0,0.0,
499723,51,0,51.0,0.0,,,0.0,0.0,
499732,49,2,,,49.0,2.0,4.081632653061225,,4.081632653061225
499769,39,0,39.0,0.0,,,0.0,0.0,
499811,6,0,6.0,0.0,,,0.0,0.0,
499820,8,0,8.0,0.0,,,0.0,0.0,
499866,82,14,82.0,14.0,,,17.073170731707318,17.073170731707318,
499875,679,34,679.0,34.0,,,5.007363770250368,5.007363770250368,
499884,57,0,57.0,0.0,,,0.0,0.0,
499893,21,0,21.0,0.0,,,0.0,0.0,
499918,31,0,31.0,0.0,,,0.0,0.0,
499927,10,0,10.0,0.0,,,0.0,0.0,
499936,31,0,31.0,0.0,,,0.0,0.0,
499945,17,0,17.0,0.0,,,0.0,0.0,
499954,143,0,143.0,0.0,,,0.0,0.0,
499963,96,1,96.0,1.0,,,1.0416666666666665,1.0416666666666665,
499972,14,0,14.0,0.0,,,0.0,0.0,
499981,18,0,,,18.0,0.0,0.0,,0.0
499990,40,0,40.0,0.0,,,0.0,0.0,
500005,27,2,27.0,2.0,,,7.4074074074074066,7.4074074074074066,
500014,383,0,383.0,0.0,,,0.0,0.0,
500023,213,0,213.0,0.0,,,0.0,0.0,
500041,10,5,4.0,2.0,6.0,3.0,50.0,50.0,50.0
500087,569,2,537.0,2.0,32.0,0.0,0.35149384885764495,0.37243947858473,0.0
500096,627,0,627.0,0.0,,,0.0,0.0,
500120,133,0,133.0,0.0,,,0.0,0.0,
500157,39,0,39.0,0.0,,,0.0,0.0,
500290,149,0,149.0,0.0,,,0.0,0.0,
500306,334,0,334.0,0.0,,,0.0,0.0,
500324,24,0,24.0,0.0,,,0.0,0.0,
500333,131,0,131.0,0.0,,,0.0,0.0,
500342,201,0,201.0,0.0,,,0.0,0.0,
500379,7,0,7.0,0.0,,,0.0,0.0,
500388,7,0,7.0,0.0,,,0.0,0.0,
500397,389,21,389.0,21.0,,,5.3984575835475574,5.3984575835475574,
500403,150,0,150.0,0.0,,,0.0,0.0,
500412,15,0,15.0,0.0,,,0.0,0.0,
500421,62,0,62.0,0.0,,,0.0,0.0,
500430,62,0,62.0,0.0,,,0.0,0.0,
500449,36,0,36.0,0.0,,,0.0,0.0,
500467,35,0,35.0,0.0,,,0.0,0.0,
500537,13,0,13.0,0.0,,,0.0,0.0,
500555,75,0,75.0,0.0,,,0.0,0.0,
