UNITID,INSTNM,CARNEGIEIC,CARNEGIESAEC,CITY,STABBR,ZIP,SECTOR,ICLEVEL,CONTROL,INSTSIZE,CARNEGIESIZE,LOCALE,CBSA,CBSATYPE,C21BASIC,LATITUDE,LONGITUD,COUNTYNM,COUNTYCD
100654,Alabama A & M University,9,4,Normal,AL,35762,1,1,1,3,3,12,26620,1,18,34.783368,-86.568502,Madison County,1089
100663,University of Alabama at Birmingham,16,4,Birmingham,AL,35294-0110,1,1,1,5,4,12,13820,1,15,33.505697,-86.799345,Jefferson County,1073
100690,Amridge University,25,-2,Montgomery,AL,36117-3553,2,1,2,1,2,12,33860,1,20,32.362609,-86.17401,Montgomery County,1101
100706,University of Alabama in Huntsville,7,5,Huntsville,AL,35899,1,1,1,3,3,12,26620,1,15,34.724557,-86.640449,Madison County,1089
100724,Alabama State University,22,4,Montgomery,AL,36104-0271,1,1,1,2,3,12,33860,1,17,32.364317,-86.295677,Montgomery County,1101
100733,University of Alabama System Office,-2,-2,Tuscaloosa,AL,35401,0,1,1,-2,-2,12,46220,1,-2,33.207015,-87.529594,Tuscaloosa County,1125
100751,The University of Alabama,16,5,Tuscaloosa,AL,35487-0100,1,1,1,5,5,12,46220,1,15,33.211875,-87.545978,Tuscaloosa County,1125
100760,Central Alabama Community College,3,4,Alexander City,AL,35010,4,2,1,2,2,32,10760,2,5,32.92478,-85.945266,Tallapoosa County,1123
100812,Athens State University,15,-2,Athens,AL,35611,1,1,1,2,2,31,26620,1,22,34.806793,-86.964698,Limestone County,1083
100830,Auburn University at Montgomery,9,4,Montgomery,AL,36117-3596,1,1,1,3,3,12,33860,1,18,32.36736,-86.177544,Montgomery County,1101
100858,Auburn University,16,5,Auburn,AL,36849,1,1,1,5,4,13,12220,1,15,32.599378,-85.488258,Lee County,1081
100937,Birmingham-Southern College,22,5,Birmingham,AL,35254,2,1,2,-2,2,12,13820,1,21,33.513774,-86.850552,Jefferson County,1073
101028,Chattahoochee Valley Community College,3,4,Phenix City,AL,36869,4,2,1,2,2,21,17980,1,4,32.42391,-85.031485,Russell County,1113
101116,South University-Montgomery,29,4,Montgomery,AL,36116,3,1,3,1,2,12,33860,1,22,32.342684,-86.216488,Montgomery County,1101
101143,Enterprise State Community College,3,6,Enterprise,AL,36330-1300,4,2,1,2,2,32,21460,2,2,31.297496,-85.836956,Coffee County,1031
101161,Coastal Alabama Community College,2,4,Bay Minette,AL,36507-2698,4,2,1,3,3,32,19300,1,4,30.851343,-87.778193,Baldwin County,1003
101189,Faulkner University,24,6,Montgomery,AL,36109-3390,2,1,2,2,2,12,33860,1,18,32.384181,-86.21641,Montgomery County,1101
101240,Gadsden State Community College,11,4,Gadsden,AL,35903,4,2,1,3,3,13,23460,1,7,33.994001,-85.991438,Etowah County,1055
101277,New Beginning College of Cosmetology,-2,-2,Albertville,AL,35951,9,3,3,1,-2,32,10700,2,-2,34.27871,-86.196931,Marshall County,1095
101286,George C Wallace Community College-Dothan,11,4,Dothan,AL,36303-9234,4,2,1,2,3,13,37120,2,7,31.315274,-85.465836,Dale County,1045
101295,George C Wallace State Community College-Hanceville,11,4,Hanceville,AL,35077-2000,4,2,1,3,3,42,18980,2,7,34.072439,-86.781935,Cullman County,1043
101301,George C Wallace State Community College-Selma,3,4,Selma,AL,36702-2808,4,2,1,2,2,32,42820,2,5,32.445917,-87.013294,Dallas County,1047
101365,Herzing University-Birmingham,28,4,Birmingham,AL,35209,2,1,2,1,2,21,13820,1,26,33.468466,-86.832465,Jefferson County,1073
101435,Huntingdon College,15,6,Montgomery,AL,36106-2148,2,1,2,1,2,12,33860,1,22,32.351034,-86.284366,Montgomery County,1101
101453,Heritage Christian University,31,-2,Florence,AL,35630-9977,2,1,2,1,1,13,22520,1,24,34.856153,-87.663051,Lauderdale County,1077
101462,J. F. Drake State Community and Technical College,12,2,Huntsville,AL,35811,4,2,1,2,2,12,26620,1,8,34.771858,-86.572885,Madison County,1089
101471,J F Ingram State Technical College,-2,-2,Deatsville,AL,36022,7,3,1,1,-2,41,33860,1,-2,32.582312,-86.392369,Elmore County,1051
101480,Jacksonville State University,17,6,Jacksonville,AL,36265,1,1,1,3,3,23,11500,1,18,33.822938,-85.765321,Calhoun County,1015
101505,Jefferson State Community College,2,4,Birmingham,AL,35215-3098,4,2,1,3,3,12,13820,1,8,33.652535,-86.707233,Jefferson County,1073
101514,John C Calhoun State Community College,2,2,Tanner,AL,35671,4,2,1,3,3,13,26620,1,5,34.645844,-86.949674,Limestone County,1083
101569,Lawson State Community College,2,4,Birmingham,AL,35221-1717,4,2,1,2,3,12,13820,1,4,33.450814,-86.888844,Jefferson County,1073
101587,University of West Alabama,19,6,Livingston,AL,35470,1,1,1,3,3,43,-2,-2,18,32.588132,-88.186329,Sumter County,1119
101602,Lurleen B Wallace Community College,3,4,Andalusia,AL,36420-1224,4,2,1,2,2,41,-2,-2,5,31.322947,-86.452262,Covington County,1039
101648,Marion Military Institute,3,6,Marion,AL,36756-3207,4,2,1,1,1,43,-2,-2,1,32.623734,-87.322041,Perry County,1105
101675,Miles College,15,4,Fairfield,AL,35064-2621,2,1,2,2,2,21,13820,1,22,33.482442,-86.908751,Jefferson County,1073
101693,University of Mobile,20,3,Mobile,AL,36613-2842,2,1,2,2,2,41,33660,1,20,30.793247,-88.128934,Mobile County,1097
101709,University of Montevallo,5,4,Montevallo,AL,35115-6000,1,1,1,2,2,31,13820,1,19,33.10625,-86.865099,Shelby County,1117
101736,Northwest Shoals Community College,2,4,Muscle Shoals,AL,35661,4,2,1,2,3,13,22520,1,8,34.739788,-87.678089,Colbert County,1033
101879,University of North Alabama,19,6,Florence,AL,35632-0001,1,1,1,4,3,13,22520,1,18,34.80731,-87.680407,Lauderdale County,1077
101897,Northeast Alabama Community College,3,6,Rainsville,AL,35986,4,2,1,2,2,42,42460,2,5,34.545471,-85.911664,Jackson County,1071
101912,Oakwood University,5,4,Huntsville,AL,35896,2,1,2,2,2,12,26620,1,21,34.756344,-86.652705,Madison County,1089
101994,Reid State Technical College,21,4,Evergreen,AL,36401,4,2,1,1,2,43,-2,-2,7,31.460265,-86.964797,Conecuh County,1035
102030,Bishop State Community College,3,4,Mobile,AL,36603-5898,4,2,1,2,2,12,33660,1,8,30.693972,-88.056982,Mobile County,1097
102049,Samford University,17,5,Birmingham,AL,35229-2240,2,1,2,3,3,21,13820,1,17,33.464128,-86.791799,Jefferson County,1073
102058,Selma University,31,-2,Selma,AL,36701,2,1,2,1,1,32,42820,2,-2,32.420387,-87.032392,Dallas County,1047
102067,Shelton State Community College,11,4,Tuscaloosa,AL,35405-8522,4,2,1,2,3,12,46220,1,8,33.120531,-87.56148,Tuscaloosa County,1125
102076,Snead State Community College,2,6,Boaz,AL,35957-0734,4,2,1,2,3,32,10700,2,3,34.201495,-86.169897,Marshall County,1095
102094,University of South Alabama,17,3,Mobile,AL,36688-0002,1,1,1,4,3,12,33660,1,16,30.696033,-88.178711,Mobile County,1097
102234,Spring Hill College,15,5,Mobile,AL,36608-1780,2,1,2,1,2,12,33660,1,22,30.694751,-88.138199,Mobile County,1097
102270,Stillman College,15,4,Tuscaloosa,AL,35401,2,1,2,1,2,12,46220,1,22,33.200006,-87.585278,Tuscaloosa County,1125
102298,Talladega College,5,4,Talladega,AL,35160,2,1,2,1,2,32,45180,2,22,33.433472,-86.112704,Talladega County,1121
102313,H Councill Trenholm State Community College,21,2,Montgomery,AL,36108-3199,4,2,1,2,2,12,33860,1,7,32.350109,-86.343057,Montgomery County,1101
102368,Troy University,7,4,Troy,AL,36082-0001,1,1,1,4,3,33,45980,2,18,31.799583,-85.95802,Pike County,1109
102377,Tuskegee University,15,6,Tuskegee,AL,36088-1920,2,1,2,2,2,32,12220,1,19,32.4309,-85.708492,Macon County,1087
102395,United States Sports University,25,-2,Daphne,AL,36526-7055,2,1,2,1,1,13,19300,1,32,30.639329,-87.91163,Baldwin County,1003
102429,Bevill State Community College,11,2,Jasper,AL,35501,4,2,1,2,3,32,13820,1,8,33.837056,-87.265258,Walker County,1127
102553,University of Alaska Anchorage,14,4,Anchorage,AK,99508,1,1,1,4,3,11,11260,1,18,61.190163,-149.82619,Anchorage Municipality,2020
102580,Alaska Bible College,31,-2,Palmer,AK,99645,2,1,2,1,1,23,11260,1,24,61.598553,-149.111972,Matanuska-Susitna Borough,2170
102614,University of Alaska Fairbanks,9,4,Fairbanks,AK,99775,1,1,1,3,3,13,21820,1,16,64.85756,-147.823146,Fairbanks North Star Borough,2090
102632,University of Alaska Southeast,20,4,Juneau,AK,99801-8697,1,1,1,2,2,41,27940,2,19,58.384846,-134.638255,Juneau City and Borough,2110
102669,Alaska Pacific University,13,6,Anchorage,AK,99508,2,1,2,1,2,11,11260,1,22,61.190968,-149.804168,Anchorage Municipality,2020
102711,Alaska Vocational Technical Center,-2,-2,Seward,AK,99664-0889,7,3,1,1,-2,43,-2,-2,-2,60.110626,-149.444487,Kenai Peninsula Borough,2122
102845,Charter College,29,2,Anchorage,AK,99508-4103,3,1,3,2,2,11,11260,1,23,61.19633,-149.839274,Anchorage Municipality,2020
103501,Alaska Career College,24,4,Anchorage,AK,99507-1033,6,2,3,1,1,11,11260,1,13,61.181443,-149.856954,Anchorage Municipality,2020
103529,University of Alaska System of Higher Education,-2,-2,Fairbanks,AK,99775-5000,0,1,1,-2,-2,13,21820,1,-2,64.857516,-147.848969,Fairbanks North Star Borough,2090
103741,Empire Beauty School-Tucson,-2,-2,Tucson,AZ,85716,9,3,3,1,-2,11,46060,1,-2,32.235657,-110.927187,Pima County,4019
103893,Carrington College-Phoenix North,29,4,Phoenix,AZ,85051-4063,6,2,3,2,2,11,38060,1,10,33.565758,-112.104601,Maricopa County,4013
103909,Carrington College-Mesa,21,2,Mesa,AZ,85210-5005,6,2,3,1,2,11,38060,1,10,33.39248,-111.853218,Maricopa County,4013
103927,Carrington College-Tucson,28,4,Tucson,AZ,85745-2974,6,2,3,1,2,11,46060,1,10,32.224391,-110.983056,Pima County,4019
103954,Arizona Academy of Beauty,-2,-2,Tucson,AZ,85712,9,3,3,1,-2,11,46060,1,-2,32.237253,-110.872305,Pima County,4019
103963,Miller-Motte College-Arizona Automotive Institute,24,2,Glendale,AZ,85301-3579,6,2,3,1,2,21,38060,1,-2,33.537249,-112.157344,Maricopa County,4013
104090,Brookline College-Phoenix,28,2,Phoenix,AZ,85021,3,1,3,1,2,11,38060,1,26,33.566102,-112.112473,Maricopa County,4013
104151,Arizona State University Campus Immersion,6,6,Tempe,AZ,85287,1,1,1,5,5,12,38060,1,15,33.417721,-111.934383,Maricopa County,4013
104160,Arizona Western College,2,4,Yuma,AZ,85365-8834,4,2,1,3,3,12,49740,1,2,32.689306,-114.495968,Yuma County,4027
104179,University of Arizona,6,3,Tucson,AZ,85721-0066,1,1,1,5,5,11,46060,1,15,32.232672,-110.950815,Pima County,4019
104346,Central Arizona College,2,4,Coolidge,AZ,85128-9030,4,2,1,3,3,41,38060,1,2,32.957092,-111.652501,Pinal County,4021
104391,Charles of Italy Beauty College,-2,-2,Lake Havasu City,AZ,86403,9,3,3,1,-2,13,29420,1,-2,34.477485,-114.332686,Mohave County,4015
104425,Cochise County Community College District,11,6,Sierra Vista,AZ,85635-2317,1,1,1,2,3,13,43420,1,9,31.564597,-110.246946,Cochise County,4003
104443,Empire Beauty School-Chandler,-2,-2,Chandler,AZ,85224,9,3,3,1,-2,11,38060,1,-2,33.347586,-111.860423,Maricopa County,4013
104568,Avalon Institute-Mesa,-2,-2,Mesa,AZ,85210,9,3,3,1,-2,11,38060,1,-2,33.376583,-111.858305,Maricopa County,4013
104577,Eastern Arizona College,2,1,Thatcher,AZ,85552-0769,1,1,1,3,3,33,40940,2,6,32.843664,-109.76234,Graham County,4009
104586,Embry-Riddle Aeronautical University-Prescott,5,5,Prescott,AZ,86301-3720,2,1,2,2,2,13,39150,1,22,34.616766,-112.449741,Yavapai County,4025
104665,The School of Architecture,25,-2,Scottsdale,AZ,85250,2,1,2,1,1,12,38060,1,32,33.524271,-111.916785,Maricopa County,4013
104708,Glendale Community College,1,4,Glendale,AZ,85302,1,1,1,4,4,21,38060,1,2,33.570226,-112.190735,Maricopa County,4013
104717,Grand Canyon University,16,4,Phoenix,AZ,85017,3,1,3,5,5,11,38060,1,17,33.513231,-112.129929,Maricopa County,4013
105136,Maricopa Community College System Office,-2,-2,Tempe,AZ,85281-6942,0,1,1,-2,-2,12,38060,1,-2,33.412915,-111.975786,Maricopa County,4013
105145,GateWay Community College,29,4,Phoenix,AZ,85034,1,1,1,3,3,11,38060,1,8,33.449686,-111.997077,Maricopa County,4013
105154,Mesa Community College,1,4,Mesa,AZ,85202,1,1,1,4,4,11,38060,1,2,33.390323,-111.871255,Maricopa County,4013
105206,Mohave Community College,11,4,Kingman,AZ,86409-1238,4,2,1,2,3,41,29420,1,6,35.270996,-114.029838,Mohave County,4015
105215,Universal Technical Institute-Phoenix,21,4,Avondale,AZ,85323,6,2,3,1,2,21,38060,1,-2,33.453005,-112.288123,Maricopa County,4013
105297,Dine College,13,6,Tsaile,AZ,86556,1,1,1,2,2,43,-2,-2,33,36.293328,-109.21684,Apache County,4001
105330,Northern Arizona University,16,5,Flagstaff,AZ,86011-4092,1,1,1,5,4,13,22380,1,16,35.188449,-111.653724,Coconino County,4005
105349,Northland Pioneer College,11,3,Holbrook,AZ,86025-0610,1,1,1,2,3,43,43320,2,9,34.93031,-110.142199,Navajo County,4017
105428,Phoenix College,11,4,Phoenix,AZ,85013,1,1,1,4,3,11,38060,1,2,33.481361,-112.088293,Maricopa County,4013
105525,Pima Community College,1,4,Tucson,AZ,85709-1275,4,2,1,4,4,11,46060,1,3,32.222125,-110.886659,Pima County,4019
105534,Pima Medical Institute-Tucson,29,4,Tucson,AZ,85712,3,1,3,2,2,11,46060,1,26,32.248067,-110.878783,Pima County,4019
105543,Pima Medical Institute-Albuquerque,21,4,Albuquerque,NM,87110,6,2,3,1,2,11,10740,1,10,35.104855,-106.59488,Bernalillo County,35001
105589,Prescott College,10,1,Prescott,AZ,86301,2,1,2,1,2,13,39150,1,19,34.5452,-112.477185,Yavapai County,4025
105659,Refrigeration School Inc,21,6,Phoenix,AZ,85034-1816,6,2,3,2,2,11,38060,1,11,33.448692,-111.989357,Maricopa County,4013
105668,Rio Salado College,1,2,Tempe,AZ,85281,1,1,1,4,4,12,38060,1,6,33.413309,-111.97417,Maricopa County,4013
105677,Roberto-Venn School of Luthiery,-2,-2,Phoenix,AZ,85007,9,3,3,1,-2,11,38060,1,-2,33.45489,-112.086161,Maricopa County,4013
105747,Scottsdale Community College,2,3,Scottsdale,AZ,85256,1,1,1,3,3,41,38060,1,3,33.51135,-111.885186,Maricopa County,4013
105792,South Mountain Community College,2,4,Phoenix,AZ,85042,1,1,1,2,3,11,38060,1,2,33.382406,-112.032635,Maricopa County,4013
105899,Arizona Christian University,15,4,Glendale,AZ,85306-3216,2,1,2,2,2,21,38060,1,22,33.622952,-112.181776,Maricopa County,4013
106041,Universal Technical Institute of Arizona Inc,21,6,Avondale,AZ,85323,6,2,3,2,2,21,38060,1,11,33.453005,-112.288123,Maricopa County,4013
106148,Yavapai College,2,4,Prescott,AZ,86301,1,1,1,3,3,13,39150,1,2,34.547495,-112.453395,Yavapai County,4025
106245,University of Arkansas at Little Rock,17,4,Little Rock,AR,72204,1,1,1,3,3,12,30780,1,16,34.723254,-92.339778,Pulaski County,5119
106263,University of Arkansas for Medical Sciences,27,-2,Little Rock,AR,72205-7199,1,1,1,2,2,12,30780,1,27,34.750152,-92.322348,Pulaski County,5119
106306,Arkansas Baptist College,15,4,Little Rock,AR,72202-6068,2,1,2,1,2,12,30780,1,23,34.734751,-92.290555,Pulaski County,5119
106315,Arkansas Beauty School-Little Rock,-2,-2,Little Rock,AR,72209,9,3,3,1,-2,12,30780,1,-2,34.672171,-92.343366,Pulaski County,5119
106324,Arkansas Beauty College,-2,-2,Russellville,AR,72801,9,3,3,1,-2,33,40780,2,-2,35.27902,-93.135369,Pope County,5115
106342,Lyon College,22,3,Batesville,AR,72501,2,1,2,1,2,33,12900,2,21,35.777619,-91.625354,Independence County,5063
106351,Arkansas Technical School,-2,-2,North Little Rock,AR,72114,9,3,3,1,-2,13,30780,1,-2,34.753843,-92.266429,Pulaski County,5119
106397,University of Arkansas,16,5,Fayetteville,AR,72701,1,1,1,5,4,12,22220,1,15,36.070009,-94.176981,Washington County,5143
106412,University of Arkansas at Pine Bluff,5,4,Pine Bluff,AR,71601,1,1,1,2,2,32,38220,2,22,34.244031,-92.018683,Jefferson County,5069
106449,Arkansas State University-Beebe,3,4,Beebe,AR,72012-1000,4,2,1,2,2,31,42620,2,4,35.074176,-91.895351,White County,5145
106458,Arkansas State University,17,4,Jonesboro,AR,72401,1,1,1,4,3,13,27860,1,16,35.842388,-90.679988,Craighead County,5031
106467,Arkansas Tech University,9,6,Russellville,AR,72801,1,1,1,3,3,33,40780,2,18,35.296091,-93.137172,Pope County,5115
106485,University of Arkansas at Monticello,4,6,Monticello,AR,71656,1,1,1,2,2,33,-2,-2,19,33.590909,-91.811153,Drew County,5043
106494,Arthur's Beauty College,-2,-2,Jacksonville,AR,72076,9,3,3,1,-2,21,30780,1,-2,34.891572,-92.102579,Pulaski County,5119
106546,Baptist Health College Little Rock,28,6,Little Rock,AR,72210-2827,5,2,2,1,2,12,30780,1,10,34.713115,-92.40692,Pulaski County,5119
106625,Black River Technical College,3,4,Pocahontas,AR,72455,4,2,1,2,2,32,-2,-2,1,36.239793,-90.951033,Randolph County,5121
106704,University of Central Arkansas,17,4,Conway,AR,72035-0001,1,1,1,4,3,13,30780,1,17,35.077945,-92.457672,Faulkner County,5045
106713,Central Baptist College,15,4,Conway,AR,72034,2,1,2,1,2,13,30780,1,22,35.083838,-92.445021,Faulkner County,5045
106795,Cossatot Community College of the University of Arkansas,3,6,De Queen,AR,71832,4,2,1,2,2,33,-2,-2,2,34.043389,-94.3673,Sevier County,5133
106810,Crowley's Ridge College,15,4,Paragould,AR,72450,2,1,2,1,1,41,37500,2,22,36.064845,-90.584395,Greene County,5055
106883,East Arkansas Community College,3,3,Forrest City,AR,72335-2204,4,2,1,2,2,32,22620,2,5,35.041655,-90.767726,St. Francis County,5123
106908,Paul Mitchell the School-Little Rock,-2,-2,North Little Rock,AR,72117,9,3,3,1,-2,13,30780,1,-2,34.789913,-92.222202,Pulaski County,5119
106980,National Park College,12,4,Hot Springs,AR,71913,4,2,1,2,2,23,26300,1,4,34.512687,-93.119248,Garland County,5051
106999,University of Arkansas Community College-Batesville,12,4,Batesville,AR,72503-3350,4,2,1,2,2,33,12900,2,7,35.792923,-91.615852,Independence County,5063
107044,Harding University,17,3,Searcy,AR,72149-5615,2,1,2,2,3,32,42620,2,17,35.247386,-91.726143,White County,5145
107071,Henderson State University,15,4,Arkadelphia,AR,71999-0001,1,1,1,2,2,32,11660,2,19,34.128155,-93.059703,Clark County,5019
107080,Hendrix College,22,3,Conway,AR,72032-3080,2,1,2,2,2,13,30780,1,21,35.101565,-92.443256,Faulkner County,5045
107099,Hot Springs Beauty College,-2,-2,Hot Springs,AR,71901,9,3,3,1,-2,13,26300,1,-2,34.496057,-93.037277,Garland County,5051
107123,Jefferson Regional School of Nursing,28,-2,Pine Bluff,AR,71603,5,2,2,1,1,32,38220,2,10,34.191628,-92.05568,Jefferson County,5069
107141,John Brown University,20,3,Siloam Springs,AR,72761,2,1,2,2,2,32,22220,1,19,36.189812,-94.560283,Benton County,5007
107220,Career Academy of Hair Design,-2,-2,Springdale,AR,72764-7128,9,3,3,1,-2,13,22220,1,-2,36.167605,-94.12947,Washington County,5143
107293,Academy of Salon and Spa,-2,-2,Fort Smith,AR,72901,9,3,3,1,-2,13,22900,1,-2,35.38097,-94.41616,Sebastian County,5131
107318,Arkansas State University Mid-South,12,2,West Memphis,AR,72301-3829,4,2,1,2,2,21,32820,1,3,35.145736,-90.22285,Crittenden County,5035
107327,Arkansas Northeastern College,12,4,Blytheville,AR,72316-1109,4,2,1,2,2,33,14180,2,5,35.898597,-89.921005,Mississippi County,5093
107442,New Tyler Barber College Inc,-2,-2,North Little Rock,AR,72114-4973,9,3,3,1,-2,13,30780,1,-2,34.760085,-92.254171,Pulaski County,5119
107460,North Arkansas College,12,4,Harrison,AR,72601-5508,4,2,1,2,2,33,25460,2,4,36.219909,-93.08844,Boone County,5009
107488,Northwest Technical Institute,-2,-2,Springdale,AR,72764,7,3,1,1,-2,13,22220,1,-2,36.178032,-94.115346,Washington County,5143
107512,Ouachita Baptist University,15,3,Arkadelphia,AR,71998-0001,2,1,2,2,2,32,11660,2,21,34.126093,-93.052471,Clark County,5019
107521,Arkansas State University Three Rivers,28,4,Malvern,AR,72104-0816,4,2,1,2,2,31,31680,2,9,34.378745,-92.821416,Hot Spring County,5059
107549,Ozarka College,12,3,Melbourne,AR,72556-0010,4,2,1,2,2,43,-2,-2,1,36.053031,-91.896355,Izard County,5065
107558,University of the Ozarks,22,4,Clarksville,AR,72830,2,1,2,1,2,33,-2,-2,22,35.476278,-93.467221,Johnson County,5071
107585,University of Arkansas Community College-Morrilton,3,6,Morrilton,AR,72110,4,2,1,2,2,32,-2,-2,1,35.172136,-92.728507,Conway County,5029
107600,Philander Smith University,15,4,Little Rock,AR,72202-3799,2,1,2,1,2,12,30780,1,22,34.737131,-92.283015,Pulaski County,5119
107619,Phillips Community College of the University of Arkansas,3,4,Helena,AR,72342-0785,4,2,1,2,2,33,-2,-2,5,34.546155,-90.616884,Phillips County,5107
107637,Southeast Arkansas College,3,4,Pine Bluff,AR,71603,4,2,1,1,2,32,38220,2,3,34.210309,-92.025936,Jefferson County,5069
107655,University of Aesthetics & Cosmetology,-2,-2,El Dorado,AR,71730-4009,9,3,3,1,-2,33,20980,2,-2,33.216032,-92.664101,Union County,5139
107664,University of Arkansas-Pulaski Technical College,2,4,North Little Rock,AR,72118-3347,4,2,1,2,3,13,30780,1,1,34.782783,-92.299184,Pulaski County,5119
107725,University of Arkansas Hope-Texarkana,3,6,Hope,AR,71801,4,2,1,2,2,32,-2,-2,5,33.641665,-93.596762,Hempstead County,5057
107743,University of Arkansas Community College Rich Mountain,3,4,Mena,AR,71953,4,2,1,1,2,33,-2,-2,4,34.591449,-94.219799,Polk County,5113
107789,Paul Mitchell the School-Arkansas,-2,-2,Fayetteville,AR,72703,9,3,3,1,-2,12,22220,1,-2,36.126373,-94.153892,Washington County,5143
107831,Searcy Beauty College,-2,-2,Searcy,AR,72143,9,3,3,1,-2,32,42620,2,-2,35.239148,-91.735135,White County,5145
107840,Shorter College,3,2,N Little Rock,AR,72114,5,2,2,1,1,13,30780,1,1,34.75933,-92.261331,Pulaski County,5119
107877,Williams Baptist University,22,3,Walnut Ridge,AR,72476,2,1,2,1,2,42,-2,-2,22,36.125676,-90.940277,Lawrence County,5075
107974,South Arkansas College,29,4,El Dorado,AR,71731-7010,4,2,1,2,2,33,20980,2,5,33.209446,-92.666087,Union County,5139
107983,Southern Arkansas University Main Campus,9,3,Magnolia,AR,71753,1,1,1,2,3,33,31620,2,18,33.291618,-93.235922,Columbia County,5027
107992,Southern Arkansas University Tech,12,4,Camden,AR,71701-1906,4,2,1,1,2,42,15780,2,8,33.628367,-92.721629,Calhoun County,5013
108056,University of Arkansas System Office,-2,-2,Little Rock,AR,72207-3608,0,1,1,-2,-2,12,30780,1,-2,34.775996,-92.343582,Pulaski County,5119
108065,Velvatex College of Beauty Culture,-2,-2,Little Rock,AR,72202-5452,9,3,3,1,-2,12,30780,1,-2,34.735685,-92.289597,Pulaski County,5119
108092,University of Arkansas-Fort Smith,14,4,Fort Smith,AR,72913-3649,1,1,1,3,3,13,22900,1,22,35.384184,-94.373729,Sebastian County,5131
108232,Academy of Art University,23,4,San Francisco,CA,94105,3,1,3,3,3,11,41860,1,18,37.787943,-122.400578,San Francisco County,6075
108269,Academy of Chinese Culture and Health Sciences,29,-2,Oakland,CA,94612,2,1,2,1,1,11,41860,1,26,37.805972,-122.269839,Alameda County,6001
108667,College of Alameda,2,2,Alameda,CA,94501,4,2,1,3,3,21,41860,1,3,37.781017,-122.279303,Alameda County,6001
108807,Allan Hancock College,2,4,Santa Maria,CA,93454-6399,4,2,1,4,3,12,42200,1,2,34.943716,-120.421144,Santa Barbara County,6083
108852,American Academy of Dramatic Arts-Los Angeles,23,2,Los Angeles,CA,90028,5,2,2,1,1,11,31080,1,-2,34.095378,-118.343701,Los Angeles County,6037
108861,Berkeley School of Theology,31,-2,Berkeley,CA,94704-3029,2,1,2,1,1,12,41860,1,24,37.865252,-122.256149,Alameda County,6001
108870,American Film Institute Conservatory,23,-2,Los Angeles,CA,90027-1625,2,1,2,1,1,11,31080,1,30,34.10767,-118.310018,Los Angeles County,6037
108977,American Beauty College,-2,-2,West Covina,CA,91790,9,3,3,1,-2,21,31080,1,-2,34.069367,-117.936959,Los Angeles County,6037
109040,American Career College-Los Angeles,28,4,Los Angeles,CA,90004,6,2,3,2,2,11,31080,1,10,34.079323,-118.292481,Los Angeles County,6037
109208,American River College,1,4,Sacramento,CA,95841-4286,4,2,1,5,5,21,40900,1,5,38.65085,-121.349672,Sacramento County,6067
109350,Antelope Valley Community College District,2,2,Lancaster,CA,93536-5426,1,1,1,4,3,21,31080,1,14,34.676207,-118.186166,Los Angeles County,6037
109651,Art Center College of Design,23,5,Pasadena,CA,91103,2,1,2,2,2,12,31080,1,20,34.169031,-118.185102,Los Angeles County,6037
109721,Associated Technical College-Los Angeles,-2,-2,Los Angeles,CA,90017-1604,9,3,3,1,-2,11,31080,1,-2,34.056102,-118.272364,Los Angeles County,6037
109730,Associated Technical College-San Diego,-2,-2,San Diego,CA,92108-1630,9,3,3,-2,-2,11,41740,1,-2,32.773178,-117.135196,San Diego County,6073
109785,Azusa Pacific University,17,6,Azusa,CA,91702-7000,2,1,2,3,3,21,31080,1,16,34.130047,-117.888375,Los Angeles County,6037
109819,Bakersfield College,1,4,Bakersfield,CA,93305-1299,1,1,1,5,4,11,12540,1,14,35.40911,-118.973753,Kern County,6029
109907,Barstow Community College,3,4,Barstow,CA,92311,4,2,1,2,2,32,40140,1,7,34.870285,-117.023412,San Bernardino County,6071
109934,Bellus Academy-Chula Vista,-2,-2,Chula Vista,CA,91911,6,2,3,1,-2,11,41740,1,-2,32.614773,-117.083738,San Diego County,6073
110060,Bethesda University,24,2,Anaheim,CA,92801,2,1,2,1,1,11,31080,1,22,33.842295,-117.941323,Orange County,6059
110097,Biola University,7,3,La Mirada,CA,90639-0001,2,1,2,3,3,21,31080,1,17,33.906203,-118.014374,Los Angeles County,6037
110194,Brownson Technical School,-2,-2,Anaheim,CA,92805,9,3,3,1,-2,11,31080,1,-2,33.819032,-117.905774,Orange County,6059
110219,Bryan University,13,4,Tempe,AZ,85281,3,1,3,2,2,12,38060,1,23,33.437779,-111.944197,Maricopa County,4013
110246,Butte College,2,4,Oroville,CA,95965-8399,4,2,1,4,3,42,17020,1,7,39.649782,-121.644831,Butte County,6007
110316,California Institute of Integral Studies,8,-2,San Francisco,CA,94103,2,1,2,2,2,11,41860,1,17,37.774924,-122.416102,San Francisco County,6075
110334,Cabrillo College,2,4,Aptos,CA,95003,4,2,1,3,3,22,42100,1,1,36.989448,-121.924797,Santa Cruz County,6087
110361,California Baptist University,17,6,Riverside,CA,92504-3297,2,1,2,4,3,11,40140,1,18,33.929321,-117.425619,Riverside County,6065
110370,California College of the Arts,23,3,San Francisco,CA,94107-2247,2,1,2,2,2,11,41860,1,30,37.767485,-122.399451,San Francisco County,6075
110398,University of California College of the Law-San Francisco,26,-2,San Francisco,CA,94102-4978,1,1,1,2,2,11,41860,1,31,37.781137,-122.4157,San Francisco County,6075
110404,California Institute of Technology,30,5,Pasadena,CA,91125,2,1,2,2,2,12,31080,1,15,34.137349,-118.125878,Los Angeles County,6037
110413,California Lutheran University,7,6,Thousand Oaks,CA,91360-2787,2,1,2,2,3,12,37100,1,18,34.224566,-118.878924,Ventura County,6111
110422,California Polytechnic State University-San Luis Obispo,9,5,San Luis Obispo,CA,93407,1,1,1,5,4,23,42020,1,18,35.299513,-120.657311,San Luis Obispo County,6079
110468,Alliant International University-San Diego,25,-2,San Diego,CA,92131,3,1,3,2,3,11,41740,1,17,32.897056,-117.094398,San Diego County,6073
110486,California State University-Bakersfield,9,6,Bakersfield,CA,93311-1099,1,1,1,4,3,11,12540,1,18,35.350005,-119.104711,Kern County,6029
110495,California State University-Stanislaus,9,6,Turlock,CA,95382-0299,1,1,1,3,3,23,33700,1,18,37.52577,-120.852511,Stanislaus County,6099
110501,California State University-Chancellors Office,-2,-2,Long Beach,CA,90802-4210,0,1,1,-2,-2,11,31080,1,-2,33.764338,-118.201255,Los Angeles County,6037
110510,California State University-San Bernardino,9,6,San Bernardino,CA,92407-2393,1,1,1,4,4,12,40140,1,16,34.182622,-117.323801,San Bernardino County,6071
110529,California State Polytechnic University-Pomona,9,6,Pomona,CA,91768,1,1,1,5,4,21,31080,1,18,34.057912,-117.821476,Los Angeles County,6037
110538,California State University-Chico,9,6,Chico,CA,95929-0150,1,1,1,4,3,12,17020,1,18,39.729712,-121.844859,Butte County,6007
110547,California State University-Dominguez Hills,9,6,Carson,CA,90747-0005,1,1,1,4,3,13,31080,1,18,33.864766,-118.255917,Los Angeles County,6037
110556,California State University-Fresno,9,6,Fresno,CA,93740,1,1,1,5,4,11,23420,1,16,36.811154,-119.744569,Fresno County,6019
110565,California State University-Fullerton,9,4,Fullerton,CA,92832-3599,1,1,1,5,5,21,31080,1,16,33.881506,-117.885446,Orange County,6059
110574,California State University-East Bay,9,4,Hayward,CA,94542,1,1,1,4,3,21,41860,1,16,37.657694,-122.054135,Alameda County,6001
110583,California State University-Long Beach,9,6,Long Beach,CA,90840-0115,1,1,1,5,5,11,31080,1,16,33.782818,-118.11204,Los Angeles County,6037
110592,California State University-Los Angeles,9,6,Los Angeles,CA,90032-8506,1,1,1,5,4,11,31080,1,18,34.066927,-118.168965,Los Angeles County,6037
110608,California State University-Northridge,9,4,Northridge,CA,91330,1,1,1,5,5,11,31080,1,18,34.240126,-118.529319,Los Angeles County,6037
110617,California State University-Sacramento,9,6,Sacramento,CA,95819-2694,1,1,1,5,4,11,40900,1,18,38.559415,-121.423549,Sacramento County,6067
110635,University of California-Berkeley,6,5,Berkeley,CA,94720,1,1,1,5,5,12,41860,1,15,37.871918,-122.260463,Alameda County,6001
110644,University of California-Davis,6,5,Davis,CA,95616-8678,1,1,1,5,5,23,40900,1,15,38.539667,-121.749567,Yolo County,6113
110653,University of California-Irvine,6,6,Irvine,CA,92697,1,1,1,5,4,11,31080,1,15,33.648434,-117.841248,Orange County,6059
110662,University of California-Los Angeles,6,5,Los Angeles,CA,90095-1405,1,1,1,5,5,11,31080,1,15,34.07178,-118.442179,Los Angeles County,6037
110671,University of California-Riverside,6,4,Riverside,CA,92521,1,1,1,5,4,11,40140,1,15,33.97246,-117.32741,Riverside County,6065
110680,University of California-San Diego,6,5,La Jolla,CA,92093,1,1,1,5,5,11,41740,1,15,32.877749,-117.235866,San Diego County,6073
110699,University of California-San Francisco,27,-2,San Francisco,CA,94143-0244,1,1,1,2,2,11,41860,1,27,37.763737,-122.458489,San Francisco County,6075
110705,University of California-Santa Barbara,6,5,Santa Barbara,CA,93106,1,1,1,5,4,22,42200,1,15,34.416297,-119.846426,Santa Barbara County,6083
110714,University of California-Santa Cruz,6,3,Santa Cruz,CA,95064-1011,1,1,1,4,4,13,42100,1,15,36.995584,-122.058801,Santa Cruz County,6087
110778,Sofia University,24,-2,Palo Alto,CA,94303,3,1,3,2,2,13,41940,1,32,37.430325,-122.10866,Santa Clara County,6085
110875,California Beauty College,-2,-2,Modesto,CA,95354,9,3,3,1,-2,12,33700,1,-2,37.645371,-120.997481,Stanislaus County,6099
111045,Haven University,24,-2,Garden Grove,CA,92840-1340,2,1,2,1,1,21,31080,1,24,33.777392,-117.939412,Orange County,6059
111054,California Hair Design Academy,-2,-2,La Mesa,CA,91942-5055,9,3,3,1,-2,21,41740,1,-2,32.765221,-117.024261,San Diego County,6073
111081,California Institute of the Arts,23,1,Valencia,CA,91355-2397,2,1,2,2,2,21,31080,1,19,34.39327,-118.566837,Los Angeles County,6037
111188,California State University Maritime Academy,15,6,Vallejo,CA,94590-8181,1,1,1,1,2,12,46700,1,22,38.069061,-122.231551,Solano County,6095
111391,California Western School of Law,26,-2,San Diego,CA,92101-3046,2,1,2,1,2,11,41740,1,31,32.722192,-117.162416,San Diego County,6073
111434,Canada College,2,2,Redwood City,CA,94061-1099,4,2,1,3,3,21,41860,1,3,37.44877,-122.265398,San Mateo County,6081
111461,College of the Canyons,1,3,Santa Clarita,CA,91355-1899,4,2,1,4,4,21,31080,1,2,34.403993,-118.568698,Los Angeles County,6037
111513,Career Academy of Beauty,-2,-2,Garden Grove,CA,92845,9,3,3,1,-2,21,31080,1,-2,33.781018,-118.031697,Orange County,6059
111638,Casa Loma College-Los Angeles,21,6,Sherman Oaks,CA,91403,2,1,2,1,1,11,31080,1,10,34.155096,-118.466548,Los Angeles County,6037
111708,CET-San Diego,-2,-2,San Diego,CA,92102,8,3,2,1,-2,11,41740,1,-2,32.711302,-117.105328,San Diego County,6073
111717,CET-San Jose,-2,-2,San Jose,CA,95110,8,3,2,1,-2,11,41940,1,-2,37.322723,-121.88698,Santa Clara County,6085
111726,CET-El Centro,-2,-2,El Centro,CA,92243,8,3,2,1,-2,13,20940,1,-2,32.790908,-115.549079,Imperial County,6025
111744,CET-Colton,-2,-2,Colton,CA,92324,8,3,2,1,-2,21,40140,1,-2,34.077381,-117.353488,San Bernardino County,6071
111762,CET-Watsonville,-2,-2,Watsonville,CA,95076,8,3,2,1,-2,13,42100,1,-2,36.931833,-121.767991,Santa Cruz County,6087
111799,CET-Salinas,-2,-2,Salinas,CA,93906,8,3,2,1,-2,12,41500,1,-2,36.707333,-121.65236,Monterey County,6053
111887,Cerritos College,1,4,Norwalk,CA,90650-6298,4,2,1,5,4,21,31080,1,1,33.886874,-118.097337,Los Angeles County,6037
111896,Cerro Coso Community College,2,5,Ridgecrest,CA,93555-9571,4,2,1,3,3,41,12540,1,3,35.567525,-117.66767,Kern County,6029
111920,Chabot College,2,2,Hayward,CA,94545,4,2,1,4,3,21,41860,1,1,37.642458,-122.105636,Alameda County,6001
111939,Chaffey College,1,4,Rancho Cucamonga,CA,91737-3002,4,2,1,5,4,21,40140,1,1,34.147663,-117.573932,San Bernardino County,6071
111948,Chapman University,7,5,Orange,CA,92866,2,1,2,3,3,12,31080,1,16,33.79302,-117.852518,Orange County,6059
111966,Charles R Drew University of Medicine and Science,27,-2,Los Angeles,CA,90059,2,1,2,1,2,21,31080,1,26,33.925658,-118.242791,Los Angeles County,6037
112075,Concordia University-Irvine,17,3,Irvine,CA,92612-3203,2,1,2,2,3,11,31080,1,17,33.653665,-117.812305,Orange County,6059
112084,San Diego Christian College,22,3,Santee,CA,92071,2,1,2,1,2,21,41740,1,20,32.843454,-116.978089,San Diego County,6073
112127,Church Divinity School of the Pacific,31,-2,Berkeley,CA,94709-1211,2,1,2,1,1,12,41860,1,24,37.876184,-122.261122,Alameda County,6001
112172,Citrus College,11,4,Glendora,CA,91741-1899,4,2,1,4,3,21,31080,1,1,34.13537,-117.886469,Los Angeles County,6037
112181,Citrus Heights Beauty College,-2,-2,Citrus Heights,CA,95610-1410,9,3,3,1,-2,21,40900,1,-2,38.712951,-121.289529,Sacramento County,6067
112190,City College of San Francisco,1,2,San Francisco,CA,94112-1898,4,2,1,4,4,11,41860,1,4,37.725953,-122.451155,San Francisco County,6075
112251,Claremont Graduate University,25,-2,Claremont,CA,91711-6160,2,1,2,2,2,21,31080,1,16,34.103585,-117.713703,Los Angeles County,6037
112260,Claremont McKenna College,22,5,Claremont,CA,91711-6400,2,1,2,2,2,21,31080,1,21,34.102154,-117.711188,Los Angeles County,6037
112288,Milan Institute-Visalia,-2,-2,Visalia,CA,93277,9,3,3,1,-2,12,47300,1,-2,36.27164,-119.312151,Tulare County,6107
112367,Clovis Adult Education,-2,-2,Clovis,CA,93611,7,3,1,1,-2,21,23420,1,-2,36.834459,-119.690369,Fresno County,6019
112376,Coast Community College District Office,-2,-2,Costa Mesa,CA,92626,0,2,1,-2,-2,12,31080,1,-2,33.674004,-117.916066,Orange County,6059
112385,Coastline Community College,2,3,Fountain Valley,CA,92708-2597,4,2,1,3,3,13,31080,1,3,33.716054,-117.928979,Orange County,6059
112394,University of Silicon Valley,23,4,San Jose,CA,95134,3,1,3,1,2,11,41940,1,22,37.414049,-121.94087,Santa Clara County,6085
112455,Coba Academy,-2,-2,Anaheim,CA,92801,9,3,3,1,-2,11,31080,1,-2,33.841141,-117.943108,Orange County,6059
112525,Western University of Health Sciences,27,-2,Pomona,CA,91766-1854,2,1,2,2,3,21,31080,1,25,34.058092,-117.747732,Los Angeles County,6037
112561,Columbia College,3,4,Sonora,CA,95370,4,2,1,2,2,41,43760,2,1,38.030367,-120.388385,Tuolumne County,6109
112570,California College of ASU,23,4,Los Angeles,CA,90015,2,1,2,1,2,11,31080,1,30,34.039355,-118.25968,Los Angeles County,6037
112686,Compton College,2,4,Compton,CA,90221-5393,4,2,1,3,3,21,31080,1,6,33.878226,-118.209463,Los Angeles County,6037
112817,Contra Costa Community College District Office,-2,-2,Martinez,CA,94553,0,2,1,-2,-2,21,41860,1,-2,38.019072,-122.135335,Contra Costa County,6013
112826,Contra Costa College,2,2,San Pablo,CA,94806,4,2,1,3,3,21,41860,1,2,37.969381,-122.337377,Contra Costa County,6013
113096,Cosumnes River College,1,4,Sacramento,CA,95823-5799,4,2,1,4,4,11,40900,1,5,38.45295,-121.423108,Sacramento County,6067
113111,Crafton Hills College,2,3,Yucaipa,CA,92339-1799,1,1,1,3,3,21,40140,1,1,34.039178,-117.101173,San Bernardino County,6071
113193,Cuesta College,2,4,San Luis Obispo,CA,93403-8106,4,2,1,4,3,41,42020,1,2,35.331276,-120.742235,San Luis Obispo County,6079
113218,Cuyamaca College,2,2,El Cajon,CA,92019,4,2,1,3,3,21,41740,1,2,32.744305,-116.942854,San Diego County,6073
113236,Cypress College,2,4,Cypress,CA,90630-5897,1,1,1,4,3,13,31080,1,14,33.82833,-118.025143,Orange County,6059
113333,De Anza College,1,2,Cupertino,CA,95014,4,2,1,4,4,13,41940,1,5,37.319914,-122.045783,Santa Clara County,6085
113449,International School of Beauty Inc,-2,-2,Palm Desert,CA,92260-2740,9,3,3,1,-2,13,40140,1,-2,33.729555,-116.403928,Riverside County,6065
113573,College of the Desert,11,4,Palm Desert,CA,92260,4,2,1,4,3,13,40140,1,1,33.732108,-116.388271,Riverside County,6065
113582,Design Institute of San Diego,23,6,San Diego,CA,92121,3,1,3,1,1,11,41740,1,30,32.880926,-117.167374,San Diego County,6073
113616,DHARMA REALM BUDDHIST UNIVERSITY,-2,-2,Ukiah,CA,95482-6050,2,1,2,1,-2,33,46380,2,-2,39.134532,-123.158174,Mendocino County,6045
113634,Diablo Valley College,1,2,Pleasant Hill,CA,94523,4,2,1,4,4,21,41860,1,1,37.968516,-122.073142,Contra Costa County,6013
113698,Dominican University of California,20,5,San Rafael,CA,94901-2298,2,1,2,2,2,13,41860,1,19,37.981279,-122.512051,Marin County,6041
113704,Dominican School of Philosophy & Theology,31,-2,Berkeley,CA,94708-1816,2,1,2,1,1,12,41860,1,20,37.881099,-122.264612,Alameda County,6001
113856,East Los Angeles College,1,4,Monterey Park,CA,91754-6099,4,2,1,5,5,21,31080,1,2,34.040531,-118.148785,Los Angeles County,6037
113980,El Camino Community College District,1,4,Torrance,CA,90506,4,2,1,5,4,21,31080,1,1,33.885229,-118.329913,Los Angeles County,6037
114114,Emperor's College of Traditional Oriental Medicine,29,-2,Santa Monica,CA,90403,3,1,3,1,1,13,31080,1,26,34.030438,-118.485119,Los Angeles County,6037
114266,Evergreen Valley College,2,2,San Jose,CA,95135-1598,4,2,1,3,3,11,41940,1,2,37.30167,-121.76561,Santa Clara County,6085
114354,FIDM-Fashion Institute of Design & Merchandising,24,3,Los Angeles,CA,90015-1421,3,1,3,1,2,11,31080,1,23,34.044209,-118.25993,Los Angeles County,6037
114433,Feather River Community College District,3,4,Quincy,CA,95971-9124,1,1,1,2,2,43,-2,-2,14,39.953101,-120.973067,Plumas County,6063
114460,Federico Beauty Institute,-2,-2,Sacramento,CA,95834,9,3,3,1,-2,21,40900,1,-2,38.64883,-121.497761,Sacramento County,6067
114549,Fielding Graduate University,25,-2,Santa Barbara,CA,93105-3538,2,1,2,1,2,13,42200,1,17,34.42941,-119.717161,Santa Barbara County,6083
114585,Five Branches University,29,-2,Santa Cruz,CA,95062,3,1,3,1,1,22,42100,1,26,36.964348,-121.998245,Santa Cruz County,6087
114637,Redondo Beach Beauty College,-2,-2,Torrance,CA,90505,9,3,3,1,-2,12,31080,1,-2,33.809096,-118.35009,Los Angeles County,6037
114716,Foothill College,1,1,Los Altos Hills,CA,94022,1,1,1,4,4,21,41940,1,14,37.361655,-122.127964,Santa Clara County,6085
114734,Franciscan School of Theology,31,-2,San Diego,CA,92110,2,1,2,1,1,11,41740,1,24,32.770816,-117.192073,San Diego County,6073
114761,Fredrick and Charles Beauty College,-2,-2,Eureka,CA,95501,9,3,3,1,-2,33,21700,2,-2,40.798885,-124.164986,Humboldt County,6023
114789,Fresno City College,11,3,Fresno,CA,93741,1,1,1,5,4,11,23420,1,5,36.768164,-119.796096,Fresno County,6019
114813,Fresno Pacific University,19,4,Fresno,CA,93702-4709,2,1,2,2,3,11,23420,1,18,36.726831,-119.735199,Fresno County,6019
114831,Foothill-De Anza Community College District,-2,-2,Los Altos Hills,CA,94022-4599,0,1,1,-2,-2,21,41940,1,-2,37.361655,-122.127964,Santa Clara County,6085
114840,Fuller Theological Seminary,31,-2,Pasadena,CA,91182,2,1,2,2,2,12,31080,1,24,34.14778,-118.140261,Los Angeles County,6037
114859,Fullerton College,1,4,Fullerton,CA,92832-2095,4,2,1,4,4,21,31080,1,1,33.875514,-117.918255,Orange County,6059
114938,Gavilan College,11,2,Gilroy,CA,95020,4,2,1,3,3,41,41940,1,1,36.972627,-121.569842,Santa Clara County,6085
114947,Gemological Institute of America-Carlsbad,-2,-2,Carlsbad,CA,92008,8,3,2,1,-2,12,41740,1,-2,33.131313,-117.318765,San Diego County,6073
115001,Glendale Community College,2,1,Glendale,CA,91208-2894,4,2,1,4,3,12,31080,1,1,34.16745,-118.227666,Los Angeles County,6037
115010,Glendale Career College,28,4,Glendale,CA,91203,3,1,3,1,2,12,31080,1,10,34.149771,-118.254719,Los Angeles County,6037
115083,Golden Gate University,24,-2,San Francisco,CA,94105-2968,2,1,2,2,2,11,41860,1,18,37.789374,-122.398969,San Francisco County,6075
115126,Golden West College,2,3,Huntington Beach,CA,92647-2710,4,2,1,4,3,21,31080,1,2,33.732531,-118.002568,Orange County,6059
115214,Graduate Theological Union,31,-2,Berkeley,CA,94709,2,1,2,1,1,12,41860,1,24,37.87554,-122.261847,Alameda County,6001
115287,Grossmont-Cuyamaca Community College District,-2,-2,El Cajon,CA,92020-1799,0,2,1,-2,-2,21,41740,1,-2,32.815246,-117.006277,San Diego County,6073
115296,Grossmont College,2,2,El Cajon,CA,92020-1799,4,2,1,4,3,21,41740,1,1,32.815246,-117.006277,San Diego County,6073
115357,Salon Success Academy-Riverside,-2,-2,Riverside,CA,92506,9,3,3,1,-2,11,40140,1,-2,33.943149,-117.391024,Riverside County,6065
115393,Hartnell College,2,6,Salinas,CA,93901,4,2,1,4,3,12,41500,1,1,36.675091,-121.666054,Monterey County,6053
115409,Harvey Mudd College,30,5,Claremont,CA,91711,2,1,2,1,2,21,31080,1,21,34.106515,-117.709837,Los Angeles County,6037
115658,Hilltop Beauty School,-2,-2,Daly City,CA,94014,9,3,3,1,-2,21,41860,1,-2,37.705502,-122.461467,San Mateo County,6081
115746,Pacifica Graduate Institute,25,-2,Carpinteria,CA,93013,3,1,3,1,2,41,42200,1,26,34.420881,-119.580414,Santa Barbara County,6083
115755,California State Polytechnic University-Humboldt,22,6,Arcata,CA,95521-8299,1,1,1,3,3,33,21700,2,18,40.877481,-124.078293,Humboldt County,6023
115773,Humphreys University-Stockton and Modesto Campuses,20,4,Stockton,CA,95207,2,1,2,1,2,11,44700,1,20,38.011489,-121.316918,San Joaquin County,6077
115861,Imperial Valley College,2,6,Imperial,CA,92251-0158,4,2,1,3,3,41,20940,1,1,32.827209,-115.503563,Imperial County,6025
115931,Institute for Business and Technology,-2,-2,San Jose,CA,95134-1620,6,2,3,1,-2,11,41940,1,10,37.411098,-121.943094,Santa Clara County,6085
116226,Interior Designers Institute,23,-2,Newport Beach,CA,92660,3,1,3,1,1,13,31080,1,30,33.641393,-117.865722,Orange County,6059
116439,Irvine Valley College,2,3,Irvine,CA,92618-0301,4,2,1,4,3,11,31080,1,2,33.675381,-117.777539,Orange County,6059
116563,Bellus Academy-El Cajon,-2,-2,El Cajon,CA,92021,6,2,3,1,-2,21,41740,1,-2,32.794072,-116.94627,San Diego County,6073
116846,American Jewish University,25,-2,Los Angeles,CA,90077-1519,2,1,2,1,1,11,31080,1,21,34.128153,-118.471706,Los Angeles County,6037
117052,Reedley College,2,4,Reedley,CA,93654,4,2,1,3,3,32,23420,1,3,36.605428,-119.458555,Fresno County,6019
117104,Life Pacific University,15,2,San Dimas,CA,91773-3298,2,1,2,1,2,21,31080,1,22,34.098705,-117.829388,Los Angeles County,6037
117140,University of La Verne,17,6,La Verne,CA,91750-4401,2,1,2,3,3,21,31080,1,17,34.100855,-117.773262,Los Angeles County,6037
117168,Laguna College of Art and Design,23,3,Laguna Beach,CA,92651,2,1,2,1,2,41,31080,1,30,33.561448,-117.772564,Orange County,6059
117195,Lake Tahoe Community College,2,1,South Lake Tahoe,CA,96150,4,2,1,2,3,41,40900,1,6,38.926797,-119.972574,El Dorado County,6017
117238,Lancaster Beauty School,-2,-2,Lancaster,CA,93534,9,3,3,1,-2,21,31080,1,-2,34.694914,-118.147547,Los Angeles County,6037
117247,Laney College,2,2,Oakland,CA,94607,4,2,1,3,3,11,41860,1,6,37.797257,-122.26283,Alameda County,6001
117274,Lassen Community College,3,2,Susanville,CA,96130,4,2,1,2,2,33,45000,2,2,40.432053,-120.633271,Lassen County,6035
117283,Latin American Bible Institute,31,-2,La Puente,CA,91746-3099,2,1,2,1,1,21,31080,1,24,34.030992,-117.989601,Los Angeles County,6037
117520,Life Chiropractic College West,29,-2,Hayward,CA,94545-2570,2,1,2,1,2,21,41860,1,26,37.638099,-122.117619,Alameda County,6001
117557,Lincoln University,24,-2,Oakland,CA,94612-2801,2,1,2,1,2,11,41860,1,29,37.804788,-122.269745,Alameda County,6001
117575,Southern California Seminary,31,-2,El Cajon,CA,92019-1108,2,1,2,1,1,21,41740,1,22,32.799614,-116.905461,San Diego County,6073
117627,La Sierra University,20,4,Riverside,CA,92505-8247,2,1,2,2,2,11,40140,1,19,33.910704,-117.500054,Riverside County,6065
117636,Loma Linda University,27,-2,Loma Linda,CA,92350,2,1,2,2,3,21,40140,1,16,34.051241,-117.260605,San Bernardino County,6071
117645,Long Beach City College,1,4,Long Beach,CA,90808-1706,4,2,1,5,4,11,31080,1,1,33.833593,-118.135633,Los Angeles County,6037
117672,Southern California University of Health Sciences,29,-2,Whittier,CA,90604,2,1,2,2,2,21,31080,1,26,33.922966,-117.983401,Los Angeles County,6037
117681,Los Angeles Community College District Office,-2,-2,Los Angeles,CA,90017,0,1,1,-2,-2,11,31080,1,-2,34.048969,-118.258047,Los Angeles County,6037
117690,Los Angeles Harbor College,2,4,Wilmington,CA,90744-2397,4,2,1,3,3,11,31080,1,2,33.785825,-118.283549,Los Angeles County,6037
117706,Los Angeles Pierce College,1,4,Woodland Hills,CA,91371-0002,4,2,1,4,4,11,31080,1,2,34.183949,-118.575071,Los Angeles County,6037
117715,Los Angeles Southwest College,2,4,Los Angeles,CA,90047-4899,4,2,1,3,3,21,31080,1,3,33.929586,-118.304674,Los Angeles County,6037
117724,Los Angeles Trade Technical College,11,4,Los Angeles,CA,90015-4181,4,2,1,4,3,11,31080,1,9,34.031907,-118.269447,Los Angeles County,6037
117733,Los Angeles Valley College,1,4,Valley Glen,CA,91401-4096,1,1,1,4,4,11,31080,1,2,34.175165,-118.421734,Los Angeles County,6037
117751,The Master's University and Seminary,18,3,Santa Clarita,CA,91321-1200,2,1,2,2,2,21,31080,1,17,34.381755,-118.518193,Los Angeles County,6037
117788,Los Angeles City College,1,2,Los Angeles,CA,90029,4,2,1,4,4,11,31080,1,3,34.087301,-118.292169,Los Angeles County,6037
117803,Los Angeles County College of Nursing and Allied Health,28,-2,Los Angeles,CA,90033-1084,4,2,1,1,1,11,31080,1,10,34.062647,-118.211852,Los Angeles County,6037
117867,Los Angeles Mission College,2,4,Sylmar,CA,91342,1,1,1,4,3,11,31080,1,3,34.314668,-118.4195,Los Angeles County,6037
117894,Los Medanos College,2,2,Pittsburg,CA,94565,4,2,1,3,3,21,41860,1,1,38.006474,-121.860967,Contra Costa County,6013
117900,Los Rios Community College District Office,-2,-2,Sacramento,CA,95825-3981,0,2,1,-2,-2,21,40900,1,-2,38.579859,-121.417145,Sacramento County,6067
117946,Loyola Marymount University,7,5,Los Angeles,CA,90045-2659,2,1,2,4,3,11,31080,1,16,33.97085,-118.415744,Los Angeles County,6037
117955,Lu Ross Academy,-2,-2,Ventura,CA,93001-2729,9,3,3,1,-2,12,37100,1,-2,34.278034,-119.293952,Ventura County,6111
118134,Lyle's College of Beauty,-2,-2,Bakersfield,CA,93301,9,3,3,1,-2,11,12540,1,-2,35.386539,-119.02387,Kern County,6029
118143,Lyle's College of  Beauty,-2,-2,Fresno,CA,93710,9,3,3,1,-2,11,23420,1,-2,36.836265,-119.774167,Fresno County,6019
118161,Lytles Redwood Empire Beauty College,-2,-2,Santa Rosa,CA,95403,9,3,3,1,-2,21,42220,1,-2,38.508385,-122.75777,Sonoma County,6097
118198,MTI College,12,4,Sacramento,CA,95841-9817,6,2,3,2,2,21,40900,1,8,38.661377,-121.342568,Sacramento County,6067
118347,College of Marin,2,2,Kentfield,CA,94904-2590,4,2,1,2,3,21,41860,1,6,37.951918,-122.548758,Marin County,6041
118684,Mendocino College,11,2,Ukiah,CA,95482,4,2,1,2,3,41,46380,2,3,39.188989,-123.228809,Mendocino County,6045
118693,Menlo College,24,6,Atherton,CA,94027-4301,2,1,2,1,2,21,41860,1,29,37.453475,-122.190797,San Mateo County,6081
118718,Merced College,2,4,Merced,CA,95348-2806,4,2,1,4,3,13,32900,1,1,37.3353,-120.476464,Merced County,6047
118772,Merritt College,11,2,Oakland,CA,94619-3196,4,2,1,3,3,11,41860,1,6,37.789088,-122.167335,Alameda County,6001
118888,Northeastern University Oakland,-2,-2,Oakland,CA,94613,2,1,2,1,-2,11,41860,1,19,37.781425,-122.182294,Alameda County,6001
118912,MiraCosta College,2,2,Oceanside,CA,92056-3899,1,1,1,4,3,21,41740,1,14,33.190483,-117.302606,San Diego County,6073
118930,Mission College,2,2,Santa Clara,CA,95054-1897,4,2,1,3,3,12,41940,1,2,37.391935,-121.980783,Santa Clara County,6085
118958,Modern Beauty Academy,-2,-2,Oxnard,CA,93030,9,3,3,1,-2,12,37100,1,-2,34.195384,-119.181423,Ventura County,6111
118976,Modesto Junior College,1,3,Modesto,CA,95350-5800,1,1,1,4,4,12,33700,1,14,37.651056,-121.009792,Stanislaus County,6099
118994,Moler Barber College,-2,-2,Oakland,CA,94607,9,3,3,1,-2,11,41860,1,-2,37.805501,-122.294723,Alameda County,6001
119058,Middlebury Institute of International Studies at Monterey,25,-2,Monterey,CA,93940,2,1,2,1,2,22,41500,1,18,36.599736,-121.897325,Monterey County,6053
119067,Monterey Peninsula College,2,3,Monterey,CA,93940-4799,4,2,1,3,3,22,41500,1,2,36.590558,-121.884931,Monterey County,6053
119137,Moorpark College,1,4,Moorpark,CA,93021-1695,1,1,1,4,4,22,37100,1,1,34.301146,-118.834528,Ventura County,6111
119164,Mt San Antonio College,11,4,Walnut,CA,91789-1399,4,2,1,5,4,21,31080,1,4,34.047764,-117.846629,Los Angeles County,6037
119173,Mount Saint Mary's University,18,6,Los Angeles,CA,90049-1599,2,1,2,2,2,11,31080,1,18,34.085315,-118.482879,Los Angeles County,6037
119216,Mt San Jacinto Community College District,1,4,San Jacinto,CA,92583-2399,4,2,1,4,4,22,40140,1,4,33.806748,-116.971169,Riverside County,6065
119270,Musicians Institute,23,1,Hollywood,CA,90028,3,1,3,1,2,11,31080,1,30,34.101265,-118.337582,Los Angeles County,6037
119331,Napa Valley College,2,4,Napa,CA,94558-6236,4,2,1,2,3,13,34900,1,1,38.274081,-122.274381,Napa County,6055
119553,National Holistic Institute,-2,-2,Emeryville,CA,94608-2008,9,3,3,2,-2,21,41860,1,-2,37.841898,-122.287672,Alameda County,6001
119605,National University,16,6,San Diego,CA,92123,2,1,2,5,4,11,41740,1,18,32.829299,-117.127296,San Diego County,6073
119678,Naval Postgraduate School,25,-2,Monterey,CA,93943,1,1,1,2,2,22,41500,1,18,36.597159,-121.874248,Monterey County,6053
119775,Newschool of Architecture and Design,15,6,San Diego,CA,92101,3,1,3,1,1,11,41740,1,20,32.71331,-117.153305,San Diego County,6073
119951,North Adrian's College of Beauty Inc,-2,-2,Modesto,CA,95350-2381,9,3,3,1,-2,12,33700,1,-2,37.677778,-120.992753,Stanislaus County,6099
120023,North Orange County Community College District,-2,-2,Anaheim,CA,92801-1819,0,1,1,-2,-2,11,31080,1,-2,33.850118,-117.945394,Orange County,6059
120069,North-West College-Pomona,-2,-2,Pomona,CA,91768,9,3,3,1,-2,21,31080,1,-2,34.062043,-117.751227,Los Angeles County,6037
120078,North-West College-West Covina,29,4,West Covina,CA,91790,6,2,3,1,2,21,31080,1,10,34.072071,-117.949583,Los Angeles County,6037
120087,North-West College-Van Nuys,-2,-2,Van Nuys,CA,91411,9,3,3,1,-2,11,31080,1,-2,34.189497,-118.450184,Los Angeles County,6037
120166,San Francisco Bay University,30,-2,Fremont,CA,94539,2,1,2,1,1,12,41860,1,28,37.485056,-121.927899,Alameda County,6001
120184,Notre Dame de Namur University,10,-2,Belmont,CA,94002-1908,2,1,2,1,1,21,41860,1,19,37.517111,-122.284794,San Mateo County,6081
120254,Occidental College,22,5,Los Angeles,CA,90041-3392,2,1,2,2,2,11,31080,1,21,34.127124,-118.210908,Los Angeles County,6037
120290,Ohlone College,2,1,Fremont,CA,94539-0390,4,2,1,3,3,12,41860,1,8,37.529931,-121.911795,Alameda County,6001
120342,Orange Coast College,1,3,Costa Mesa,CA,92626,4,2,1,4,4,12,31080,1,1,33.66927,-117.909086,Orange County,6059
120403,Otis College of Art and Design,23,6,Los Angeles,CA,90045-3505,2,1,2,2,2,11,31080,1,30,33.956607,-118.416615,Los Angeles County,6037
120421,Oxnard College,2,4,Oxnard,CA,93033-6699,4,2,1,3,3,12,37100,1,1,34.166104,-119.157604,Ventura County,6111
120537,Hope International University,20,4,Fullerton,CA,92831-3199,2,1,2,2,2,21,31080,1,19,33.87616,-117.88573,Orange County,6059
120661,Concorde Career College-San Diego,21,4,San Diego,CA,92113-1964,6,2,3,1,2,11,41740,1,10,32.702814,-117.102845,San Diego County,6073
120698,Palo Alto University,25,-2,Palo Alto,CA,94304-1337,2,1,2,2,2,41,41940,1,26,37.382216,-122.187437,Santa Clara County,6085
120768,Pacific Oaks College,10,-2,Pasadena,CA,91103,2,1,2,2,2,12,31080,1,19,34.153382,-118.151323,Los Angeles County,6037
120795,Pacific School of Religion,31,-2,Berkeley,CA,94709,2,1,2,1,1,12,41860,1,24,37.87669,-122.263155,Alameda County,6001
120838,Pacific States University,24,-2,Los Angeles,CA,90010-2263,2,1,2,1,1,11,31080,1,29,34.061315,-118.298408,Los Angeles County,6037
120865,Pacific Union College,28,6,Angwin,CA,94508-9707,2,1,2,1,2,41,34900,1,22,38.570585,-122.440308,Napa County,6055
120883,University of the Pacific,7,6,Stockton,CA,95211-0197,2,1,2,3,3,11,44700,1,17,37.981424,-121.312301,San Joaquin County,6077
120953,Palo Verde College,2,3,Blythe,CA,92225,4,2,1,2,3,42,40140,1,2,33.661538,-114.651698,Riverside County,6065
120971,Palomar College,1,2,San Marcos,CA,92069-1487,4,2,1,4,4,21,41740,1,4,33.149483,-117.183978,San Diego County,6073
121044,Pasadena City College,1,4,Pasadena,CA,91106-2003,4,2,1,5,4,12,31080,1,1,34.144552,-118.118196,Los Angeles County,6037
121150,Pepperdine University,17,5,Malibu,CA,90263,2,1,2,3,3,21,31080,1,17,34.037786,-118.707077,Los Angeles County,6037
121178,Peralta Community College System Office,-2,-2,Oakland,CA,94606,0,2,1,-2,-2,11,41860,1,-2,37.792667,-122.260837,Alameda County,6001
121257,Pitzer College,22,3,Claremont,CA,91711-6101,2,1,2,2,2,21,31080,1,21,34.104107,-117.706675,Los Angeles County,6037
121309,Point Loma Nazarene University,19,3,San Diego,CA,92106-2899,2,1,2,2,3,11,41740,1,18,32.718391,-117.250265,San Diego County,6073
121345,Pomona College,22,5,Claremont,CA,91711-4434,2,1,2,2,2,21,31080,1,21,34.099027,-117.714556,Los Angeles County,6037
121363,Porterville College,2,4,Porterville,CA,93257,4,2,1,2,3,23,47300,1,7,36.049256,-119.014368,Tulare County,6107
121433,Professional Institute of Beauty,-2,-2,El Monte,CA,91731,9,3,3,1,-2,21,31080,1,-2,34.075561,-118.039028,Los Angeles County,6037
121619,Santa Ana College,1,3,Santa Ana,CA,92706-3398,1,1,1,5,4,11,31080,1,14,33.759309,-117.887558,Orange County,6059
121628,RAND School of Public Policy,25,-2,Santa Monica,CA,90401-3208,2,1,2,1,1,13,31080,1,32,34.00973,-118.490655,Los Angeles County,6037
121637,Shasta School of Cosmetology,-2,-2,Redding,CA,96003,9,3,3,1,-2,13,39820,1,-2,40.597114,-122.387248,Shasta County,6089
121691,University of Redlands,9,6,Redlands,CA,92373-0999,2,1,2,2,3,13,40140,1,18,34.064218,-117.163218,San Bernardino County,6071
121707,College of the Redwoods,2,4,Eureka,CA,95501-9300,4,2,1,2,3,41,21700,2,7,40.698427,-124.195293,Humboldt County,6023
121859,Salon Success Academy-Upland,-2,-2,Upland,CA,91786,9,3,3,1,-2,21,40140,1,-2,34.108247,-117.631783,San Bernardino County,6071
121868,Salon Success Academy-Corona,-2,-2,Corona,CA,92881,9,3,3,1,-2,12,40140,1,-2,33.847649,-117.535638,Riverside County,6065
121886,Rio Hondo College,1,4,Whittier,CA,90601-1616,1,1,1,4,4,41,31080,1,14,34.019821,-118.033506,Los Angeles County,6037
121901,Riverside City College,1,4,Riverside,CA,92506,4,2,1,5,4,11,40140,1,1,33.970918,-117.384323,Riverside County,6065
122117,Dongguk University Los Angeles,29,-2,Los Angeles,CA,90020-1704,2,1,2,1,1,11,31080,1,26,34.06597,-118.289523,Los Angeles County,6037
122180,Sacramento City College,1,4,Sacramento,CA,95822-1386,4,2,1,4,4,11,40900,1,4,38.541096,-121.491139,Sacramento County,6067
122205,Saddleback College,1,3,Mission Viejo,CA,92692-3635,4,2,1,5,4,21,31080,1,2,33.553346,-117.665584,Orange County,6059
122296,Samuel Merritt University,28,-2,Oakland,CA,94609,2,1,2,2,2,11,41860,1,26,37.82029,-122.266331,Alameda County,6001
122320,San Diego Community College District-District Office,-2,-2,San Diego,CA,92108,0,1,1,-2,-2,11,41740,1,-2,32.776275,-117.120504,San Diego County,6073
122339,San Diego City College,1,2,San Diego,CA,92101-4787,4,2,1,4,4,11,41740,1,3,32.717403,-117.152733,San Diego County,6073
122375,San Diego Mesa College,1,4,San Diego,CA,92111-4998,1,1,1,4,4,11,41740,1,14,32.803825,-117.169165,San Diego County,6073
122384,San Diego Miramar College,1,3,San Diego,CA,92126-2999,4,2,1,4,4,11,41740,1,3,32.909757,-117.120261,San Diego County,6073
122409,San Diego State University,6,6,San Diego,CA,92182-0001,1,1,1,5,4,11,41740,1,16,32.77525,-117.071228,San Diego County,6073
122436,University of San Diego,7,5,San Diego,CA,92110-2492,2,1,2,3,3,11,41740,1,16,32.770816,-117.192073,San Diego County,6073
122506,San Francisco Conservatory of Music,23,1,San Francisco,CA,94102-6011,2,1,2,1,1,11,41860,1,30,37.775543,-122.420292,San Francisco County,6075
122597,San Francisco State University,9,4,San Francisco,CA,94132,1,1,1,5,4,11,41860,1,16,37.721224,-122.476799,San Francisco County,6075
122612,University of San Francisco,17,6,San Francisco,CA,94117-1080,2,1,2,3,3,11,41860,1,17,37.776618,-122.450477,San Francisco County,6075
122649,San Joaquin College of Law,26,-2,Clovis,CA,93612-1312,2,1,2,1,1,21,23420,1,31,36.82448,-119.697657,Fresno County,6019
122658,San Joaquin Delta College,1,4,Stockton,CA,95207,4,2,1,5,4,11,44700,1,4,37.995562,-121.317597,San Joaquin County,6077
122685,San Joaquin Valley College-Visalia,21,4,Visalia,CA,93291-9283,3,1,3,2,2,12,47300,1,26,36.328049,-119.384981,Tulare County,6107
122694,San Joaquin Valley College-Bakersfield,21,6,Bakersfield,CA,93309-2659,6,2,3,1,2,11,12540,1,9,35.352848,-119.062071,Kern County,6029
122728,William Jessup University,20,4,Rocklin,CA,95765-3707,2,1,2,2,2,21,40900,1,19,38.819728,-121.292312,Placer County,6061
122737,San Jose-Evergreen Community College District,-2,-2,San Jose,CA,95113-1599,0,2,1,-2,-2,11,41940,1,-2,37.334851,-121.89118,Santa Clara County,6085
122746,San Jose City College,2,2,San Jose,CA,95128-2798,4,2,1,3,3,11,41940,1,5,37.315827,-121.926185,Santa Clara County,6085
122755,San Jose State University,6,4,San Jose,CA,95192-0186,1,1,1,5,5,11,41940,1,18,37.336569,-121.880621,Santa Clara County,6085
122782,San Mateo County Community College District Office,-2,-2,San Mateo,CA,94402,0,1,1,-2,-2,12,41860,1,-2,37.531305,-122.337627,San Mateo County,6081
122791,College of San Mateo,2,2,San Mateo,CA,94402-3784,4,2,1,3,3,12,41860,1,2,37.535698,-122.334801,San Mateo County,6081
122889,Santa Barbara City College,2,3,Santa Barbara,CA,93109-2394,4,2,1,4,3,13,42200,1,1,34.406788,-119.698045,Santa Barbara County,6083
122931,Santa Clara University,7,5,Santa Clara,CA,95053,2,1,2,3,3,12,41940,1,17,37.348362,-121.93784,Santa Clara County,6085
122977,Santa Monica College,1,2,Santa Monica,CA,90405-1628,1,1,1,5,4,13,31080,1,14,34.017022,-118.469765,Los Angeles County,6037
123013,Santa Rosa Junior College,1,4,Santa Rosa,CA,95401-4395,4,2,1,4,4,12,42220,1,2,38.45709,-122.718974,Sonoma County,6097
123095,Saybrook University,25,-2,Pasadena,CA,91103,2,1,2,2,2,12,31080,1,17,34.153103,-118.152155,Los Angeles County,6037
123165,Scripps College,22,5,Claremont,CA,91711,2,1,2,2,2,21,31080,1,21,34.104147,-117.711294,Los Angeles County,6037
123217,College of the Sequoias,2,4,Visalia,CA,93277-2214,4,2,1,4,3,12,47300,1,1,36.323877,-119.315182,Tulare County,6107
123280,Shasta Bible College and Graduate School,31,-2,Redding,CA,96002,2,1,2,1,1,13,39820,1,24,40.566034,-122.314419,Shasta County,6089
123299,Shasta College,2,4,Redding,CA,96003,1,1,1,3,3,22,39820,1,14,40.625731,-122.317982,Shasta County,6089
123341,Sierra College,1,3,Rocklin,CA,95677-3397,4,2,1,4,4,21,40900,1,4,38.790773,-121.211688,Placer County,6061
123350,Sierra College of Beauty,-2,-2,Merced,CA,95340,9,3,3,1,-2,13,32900,1,-2,37.306975,-120.495874,Merced County,6047
123448,Trinity Law School,26,-2,Santa Ana,CA,92705,2,1,2,1,2,11,31080,1,31,33.766071,-117.852059,Orange County,6059
123457,Simpson University,15,4,Redding,CA,96003-8606,2,1,2,1,2,13,39820,1,21,40.61334,-122.332981,Shasta County,6089
123484,College of the Siskiyous,3,4,Weed,CA,96094-2899,4,2,1,2,2,42,-2,-2,5,41.413005,-122.38909,Siskiyou County,6093
123493,Charles A Jones Career and Education Center,-2,-2,Sacramento,CA,95824-1529,7,3,1,1,-2,11,40900,1,-2,38.516233,-121.440796,Sacramento County,6067
123509,Skyline College,2,2,San Bruno,CA,94066-1698,1,1,1,3,3,21,41860,1,14,37.63042,-122.467335,San Mateo County,6081
123527,San Bernardino Valley College,2,4,San Bernardino,CA,92410-2798,4,2,1,4,3,12,40140,1,4,34.086353,-117.313248,San Bernardino County,6071
123554,Saint Mary's College of California,10,5,Moraga,CA,94575,2,1,2,2,2,21,41860,1,18,37.840731,-122.109031,Contra Costa County,6013
123563,Solano Community College,2,4,Fairfield,CA,94534-3197,1,1,1,3,3,22,46700,1,14,38.235881,-122.122368,Solano County,6095
123572,Sonoma State University,9,4,Rohnert Park,CA,94928-3609,1,1,1,3,3,21,42220,1,18,38.340274,-122.677066,Sonoma County,6097
123633,South Baylo University,29,-2,Anaheim,CA,92801-1701,2,1,2,1,1,11,31080,1,26,33.848291,-117.958416,Orange County,6059
123642,South Coast College,12,4,Orange,CA,92868-2609,6,2,3,1,1,12,31080,1,13,33.78818,-117.874031,Orange County,6059
123651,Vanguard University of Southern California,15,4,Costa Mesa,CA,92626,2,1,2,2,2,12,31080,1,19,33.662686,-117.900911,Orange County,6059
123679,Concorde Career College-Garden Grove,21,4,Garden Grove,CA,92840-9201,6,2,3,1,2,21,31080,1,10,33.774741,-117.938395,Orange County,6059
123800,Southwestern College,1,4,Chula Vista,CA,91910-7299,4,2,1,5,4,11,41740,1,1,32.640281,-116.996803,San Diego County,6073
123916,Starr King School for the Ministry,31,-2,Oakland,CA,94612,2,1,2,1,1,11,41860,1,24,37.803526,-122.270721,Alameda County,6001
123925,State Center Community College District,-2,-2,Fresno,CA,93721,0,1,1,-2,-2,11,23420,1,-2,36.735642,-119.792324,Fresno County,6019
123943,Marshall B Ketchum University,29,-2,Fullerton,CA,92831-1699,2,1,2,1,2,21,31080,1,26,33.889348,-117.886229,Orange County,6059
123952,Southern California Institute of Architecture,25,-2,Los Angeles,CA,90013-1822,2,1,2,1,2,11,31080,1,32,34.044215,-118.232799,Los Angeles County,6037
123961,University of Southern California,6,5,Los Angeles,CA,90089,2,1,2,5,5,11,31080,1,15,34.021281,-118.284169,Los Angeles County,6037
123970,Southwestern Law School,26,-2,Los Angeles,CA,90010-1106,2,1,2,2,2,11,31080,1,31,34.061558,-118.288375,Los Angeles County,6037
124113,Taft College,2,5,Taft,CA,93268,1,1,1,2,3,32,12540,1,3,35.149343,-119.459751,Kern County,6029
124283,Claremont School of Theology,31,-2,Los Angeles,CA,90024,2,1,2,1,1,11,31080,1,24,34.064918,-118.432495,Los Angeles County,6037
124292,Thomas Aquinas College,22,3,Santa Paula,CA,93060,2,1,2,1,1,42,37100,1,21,34.429009,-119.087141,Ventura County,6111
124487,Epic Bible College & Graduate School,31,-2,Sacramento,CA,95841,2,1,2,1,1,21,40900,1,-2,38.645152,-121.362642,Sacramento County,6067
124557,University of California-System Administration Central Office,-2,-2,Oakland,CA,94607-5200,0,1,1,-2,-2,11,41860,1,-2,37.802222,-122.27134,Alameda County,6001
124681,UEI College-Huntington Park,-2,-2,Huntington Park,CA,90255-2933,9,3,3,2,-2,21,31080,1,-2,33.986057,-118.226206,Los Angeles County,6037
124706,Concorde Career College-San Bernardino,21,6,San Bernardino,CA,92408-3403,6,2,3,1,2,12,40140,1,10,34.066823,-117.283995,San Bernardino County,6071
124937,Concorde Career College-North Hollywood,21,6,North Hollywood,CA,91606-3134,6,2,3,1,2,11,31080,1,10,34.186407,-118.403627,Los Angeles County,6037
125019,Ventura County Community College System Office,-2,-2,Camarillo,CA,93010,0,2,1,-2,-2,13,37100,1,-2,34.219073,-119.057951,Ventura County,6111
125028,Ventura College,2,4,Ventura,CA,93003-3872,4,2,1,4,3,12,37100,1,1,34.277393,-119.230604,Ventura County,6111
125037,The Colleges of Law at Ventura,26,-2,Ventura,CA,93003,2,1,2,1,1,12,37100,1,31,34.25747,-119.232988,Ventura County,6111
125082,Bridges Beauty College,-2,-2,Victorville,CA,92395-3821,9,3,3,1,-2,21,40140,1,-2,34.528602,-117.303933,San Bernardino County,6071
125091,Victor Valley College,2,4,Victorville,CA,92395-5850,4,2,1,3,3,21,40140,1,5,34.472231,-117.261456,San Bernardino County,6071
125170,Berkeley City College,2,2,Berkeley,CA,94704,4,2,1,3,3,12,41860,1,3,37.869769,-122.269877,Alameda County,6001
125222,West Valley Mission Community College District Office,-2,-2,Saratoga,CA,95070-5698,0,2,1,-2,-2,21,41940,1,-2,37.26398,-122.008324,Santa Clara County,6085
125231,Walden University,29,6,Minneapolis,MN,55401,3,1,3,5,5,11,33460,1,17,44.98125,-93.265738,Hennepin County,27053
125310,Waynes College of Beauty,-2,-2,Salinas,CA,93906-2830,9,3,3,1,-2,12,41500,1,-2,36.700635,-121.652672,Monterey County,6053
125462,Coalinga College,2,4,Coalinga,CA,93210,4,2,1,2,3,33,23420,1,6,36.147891,-120.356747,Fresno County,6019
125471,West Los Angeles College,2,4,Culver City,CA,90230-3519,1,1,1,3,3,21,31080,1,14,34.004512,-118.386664,Los Angeles County,6037
125499,West Valley College,2,2,Saratoga,CA,95070,4,2,1,3,3,21,41940,1,2,37.26398,-122.008324,Santa Clara County,6085
125532,Carrington College-Sacramento,29,4,Sacramento,CA,95826,3,1,3,2,2,21,40900,1,10,38.556104,-121.371383,Sacramento County,6067
125718,Westminster Theological Seminary in California,31,-2,Escondido,CA,92027,2,1,2,1,1,21,41740,1,24,33.121447,-117.046371,San Diego County,6073
125727,Westmont College,22,3,Santa Barbara,CA,93108-1089,2,1,2,2,2,22,42200,1,21,34.450151,-119.662517,Santa Barbara County,6083
125763,Whittier College,22,4,Whittier,CA,90601,2,1,2,1,2,21,31080,1,21,33.978773,-118.032299,Los Angeles County,6037
125897,Woodbury University,15,4,Burbank,CA,91504-1052,2,1,2,1,2,11,31080,1,20,34.208011,-118.341147,Los Angeles County,6037
126012,The Wright Institute,25,-2,Berkeley,CA,94704-1796,2,1,2,1,2,12,41860,1,26,37.868221,-122.253168,Alameda County,6001
126049,Thomas Jefferson School of Law,26,-2,San Diego,CA,92101,2,1,2,1,1,11,41740,1,31,32.717595,-117.157862,San Diego County,6073
126076,Yeshiva Ohr Elchonon Chabad West Coast Talmudical Seminary,31,-2,Los Angeles,CA,90046-7660,2,1,2,1,1,11,31080,1,24,34.085465,-118.346613,Los Angeles County,6037
126100,Yosemite Community College District Office,-2,-2,Modesto,CA,95358,0,1,1,-2,-2,12,33700,1,-2,37.660935,-121.038612,Stanislaus County,6099
126119,Yuba College,2,4,Marysville,CA,95901,4,2,1,3,3,22,49700,1,8,39.126536,-121.53964,Yuba County,6115
126182,Adams State University,10,4,Alamosa,CO,81101,1,1,1,2,2,33,10480,2,18,37.473636,-105.879642,Alamosa County,8003
126207,Aims Community College,2,2,Greeley,CO,80634,1,1,1,3,3,12,24540,1,3,40.409559,-104.763415,Weld County,8123
126289,Arapahoe Community College,2,2,Littleton,CO,80160-9002,1,1,1,4,3,21,19740,1,6,39.607505,-105.018631,Arapahoe County,8005
126359,Bel-Rea Institute of Animal Technology,21,2,Denver,CO,80247,6,2,3,1,1,21,19740,1,10,39.686194,-104.876207,Arapahoe County,8005
126562,University of Colorado Denver/Anschutz Medical Campus,6,4,Denver,CO,80217-3364,1,1,1,5,4,11,19740,1,15,39.745149,-104.837722,Adams County,8001
126580,University of Colorado Colorado Springs,9,4,Colorado Springs,CO,80918,1,1,1,4,3,11,17820,1,16,38.892735,-104.800296,El Paso County,8041
126605,Spartan College of Aeronautics and Technology,21,5,Broomfield,CO,80021-3465,6,2,3,1,1,13,19740,1,11,39.914822,-105.119096,Broomfield County,8014
126614,University of Colorado Boulder,6,5,Boulder,CO,80309-0017,1,1,1,5,5,12,14500,1,15,40.008781,-105.270823,Boulder County,8013
126669,Colorado Christian University,19,4,Lakewood,CO,80226,2,1,2,3,3,21,19740,1,18,39.71388,-105.09456,Jefferson County,8059
126678,Colorado College,22,3,Colorado Springs,CO,80903,2,1,2,2,2,11,17820,1,21,38.84886,-104.822697,El Paso County,8041
126687,Concorde Career College-Aurora,21,2,Aurora,CO,80010-4314,3,1,3,1,2,11,19740,1,10,39.718699,-104.867089,Arapahoe County,8005
126711,Colorado Mountain College,4,4,Glenwood Springs,CO,81601-0233,1,1,1,3,3,33,40090,2,23,39.54636,-107.324441,Garfield County,8045
126748,Colorado Northwestern Community College,12,4,Rangely,CO,81648-3598,1,1,1,2,2,43,-2,-2,5,40.081112,-108.790048,Rio Blanco County,8103
126775,Colorado School of Mines,30,5,Golden,CO,80401,1,1,1,3,3,21,19740,1,15,39.751443,-105.223364,Jefferson County,8059
126784,Colorado School of Trades,21,3,Lakewood,CO,80215-2996,6,2,3,1,1,21,19740,1,11,39.74181,-105.104174,Jefferson County,8059
126818,Colorado State University-Fort Collins,6,3,Fort Collins,CO,80523-0100,1,1,1,5,4,12,22660,1,15,40.574805,-105.080732,Larimer County,8069
126827,Colorado Technical University-Colorado Springs,24,4,Colorado Springs,CO,80907-3812,3,1,3,5,5,11,17820,1,17,38.895069,-104.85716,El Paso County,8041
126863,Community College of Aurora,2,2,Aurora,CO,80011-9036,4,2,1,3,3,11,19740,1,3,39.71788,-104.802673,Arapahoe County,8005
126915,Technical College of the Rockies,-2,-2,Delta,CO,81416,7,3,1,1,-2,41,-2,-2,-2,38.702524,-108.031072,Delta County,8029
126942,Community College of Denver,2,2,Denver,CO,80204-2026,1,1,1,3,3,11,19740,1,14,39.741413,-105.001044,Denver County,8031
126951,Lincoln College of Technology-Denver,21,4,Denver,CO,80239,6,2,3,2,2,11,19740,1,11,39.77651,-104.856171,Denver County,8031
126979,Denver Seminary,31,-2,Littleton,CO,80120,2,1,2,1,2,21,19740,1,19,39.600595,-105.022363,Arapahoe County,8005
127060,University of Denver,7,5,Denver,CO,80208,2,1,2,4,3,11,19740,1,15,39.678005,-104.963259,Denver County,8031
127158,Emily Griffith Technical College,-2,-2,Denver,CO,80203,7,3,1,3,-2,11,19740,1,-2,39.74575,-104.985751,Denver County,8031
127185,Fort Lewis College,22,4,Durango,CO,81301-3999,1,1,1,2,2,32,20420,2,22,37.275939,-107.867422,La Plata County,8067
127200,Front Range Community College,1,2,Westminster,CO,80031,1,1,1,5,4,21,19740,1,6,39.901452,-105.038068,Adams County,8001
127273,Iliff School of Theology,31,-2,Denver,CO,80210-4798,2,1,2,1,1,11,19740,1,24,39.675927,-104.960657,Denver County,8031
127316,International Salon and Spa Academy,-2,-2,Colorado Springs,CO,80918-3684,9,3,3,1,-2,11,17820,1,-2,38.913621,-104.786252,El Paso County,8041
127389,Lamar Community College,3,4,Lamar,CO,81052-3999,4,2,1,1,2,33,-2,-2,5,38.068886,-102.616144,Prowers County,8099
127556,Colorado Mesa University,14,4,Grand Junction,CO,81501-3122,1,1,1,3,3,13,24300,1,22,39.080643,-108.553275,Mesa County,8077
127565,Metropolitan State University of Denver,19,4,Denver,CO,80217-3362,1,1,1,4,4,11,19740,1,18,39.744202,-105.00504,Denver County,8031
127617,Morgan Community College,12,2,Fort  Morgan,CO,80701,1,1,1,2,2,41,22820,2,9,40.258792,-103.771822,Morgan County,8087
127653,Naropa University,10,2,Boulder,CO,80302-6697,2,1,2,2,2,12,14500,1,19,40.014235,-105.266987,Boulder County,8013
127714,Nazarene Bible College,31,-2,Colorado Springs,CO,80909,2,1,2,1,2,11,17820,1,24,38.862354,-104.758064,El Paso County,8041
127732,Northeastern Junior College,3,4,Sterling,CO,80751-2944,4,2,1,2,2,33,44540,2,5,40.637215,-103.197329,Logan County,8075
127741,University of Northern Colorado,7,4,Greeley,CO,80639,1,1,1,3,3,12,24540,1,17,40.410855,-104.692777,Weld County,8123
127778,Otero College,3,4,La Junta,CO,81050,4,2,1,1,2,33,-2,-2,8,37.969984,-103.544874,Otero County,8089
127820,Pikes Peak State College,2,4,Colorado Springs,CO,80906-5498,1,1,1,4,3,21,17820,1,14,38.764287,-104.787261,El Paso County,8041
127884,Pueblo Community College,11,4,Pueblo,CO,81004-1499,1,1,1,3,3,12,39380,1,14,38.262124,-104.636258,Pueblo County,8101
127909,Red Rocks Community College,2,2,Lakewood,CO,80228-1255,1,1,1,3,3,21,19740,1,14,39.720277,-105.150094,Jefferson County,8059
127918,Regis University,17,6,Denver,CO,80221-1099,2,1,2,2,3,11,19740,1,17,39.788175,-105.030756,Denver County,8031
127945,Rocky Mountain College of Art and Design,23,2,Lakewood,CO,80214,3,1,3,2,2,21,19740,1,22,39.74332,-105.069911,Jefferson County,8059
127954,Montessori Education Center of the Rockies,-2,-2,Denver,CO,80205,2,1,2,1,-2,11,19740,1,-2,39.762942,-104.943415,Denver County,8031
128106,Colorado State University Pueblo,14,6,Pueblo,CO,81001-4901,1,1,1,3,3,12,39380,1,19,38.30859,-104.579033,Pueblo County,8101
128151,Pickens Technical College,-2,-2,Aurora,CO,80011-9307,4,2,1,2,-2,11,19740,1,-2,39.723705,-104.789683,Arapahoe County,8005
128179,Intellitec College-Colorado Springs,21,2,Colorado Springs,CO,80909-6096,6,2,3,1,2,11,17820,1,11,38.832183,-104.78721,El Paso County,8041
128188,Intellitec College-Grand Junction,21,2,Grand Junction,CO,81506,6,2,3,2,2,13,24300,1,11,39.116346,-108.53062,Mesa County,8077
128258,Trinidad State College,3,4,Trinidad,CO,81082,1,1,1,2,2,33,-2,-2,5,37.172059,-104.513451,Las Animas County,8071
128300,University of Colorado System Office,-2,-2,Denver,CO,80203-1187,0,1,1,-2,-2,11,19740,1,-2,39.74521,-104.983277,Denver County,8031
128328,United States Air Force Academy,5,-2,USAF Academy,CO,80840-5002,1,1,1,2,3,41,17820,1,22,39.010957,-104.891358,El Paso County,8041
128337,Empire Beauty School-Thornton,-2,-2,Thornton,CO,80233,9,3,3,1,-2,21,19740,1,-2,39.915253,-104.94357,Adams County,8001
128391,Western Colorado University,9,3,Gunnison,CO,81231,1,1,1,2,3,33,-2,-2,19,38.549936,-106.919132,Gunnison County,8051
128498,Albertus Magnus College,20,4,New Haven,CT,06511-1189,2,1,2,2,2,12,35300,1,19,41.332519,-72.923848,South Central Connecticut Planning Region,9170
128586,Bais Binyomin Academy,-2,-2,Monsey,NY,10952,2,1,2,1,-2,21,35620,1,-2,41.123013,-74.078802,Rockland County,36087
128744,University of Bridgeport,17,4,Bridgeport,CT,06604-5620,2,1,2,2,3,12,14860,1,17,41.164741,-73.190166,Greater Bridgeport Planning Region,9120
128771,Central Connecticut State University,19,4,New Britain,CT,06050,1,1,1,3,3,21,25540,1,18,41.692502,-72.765991,Capitol Planning Region,9110
128780,Charter Oak State College,22,-2,New Britain,CT,06051,1,1,1,2,2,21,25540,1,21,41.666848,-72.781239,Capitol Planning Region,9110
128896,Cortiva Institute,-2,-2,Cromwell,CT,06416,9,3,3,1,-2,21,25540,1,-2,41.604041,-72.678562,Lower Connecticut River Valley Planning Region,9130
128902,Connecticut College,22,5,New London,CT,06320-4196,2,1,2,2,2,13,35980,1,21,41.379833,-72.107321,Southeastern Connecticut Planning Region,9180
129002,Porter & Chester Institute of Hamden,-2,-2,Hamden,CT,06514,9,3,3,1,-2,21,35300,1,-2,41.346568,-72.931908,South Central Connecticut Planning Region,9170
129020,University of Connecticut,6,5,Storrs,CT,06269,1,1,1,5,4,31,25540,1,15,41.809098,-72.249948,Capitol Planning Region,9110
129154,Goodwin University,29,4,East Hartford,CT,06118,2,1,2,2,3,13,25540,1,23,41.742977,-72.64032,Capitol Planning Region,9110
129181,Lincoln Technical Institute-East Windsor,-2,-2,East Windsor,CT,06088,9,3,3,2,-2,21,25540,1,-2,41.924248,-72.596915,Capitol Planning Region,9110
129215,Eastern Connecticut State University,22,4,Willimantic,CT,06226,1,1,1,2,3,31,35980,1,20,41.721673,-72.218753,Southeastern Connecticut Planning Region,9180
129242,Fairfield University,17,5,Fairfield,CT,06824-5195,2,1,2,3,3,21,14860,1,17,41.157673,-73.255903,Greater Bridgeport Planning Region,9120
129349,Paul Mitchell the School-North Haven,-2,-2,North Haven,CT,06473,9,3,3,1,-2,21,35300,1,-2,41.394495,-72.85745,South Central Connecticut Planning Region,9170
129367,Connecticut State Community College,11,4,New Britain,CT,06051,4,2,1,5,4,12,25540,1,8,41.768397,-72.672734,Capitol Planning Region,9110
129428,Rensselaer at Hartford,30,-2,Hartford,CT,06120,2,1,2,-2,1,12,25540,1,28,41.773462,-72.673916,Capitol Planning Region,9110
129482,American Institute-West Hartford,-2,-2,West Hartford,CT,06110-1922,6,2,3,1,-2,13,25540,1,-2,41.727016,-72.725762,Capitol Planning Region,9110
129491,Hartford International University for Religion and Peace,31,-2,Hartford,CT,06105-2260,2,1,2,1,1,12,25540,1,20,41.769861,-72.707766,Capitol Planning Region,9110
129525,University of Hartford,7,4,West Hartford,CT,06117-1599,2,1,2,3,3,12,25540,1,17,41.798591,-72.715213,Capitol Planning Region,9110
129534,Holy Apostles College and Seminary,31,-2,Cromwell,CT,06416-2005,2,1,2,1,2,21,25540,1,19,41.60682,-72.647853,Lower Connecticut River Valley Planning Region,9130
129774,Mitchell College,22,4,New London,CT,06320,2,1,2,1,2,13,35980,1,22,41.328013,-72.09523,Southeastern Connecticut Planning Region,9180
129923,Lincoln Technical Institute-New Britain,-2,-2,New Britain,CT,06051,9,3,3,1,-2,21,25540,1,-2,41.659236,-72.754498,Capitol Planning Region,9110
129932,New England Tractor Trailer Training School of Connecticut,-2,-2,Somers,CT,06071,9,3,3,1,-2,41,25540,1,-2,41.979699,-72.450218,Capitol Planning Region,9110
129941,University of New Haven,19,4,West Haven,CT,06516-1916,2,1,2,3,3,21,35300,1,18,41.291314,-72.961472,South Central Connecticut Planning Region,9170
130110,Paier College,23,-2,Bridgeport,CT,06606,3,1,3,-1,1,12,14860,1,22,41.163451,-73.194727,Greater Bridgeport Planning Region,9120
130174,Porter & Chester Institute,-2,-2,Bridgeport,CT,06610,9,3,3,2,-2,12,14860,1,-2,41.200813,-73.187731,Greater Bridgeport Planning Region,9120
130183,Post University,16,4,Waterbury,CT,06723,3,1,3,4,4,12,47930,1,18,41.535549,-73.081497,Naugatuck Valley Planning Region,9140
130226,Quinnipiac University,17,5,Hamden,CT,06518,2,1,2,3,3,21,35300,1,17,41.418915,-72.894117,South Central Connecticut Planning Region,9170
130253,Sacred Heart University,17,5,Fairfield,CT,06825-1000,2,1,2,4,3,21,14860,1,17,41.220893,-73.243332,Greater Bridgeport Planning Region,9120
130314,University of Saint Joseph,18,6,West Hartford,CT,06117,2,1,2,2,2,13,25540,1,18,41.781041,-72.72965,Capitol Planning Region,9110
130493,Southern Connecticut State University,7,4,New Haven,CT,06515-1355,1,1,1,3,3,12,35300,1,18,41.333225,-72.947897,South Central Connecticut Planning Region,9170
130590,Trinity College,22,5,Hartford,CT,06106-3100,2,1,2,2,2,12,25540,1,21,41.747451,-72.690882,Capitol Planning Region,9110
130624,United States Coast Guard Academy,30,-2,New London,CT,06320,1,1,1,2,2,13,35980,1,22,41.375823,-72.101583,Southeastern Connecticut Planning Region,9180
130697,Wesleyan University,22,5,Middletown,CT,06459,2,1,2,2,2,13,25540,1,21,41.554665,-72.657146,Lower Connecticut River Valley Planning Region,9130
130776,Western Connecticut State University,14,4,Danbury,CT,06810-6826,1,1,1,2,3,13,14860,1,19,41.400365,-73.444264,Western Connecticut Planning Region,9190
130794,Yale University,7,5,New Haven,CT,06520,2,1,2,4,3,12,35300,1,15,41.311158,-72.926688,South Central Connecticut Planning Region,9170
130837,Margaret H Rollins School of Nursing at Beebe Medical Center,-2,-2,Lewes,DE,19958,8,3,2,1,-2,32,42580,2,-2,38.771565,-75.142864,Sussex County,10005
130873,Dawn Career Institute LLC,-2,-2,Newark,DE,19702,9,3,3,1,-2,21,37980,1,-2,39.668605,-75.677768,New Castle County,10003
130882,Delaware Technical Community College-Central Office,-2,-2,Dover,DE,19901,0,1,1,-2,-2,13,20100,1,-2,39.20109,-75.5582,Kent County,10001
130907,Delaware Technical Community College-Terry,11,4,Dover,DE,19901,1,1,1,4,3,13,20100,1,14,39.198371,-75.56012,Kent County,10001
130934,Delaware State University,19,4,Dover,DE,19901,1,1,1,3,3,13,20100,1,19,39.187173,-75.54053,Kent County,10001
130943,University of Delaware,6,5,Newark,DE,19716,1,1,1,5,4,21,37980,1,15,39.679577,-75.752822,New Castle County,10003
130989,Goldey-Beacom College,24,4,Wilmington,DE,19808,2,1,2,2,2,21,37980,1,18,39.741501,-75.689624,New Castle County,10003
131061,Schilling-Douglas School of Hair Design,-2,-2,Newark,DE,19711,9,3,3,1,-2,21,37980,1,-2,39.711442,-75.74178,New Castle County,10003
131098,Wesley College,-2,-2,Dover,DE,19901-3875,99,-3,-3,-2,-2,13,20100,1,-2,39.163278,-75.527737,Kent County,10001
131113,Wilmington University,17,6,New Castle,DE,19720,2,1,2,4,3,21,37980,1,17,39.682299,-75.586998,New Castle County,10003
131159,American University,7,5,Washington,DC,20016-8001,2,1,2,4,3,11,47900,1,16,38.936005,-77.088875,District of Columbia,11001
131283,The Catholic University of America,7,5,Washington,DC,20064,2,1,2,3,3,11,47900,1,16,38.933651,-76.997909,District of Columbia,11001
131399,University of the District of Columbia,13,4,Washington,DC,20008,1,1,1,2,3,11,47900,1,19,38.943819,-77.066247,District of Columbia,11001
131405,Pontifical Faculty of the Immaculate Conception at the Dominican House of Studies,31,-2,Washington,DC,20017-1585,2,1,2,1,1,11,47900,1,24,38.931652,-76.998724,District of Columbia,11001
131450,Gallaudet University,8,4,Washington,DC,20002-3695,2,1,2,2,2,11,47900,1,17,38.907371,-76.993675,District of Columbia,11001
131469,George Washington University,6,5,Washington,DC,20052,2,1,2,5,4,11,47900,1,15,38.89923,-77.048363,District of Columbia,11001
131496,Georgetown University,6,5,Washington,DC,20057-0001,2,1,2,5,4,11,47900,1,15,38.908809,-77.073463,District of Columbia,11001
131520,Howard University,7,6,Washington,DC,20059,2,1,2,4,3,11,47900,1,16,38.922392,-77.018966,District of Columbia,11001
131803,Strayer University-District of Columbia,24,2,Washington,DC,20005,3,1,3,1,2,11,47900,1,20,38.904881,-77.034133,District of Columbia,11001
131830,National Conservatory of Dramatic Arts,-2,-2,Washington,DC,20007,5,2,2,1,-2,11,47900,1,-2,38.910024,-77.065095,District of Columbia,11001
131876,Trinity Washington University,20,4,Washington,DC,20017-1094,2,1,2,2,2,11,47900,1,19,38.927398,-77.004261,District of Columbia,11001
131973,Wesley Theological Seminary,31,-2,Washington,DC,20016-5690,2,1,2,1,2,11,47900,1,24,38.939606,-77.08996,District of Columbia,11001
132374,Atlantic Technical College,-2,-2,Coconut Creek,FL,33063-3902,4,2,1,2,-2,21,33100,1,-2,26.24278,-80.192271,Broward County,12011
132408,Baptist University of Florida,15,3,Graceville,FL,32440,2,1,2,1,2,42,-2,-2,22,30.962708,-85.503931,Jackson County,12063
132471,Barry University,17,6,Miami,FL,33161-6695,2,1,2,3,3,21,33100,1,17,25.878908,-80.198925,Miami-Dade County,12086
132602,Bethune-Cookman University,22,4,Daytona Beach,FL,32114-3099,2,1,2,2,2,13,19660,1,21,29.207195,-81.032946,Volusia County,12127
132657,Lynn University,18,3,Boca Raton,FL,33431-5598,2,1,2,2,2,13,33100,1,18,26.385985,-80.122806,Palm Beach County,12099
132675,North Florida Technical College,-2,-2,Starke,FL,32091,7,3,1,1,-2,32,-2,-2,-2,29.952308,-82.117224,Bradford County,12007
132693,Eastern Florida State College,4,4,Melbourne,FL,32935,1,1,1,4,3,13,37340,1,23,28.170002,-80.670781,Brevard County,12009
132709,Broward College,4,4,Fort Lauderdale,FL,33301,1,1,1,5,5,12,33100,1,14,26.119422,-80.14183,Broward County,12011
132842,Albizu University-Miami,25,-2,Miami,FL,33172-2209,2,1,2,1,2,13,33100,1,17,25.795181,-80.354942,Miami-Dade County,12086
132851,College of Central Florida,4,4,Ocala,FL,34474,1,1,1,3,3,13,36100,1,23,29.166079,-82.175692,Marion County,12083
132879,Johnson University Florida,31,-2,Kissimmee,FL,34744,2,1,2,-2,1,21,36740,1,24,28.302547,-81.363053,Osceola County,12097
132903,University of Central Florida,6,6,Orlando,FL,32816,1,1,1,5,5,21,36740,1,15,28.602159,-81.200889,Orange County,12095
132976,Charlotte Technical College,-2,-2,Port Charlotte,FL,33948-3399,7,3,1,1,-2,22,39460,1,-2,27.005558,-82.147238,Charlotte County,12015
133021,Chipola College,4,6,Marianna,FL,32446-2053,1,1,1,2,2,32,-2,-2,23,30.789228,-85.23139,Jackson County,12063
133155,Lorenzo Walker Technical College,-2,-2,Naples,FL,34104-4405,7,3,1,1,-2,21,34940,1,-2,26.141141,-81.763568,Collier County,12021
133386,Daytona State College,4,4,Daytona Beach,FL,32114,1,1,1,4,3,13,19660,1,23,29.20278,-81.049513,Volusia County,12127
133465,South University-West Palm Beach,28,4,Royal Palm Beach,FL,33411,3,1,3,1,2,21,33100,1,26,26.69215,-80.200219,Palm Beach County,12099
133492,Eckerd College,22,3,Saint Petersburg,FL,33711-4700,2,1,2,2,2,11,45300,1,21,27.715798,-82.687043,Pinellas County,12103
133508,Florida SouthWestern State College,4,4,Fort Myers,FL,33919,1,1,1,4,3,21,15980,1,23,26.552403,-81.887102,Lee County,12071
133526,Edward Waters University,22,4,Jacksonville,FL,32209,2,1,2,2,2,11,27260,1,22,30.34479,-81.684879,Duval County,12031
133553,Embry-Riddle Aeronautical University-Daytona Beach,19,5,Daytona Beach,FL,32114-3900,2,1,2,4,3,13,19660,1,18,29.189903,-81.048367,Volusia County,12127
133650,Florida Agricultural and Mechanical University,17,6,Tallahassee,FL,32307,1,1,1,3,3,12,45220,1,16,30.428504,-84.290226,Leon County,12073
133669,Florida Atlantic University,6,6,Boca Raton,FL,33431-0991,1,1,1,5,4,13,33100,1,16,26.372421,-80.102978,Palm Beach County,12099
133702,Florida State College at Jacksonville,4,4,Jacksonville,FL,32202,1,1,1,5,4,11,27260,1,23,30.334918,-81.659901,Duval County,12031
133711,Flagler College,15,3,Saint Augustine,FL,32084,2,1,2,2,2,23,27260,1,22,29.892733,-81.314887,St. Johns County,12109
133809,Florida College,4,3,Temple Terrace,FL,33617,2,1,2,1,2,21,45300,1,23,28.034936,-82.383289,Hillsborough County,12057
133845,Concorde Career Institute-Jacksonville,28,4,Jacksonville,FL,32256-6905,6,2,3,1,2,11,27260,1,10,30.23886,-81.581748,Duval County,12031
133854,Concorde Career Institute-Miramar,21,4,Miramar,FL,33025,6,2,3,1,2,21,33100,1,10,25.977088,-80.291516,Broward County,12011
133863,Concorde Career Institute-Tampa,21,4,Tampa,FL,33607-4127,6,2,3,1,2,11,45300,1,10,27.959148,-82.514341,Hillsborough County,12057
133872,AdventHealth University,28,6,Orlando,FL,32803,2,1,2,2,2,11,36740,1,26,28.576142,-81.367687,Orange County,12095
133881,Florida Institute of Technology,30,3,Melbourne,FL,32901-6975,2,1,2,3,3,13,37340,1,16,28.065773,-80.623123,Brevard County,12009
133951,Florida International University,6,6,Miami,FL,33199,1,1,1,5,5,21,33100,1,15,25.75732,-80.373928,Miami-Dade County,12086
133960,The College of the Florida Keys,12,4,Key West,FL,33040,1,1,1,2,2,33,28580,2,14,24.582748,-81.74446,Monroe County,12087
133979,Florida Memorial University,15,4,Miami Gardens,FL,33054-6199,2,1,2,2,2,21,33100,1,22,25.918278,-80.270753,Miami-Dade County,12086
133997,Florida Career College-Miami,3,-2,Miami,FL,33174-2521,6,2,3,-1,2,21,33100,1,11,25.756567,-80.36778,Miami-Dade County,12086
134024,Florida School of Massage,-2,-2,Gainesville,FL,32608-5419,9,3,3,1,-2,41,23540,1,-2,29.593428,-82.338273,Alachua County,12001
134079,Florida Southern College,5,3,Lakeland,FL,33801-5698,2,1,2,2,2,12,29460,1,19,28.032443,-81.948203,Polk County,12105
134097,Florida State University,6,5,Tallahassee,FL,32306-1037,1,1,1,5,5,12,45220,1,15,30.443147,-84.295064,Leon County,12073
134130,University of Florida,6,5,Gainesville,FL,32611,1,1,1,5,5,12,23540,1,15,29.64629,-82.347911,Alachua County,12001
134228,Fort Pierce Beauty Academy,-2,-2,Fort Pierce,FL,34982-6333,9,3,3,1,-2,21,38940,1,-2,27.411962,-80.325377,St. Lucie County,12111
134237,Full Sail University,9,2,Winter Park,FL,32792-7429,3,1,3,5,4,21,36740,1,18,28.596546,-81.301286,Orange County,12095
134291,George Stone Technical College,-2,-2,Pensacola,FL,32526-8922,4,2,1,1,-2,21,37860,1,-2,30.487547,-87.290659,Escambia County,12033
134307,George T Baker Aviation Technical College,-2,-2,Miami,FL,33142,7,3,1,2,-2,21,33100,1,-2,25.804092,-80.263591,Miami-Dade County,12086
134343,Gulf Coast State College,2,4,Panama City,FL,32401,1,1,1,3,3,13,37460,1,14,30.185542,-85.727918,Bay County,12005
134422,Key College,12,1,Fort Lauderdale,FL,33306-1801,6,2,3,-2,1,12,33100,1,31,26.166983,-80.108183,Broward County,12011
134495,Hillsborough Community College,1,4,Tampa,FL,33606-3584,1,1,1,5,4,11,45300,1,2,27.934888,-82.456253,Hillsborough County,12057
134510,Hobe Sound Bible College,15,1,Hobe Sound,FL,33455,2,1,2,1,1,21,38940,1,22,27.066304,-80.13184,Martin County,12085
134529,Hollywood Institute of Beauty Careers,-2,-2,Hollywood,FL,33023,9,3,3,1,-2,21,33100,1,-2,26.007139,-80.209125,Broward County,12011
134574,Cortiva Institute,-2,-2,St. Petersburg,FL,33713,9,3,3,1,-2,11,45300,1,-2,27.793547,-82.680031,Pinellas County,12103
134608,Indian River State College,4,4,Fort Pierce,FL,34981-5596,1,1,1,4,4,21,38940,1,23,27.42416,-80.358682,St. Lucie County,12111
134714,International Academy,-2,-2,South Daytona,FL,32119,9,3,3,1,-2,21,19660,1,-2,29.162159,-80.997811,Volusia County,12127
134945,Jacksonville University,17,5,Jacksonville,FL,32211-3394,2,1,2,2,3,11,27260,1,18,30.353227,-81.60458,Duval County,12031
135081,Keiser University-Ft Lauderdale,29,4,Fort Lauderdale,FL,33309,2,1,2,5,4,12,33100,1,17,26.185869,-80.163959,Broward County,12011
135142,La Belle Beauty School,-2,-2,Hialeah,FL,33012,9,3,3,1,-2,21,33100,1,-2,25.86695,-80.312711,Miami-Dade County,12086
135160,Florida Gateway College,4,4,Lake City,FL,32025-2007,1,1,1,2,3,32,29380,2,23,30.175298,-82.5679,Columbia County,12023
135179,Lake Technical College,-2,-2,Eustis,FL,32726,7,3,1,1,-2,22,36740,1,-2,28.833446,-81.690874,Lake County,12069
135188,Lake-Sumter State College,2,4,Leesburg,FL,34788-8751,1,1,1,3,3,22,36740,1,14,28.828649,-81.797193,Lake County,12069
135267,Fort Myers Technical College,-2,-2,Fort Myers,FL,33916-2204,4,2,1,1,-2,13,15980,1,-2,26.647517,-81.836596,Lee County,12071
135276,Lively Technical College,-2,-2,Tallahassee,FL,32304-2895,7,3,1,2,-2,12,45220,1,-2,30.448534,-84.339057,Leon County,12073
135294,Lindsey Hopkins Technical College,-2,-2,Miami,FL,33127,4,2,1,1,-2,11,33100,1,-2,25.794676,-80.208154,Miami-Dade County,12086
135337,Loraines Academy & Spa,-2,-2,Saint Petersburg,FL,33710,9,3,3,1,-2,11,45300,1,-2,27.783077,-82.713964,Pinellas County,12103
135364,Luther Rice College & Seminary,31,-2,Lithonia,GA,30038-9869,2,1,2,1,2,21,12060,1,24,33.698126,-84.123179,DeKalb County,13089
135391,State College of Florida-Manatee-Sarasota,4,4,Bradenton,FL,34207,1,1,1,3,3,21,35840,1,23,27.43804,-82.590887,Manatee County,12081
135407,Manatee Technical College,-2,-2,Bradenton,FL,34203,4,2,1,2,-2,21,35840,1,-2,27.447894,-82.481088,Manatee County,12081
135522,Traviss Technical College,-2,-2,Lakeland,FL,33803,7,3,1,1,-2,41,29460,1,-2,27.995822,-81.892381,Polk County,12105
135559,Merryfield Academy,-2,-2,Oakland Park,FL,33334-4925,9,3,3,1,-2,21,33100,1,-2,26.19044,-80.129991,Broward County,12011
135610,Trinity International University-Florida,15,-2,Miami,FL,33186,2,1,2,-2,1,21,33100,1,22,25.68307,-80.417646,Miami-Dade County,12086
135647,Miami Lakes Educational Center and Technical College,-2,-2,Miami Lakes,FL,33014,4,2,1,1,-2,21,33100,1,-2,25.915514,-80.294424,Miami-Dade County,12086
135717,Miami Dade College,4,4,Miami,FL,33132-2204,1,1,1,5,5,11,33100,1,14,25.777717,-80.190856,Miami-Dade County,12086
135726,University of Miami,6,5,Coral Gables,FL,33146,2,1,2,4,4,21,33100,1,15,25.72126,-80.278662,Miami-Dade County,12086
135735,Orange Technical College-South Campus,-2,-2,Orlando,FL,32809,4,2,1,2,-2,21,36740,1,-2,28.471695,-81.415996,Orange County,12095
136109,Paul Mitchell the School-Jacksonville,-2,-2,Jacksonville,FL,32246,9,3,3,1,-2,11,27260,1,-2,30.259433,-81.527515,Duval County,12031
136145,North Florida College,4,4,Madison,FL,32340,1,1,1,2,2,42,-2,-2,14,30.473841,-83.420732,Madison County,12079
136172,University of North Florida,7,4,Jacksonville,FL,32224-7699,1,1,1,4,3,11,27260,1,16,30.27194,-81.509144,Duval County,12031
136215,Nova Southeastern University,16,6,Fort Lauderdale,FL,33328-2004,2,1,2,5,4,21,33100,1,16,26.082288,-80.249891,Broward County,12011
136233,Northwest Florida State College,4,4,Niceville,FL,32578-1295,1,1,1,2,3,22,18880,1,23,30.540017,-86.47456,Okaloosa County,12091
136303,Orange Technical College,-2,-2,Orlando,FL,32801-1197,4,2,1,1,-2,11,36740,1,-2,28.550422,-81.383783,Orange County,12095
136330,Palm Beach Atlantic University,17,3,West Palm Beach,FL,33401,2,1,2,2,3,12,33100,1,17,26.7044,-80.05247,Palm Beach County,12099
136358,Palm Beach State College,4,4,Lake Worth,FL,33461-4796,1,1,1,5,4,21,33100,1,14,26.61256,-80.08653,Palm Beach County,12099
136400,Pasco-Hernando State College,4,4,New Port Richey,FL,34654-5199,1,1,1,3,3,21,45300,1,23,28.2751,-82.646727,Pasco County,12101
136473,Pensacola State College,4,4,Pensacola,FL,32504-8998,1,1,1,3,3,13,37860,1,23,30.479267,-87.200265,Escambia County,12033
136491,Pinellas Technical College-Clearwater,-2,-2,Clearwater,FL,33760-2140,7,3,1,2,-2,13,45300,1,-2,27.911922,-82.719064,Pinellas County,12103
136516,Polk State College,4,4,Winter Haven,FL,33881-4299,1,1,1,4,3,13,29460,1,23,28.032411,-81.711873,Polk County,12105
136659,Radford M Locklin Technical College,-2,-2,Milton,FL,32570-8188,4,2,1,1,-2,41,37860,1,-2,30.648077,-87.09971,Santa Rosa County,12113
136701,Saint Vincent de Paul Regional Seminary,31,-2,Boynton Beach,FL,33436-4899,2,1,2,1,1,21,33100,1,24,26.516538,-80.125185,Palm Beach County,12099
136765,Ridge Technical College,-2,-2,Winter Haven,FL,33881-9518,7,3,1,1,-2,13,29460,1,-2,28.076632,-81.654463,Polk County,12105
136774,Ringling College of Art and Design,23,3,Sarasota,FL,34234-5895,2,1,2,2,2,13,35840,1,30,27.360931,-82.547803,Sarasota County,12115
136826,Robert Morgan Educational Center and Technical College,-2,-2,Miami,FL,33177-2427,4,2,1,2,-2,21,33100,1,-2,25.599247,-80.390054,Miami-Dade County,12086
136950,Rollins College,10,3,Winter Park,FL,32789-4499,2,1,2,2,2,21,36740,1,18,28.592787,-81.349239,Orange County,12095
137023,First Coast Technical College,-2,-2,Saint Augustine,FL,32084-1919,7,3,1,1,-2,23,27260,1,-2,29.924377,-81.345829,St. Johns County,12109
137032,Saint Leo University,7,4,Saint Leo,FL,33574-6665,2,1,2,3,3,31,45300,1,17,28.336776,-82.257801,Pasco County,12101
137078,St Petersburg College,4,4,St. Petersburg,FL,33701,1,1,1,5,4,11,45300,1,23,27.773264,-82.636587,Pinellas County,12103
137087,Pinellas Technical College-St. Petersburg,-2,-2,Saint Petersburg,FL,33711-2209,7,3,1,2,-2,11,45300,1,-2,27.761183,-82.681534,Pinellas County,12103
137096,Santa Fe College,2,6,Gainesville,FL,32606-6210,1,1,1,4,3,22,23540,1,14,29.681037,-82.433143,Alachua County,12001
137120,Suncoast Technical College,-2,-2,Sarasota,FL,34233-1798,4,2,1,2,-2,21,35840,1,-2,27.285486,-82.500827,Sarasota County,12115
137209,Seminole State College of Florida,4,3,Sanford,FL,32773-6199,1,1,1,4,4,13,36740,1,23,28.745482,-81.308003,Seminole County,12117
137245,Sheridan Technical College,-2,-2,Hollywood,FL,33021,4,2,1,2,-2,21,33100,1,-2,26.031736,-80.198024,Broward County,12011
137272,St. John Vianney College Seminary,31,-2,Miami,FL,33165-3244,2,1,2,1,1,21,33100,1,24,25.742579,-80.337411,Miami-Dade County,12086
137281,Saint Johns River State College,4,3,Palatka,FL,32177,1,1,1,3,3,32,37260,2,23,29.647516,-81.681387,Putnam County,12107
137315,South Florida State College,4,4,Avon Park,FL,33825-9356,1,1,1,2,2,23,42700,1,23,27.56974,-81.508667,Highlands County,12055
137351,University of South Florida,6,5,Tampa,FL,33620-9951,1,1,1,5,5,11,45300,1,15,28.061458,-82.413232,Hillsborough County,12057
137476,St. Thomas University,17,6,Miami Gardens,FL,33054-6459,2,1,2,3,3,21,33100,1,17,25.922071,-80.253273,Miami-Dade County,12086
137546,Stetson University,7,4,DeLand,FL,32723,2,1,2,2,3,13,19660,1,18,29.035475,-81.300746,Volusia County,12127
137564,Southeastern University,17,4,Lakeland,FL,33801-6034,2,1,2,4,3,12,29460,1,17,28.029733,-81.918382,Polk County,12105
137591,Bene's Career Academy,-2,-2,New Port Richey,FL,34652,9,3,3,1,-2,21,45300,1,-2,28.259612,-82.728584,Pasco County,12101
137713,Riveroak Technical College,-2,-2,Live Oak,FL,32064,4,2,1,1,-2,33,-2,-2,-2,30.281999,-82.992512,Suwannee County,12121
137759,Tallahassee State College,2,4,Tallahassee,FL,32304-2895,1,1,1,4,3,12,45220,1,14,30.443866,-84.339,Leon County,12073
137777,Talmudic College of Florida,31,-2,Miami Beach,FL,33140-3854,2,1,2,1,1,13,33100,1,24,25.811996,-80.136293,Miami-Dade County,12086
137847,The University of Tampa,19,3,Tampa,FL,33606-1490,2,1,2,4,3,11,45300,1,18,27.948455,-82.46483,Hillsborough County,12057
137856,Big Bend Technical College,-2,-2,Perry,FL,32348,7,3,1,1,-2,41,-2,-2,-2,30.077954,-83.565783,Taylor County,12123
137865,Tom P. Haney Technical College,-2,-2,Panama City,FL,32405,7,3,1,1,-2,22,37460,1,-2,30.203363,-85.646585,Bay County,12005
137953,Trinity Baptist College,31,-2,Jacksonville,FL,32221,2,1,2,1,1,11,27260,1,22,30.311171,-81.79626,Duval County,12031
137962,Trinity College of Florida,15,4,Trinity,FL,34655-4401,2,1,2,1,1,21,45300,1,22,28.194732,-82.678318,Pasco County,12101
138187,Valencia College,1,4,Orlando,FL,32811,1,1,1,5,5,11,36740,1,14,28.520783,-81.464275,Orange County,12095
138275,Warner University,15,4,Lake Wales,FL,33859-8797,2,1,2,1,2,41,29460,1,20,27.825751,-81.599972,Polk County,12105
138284,Florida Panhandle Technical College,-2,-2,Chipley,FL,32428-1618,7,3,1,1,-2,43,37460,1,-2,30.77449,-85.553345,Washington County,12133
138293,Webber International University,15,4,Babson Park,FL,33827-0096,2,1,2,1,2,41,29460,1,22,27.838778,-81.532315,Polk County,12105
138309,Rasmussen University-Florida,28,6,Ocala,FL,34471,3,1,3,2,3,13,36100,1,22,29.175319,-82.15319,Marion County,12083
138354,University of West Florida,7,4,Pensacola,FL,32514-5750,1,1,1,4,3,41,37860,1,18,30.549076,-87.218511,Escambia County,12033
138372,Orange Technical College-West Campus,-2,-2,Ocoee,FL,34761,4,2,1,2,-2,21,36740,1,-2,28.597903,-81.555585,Orange County,12095
138479,William T McFatter Technical College,-2,-2,Davie,FL,33317,4,2,1,1,-2,21,33100,1,-2,26.085022,-80.232201,Broward County,12011
138488,Orange Technical College-East Campus,-2,-2,Winter Park,FL,32789-3049,4,2,1,2,-2,21,36740,1,-2,28.604386,-81.36174,Orange County,12095
138497,Withlacoochee Technical College,-2,-2,Inverness,FL,34450-4301,4,2,1,1,-2,23,26140,1,-2,28.834861,-82.345563,Citrus County,12017
138558,Abraham Baldwin Agricultural College,14,3,Tifton,GA,31793-2601,1,1,1,2,3,32,45700,2,23,31.481889,-83.528281,Tift County,13277
138600,Agnes Scott College,22,6,Decatur,GA,30030-3770,2,1,2,2,2,21,12060,1,21,33.769268,-84.295459,DeKalb County,13089
138655,Interactive College of Technology-Chamblee,24,2,Chamblee,GA,30341,6,2,3,1,2,21,12060,1,8,33.886966,-84.304381,DeKalb County,13089
138664,Interactive College of Technology-Morrow,29,2,Morrow,GA,30260,6,2,3,1,1,21,12060,1,13,33.57125,-84.331192,Clayton County,13063
138682,Albany Technical College,12,4,Albany,GA,31701,4,2,1,2,2,13,10500,1,8,31.55434,-84.174284,Dougherty County,13095
138716,Albany State University,13,6,Albany,GA,31705,1,1,1,3,3,13,10500,1,19,31.56928,-84.141825,Dougherty County,13095
138761,Andrew College,12,6,Cuthbert,GA,39840-5550,2,1,2,1,1,43,-2,-2,14,31.772321,-84.795021,Randolph County,13243
138822,Georgia Career Institute,-2,-2,Conyers,GA,30094,9,3,3,1,-2,21,12060,1,-2,33.64336,-84.018321,Rockdale County,13247
138840,Atlanta Technical College,11,2,Atlanta,GA,30310-4446,4,2,1,2,3,11,12060,1,8,33.712009,-84.404995,Fulton County,13121
138868,Point University,15,4,West Point,GA,31833,2,1,2,2,2,32,29300,2,22,32.87912,-85.184931,Troup County,13285
138901,Atlanta Metropolitan State College,4,2,Atlanta,GA,30310-4448,1,1,1,2,2,11,12060,1,23,33.70893,-84.404659,Fulton County,13121
138929,Atlanta's John Marshall Law School,26,-2,Atlanta,GA,30303,2,1,2,1,1,11,12060,1,31,33.76128,-84.385603,Fulton County,13121
138938,Atlanta School of Massage,-2,-2,Atlanta,GA,30338,9,3,3,1,-2,13,12060,1,-2,33.922131,-84.311332,DeKalb County,13089
138947,Clark Atlanta University,17,4,Atlanta,GA,30314,2,1,2,2,3,11,12060,1,16,33.747628,-84.412584,Fulton County,13121
138956,Augusta Technical College,21,4,Augusta,GA,30906,4,2,1,2,3,12,12260,1,7,33.418992,-82.048439,Richmond County,13245
139144,Berry College,5,3,Mount Berry,GA,30149,2,1,2,2,2,23,40660,1,20,34.290414,-85.189202,Floyd County,13115
139153,Beulah Heights University,24,2,Atlanta,GA,30316,2,1,2,1,2,11,12060,1,21,33.736993,-84.35768,Fulton County,13121
139199,Brenau University,18,4,Gainesville,GA,30501-3668,2,1,2,2,2,13,23580,1,17,34.303117,-83.821513,Hall County,13139
139205,Brewton-Parker College,5,4,Mount Vernon,GA,30445,2,1,2,2,2,42,47080,2,22,32.185718,-82.586136,Montgomery County,13209
139250,College of Coastal Georgia,22,4,Brunswick,GA,31520-3644,1,1,1,2,3,13,15260,1,22,31.181983,-81.486169,Glynn County,13127
139278,West Georgia Technical College,11,2,Waco,GA,30182,4,2,1,3,3,41,12060,1,8,33.691657,-85.183666,Haralson County,13143
139311,Clayton  State University,19,4,Morrow,GA,30260-0285,1,1,1,3,3,21,12060,1,19,33.594079,-84.328174,Clayton County,13063
139348,Columbia Theological Seminary,31,-2,Decatur,GA,30030-4118,2,1,2,1,1,21,12060,1,24,33.764292,-84.281695,DeKalb County,13089
139357,Columbus Technical College,21,4,Columbus,GA,31904-6572,4,2,1,2,3,12,17980,1,8,32.508076,-84.978551,Muscogee County,13215
139366,Columbus State University,7,4,Columbus,GA,31907-5645,1,1,1,3,3,12,17980,1,18,32.50096,-84.94106,Muscogee County,13215
139384,Georgia Northwestern Technical College,11,4,Rome,GA,30161,4,2,1,3,3,13,40660,1,8,34.224673,-85.171361,Floyd County,13115
139393,Covenant College,22,3,Lookout Mountain,GA,30750-4164,2,1,2,2,2,21,16860,1,21,34.965161,-85.375066,Dade County,13083
139463,Dalton State College,14,4,Dalton,GA,30720-3797,1,1,1,3,3,13,19140,1,22,34.774221,-85.002775,Whitfield County,13313
139506,Pro Way Hair School,-2,-2,Stone Mountain,GA,30083-3254,9,3,3,1,-2,21,12060,1,-2,33.801802,-84.205183,DeKalb County,13089
139579,South University-Savannah,29,4,Savannah,GA,31406,3,1,3,1,2,12,42340,1,18,31.999481,-81.105531,Chatham County,13051
139621,East Georgia State College,3,6,Swainsboro,GA,30401,1,1,1,2,2,33,-2,-2,14,32.594944,-82.309021,Emanuel County,13107
139630,Emmanuel University,15,3,Franklin Springs,GA,30639,2,1,2,1,2,42,-2,-2,22,34.283641,-83.14822,Franklin County,13119
139658,Emory University,7,5,Atlanta,GA,30322,2,1,2,4,3,11,12060,1,15,33.790183,-84.325512,DeKalb County,13089
139700,Georgia Highlands College,4,4,Rome,GA,30161-3897,1,1,1,3,3,23,40660,1,23,34.169791,-85.207356,Floyd County,13115
139719,Fort Valley State University,22,4,Fort Valley,GA,31030-4313,1,1,1,2,2,31,47580,1,20,32.537595,-83.89537,Peach County,13225
139746,Grady Health System Professional Schools,-2,-2,Atlanta,GA,30303-3050,4,2,1,1,-2,11,12060,1,-2,33.751852,-84.381561,Fulton County,13121
139755,Georgia Institute of Technology-Main Campus,30,5,Atlanta,GA,30332-0530,1,1,1,5,5,11,12060,1,15,33.77242,-84.394832,Fulton County,13121
139764,Georgia Southwestern State University,20,5,Americus,GA,31709-4693,1,1,1,2,2,32,11140,2,19,32.054662,-84.217738,Sumter County,13261
139861,Georgia College & State University,19,3,Milledgeville,GA,31061,1,1,1,3,3,32,33300,2,18,33.082787,-83.231962,Baldwin County,13009
139931,Georgia Southern University,16,4,Statesboro,GA,30460-8126,1,1,1,5,4,32,44340,2,16,32.426153,-81.784045,Bulloch County,13031
139940,Georgia State University,6,4,Atlanta,GA,30303-3083,1,1,1,5,5,11,12060,1,15,33.7527,-84.38667,Fulton County,13121
139959,University of Georgia,6,5,Athens,GA,30602,1,1,1,5,5,12,12020,1,15,33.956262,-83.374039,Clarke County,13059
139968,Gordon State College,13,6,Barnesville,GA,30204,1,1,1,2,2,32,-2,-2,23,33.04571,-84.154508,Lamar County,13171
139986,Southern Crescent Technical College,11,2,Griffin,GA,30223-2042,4,2,1,3,3,31,12060,1,8,33.255438,-84.291662,Spalding County,13255
139995,Gupton Jones College of Funeral Service,21,4,Decatur,GA,30035-4022,5,2,2,1,2,21,12060,1,12,33.710709,-84.179775,DeKalb County,13089
140003,Gwinnett College-Lilburn,21,2,Lilburn,GA,30047-3447,6,2,3,1,1,21,12060,1,9,33.901271,-84.121874,Gwinnett County,13135
140012,Gwinnett Technical College,21,4,Lawrenceville,GA,30043-5702,4,2,1,4,3,21,12060,1,8,33.962763,-84.066224,Gwinnett County,13135
140146,Interdenominational Theological Center,31,-2,Atlanta,GA,30314-4143,2,1,2,1,1,11,12060,1,24,33.752338,-84.409207,Fulton County,13121
140234,LaGrange College,20,4,Lagrange,GA,30240-2999,2,1,2,1,2,32,29300,2,22,33.038564,-85.043113,Troup County,13285
140243,Lanier Technical College,21,4,Gainesville,GA,30507,4,2,1,3,3,13,23580,1,8,34.330323,-83.778107,Hall County,13139
140252,Life University,8,4,Marietta,GA,30060,2,1,2,2,2,13,12060,1,18,33.932781,-84.514729,Cobb County,13067
140331,Chattahoochee Technical College,21,2,Marietta,GA,30060,4,2,1,4,3,21,12060,1,8,33.929092,-84.553722,Cobb County,13067
140340,Herzing University-Atlanta,13,4,Atlanta,GA,30303,2,1,2,1,2,11,12060,1,22,33.754218,-84.387251,Fulton County,13121
140447,Mercer University,7,6,Macon,GA,31207,2,1,2,3,3,12,31420,1,16,32.829134,-83.649392,Bibb County,13021
140553,Morehouse College,22,6,Atlanta,GA,30314,2,1,2,2,2,11,12060,1,21,33.745982,-84.414917,Fulton County,13121
140562,Morehouse School of Medicine,27,-2,Atlanta,GA,30310,2,1,2,1,2,11,12060,1,25,33.742888,-84.41186,Fulton County,13121
140571,Morris Brown College,22,-2,Atlanta,GA,30314-4140,2,1,2,1,1,11,12060,1,-2,33.753707,-84.407668,Fulton County,13121
140678,North Georgia Technical College,12,4,Clarkesville,GA,30523,4,2,1,2,2,41,18460,2,8,34.639721,-83.530118,Habersham County,13137
140696,Oglethorpe University,22,6,Atlanta,GA,30319-2797,2,1,2,2,2,21,12060,1,21,33.875441,-84.333687,DeKalb County,13089
140720,Paine College,22,2,Augusta,GA,30901-3182,2,1,2,1,1,12,12260,1,21,33.469545,-81.993225,Richmond County,13245
140818,Piedmont University,20,3,Demorest,GA,30535-0010,2,1,2,2,2,32,18460,2,18,34.566042,-83.542126,Habersham County,13137
140827,Miami Ad School-Atlanta,-2,-2,Atlanta,GA,30309,6,2,3,1,-2,11,12060,1,-2,33.790763,-84.384562,Fulton County,13121
140872,Reinhardt University,15,4,Waleska,GA,30183-2981,2,1,2,2,2,41,12060,1,22,34.319756,-84.554264,Cherokee County,13057
140942,Savannah Technical College,21,2,Savannah,GA,31405-5594,4,2,1,2,3,12,42340,1,8,32.023211,-81.114753,Chatham County,13051
140951,Savannah College of Art and Design,23,3,Savannah,GA,31402-3146,2,1,2,4,3,12,42340,1,18,32.072964,-81.09395,Chatham County,13051
140960,Savannah State University,15,4,Savannah,GA,31404-5310,1,1,1,2,2,12,42340,1,20,32.024781,-81.063377,Chatham County,13051
140988,Shorter University,20,4,Rome,GA,30165,2,1,2,2,2,13,40660,1,20,34.257543,-85.196529,Floyd County,13115
141006,South Georgia Technical College,12,2,Americus,GA,31709,4,2,1,2,2,32,11140,2,8,32.116663,-84.188321,Sumter County,13261
141060,Spelman College,22,6,Atlanta,GA,30314-4399,2,1,2,2,2,11,12060,1,21,33.745279,-84.411527,Fulton County,13121
141167,Thomas University,20,6,Thomasville,GA,31792,2,1,2,2,2,32,45620,2,19,30.815576,-83.963587,Thomas County,13275
141185,Toccoa Falls College,15,3,Toccoa Falls,GA,30598,2,1,2,2,2,32,45740,2,22,34.593414,-83.357617,Stephens County,13257
141237,Truett McConnell University,15,3,Cleveland,GA,30528,2,1,2,2,2,42,-2,-2,22,34.596306,-83.748911,White County,13311
141255,Wiregrass Georgia Technical College,21,2,Valdosta,GA,31602-0929,4,2,1,2,3,41,46660,1,9,30.889221,-83.35381,Lowndes County,13185
141264,Valdosta State University,17,4,Valdosta,GA,31698,1,1,1,4,3,13,46660,1,17,30.847402,-83.289282,Lowndes County,13185
141325,Wesleyan College,15,4,Macon,GA,31210-4462,2,1,2,1,2,12,31420,1,22,32.876037,-83.715417,Bibb County,13021
141334,University of West Georgia,17,4,Carrollton,GA,30118-0001,1,1,1,4,3,32,12060,1,17,33.573621,-85.097762,Carroll County,13045
141361,Young Harris College,22,3,Young Harris,GA,30582,2,1,2,2,2,43,-2,-2,21,34.933523,-83.84587,Towns County,13281
141486,Chaminade University of Honolulu,20,4,Honolulu,HI,96816-1578,2,1,2,2,2,11,46520,1,19,21.28995,-157.807851,Honolulu County,15003
141565,University of Hawaii at Hilo,22,4,Hilo,HI,96720-4091,1,1,1,2,2,33,25900,2,17,19.701189,-155.080847,Hawaii County,15001
141574,University of Hawaii at Manoa,6,4,Honolulu,HI,96822-2217,1,1,1,5,4,11,46520,1,15,21.298598,-157.818979,Honolulu County,15003
141608,Hawaii Institute of Hair Design,-2,-2,Honolulu,HI,96817-5195,6,2,3,1,-2,11,46520,1,-2,21.31146,-157.861609,Honolulu County,15003
141644,Hawaii Pacific University,19,4,Honolulu,HI,96813,2,1,2,2,3,11,46520,1,18,21.310306,-157.859645,Honolulu County,15003
141680,Honolulu Community College,21,4,Honolulu,HI,96817-4505,4,2,1,2,3,11,46520,1,8,21.321785,-157.87,Honolulu County,15003
141796,Kapiolani Community College,2,4,Honolulu,HI,96816-4421,4,2,1,3,3,11,46520,1,6,21.27148,-157.800213,Honolulu County,15003
141802,Kauai Community College,3,2,Lihue,HI,96766-9500,4,2,1,2,2,41,28180,2,8,21.968887,-159.395883,Kauai County,15007
141811,Leeward Community College,2,4,Pearl City,HI,96782-3366,4,2,1,3,3,21,46520,1,3,21.39267,-157.983771,Honolulu County,15003
141839,University of Hawaii Maui College,3,2,Kahului,HI,96732-1617,1,1,1,2,2,13,27980,1,14,20.88956,-156.477252,Maui County,15009
141963,University of Hawaii System Office,-2,-2,Honolulu,HI,96822-2399,0,1,1,-2,-2,11,46520,1,-2,21.297294,-157.819899,Honolulu County,15003
141981,University of Hawaii-West Oahu,14,4,Kapolei,HI,96707-4507,1,1,1,2,3,21,46520,1,22,21.35531,-158.056403,Honolulu County,15003
141990,Windward Community College,3,2,Kaneohe,HI,96744-3528,4,2,1,2,2,22,46520,1,3,21.407051,-157.813307,Honolulu County,15003
142054,Carrington College-Boise,29,4,Boise,ID,83706,6,2,3,1,2,12,14260,1,10,43.615923,-116.243919,Ada County,16001
142090,Boise Bible College,31,-2,Boise,ID,83714-1220,2,1,2,1,1,21,14260,1,24,43.658651,-116.291321,Ada County,16001
142115,Boise State University,19,3,Boise,ID,83725,1,1,1,5,4,12,14260,1,16,43.604284,-116.203301,Ada County,16001
142179,College of Eastern Idaho,12,6,Idaho Falls,ID,83404-5788,4,2,1,2,2,13,26820,1,8,43.486041,-111.985519,Bonneville County,16019
142276,Idaho State University,17,4,Pocatello,ID,83209,1,1,1,4,3,13,38540,1,16,42.863832,-112.432312,Bannock County,16005
142285,University of Idaho,7,4,Moscow,ID,83844-2282,1,1,1,4,3,32,34140,2,16,46.727406,-117.014167,Latah County,16057
142294,The College of Idaho,22,4,Caldwell,ID,83605-4432,2,1,2,2,2,22,14260,1,22,43.652284,-116.677992,Canyon County,16027
142328,Lewis-Clark State College,14,4,Lewiston,ID,83501-2698,1,1,1,2,3,13,30300,1,22,46.412199,-117.024875,Nez Perce County,16069
142407,Aveda Institute-Twin Falls,-2,-2,Twin Falls,ID,83301,9,3,3,1,-2,13,46300,1,-2,42.593567,-114.461545,Twin Falls County,16083
142443,North Idaho College,2,4,Coeur d'Alene,ID,83814-2199,4,2,1,2,3,13,17660,1,2,47.67569,-116.798905,Kootenai County,16055
142461,Northwest Nazarene University,19,4,Nampa,ID,83686-5897,2,1,2,2,3,22,14260,1,18,43.562411,-116.565783,Canyon County,16027
142489,Nathan Layne Institute of Cosmetology,-2,-2,Chubbuck,ID,83202,9,3,3,1,-2,23,38540,1,-2,42.919964,-112.464554,Bannock County,16005
142522,Brigham Young University-Idaho,22,3,Rexburg,ID,83460-1690,2,1,2,5,5,32,39940,2,22,43.818408,-111.782431,Madison County,16065
142559,College of Southern Idaho,11,4,Twin Falls,ID,83301,1,1,1,4,3,13,46300,1,6,42.579837,-114.473901,Twin Falls County,16083
142832,Adler University,25,-2,Chicago,IL,60602,2,1,2,2,2,11,16980,1,26,41.882414,-87.629156,Cook County,17031
142887,American Academy of Art College,23,2,Chicago,IL,60604-4302,3,1,3,-2,1,11,16980,1,30,41.87742,-87.624788,Cook County,17031
142957,American Islamic College,31,-2,Chicago,IL,60613,2,1,2,1,1,11,16980,1,-2,41.954969,-87.646898,Cook County,17031
143048,School of the Art Institute of Chicago,23,1,Chicago,IL,60603,2,1,2,2,2,11,16980,1,30,41.88105,-87.625758,Cook County,17031
143084,Augustana College,5,3,Rock Island,IL,61201-2296,2,1,2,2,2,13,19340,1,21,41.502365,-90.55057,Rock Island County,17161
143118,Aurora University,17,4,Aurora,IL,60506-4892,2,1,2,3,3,21,16980,1,17,41.753631,-88.349023,Kane County,17089
143215,Southwestern Illinois College,2,2,Belleville,IL,62221-5899,4,2,1,3,3,21,41180,1,6,38.516406,-89.924466,St. Clair County,17163
143233,Bethany Theological Seminary,31,-2,Richmond,IN,47374-4019,2,1,2,1,1,32,39980,2,24,39.826244,-84.910689,Wayne County,18177
143279,Black Hawk College,2,2,Moline,IL,61265-5899,4,2,1,2,3,13,19340,1,6,41.477283,-90.447799,Rock Island County,17161
143288,Blackburn College,5,2,Carlinville,IL,62626,2,1,2,1,1,32,41180,1,22,39.287896,-89.870241,Macoupin County,17117
143297,Blessing Rieman College of Nursing and Health Sciences,28,-2,Quincy,IL,62305-7005,2,1,2,1,1,33,39500,2,26,39.949641,-91.357497,Adams County,17001
143358,Bradley University,17,5,Peoria,IL,61625-0001,2,1,2,2,3,12,37900,1,17,40.696896,-89.616786,Peoria County,17143
143376,Paul Mitchell the School-Tinley Park,-2,-2,Tinley Park,IL,60477-6273,9,3,3,1,-2,21,16980,1,-2,41.556477,-87.801816,Will County,17197
143464,Cameo Beauty Academy,-2,-2,Oak Lawn,IL,60453,9,3,3,1,-2,21,16980,1,-2,41.716051,-87.740894,Cook County,17031
143473,Cannella School of Hair Design-Villa Park,-2,-2,Villa Park,IL,60181,9,3,3,1,-2,21,16980,1,-2,41.90417,-87.994628,DuPage County,17043
143482,Cannella School of Hair Design-Chicago,-2,-2,Chicago,IL,60617-4303,9,3,3,-2,-2,11,16980,1,-2,41.731381,-87.551622,Cook County,17031
143491,Cannella School of Hair Design-Chicago,-2,-2,Chicago,IL,60632-2549,9,3,3,1,-2,11,16980,1,-2,41.815763,-87.701198,Cook County,17031
143552,Capri Beauty College,-2,-2,Oak Forest,IL,60452,9,3,3,1,-2,21,16980,1,-2,41.603863,-87.771567,Cook County,17031
143613,Carl Sandburg College,3,4,Galesburg,IL,61401,4,2,1,2,2,32,23660,2,2,40.98128,-90.408203,Knox County,17095
143659,Catholic Theological Union at Chicago,31,-2,Chicago,IL,60615-5698,2,1,2,1,1,11,16980,1,24,41.797895,-87.585989,Cook County,17031
143853,Midwestern University-Downers Grove,27,-2,Downers Grove,IL,60515-5514,2,1,2,2,2,13,16980,1,25,41.828115,-87.998342,DuPage County,17043
143978,The Chicago School at Chicago,25,-2,Chicago,IL,60654,2,1,2,2,2,11,16980,1,26,41.888293,-87.63379,Cook County,17031
144005,Chicago State University,8,4,Chicago,IL,60628-1598,1,1,1,2,2,11,16980,1,18,41.718446,-87.609384,Cook County,17031
144014,Chicago Theological Seminary,31,-2,Chicago,IL,60637,2,1,2,1,1,11,16980,1,24,41.785701,-87.591178,Cook County,17031
144050,University of Chicago,6,5,Chicago,IL,60637,2,1,2,4,4,11,16980,1,15,41.787994,-87.599539,Cook County,17031
144157,City Colleges of Chicago-Kennedy-King College,3,2,Chicago,IL,60621-2709,4,2,1,2,2,11,16980,1,6,41.780253,-87.643425,Cook County,17031
144166,City Colleges of Chicago-Malcolm X College,2,4,Chicago,IL,60612-3197,4,2,1,3,3,11,16980,1,5,41.878092,-87.675321,Cook County,17031
144175,City Colleges of Chicago-Olive-Harvey College,3,2,Chicago,IL,60628-1696,4,2,1,2,2,11,16980,1,3,41.709997,-87.589249,Cook County,17031
144184,City Colleges of Chicago-Harry S Truman College,2,2,Chicago,IL,60640-6063,4,2,1,3,3,11,16980,1,3,41.964502,-87.659107,Cook County,17031
144193,City Colleges of Chicago-Richard J Daley College,2,4,Chicago,IL,60652-1299,4,2,1,3,3,11,16980,1,6,41.755955,-87.723981,Cook County,17031
144209,City Colleges of Chicago-Harold Washington College,2,2,Chicago,IL,60601-2449,4,2,1,3,3,11,16980,1,2,41.886067,-87.626596,Cook County,17031
144218,City Colleges of Chicago-Wilbur Wright College,2,4,Chicago,IL,60634-1500,4,2,1,3,3,11,16980,1,3,41.958774,-87.787868,Cook County,17031
144281,Columbia College Chicago,23,2,Chicago,IL,60605-1996,2,1,2,3,3,11,16980,1,19,41.874261,-87.624667,Cook County,17031
144351,Concordia University-Chicago,17,4,River Forest,IL,60305-1499,2,1,2,2,3,21,16980,1,18,41.898696,-87.809482,Cook County,17031
144500,City Colleges of Chicago-District Office,-2,-2,Chicago,IL,60601,0,2,1,-2,-2,11,16980,1,-2,41.885452,-87.62671,Cook County,17031
144564,Danville Area Community College,3,4,Danville,IL,61832-5118,4,2,1,2,2,32,19180,2,6,40.127539,-87.587884,Vermilion County,17183
144573,Tricoci University of Beauty Culture,-2,-2,Urbana,IL,61801,9,3,3,1,-2,13,16580,1,-2,40.117724,-88.205972,Champaign County,17019
144740,DePaul University,16,6,Chicago,IL,60604,2,1,2,5,4,11,16980,1,16,41.877618,-87.62724,Cook County,17031
144777,DeVry University-Administrative Office,-2,-2,Lisle,IL,60532,0,1,3,-2,-2,21,16980,1,-2,41.807204,-88.116625,DuPage County,17043
144795,Cosmetology & Spa Academy,-2,-2,Crystal Lake,IL,60014,9,3,3,1,-2,21,16980,1,-2,42.24918,-88.294087,McHenry County,17111
144865,College of DuPage,1,2,Glen Ellyn,IL,60137-6599,4,2,1,5,4,21,16980,1,9,41.841577,-88.071635,DuPage County,17043
144883,East-West University,5,2,Chicago,IL,60605,2,1,2,1,2,11,16980,1,21,41.871309,-87.624793,Cook County,17031
144892,Eastern Illinois University,9,6,Charleston,IL,61920,1,1,1,3,3,33,16660,2,18,39.479843,-88.175658,Coles County,17029
144944,Elgin Community College,2,2,Elgin,IL,60123-7193,4,2,1,4,3,12,16980,1,2,42.018066,-88.32194,Kane County,17089
144962,Elmhurst University,20,4,Elmhurst,IL,60126-3296,2,1,2,2,2,21,16980,1,18,41.897164,-87.945369,DuPage County,17043
144971,Eureka College,15,3,Eureka,IL,61530,2,1,2,1,2,31,37900,1,22,40.71482,-89.269624,Woodford County,17203
145099,"First Institute of Travel, Inc.",-2,-2,Crystal Lake,IL,60014,9,3,3,1,-2,21,16980,1,-2,42.21926,-88.339468,McHenry County,17111
145239,Fox College,21,2,Tinley Park,IL,60477,6,2,3,1,2,21,16980,1,8,41.563842,-87.785169,Cook County,17031
145275,Garrett-Evangelical Theological Seminary,31,-2,Evanston,IL,60201-3298,2,1,2,1,1,13,16980,1,24,42.056221,-87.675497,Cook County,17031
145309,Gem City College,-2,-2,Quincy,IL,62301,9,3,3,1,-2,33,39500,2,-2,39.926394,-91.404218,Adams County,17001
145336,Governors State University,7,-2,University Park,IL,60484,1,1,1,2,3,21,16980,1,18,41.449103,-87.716441,Will County,17197
145354,Graham Hospital School of Nursing,-2,-2,Canton,IL,61520-2497,5,2,2,1,-2,32,15900,2,-2,40.552962,-90.038776,Fulton County,17057
145372,Greenville University,20,4,Greenville,IL,62246,2,1,2,2,2,32,41180,1,20,38.894162,-89.40824,Bond County,17005
145406,G Skin & Beauty Institute,-2,-2,Schaumburg,IL,60195,9,3,3,1,-2,13,16980,1,-2,42.061983,-88.083218,Cook County,17031
145424,Hair Professionals Career College,-2,-2,Sycamore,IL,60178,9,3,3,1,-2,23,16980,1,-2,41.962221,-88.718145,DeKalb County,17037
145433,Hair Professionals School of Cosmetology,-2,-2,Oswego,IL,60543,9,3,3,1,-2,21,16980,1,-2,41.682591,-88.364727,Kendall County,17093
145497,Hebrew Theological College,31,-2,Skokie,IL,60077,2,1,2,1,1,13,16980,1,21,42.010103,-87.760874,Cook County,17031
145521,Highland Community College,3,4,Freeport,IL,61032-9341,4,2,1,2,2,41,23300,2,6,42.283344,-89.67342,Stephenson County,17177
145558,Rosalind Franklin University of Medicine and Science,27,-2,North Chicago,IL,60064-3095,2,1,2,2,2,21,16980,1,25,42.300069,-87.859632,Lake County,17097
145600,University of Illinois Chicago,6,6,Chicago,IL,60607,1,1,1,5,4,11,16980,1,15,41.871837,-87.650503,Cook County,17031
145619,Benedictine University,17,6,Lisle,IL,60532-0900,2,1,2,2,3,21,16980,1,18,41.777569,-88.097307,DuPage County,17043
145628,Illinois College of Optometry,29,-2,Chicago,IL,60616-3878,2,1,2,1,2,11,16980,1,26,41.835447,-87.623016,Cook County,17031
145637,University of Illinois Urbana-Champaign,6,5,Champaign,IL,61820-5711,1,1,1,5,5,13,16580,1,15,40.104718,-88.229114,Champaign County,17019
145646,Illinois Wesleyan University,5,5,Bloomington,IL,61702-2900,2,1,2,2,2,13,14010,1,22,40.489901,-88.992014,McLean County,17113
145682,Illinois Central College,2,2,East Peoria,IL,61635-0001,4,2,1,3,3,21,37900,1,3,40.707235,-89.52485,Tazewell County,17179
145691,Illinois College,5,3,Jacksonville,IL,62650-2299,2,1,2,1,2,32,27300,2,21,39.7313,-90.246171,Morgan County,17137
145707,Illinois Eastern Community Colleges,3,4,Olney,IL,62450,4,2,1,2,2,33,-2,-2,8,38.729684,-88.081976,Richland County,17159
145725,Illinois Institute of Technology,30,6,Chicago,IL,60616,2,1,2,3,3,11,16980,1,16,41.8313,-87.627321,Cook County,17031
145813,Illinois State University,19,6,Normal,IL,61790-1000,1,1,1,5,4,22,14010,1,16,40.509403,-88.990058,McLean County,17113
145831,Illinois Valley Community College,3,4,Oglesby,IL,61348-9692,4,2,1,2,2,32,36837,2,8,41.30744,-89.100887,LaSalle County,17099
145886,Institute for Clinical Social Work,29,-2,Chicago,IL,60640-1229,2,1,2,1,1,11,16980,1,26,41.972414,-87.662806,Cook County,17031
146205,John A Logan College,2,2,Carterville,IL,62918-2500,4,2,1,2,3,33,32060,2,9,37.747453,-89.09021,Williamson County,17199
146278,John Wood Community College,3,4,Quincy,IL,62305-8736,4,2,1,2,2,33,39500,2,4,39.913741,-91.335828,Adams County,17001
146296,Joliet Junior College,1,2,Joliet,IL,60431-8938,4,2,1,4,4,21,16980,1,5,41.500535,-88.180985,Will County,17197
146339,Judson University,20,4,Elgin,IL,60123-1498,2,1,2,1,2,12,16980,1,20,42.061754,-88.291336,Kane County,17089
146348,Kankakee Community College,3,4,Kankakee,IL,60901,4,2,1,2,2,13,28100,1,6,41.098178,-87.851047,Kankakee County,17091
146366,Kaskaskia College,11,2,Centralia,IL,62801,4,2,1,2,3,41,41180,1,6,38.562112,-89.191974,Clinton County,17027
146418,Kishwaukee College,3,2,Malta,IL,60150-9699,4,2,1,2,2,41,16980,1,5,41.938234,-88.880524,DeKalb County,17037
146427,Knox College,22,4,Galesburg,IL,61401,2,1,2,2,2,32,23660,2,21,40.943064,-90.373165,Knox County,17095
146454,Educators of Beauty College of Cosmetology-Peru,-2,-2,PERU,IL,61354-1450,9,3,3,1,-2,32,36837,2,-2,41.354338,-89.118454,LaSalle County,17099
146472,College of Lake County,1,2,Grayslake,IL,60030-1198,4,2,1,4,4,21,16980,1,3,42.354164,-88.012291,Lake County,17097
146481,Lake Forest College,22,4,Lake Forest,IL,60045-2338,2,1,2,2,2,21,16980,1,21,42.249574,-87.827454,Lake County,17097
146490,Lake Forest Graduate School of Management,24,-2,Lake Forest,IL,60045,2,1,2,1,1,21,16980,1,29,42.243432,-87.893204,Lake County,17097
146506,Lake Land College,2,4,Mattoon,IL,61938,4,2,1,2,3,41,16660,2,9,39.416969,-88.380835,Coles County,17029
146533,Lakeview College of Nursing,28,-2,Danville,IL,61832,2,1,2,1,1,32,19180,2,26,40.13855,-87.644379,Vermilion County,17183
146603,Lewis and Clark Community College,2,2,Godfrey,IL,62035,4,2,1,2,3,23,41180,1,6,38.951624,-90.194405,Madison County,17119
146612,Lewis University,19,6,Romeoville,IL,60446-2200,2,1,2,3,3,21,16980,1,18,41.605432,-88.079032,Will County,17197
146667,Lincoln Christian University,31,-2,Lincoln,IL,62656-2111,2,1,2,-2,2,32,30660,2,20,40.148924,-89.346721,Logan County,17107
146685,Lincoln Land Community College,2,2,Springfield,IL,62794-9256,4,2,1,3,3,41,44100,1,6,39.721211,-89.611249,Sangamon County,17167
146700,Lincoln College of Technology-Melrose Park,21,4,Melrose Park,IL,60160-1605,6,2,3,2,2,21,16980,1,7,41.905577,-87.832162,Cook County,17031
146719,Loyola University Chicago,7,5,Chicago,IL,60660,2,1,2,4,3,11,16980,1,16,42.000765,-87.656872,Cook County,17031
146728,Lutheran School of Theology at Chicago,31,-2,Chicago,IL,60615,2,1,2,1,1,11,16980,1,24,41.797895,-87.585989,Cook County,17031
146755,Trinity College of Nursing & Health Sciences,28,-2,Rock Island,IL,61201-5317,2,1,2,1,1,13,19340,1,26,41.484924,-90.568862,Rock Island County,17161
146807,Steven Papageorge Hair Academy,-2,-2,Chicago,IL,60625,9,3,3,1,-2,11,16980,1,-2,41.968291,-87.713577,Cook County,17031
146816,Generations College,12,4,Chicago,IL,60602-4405,5,2,2,1,1,11,16980,1,4,41.881773,-87.626675,Cook County,17031
146977,McCormick Theological Seminary,31,-2,Chicago,IL,60615,2,1,2,1,1,11,16980,1,24,41.797895,-87.585989,Cook County,17031
147004,McHenry County College,2,1,Crystal Lake,IL,60012-2761,4,2,1,3,3,41,16980,1,3,42.259111,-88.368956,McHenry County,17111
147013,McKendree University,20,3,Lebanon,IL,62254-1291,2,1,2,2,2,21,41180,1,19,38.608154,-89.816822,St. Clair County,17163
147031,Meadville Theological School of Lombard College,31,-2,Chicago,IL,60601,2,1,2,1,1,11,16980,1,24,41.885452,-87.62671,Cook County,17031
147129,Methodist College,28,6,Peoria,IL,61615,2,1,2,1,2,12,37900,1,26,40.7804,-89.682864,Peoria County,17143
147244,Millikin University,15,4,Decatur,IL,62522-2084,2,1,2,2,2,13,19500,1,22,39.842612,-88.976298,Macon County,17115
147341,Monmouth College,5,3,Monmouth,IL,61462-1998,2,1,2,1,2,32,-2,-2,21,40.914824,-90.63731,Warren County,17187
147369,Moody Bible Institute,31,-2,Chicago,IL,60610-3284,2,1,2,2,2,11,16980,1,24,41.897822,-87.633459,Cook County,17031
147378,Moraine Valley Community College,2,2,Palos Hills,IL,60465-0937,4,2,1,4,3,21,16980,1,6,41.694613,-87.836915,Cook County,17031
147396,Morrison Institute of Technology,21,5,Morrison,IL,61270-2959,5,2,2,1,1,42,44580,2,11,41.7971,-89.965963,Whiteside County,17195
147411,Morton College,2,4,Cicero,IL,60804-4398,4,2,1,2,3,21,16980,1,8,41.824303,-87.762306,Cook County,17031
147536,National Louis University,17,4,Chicago,IL,60603,2,1,2,3,3,11,16980,1,17,41.880093,-87.624699,Cook County,17031
147590,National University of Health Sciences,29,-2,Lombard,IL,60148-4583,2,1,2,1,2,21,16980,1,26,41.861697,-88.013171,DuPage County,17043
147642,Cosmetology Concepts Niles,-2,-2,Niles,IL,60714,9,3,3,1,-2,21,16980,1,-2,42.027601,-87.815113,Cook County,17031
147660,North Central College,15,3,Naperville,IL,60540,2,1,2,2,2,12,16980,1,20,41.77576,-88.14279,DuPage County,17043
147679,North Park University,20,4,Chicago,IL,60625-4895,2,1,2,2,2,11,16980,1,18,41.975268,-87.709948,Cook County,17031
147697,Northern Baptist Theological Seminary,31,-2,Lisle,IL,60532-1348,2,1,2,1,1,21,16980,1,24,41.809104,-88.056162,DuPage County,17043
147703,Northern Illinois University,7,4,Dekalb,IL,60115-2828,1,1,1,4,3,23,16980,1,16,41.933869,-88.766428,DeKalb County,17037
147767,Northwestern University,6,5,Evanston,IL,60208,2,1,2,5,4,13,16980,1,15,42.050356,-87.679858,Cook County,17031
147776,Northeastern Illinois University,9,4,Chicago,IL,60625-4699,1,1,1,3,3,11,16980,1,18,41.980399,-87.718983,Cook County,17031
147800,Oakton College,2,1,Des Plaines,IL,60016-1268,4,2,1,3,3,13,16980,1,3,42.061893,-87.880644,Cook County,17031
147819,Oehrlein School of Cosmetology,-2,-2,East Peoria,IL,61611,9,3,3,1,-2,21,37900,1,-2,40.665832,-89.55712,Tazewell County,17179
147828,Olivet Nazarene University,19,4,Bourbonnais,IL,60914-2271,2,1,2,2,3,23,28100,1,18,41.155237,-87.875165,Kankakee County,17091
147916,Parkland College,2,4,Champaign,IL,61821-1899,4,2,1,3,3,13,16580,1,6,40.131963,-88.290359,Champaign County,17019
148007,Prairie State College,2,2,Chicago Heights,IL,60411-8226,4,2,1,2,3,21,16980,1,6,41.525316,-87.638943,Cook County,17031
148016,Principia College,22,-2,Elsah,IL,62028-9799,2,1,2,1,1,41,41180,1,21,38.948835,-90.350285,Jersey County,17083
148098,Professional's Choice Hair Design Academy,-2,-2,Joliet,IL,60435,9,3,3,1,-2,21,16980,1,-2,41.523122,-88.148846,Will County,17197
148131,Quincy University,15,3,Quincy,IL,62301-2699,2,1,2,2,2,33,39500,2,22,39.938898,-91.385975,Adams County,17001
148256,Rend Lake College,3,4,Ina,IL,62846,4,2,1,2,2,42,34500,2,6,38.131481,-88.918283,Jefferson County,17081
148292,Richland Community College,3,2,Decatur,IL,62521-8513,4,2,1,2,2,13,19500,1,9,39.883887,-88.894125,Macon County,17115
148380,Rock Valley College,2,4,Rockford,IL,61114-5699,4,2,1,3,3,12,40420,1,6,42.306174,-88.993544,Winnebago County,17201
148405,Rockford University,20,4,Rockford,IL,61108-2311,2,1,2,2,2,12,40420,1,20,42.270639,-89.019536,Winnebago County,17201
148487,Roosevelt University,17,4,Chicago,IL,60605-1394,2,1,2,2,3,11,16980,1,17,41.876055,-87.624952,Cook County,17031
148496,Dominican University,10,4,River Forest,IL,60305,2,1,2,2,2,21,16980,1,18,41.902678,-87.823003,Cook County,17031
148511,Rush University,27,-2,Chicago,IL,60612,2,1,2,2,2,11,16980,1,25,41.874742,-87.668581,Cook County,17031
148575,Saint Francis Medical Center College of Nursing,28,-2,Peoria,IL,61603-3783,2,1,2,1,1,12,37900,1,26,40.701241,-89.590322,Peoria County,17143
148584,University of St Francis,17,6,Joliet,IL,60435-6188,2,1,2,2,3,21,16980,1,17,41.532225,-88.096057,Will County,17197
148593,St. John's College-Department of Nursing,28,-2,Springfield,IL,62702,2,1,2,1,1,12,44100,1,26,39.807602,-89.64532,Sangamon County,17167
148627,Saint Xavier University,19,4,Chicago,IL,60655,2,1,2,2,3,11,16980,1,18,41.707199,-87.714749,Cook County,17031
148654,University of Illinois Springfield,9,4,Springfield,IL,62703-5407,1,1,1,2,3,12,44100,1,18,39.729524,-89.616796,Sangamon County,17167
148672,Sauk Valley Community College,3,2,Dixon,IL,61021-9112,4,2,1,2,2,41,19940,2,6,41.817659,-89.596483,Lee County,17103
148821,Shawnee Community College,3,2,Ullin,IL,62992,4,2,1,2,2,42,-2,-2,6,37.270198,-89.03352,Pulaski County,17153
148876,St. Augustine College,13,4,Chicago,IL,60640-3501,2,1,2,1,2,11,16980,1,23,41.972414,-87.662806,Cook County,17031
148885,University of Saint Mary of the Lake,31,-2,Mundelein,IL,60060-1174,2,1,2,1,1,21,16980,1,24,42.280702,-88.000262,Lake County,17097
148937,Southeastern Illinois College,3,4,Harrisburg,IL,62946,4,2,1,2,2,42,-2,-2,9,37.75174,-88.436631,Saline County,17165
148955,National Latino Education Institute,-2,-2,Chicago,IL,60609-2205,8,3,2,-1,-2,11,16980,1,-2,41.822756,-87.675917,Cook County,17031
148982,Spertus College,31,-2,Chicago,IL,60605,2,1,2,1,1,11,16980,1,24,41.873881,-87.624785,Cook County,17031
148991,Spoon River College,3,4,Canton,IL,61520-8622,4,2,1,2,2,41,15900,2,5,40.527991,-90.07233,Fulton County,17057
149028,Saint Anthony College of Nursing,28,-2,Rockford,IL,61114,2,1,2,1,1,12,40420,1,26,42.310147,-88.991968,Winnebago County,17201
149204,Educators of Beauty College of Cosmetology-Sterling,-2,-2,Sterling,IL,61081-3611,9,3,3,1,-2,32,44580,2,-2,41.788581,-89.692522,Whiteside County,17195
149222,Southern Illinois University-Carbondale,17,6,Carbondale,IL,62901-4512,1,1,1,4,3,32,16060,2,16,37.714193,-89.217273,Jackson County,17077
149231,Southern Illinois University Edwardsville,7,4,Edwardsville,IL,62026-1259,1,1,1,4,3,21,41180,1,17,38.793949,-89.997779,Madison County,17119
149240,Southern Illinois University-System Office,-2,-2,Carbondale,IL,62901-6801,0,1,1,-2,-2,41,16060,2,-2,37.706473,-89.232216,Jackson County,17077
149310,Taylor Business Institute,24,2,Chicago,IL,60602,6,2,3,1,1,11,16980,1,8,41.881773,-87.626675,Cook County,17031
149329,Telshe Yeshiva-Chicago,31,-2,Chicago,IL,60625,2,1,2,1,1,11,16980,1,-2,41.975536,-87.71755,Cook County,17031
149365,South Suburban College,2,2,South Holland,IL,60473-1200,4,2,1,2,3,21,16980,1,3,41.606427,-87.619123,Cook County,17031
149505,Trinity Christian College,15,4,Palos Heights,IL,60463-0929,2,1,2,1,2,21,16980,1,22,41.667687,-87.783973,Cook County,17031
149514,Trinity International University-Illinois,18,4,Deerfield,IL,60015-1283,2,1,2,1,2,21,16980,1,17,42.197945,-87.880851,Lake County,17097
149532,Triton College,2,4,River Grove,IL,60171-1995,4,2,1,3,3,21,16980,1,6,41.916082,-87.841056,Cook County,17031
149550,University of Spa & Cosmetology Arts,-2,-2,Springfield,IL,62704,9,3,3,1,-2,12,44100,1,-2,39.76672,-89.710839,Sangamon County,17167
149587,University of Illinois System Offices,-2,-2,Urbana,IL,61801,0,1,1,-2,-2,13,16580,1,-2,40.108253,-88.228234,Champaign County,17019
149639,VanderCook College of Music,25,-2,Chicago,IL,60616-3731,2,1,2,1,2,11,16980,1,32,41.836833,-87.629138,Cook County,17031
149727,Waubonsee Community College,2,2,Sugar Grove,IL,60554-9454,4,2,1,3,3,41,16980,1,6,41.795955,-88.459925,Kane County,17089
149772,Western Illinois University,19,6,Macomb,IL,61455,1,1,1,3,3,33,31380,2,18,40.468086,-90.686899,McDonough County,17109
149781,Wheaton College,22,3,Wheaton,IL,60187-5593,2,1,2,2,2,21,16980,1,21,41.870176,-88.099643,DuPage County,17043
149842,William Rainey Harper College,1,4,Palatine,IL,60067-7398,4,2,1,4,4,21,16980,1,3,42.081829,-88.072811,Cook County,17031
150066,Anderson University,15,4,Anderson,IN,46012-3495,2,1,2,2,2,13,26900,1,20,40.112768,-85.664315,Madison County,18095
150136,Ball State University,16,6,Muncie,IN,47306,1,1,1,5,4,13,34620,1,16,40.203431,-85.409043,Delaware County,18035
150145,Bethel University,15,4,Mishawaka,IN,46545-5591,2,1,2,2,2,13,43780,1,20,41.678399,-86.194686,St. Joseph County,18141
150163,Butler University,17,5,Indianapolis,IN,46208,2,1,2,3,3,11,26900,1,18,39.8374,-86.172167,Marion County,18097
150172,Calumet College of Saint Joseph,10,4,Whiting,IN,46394,2,1,2,1,2,21,16980,1,20,41.671008,-87.494123,Lake County,18089
150215,Christian Theological Seminary,31,-2,Indianapolis,IN,46208-3301,2,1,2,1,1,11,26900,1,24,39.832673,-86.178551,Marion County,18097
150251,College of Court Reporting Inc,12,2,Valparaiso,IN,46385,6,2,3,1,1,23,16980,1,13,41.467574,-87.066331,Porter County,18127
150288,Concordia Theological Seminary,31,-2,Fort Wayne,IN,46825-4996,2,1,2,1,1,11,23060,1,24,41.139321,-85.10994,Allen County,18003
150303,Tricoci University of Beauty Culture-Highland,-2,-2,Highland,IN,46322,9,3,3,1,-2,21,16980,1,-2,41.555885,-87.467018,Lake County,18089
150400,DePauw University,22,5,Greencastle,IN,46135-1772,2,1,2,2,2,32,24600,2,21,39.640904,-86.860363,Putnam County,18133
150428,Don Roberts School of Hair Design,-2,-2,Schererville,IN,46375,9,3,3,1,-2,21,16980,1,-2,41.485532,-87.447089,Lake County,18089
150455,Earlham College,22,3,Richmond,IN,47374-4095,2,1,2,1,2,32,39980,2,21,39.823431,-84.915037,Wayne County,18177
150534,University of Evansville,15,3,Evansville,IN,47722,2,1,2,2,2,12,21780,1,19,37.971549,-87.531644,Vanderburgh County,18163
150604,Franklin College,5,4,Franklin,IN,46131-2623,2,1,2,1,2,21,26900,1,21,39.478298,-86.047182,Johnson County,18081
150668,Goshen College,5,4,Goshen,IN,46526-4794,2,1,2,1,2,13,21140,1,22,41.563582,-85.827795,Elkhart County,18039
150677,Grace College and Theological Seminary,20,3,Winona Lake,IN,46590-1274,2,1,2,2,2,32,47700,2,19,41.22595,-85.814228,Kosciusko County,18085
150756,Hanover College,22,3,Hanover,IN,47243,2,1,2,2,2,32,31500,2,21,38.715642,-85.460051,Jefferson County,18077
150765,J Michael Harrold Beauty Academy,-2,-2,Terre Haute,IN,47807,9,3,3,1,-2,13,45460,1,-2,39.470359,-87.383391,Vigo County,18167
150774,Holy Cross College,22,4,Notre Dame,IN,46556-0308,2,1,2,1,1,21,43780,1,21,41.698996,-86.253822,St. Joseph County,18141
150853,PJ's College of Cosmetology-Clarksville,-2,-2,Clarksville,IN,47129,9,3,3,1,-2,21,31140,1,-2,38.3121,-85.768914,Clark County,18019
150941,Huntington University,18,3,Huntington,IN,46750,2,1,2,2,2,32,26540,2,20,40.898152,-85.497317,Huntington County,18069
150987,Ivy Tech Community College,11,2,Indianapolis,IN,46208-5752,4,2,1,5,5,11,26900,1,6,39.803753,-86.158213,Marion County,18097
151102,Purdue University Fort Wayne,19,4,Fort Wayne,IN,46805-1499,1,1,1,3,3,11,23060,1,19,41.117278,-85.108962,Allen County,18003
151111,Indiana University-Indianapolis,16,4,Indianapolis,IN,46202-5143,1,1,1,5,4,11,26900,1,16,39.772948,-86.172217,Marion County,18097
151263,University of Indianapolis,17,4,Indianapolis,IN,46227-3697,2,1,2,3,3,11,26900,1,17,39.709571,-86.133969,Marion County,18097
151290,Indiana Institute of Technology,20,4,Fort Wayne,IN,46803-1228,2,1,2,2,2,11,23060,1,18,41.078365,-85.116479,Allen County,18003
151306,University of Southern Indiana,19,3,Evansville,IN,47712,1,1,1,3,3,22,21780,1,18,37.962374,-87.677214,Vanderburgh County,18163
151324,Indiana State University,17,4,Terre Haute,IN,47809,1,1,1,3,3,13,45460,1,17,39.469073,-87.407846,Vigo County,18167
151333,Indiana University-Kokomo,14,4,Kokomo,IN,46902-9003,1,1,1,2,3,13,29020,1,20,40.460062,-86.132048,Howard County,18067
151342,Indiana University-South Bend,14,4,South Bend,IN,46615-7111,1,1,1,2,3,12,43780,1,19,41.665324,-86.221991,St. Joseph County,18141
151351,Indiana University-Bloomington,16,5,Bloomington,IN,47405-7000,1,1,1,5,5,13,14020,1,15,39.16609,-86.526559,Monroe County,18105
151360,Indiana University-Northwest,14,2,Gary,IN,46408-1197,1,1,1,2,3,21,16980,1,20,41.557324,-87.337249,Lake County,18089
151379,Indiana University-Southeast,22,3,New Albany,IN,47150,1,1,1,2,3,21,31140,1,19,38.345191,-85.819985,Floyd County,18043
151388,Indiana University-East,5,4,Richmond,IN,47374-1289,1,1,1,2,3,32,39980,2,20,39.868707,-84.881923,Wayne County,18177
151467,International Business College-Indianapolis,21,2,Indianapolis,IN,46256-3954,6,2,3,1,1,11,26900,1,7,39.885628,-86.041648,Marion County,18097
151564,Taylor Institute of Cosmetology II,-2,-2,Knox,IN,46534,9,3,3,1,-2,42,-2,-2,-2,41.287712,-86.618158,Starke County,18149
151607,Tricoci University of Beauty Culture-Lafayette,-2,-2,Lafayette,IN,47901,9,3,3,1,-2,13,29200,1,-2,40.419818,-86.887007,Tippecanoe County,18157
151661,Lincoln College of Technology-Indianapolis,21,4,Indianapolis,IN,46268,6,2,3,2,2,11,26900,1,11,39.884503,-86.246276,Marion County,18097
151777,Manchester University,18,4,North Manchester,IN,46962,2,1,2,2,2,32,47340,2,20,41.01154,-85.762249,Wabash County,18169
151786,Marian University,27,-2,Indianapolis,IN,46222-1997,2,1,2,2,3,11,26900,1,17,39.813233,-86.202643,Marion County,18097
151801,Indiana Wesleyan University-Marion,15,5,Marion,IN,46953-4974,2,1,2,2,2,32,31980,2,20,40.517937,-85.667503,Grant County,18053
151810,Martin University,15,2,Indianapolis,IN,46218-0567,2,1,2,1,1,11,26900,1,21,39.798144,-86.103953,Marion County,18097
151865,Anabaptist Mennonite Biblical Seminary,31,-2,Elkhart,IN,46517-1999,2,1,2,1,1,13,21140,1,24,41.656013,-85.972165,Elkhart County,18039
151962,Mid-America College of Funeral Service,21,4,Jeffersonville,IN,47130,2,1,2,1,1,21,31140,1,30,38.31209,-85.744696,Clark County,18019
152044,West Michigan College of Barbering and Beauty,-2,-2,Kalamazoo,MI,49008,6,2,3,1,-2,13,28020,1,-2,42.259329,-85.590244,Kalamazoo County,26077
152080,University of Notre Dame,7,5,Notre Dame,IN,46556,2,1,2,4,3,21,43780,1,15,41.703058,-86.238959,St. Joseph County,18141
152099,Oakland City University,8,4,Oakland City,IN,47660-1099,2,1,2,1,2,42,-2,-2,17,38.340891,-87.35144,Gibson County,18051
152150,PJ's College of Cosmetology-Richmond,-2,-2,Richmond,IN,47374,9,3,3,1,-2,32,39980,2,-2,39.83227,-84.842601,Wayne County,18177
152275,Ravenscroft Beauty College,-2,-2,Fort Wayne,IN,46835,9,3,3,1,-2,11,23060,1,-2,41.121802,-85.046078,Allen County,18003
152309,Rogers Academy of Hair Design,-2,-2,Evansville,IN,47708,9,3,3,1,-2,12,21780,1,-2,37.970675,-87.572366,Vanderburgh County,18163
152318,Rose-Hulman Institute of Technology,30,5,Terre Haute,IN,47803-3920,2,1,2,2,2,13,45460,1,28,39.483602,-87.326749,Vigo County,18167
152336,University of Saint Francis-Fort Wayne,29,6,Fort Wayne,IN,46808-3994,2,1,2,2,2,11,23060,1,19,41.087205,-85.177246,Allen County,18003
152381,Saint Mary-of-the-Woods College,20,4,Saint Mary of the Woods,IN,47876-1099,2,1,2,2,2,41,45460,1,20,39.508546,-87.463791,Vigo County,18167
152390,Saint Mary's College,22,5,Notre Dame,IN,46556,2,1,2,2,2,21,43780,1,21,41.707274,-86.256947,St. Joseph County,18141
152451,Saint Meinrad School of Theology,31,-2,St. Meinrad,IN,47577,2,1,2,1,1,43,-2,-2,24,38.165546,-86.810388,Spencer County,18147
152497,Saint Elizabeth School of Nursing,-2,-2,Lafayette,IN,47904-9988,5,2,2,1,-2,13,29200,1,-2,40.427401,-86.88083,Tippecanoe County,18157
152530,Taylor University,5,3,Upland,IN,46989-1001,2,1,2,2,2,42,31980,2,22,40.456246,-85.497034,Grant County,18053
152567,Trine University,5,5,Angola,IN,46703-1764,2,1,2,2,3,32,11420,2,22,41.632502,-85.008009,Steuben County,18151
152600,Valparaiso University,10,5,Valparaiso,IN,46383,2,1,2,2,2,23,16980,1,17,41.462239,-87.040172,Porter County,18127
152628,Vincennes Beauty College,-2,-2,Vincennes,IN,47591,9,3,3,1,-2,33,47180,2,-2,38.679739,-87.53241,Knox County,18083
152637,Vincennes University,13,4,Vincennes,IN,47591,1,1,1,4,3,33,47180,2,23,38.686318,-87.523407,Knox County,18083
152673,Wabash College,22,5,Crawfordsville,IN,47933-0352,2,1,2,1,2,32,18820,2,21,40.037588,-86.906,Montgomery County,18107
152798,Allen College,28,5,Waterloo,IA,50703-1999,2,1,2,1,2,13,47940,1,26,42.530084,-92.340148,Black Hawk County,19013
152992,Briar Cliff University,18,4,Sioux City,IA,51104,2,1,2,1,2,13,43580,1,17,42.526443,-96.428444,Woodbury County,19193
153001,Buena Vista University,20,4,Storm Lake,IA,50588,2,1,2,2,2,33,44740,2,19,42.642255,-95.208529,Buena Vista County,19021
153074,Capri College-Dubuque,-2,-2,Dubuque,IA,52001,9,3,3,1,-2,13,20220,1,-2,42.497357,-90.665565,Dubuque County,19061
153083,Capri College-Cedar Rapids,-2,-2,Cedar Rapids,IA,52404,9,3,3,1,-2,12,16300,1,-2,41.960734,-91.710201,Linn County,19113
153108,Central College,5,3,Pella,IA,50219,2,1,2,2,2,32,37800,2,21,41.401539,-92.922199,Marion County,19125
153126,Clarke University,18,4,Dubuque,IA,52001-3198,2,1,2,1,2,13,20220,1,17,42.509475,-90.690487,Dubuque County,19061
153144,Coe College,22,4,Cedar Rapids,IA,52402-5092,2,1,2,2,2,12,16300,1,21,41.988263,-91.658192,Linn County,19113
153162,Cornell College,22,3,Mount Vernon,IA,52314,2,1,2,2,2,31,16300,1,21,41.924554,-91.423741,Linn County,19113
153214,Des Moines Area Community College,1,2,Ankeny,IA,50023-3993,4,2,1,5,4,21,19780,1,6,41.707348,-93.611597,Polk County,19153
153241,Divine Word College,31,-2,Epworth,IA,52045,2,1,2,1,1,42,20220,1,21,42.441721,-90.934578,Dubuque County,19061
153250,Dordt University,15,3,Sioux Center,IA,51250-1606,2,1,2,2,2,33,-2,-2,20,43.082527,-96.166562,Sioux County,19167
153269,Drake University,17,5,Des Moines,IA,50311-4505,2,1,2,2,3,12,19780,1,17,41.60129,-93.652163,Polk County,19153
153278,University of Dubuque,20,4,Dubuque,IA,52001,2,1,2,2,2,13,20220,1,19,42.49726,-90.693428,Dubuque County,19061
153296,Ellsworth Community College,3,4,Iowa Falls,IA,50126,4,2,1,1,2,33,-2,-2,4,42.527524,-93.265853,Hardin County,19083
153302,Emmaus Bible College,31,-2,Dubuque,IA,52001-3096,2,1,2,1,1,13,20220,1,22,42.508307,-90.706011,Dubuque County,19061
153311,Eastern Iowa Community College District,2,2,Davenport,IA,52801-1221,4,2,1,3,3,12,19340,1,6,41.522179,-90.574459,Scott County,19163
153320,Faith Baptist Bible College and Theological Seminary,31,-2,Ankeny,IA,50023-2152,2,1,2,1,2,21,19780,1,22,41.737082,-93.624422,Polk County,19153
153366,Graceland University-Lamoni,20,4,Lamoni,IA,50140,2,1,2,2,2,43,-2,-2,18,40.615966,-93.924893,Decatur County,19053
153375,Grand View University,15,4,Des Moines,IA,50316,2,1,2,2,2,12,19780,1,20,41.620039,-93.600954,Polk County,19153
153384,Grinnell College,22,5,Grinnell,IA,50112-1690,2,1,2,2,2,33,-2,-2,21,41.747952,-92.722094,Poweshiek County,19157
153427,Orion Technical College,21,2,Davenport,IA,52807,3,1,3,1,1,12,19340,1,28,41.56056,-90.528333,Scott County,19163
153445,Hawkeye Community College,11,4,Waterloo,IA,50701,4,2,1,3,3,41,47940,1,8,42.430003,-92.330633,Black Hawk County,19013
153463,American Hair Academy,-2,-2,Mt. Pleasant,IA,52641,9,3,3,1,-2,33,-2,-2,-2,40.962643,-91.524949,Henry County,19087
153472,Indian Hills Community College,11,4,Ottumwa,IA,52501,4,2,1,2,3,33,36900,2,8,41.045105,-92.394736,Wapello County,19179
153524,Iowa Central Community College,2,4,Fort Dodge,IA,50501,4,2,1,2,3,33,22700,2,5,42.490067,-94.20299,Webster County,19187
153533,Iowa Lakes Community College,3,4,Estherville,IA,51334-2295,4,2,1,2,2,33,-2,-2,8,43.401376,-94.835661,Emmet County,19063
153542,UnityPoint Health-Des Moines School of Radiologic Technology,-2,-2,Des Moines,IA,50309-1453,5,2,2,1,-2,12,19780,1,-2,41.590094,-93.635129,Polk County,19153
153597,Iowa School of Beauty-Des Moines,-2,-2,Des Moines,IA,50322-3203,6,2,3,1,-2,21,19780,1,-2,41.624684,-93.711628,Polk County,19153
153603,Iowa State University,6,3,Ames,IA,50011-2103,1,1,1,5,4,13,11180,1,15,42.026212,-93.648504,Story County,19169
153630,Iowa Western Community College,2,2,Council Bluffs,IA,51503-1057,4,2,1,3,3,21,36540,1,6,41.272168,-95.797975,Pottawattamie County,19155
153658,University of Iowa,6,3,Iowa City,IA,52242-1316,1,1,1,5,4,13,26980,1,15,41.661935,-91.536425,Johnson County,19103
153737,Kirkwood Community College,11,4,Cedar Rapids,IA,52406-2068,4,2,1,4,3,12,16300,1,8,41.911268,-91.651172,Linn County,19113
153746,La James International College-Cedar Falls,-2,-2,Cedar Falls,IA,50613,9,3,3,1,-2,13,47940,1,-2,42.515026,-92.434496,Black Hawk County,19013
153764,La James International College-Johnston,-2,-2,Johnston,IA,50131,6,2,3,1,-2,21,19780,1,-2,41.661015,-93.738577,Polk County,19153
153773,La James College of Hairstyling and Cosmetology,-2,-2,Mason City,IA,50401-3308,6,2,3,1,-2,33,32380,2,-2,43.153786,-93.199881,Cerro Gordo County,19033
153782,La James International College-Ft Dodge,-2,-2,Fort Dodge,IA,50501,6,2,3,1,-2,33,22700,2,-2,42.5005,-94.163856,Webster County,19187
153825,Loras College,15,3,Dubuque,IA,52004-0178,2,1,2,2,2,13,20220,1,22,42.503908,-90.679023,Dubuque County,19061
153834,Luther College,22,3,Decorah,IA,52101-1045,2,1,2,2,2,33,-2,-2,21,43.312304,-91.802809,Winneshiek County,19191
153861,Maharishi International University,20,2,Fairfield,IA,52557,2,1,2,2,2,33,-2,-2,18,41.017781,-91.967306,Jefferson County,19101
153922,Marshalltown Community College,3,4,Marshalltown,IA,50158,4,2,1,2,2,32,32260,2,6,42.00065,-92.909411,Marshall County,19127
153977,Mercy College of Health Sciences,28,6,Des Moines,IA,50309-1239,2,1,2,1,2,12,19780,1,26,41.594559,-93.626238,Polk County,19153
154004,Morningside University,20,4,Sioux City,IA,51106-1751,2,1,2,2,2,13,43580,1,18,42.473891,-96.359464,Woodbury County,19193
154013,Mount Mercy University,20,4,Cedar Rapids,IA,52402-4797,2,1,2,2,2,12,16300,1,19,42.001931,-91.650991,Linn County,19113
154022,Ashford University,16,2,San Diego,CA,92123,3,1,3,5,5,11,41740,1,17,32.8273,-117.141961,San Diego County,6073
154059,North Iowa Area Community College,3,4,Mason City,IA,50401,4,2,1,2,2,41,32380,2,5,43.157169,-93.13126,Cerro Gordo County,19033
154095,University of Northern Iowa,19,3,Cedar Falls,IA,50614-0005,1,1,1,3,3,13,47940,1,18,42.514923,-92.459703,Black Hawk County,19013
154101,Northwestern College,20,3,Orange City,IA,51041,2,1,2,2,2,32,-2,-2,19,42.999007,-96.058772,Sioux County,19167
154110,Northeast Iowa Community College,11,4,Calmar,IA,52132-0400,4,2,1,2,3,42,-2,-2,9,43.17523,-91.867105,Winneshiek County,19191
154129,Northwest Iowa Community College,12,6,Sheldon,IA,51201,4,2,1,2,2,33,-2,-2,9,43.184701,-95.880639,Sioux County,19167
154156,Des Moines University-Osteopathic Medical Center,27,-2,West Des Moines,IA,50266,2,1,2,2,2,41,19780,1,25,41.54124,-93.81733,Dallas County,19049
154174,Palmer College of Chiropractic,29,-2,Davenport,IA,52803-5287,2,1,2,2,2,12,19340,1,26,41.529021,-90.574607,Scott County,19163
154208,PCI Academy-Ames,-2,-2,Ames,IA,50010,6,2,3,1,-2,13,11180,1,-2,41.99767,-93.613611,Story County,19169
154235,Saint Ambrose University,18,3,Davenport,IA,52803-2898,2,1,2,2,2,12,19340,1,17,41.54065,-90.579854,Scott County,19163
154262,St Luke's College,28,6,Sioux City,IA,51104-0263,2,1,2,1,1,13,43580,1,26,42.520081,-96.404724,Woodbury County,19193
154332,La James International College-Davenport,-2,-2,Davenport,IA,52806,9,3,3,1,-2,12,19340,1,-2,41.572861,-90.5682,Scott County,19163
154350,Simpson College,5,4,Indianola,IA,50125,2,1,2,2,2,31,19780,1,22,41.365503,-93.563471,Warren County,19181
154378,Southeastern Community College,3,2,West Burlington,IA,52655-0180,4,2,1,2,2,33,15460,2,7,40.814496,-91.171881,Des Moines County,19057
154396,Southwestern Community College,3,4,Creston,IA,50801,4,2,1,2,2,33,-2,-2,5,41.073437,-94.380906,Union County,19175
154448,Capri College-Davenport,-2,-2,Davenport,IA,52807-3003,9,3,3,1,-2,12,19340,1,-2,41.575211,-90.538828,Scott County,19163
154457,Iowa School of Beauty-Sioux City,-2,-2,Sioux City,IA,51106,6,2,3,1,-2,13,43580,1,-2,42.441812,-96.365842,Woodbury County,19193
154466,SOHO Hair Academy,-2,-2,Council Bluffs,IA,51501,6,2,3,1,-2,21,36540,1,-2,41.235617,-95.858073,Pottawattamie County,19155
154493,Upper Iowa University,19,4,Fayette,IA,52142-1857,2,1,2,2,3,43,-2,-2,18,42.838283,-91.799543,Fayette County,19065
154518,Waldorf University,19,3,Forest City,IA,50436-1713,3,1,3,2,3,43,-2,-2,19,43.262923,-93.641714,Winnebago County,19189
154527,Wartburg College,5,3,Waverly,IA,50677-0903,2,1,2,2,2,32,47940,1,21,42.7277,-92.483387,Bremer County,19017
154536,Wartburg Theological Seminary,31,-2,Dubuque,IA,52003-7769,2,1,2,1,1,13,20220,1,24,42.485761,-90.691225,Dubuque County,19061
154545,The Salon Professional Academy-Cedar Falls,-2,-2,Cedar Falls,IA,50613,9,3,3,1,-2,13,47940,1,-2,42.511022,-92.433262,Black Hawk County,19013
154572,Western Iowa Tech Community College,11,4,Sioux City,IA,51102-5199,4,2,1,3,3,13,43580,1,9,42.482953,-96.348874,Woodbury County,19193
154590,William Penn University,15,4,Oskaloosa,IA,52577,2,1,2,2,2,33,36820,2,22,41.310111,-92.647095,Mahaska County,19123
154642,Allen County Community College,3,4,Iola,KS,66749,4,2,1,2,2,33,-2,-2,3,37.938038,-95.396377,Allen County,20001
154688,Baker University,18,6,Baldwin City,KS,66006-0065,2,1,2,2,2,42,29940,1,17,38.778712,-95.187346,Douglas County,20045
154697,Barton County Community College,2,4,Great Bend,KS,67530,4,2,1,3,3,41,24460,2,3,38.403529,-98.731648,Barton County,20009
154712,Benedictine College,15,3,Atchison,KS,66002-1499,2,1,2,2,2,32,11860,2,22,39.573079,-95.113858,Atchison County,20005
154721,Bethany College,15,4,Lindsborg,KS,67456-1897,2,1,2,1,2,43,32700,2,22,38.580598,-97.67367,McPherson County,20113
154749,Bethel College-North Newton,15,4,North Newton,KS,67117-1716,2,1,2,1,2,32,48620,1,22,38.075169,-97.343256,Harvey County,20079
154800,Butler Community College,2,4,El Dorado,KS,67042-3280,4,2,1,3,3,32,48620,1,1,37.806699,-96.882987,Butler County,20015
154855,Central Christian College of Kansas,15,4,McPherson,KS,67460-5740,2,1,2,1,2,33,32700,2,22,38.357978,-97.668597,McPherson County,20113
154907,Cloud County Community College,3,4,Concordia,KS,66901-3108,4,2,1,2,2,41,-2,-2,6,39.554199,-97.664147,Cloud County,20029
154925,Coffeyville Community College,3,4,Coffeyville,KS,67337,4,2,1,2,2,33,-2,-2,1,37.033814,-95.621374,Montgomery County,20125
154934,Colby Community College,3,4,Colby,KS,67701,4,2,1,2,2,33,-2,-2,6,39.377601,-101.052744,Thomas County,20193
154952,Cowley County Community College,3,4,Arkansas City,KS,67005,4,2,1,2,2,32,11680,2,6,37.061668,-97.043075,Cowley County,20035
154998,Dodge City Community College,3,4,Dodge City,KS,67801-2399,4,2,1,2,2,33,19980,2,5,37.776891,-100.037481,Ford County,20057
155007,Donnelly College,4,4,Kansas City,KS,66102,2,1,2,1,2,12,28140,1,23,39.112346,-94.649827,Wyandotte County,20209
155025,Emporia State University,19,6,Emporia,KS,66801-5415,1,1,1,2,3,33,21380,2,18,38.414784,-96.179021,Lyon County,20111
155052,Flint Hills Technical College,21,6,Emporia,KS,66801-5957,4,2,1,2,2,33,21380,2,9,38.41888,-96.224141,Lyon County,20111
155061,Fort Hays State University,19,4,Hays,KS,67601-4099,1,1,1,4,3,33,25700,2,18,38.872156,-99.342503,Ellis County,20051
155070,Barclay College,31,-2,Haviland,KS,67059-0288,2,1,2,1,1,43,-2,-2,22,37.62012,-99.105351,Kiowa County,20097
155089,Friends University,20,4,Wichita,KS,67213,2,1,2,2,2,11,48620,1,18,37.678459,-97.367048,Sedgwick County,20173
155098,Fort Scott Community College,3,4,Fort Scott,KS,66701,4,2,1,2,2,33,-2,-2,5,37.816206,-94.715334,Bourbon County,20011
155104,Garden City Community College,3,4,Garden City,KS,67846-6333,4,2,1,2,2,33,23780,2,1,37.970514,-100.84916,Finney County,20055
155140,Haskell Indian Nations University,4,6,Lawrence,KS,66046-4800,1,1,1,1,2,13,29940,1,33,38.938834,-95.232879,Douglas County,20045
155159,Hays Academy of Hair Design,-2,-2,Hays,KS,67601,9,3,3,1,-2,33,25700,2,-2,38.884873,-99.310623,Ellis County,20051
155177,Hesston College,4,6,Hesston,KS,67062-2093,2,1,2,1,1,42,48620,1,23,38.134558,-97.433883,Harvey County,20079
155186,Highland Community College,3,6,Highland,KS,66035-4165,4,2,1,2,2,42,41140,1,6,39.859987,-95.271539,Doniphan County,20043
155195,Hutchinson Community College,2,6,Hutchinson,KS,67501,4,2,1,3,3,32,26740,2,6,38.068035,-97.92135,Reno County,20155
155201,Independence Community College,3,2,Independence,KS,67301-0708,4,2,1,1,2,41,-2,-2,2,37.195614,-95.720518,Montgomery County,20125
155210,Johnson County Community College,1,4,Overland Park,KS,66210-1299,4,2,1,4,4,12,28140,1,3,38.924125,-94.727798,Johnson County,20091
155283,Concorde Career College-Kansas City,21,2,Kansas City,MO,64114,3,1,3,1,2,11,28140,1,26,38.936103,-94.602584,Jackson County,29095
155292,Kansas City Kansas Community College,2,2,Kansas City,KS,66112,4,2,1,3,3,12,28140,1,8,39.121911,-94.748061,Wyandotte County,20209
155308,Kansas Christian College,24,-2,Overland Park,KS,66204-1975,2,1,2,1,1,12,28140,1,23,38.994848,-94.666878,Johnson County,20091
155317,University of Kansas,6,5,Lawrence,KS,66045,1,1,1,5,4,13,29940,1,15,38.958549,-95.247567,Douglas County,20045
155335,Newman University,20,4,Wichita,KS,67213-2097,2,1,2,2,2,11,48620,1,19,37.672643,-97.37768,Sedgwick County,20173
155353,Old Town Barber College,-2,-2,Wichita,KS,67211-1605,9,3,3,1,-2,11,48620,1,-2,37.68586,-97.323179,Sedgwick County,20173
155399,Kansas State University,16,3,Manhattan,KS,66506,1,1,1,5,4,13,31740,1,15,39.188648,-96.581077,Riley County,20161
155414,Kansas Wesleyan University,15,4,Salina,KS,67401-6146,2,1,2,2,2,33,41460,2,22,38.813795,-97.607973,Saline County,20169
155423,Washburn Institute of Technology,-2,-2,Topeka,KS,66604,7,3,1,2,-2,12,45820,1,-2,39.04497,-95.751158,Shawnee County,20177
155450,Labette Community College,3,4,Parsons,KS,67357-4201,4,2,1,2,2,33,-2,-2,5,37.339062,-95.255368,Labette County,20099
155487,Manhattan Area Technical College,21,6,Manhattan,KS,66503-2499,4,2,1,1,2,13,31740,1,9,39.197774,-96.615672,Riley County,20161
155496,Manhattan Christian College,31,-2,Manhattan,KS,66502-4801,2,1,2,1,1,13,31740,1,24,39.184806,-96.579383,Riley County,20161
155511,McPherson College,15,4,McPherson,KS,67460-1402,2,1,2,1,2,33,32700,2,22,38.371422,-97.642996,McPherson County,20113
155520,MidAmerica Nazarene University,20,6,Olathe,KS,66062-1899,2,1,2,2,2,21,28140,1,19,38.875244,-94.781526,Johnson County,20091
155566,Neosho County Community College,3,4,Chanute,KS,66720,4,2,1,2,2,33,-2,-2,8,37.670672,-95.464976,Neosho County,20133
155593,Fort Hays Tech North Central,21,6,Beloit,KS,67420,4,2,1,1,2,43,-2,-2,8,39.482419,-98.110826,Mitchell County,20123
155618,Fort Hays State University-Northwest Kansas Technical College,21,4,Goodland,KS,67735,4,2,1,1,2,33,-2,-2,8,39.346424,-101.70022,Sherman County,20181
155627,Ottawa University-Ottawa,15,6,Ottawa,KS,66067-3399,2,1,2,1,2,32,36840,2,22,38.603173,-95.264187,Franklin County,20059
155636,Ottawa University-Kansas City,20,-2,Overland Park,KS,66211,2,1,2,1,2,12,28140,1,20,38.932055,-94.635461,Johnson County,20091
155681,Pittsburg State University,19,6,Pittsburg,KS,66762,1,1,1,3,3,32,38260,2,18,37.392071,-94.702473,Crawford County,20037
155715,Pratt Community College,3,6,Pratt,KS,67124,4,2,1,2,2,33,-2,-2,6,37.654451,-98.714538,Pratt County,20151
155812,University of Saint Mary,18,6,Leavenworth,KS,66048-5082,2,1,2,2,2,31,28140,1,19,39.279396,-94.906743,Leavenworth County,20103
155830,Salina Area Technical College,12,4,Salina,KS,67401,4,2,1,2,2,33,41460,2,9,38.793582,-97.636892,Saline County,20169
155858,Seward County Community College,3,4,Liberal,KS,67901,4,2,1,2,2,33,30580,2,8,37.059807,-100.917695,Seward County,20175
155900,Southwestern College,15,4,Winfield,KS,67156-2499,2,1,2,2,2,32,11680,2,22,37.248608,-96.975405,Cowley County,20035
155937,Sterling College,15,4,Sterling,KS,67579,2,1,2,1,2,43,-2,-2,22,38.219937,-98.208644,Rice County,20159
155973,Tabor College,15,4,Hillsboro,KS,67063-1799,2,1,2,1,2,43,-2,-2,22,38.34858,-97.199773,Marion County,20115
156082,Washburn University,17,4,Topeka,KS,66621,1,1,1,3,3,12,45820,1,19,39.033778,-95.702222,Shawnee County,20177
156107,Wichita State University-Campus of Applied Sciences and Technology,21,4,Wichita,KS,67226,4,2,1,3,3,11,48620,1,9,37.75764,-97.224151,Sedgwick County,20173
156125,Wichita State University,17,4,Wichita,KS,67260-0124,1,1,1,4,3,11,48620,1,16,37.718882,-97.292361,Sedgwick County,20173
156134,Wichita Technical Institute,-2,-2,Wichita,KS,67213-1927,9,3,3,1,-2,11,48620,1,11,37.656976,-97.371819,Sedgwick County,20173
156189,Alice Lloyd College,22,4,Pippa Passes,KY,41844,2,1,2,1,2,43,-2,-2,22,37.335087,-82.875068,Knott County,21119
156213,Asbury University,15,3,Wilmore,KY,40390-1198,2,1,2,2,2,31,30460,1,20,37.862029,-84.662606,Jessamine County,21113
156222,Asbury Theological Seminary,31,-2,Wilmore,KY,40390-1199,2,1,2,2,2,31,30460,1,24,37.861561,-84.660127,Jessamine County,21113
156231,Ashland Community and Technical College,3,4,Ashland,KY,41101-3683,4,2,1,2,2,13,26580,1,8,38.469201,-82.650664,Boyd County,21019
156286,Bellarmine University,18,6,Louisville,KY,40205-0671,2,1,2,2,2,11,31140,1,17,38.219279,-85.704997,Jefferson County,21111
156295,Berea College,22,4,Berea,KY,40404-2182,2,1,2,2,2,32,40080,2,21,37.57202,-84.292893,Madison County,21151
156310,PJ's College of Cosmetology-Bowling Green,-2,-2,Bowling Green,KY,42101,9,3,3,1,-2,13,14540,1,-2,36.979195,-86.469756,Warren County,21227
156338,Southcentral Kentucky Community and Technical College,2,4,Bowling Green,KY,42101-3601,4,2,1,3,3,13,14540,1,5,36.984827,-86.476717,Warren County,21227
156356,Brescia University,15,4,Owensboro,KY,42301-3023,2,1,2,1,2,13,36980,1,22,37.769041,-87.111639,Daviess County,21059
156365,Campbellsville University,19,4,Campbellsville,KY,42718-2799,2,1,2,4,3,32,15820,2,18,37.343342,-85.348943,Taylor County,21217
156392,Bluegrass Community and Technical College,2,2,Lexington,KY,40508,4,2,1,4,3,11,30460,1,4,38.061375,-84.499928,Fayette County,21067
156408,Centre College,22,5,Danville,KY,40422-1394,2,1,2,2,2,32,19220,2,21,37.645709,-84.779392,Boyle County,21021
156417,Clear Creek Baptist Bible College,31,-2,Pineville,KY,40977-9752,2,1,2,1,1,42,33180,2,24,36.725236,-83.727702,Bell County,21013
156426,Paul Mitchell the School-Lexington,-2,-2,Lexington,KY,40514,9,3,3,1,-2,11,30460,1,-2,37.980361,-84.548281,Fayette County,21067
156471,Galen College of Nursing-Louisville,28,6,Louisville,KY,40245,3,1,3,3,3,11,31140,1,26,38.281333,-85.499039,Jefferson County,21111
156541,University of the Cumberlands,16,3,Williamsburg,KY,40769,2,1,2,5,4,33,18340,2,17,36.737048,-84.161646,Whitley County,21235
156620,Eastern Kentucky University,19,6,Richmond,KY,40475-3102,1,1,1,4,3,32,40080,2,17,37.740845,-84.300796,Madison County,21151
156648,Elizabethtown Community and Technical College,2,4,Elizabethtown,KY,42701-3081,4,2,1,3,3,13,21060,1,6,37.692858,-85.879927,Hardin County,21093
156727,Frontier Nursing University,28,-2,Versailles,KY,40383,2,1,2,2,2,41,30460,1,26,38.051018,-84.692791,Woodford County,21239
156745,Georgetown College,10,4,Georgetown,KY,40324-1696,2,1,2,2,2,31,30460,1,21,38.207615,-84.553767,Scott County,21209
156754,PJ's College of Cosmetology-Glasgow,-2,-2,Glasgow,KY,42141,9,3,3,1,-2,32,23980,2,-2,37.012713,-85.922275,Barren County,21009
156790,Hazard Community and Technical College,3,4,Hazard,KY,41701-2402,4,2,1,2,2,33,-2,-2,9,37.234897,-83.175644,Perry County,21193
156842,Paul Mitchell the School-Louisville,-2,-2,Louisville,KY,40222,9,3,3,1,-2,21,31140,1,-2,38.24897,-85.578849,Jefferson County,21111
156851,Henderson Community College,3,6,Henderson,KY,42420-4699,4,2,1,2,2,41,25775,2,5,37.797687,-87.650091,Henderson County,21101
156860,Hopkinsville Community College,3,4,Hopkinsville,KY,42240,4,2,1,2,2,32,17300,1,5,36.882654,-87.488297,Christian County,21047
156921,Jefferson Community and Technical College,2,2,Louisville,KY,40202,4,2,1,4,3,11,31140,1,6,38.246027,-85.753615,Jefferson County,21111
156967,Summit Salon Academy-Lexington,-2,-2,Lexington,KY,40505,9,3,3,1,-2,11,30460,1,-2,38.028451,-84.453521,Fayette County,21067
157021,American National University-Pikeville,28,2,Pikeville,KY,41501-1520,3,1,3,1,1,33,38210,2,26,37.472423,-82.528212,Pike County,21195
157030,Kentucky Mountain Bible College,31,-2,Jackson,KY,41339,2,1,2,1,1,43,-2,-2,21,37.603443,-83.438765,Breathitt County,21025
157058,Kentucky State University,15,4,Frankfort,KY,40601-2355,1,1,1,2,2,32,23180,2,22,38.201427,-84.855402,Franklin County,21073
157076,Kentucky Wesleyan College,5,4,Owensboro,KY,42301,2,1,2,1,2,13,36980,1,22,37.744489,-87.119658,Daviess County,21059
157085,University of Kentucky,16,5,Lexington,KY,40506-0032,1,1,1,5,4,11,30460,1,15,38.038911,-84.504747,Fayette County,21067
157100,Kentucky Christian University,15,4,Grayson,KY,41143-1199,2,1,2,1,2,32,26580,1,22,38.338805,-82.945561,Carter County,21043
157207,Lexington Theological Seminary,31,-2,Lexington,KY,40503,2,1,2,1,1,11,30460,1,24,37.996332,-84.526079,Fayette County,21067
157216,Lindsey Wilson College,20,4,Columbia,KY,42728-1223,2,1,2,2,2,33,-2,-2,18,37.101502,-85.299997,Adair County,21001
157289,University of Louisville,6,6,Louisville,KY,40292-0001,1,1,1,5,4,11,31140,1,15,38.216862,-85.760412,Jefferson County,21111
157298,Louisville Presbyterian Theological Seminary,31,-2,Louisville,KY,40205-1798,2,1,2,1,1,11,31140,1,24,38.237056,-85.686411,Jefferson County,21111
157304,Madisonville Community College,11,4,Madisonville,KY,42431,4,2,1,2,3,32,31580,2,9,37.362661,-87.512137,Hopkins County,21107
157331,Maysville Community and Technical College,2,4,Maysville,KY,41056,4,2,1,2,3,41,-2,-2,8,38.626607,-83.806786,Mason County,21161
157377,Midway University,20,4,Midway,KY,40347-1120,2,1,2,2,2,42,30460,1,20,38.146126,-84.678142,Woodford County,21239
157386,Morehead State University,19,4,Morehead,KY,40351,1,1,1,3,3,33,-2,-2,18,38.186768,-83.434021,Rowan County,21205
157401,Murray State University,17,3,Murray,KY,42071-3318,1,1,1,4,3,32,34660,2,18,36.612419,-88.323629,Calloway County,21035
157438,Gateway Community and Technical College,2,2,Florence,KY,41042,4,2,1,3,3,21,17140,1,8,38.960638,-84.633478,Boone County,21015
157447,Northern Kentucky University,17,3,Highland Heights,KY,41099,1,1,1,4,3,21,17140,1,17,39.029714,-84.463483,Campbell County,21037
157483,West Kentucky Community and Technical College,2,4,Paducah,KY,42001,4,2,1,3,3,13,37140,1,8,37.054081,-88.658762,McCracken County,21145
157535,University of Pikeville,18,4,Pikeville,KY,41501,2,1,2,2,2,33,38210,2,17,37.479232,-82.521063,Pike County,21195
157553,Big Sandy Community and Technical College,3,4,Prestonsburg,KY,41653,4,2,1,2,2,33,38210,2,4,37.688248,-82.778847,Floyd County,21071
157614,Empire Beauty School-Chenoweth,-2,-2,Louisville,KY,40207,9,3,3,1,-2,21,31140,1,-2,38.255764,-85.65752,Jefferson County,21111
157650,Empire Beauty School-Elizabethtown,-2,-2,Elizabethtown,KY,42701,9,3,3,1,-2,13,21060,1,-2,37.697453,-85.878557,Hardin County,21093
157669,Empire Beauty School-Dixie,-2,-2,Louisville,KY,40216,9,3,3,1,-2,11,31140,1,-2,38.167059,-85.830866,Jefferson County,21111
157678,Empire Beauty School-Florence,-2,-2,Florence,KY,41042,9,3,3,1,-2,21,17140,1,-2,39.009553,-84.628998,Boone County,21015
157711,Somerset Community College,2,4,Somerset,KY,42501-2973,4,2,1,3,3,33,43700,2,7,37.059599,-84.617546,Pulaski County,21199
157739,Southeast Kentucky Community & Technical College,3,4,Cumberland,KY,40823,4,2,1,2,2,43,-2,-2,5,36.966051,-82.997661,Harlan County,21095
157748,The Southern Baptist Theological Seminary,31,-2,Louisville,KY,40280-0001,2,1,2,2,3,11,31140,1,24,38.248216,-85.687649,Jefferson County,21111
157757,Spalding University,29,6,Louisville,KY,40203-2188,2,1,2,2,2,11,31140,1,18,38.242407,-85.757725,Jefferson County,21111
157793,Sullivan University,18,4,Louisville,KY,40205,3,1,3,2,2,11,31140,1,18,38.212824,-85.670489,Jefferson County,21111
157809,Thomas More University,15,5,Crestview Hills,KY,41017-3495,2,1,2,2,2,21,17140,1,20,39.022963,-84.568923,Kenton County,21117
157818,Transylvania University,22,3,Lexington,KY,40508-1797,2,1,2,2,2,11,30460,1,21,38.052983,-84.493202,Fayette County,21067
157854,Kentucky Community and Technical College System,-2,-2,Versailles,KY,40383-1245,0,2,1,-2,-2,31,30460,1,-2,38.058771,-84.72788,Woodford County,21239
157863,Union Commonwealth University,20,4,Barbourville,KY,40906-1499,2,1,2,2,2,33,18340,2,20,36.870875,-83.888477,Knox County,21121
157951,Western Kentucky University,19,4,Bowling Green,KY,42101-1000,1,1,1,4,3,13,14540,1,17,36.985035,-86.456828,Warren County,21227
158088,Central Louisiana Technical Community College,12,2,Alexandria,LA,71301,4,2,1,2,2,13,10780,1,13,31.310461,-92.446693,Rapides Parish,22079
158246,Ayers Career College,-2,-2,Shreveport,LA,71118,9,3,3,1,-2,12,43340,1,-2,32.418291,-93.798229,Caddo Parish,22017
158325,Baton Rouge General Medical Center School of Nursing & School of Radiologic Technology,-2,-2,Baton Rouge,LA,70806,5,2,2,1,-2,12,12940,1,-2,30.447919,-91.152502,East Baton Rouge Parish,22033
158431,Bossier Parish Community College,11,4,Bossier City,LA,71111-6922,4,2,1,3,3,13,43340,1,4,32.539551,-93.646881,Bossier Parish,22015
158477,Centenary College of Louisiana,22,3,Shreveport,LA,71104,2,1,2,1,2,12,43340,1,21,32.483335,-93.730834,Caddo Parish,22017
158538,Cloyd's Beauty School 1 Inc,-2,-2,West Monroe,LA,71291-0603,9,3,3,1,-2,22,33740,1,-2,32.499976,-92.126506,Ouachita Parish,22073
158617,Crescent City Bartending School,-2,-2,New Orleans,LA,70119,9,3,3,1,-2,11,35380,1,-2,29.966842,-90.086679,Orleans Parish,22071
158662,Delgado Community College,11,2,New Orleans,LA,70119,4,2,1,4,3,11,35380,1,4,29.985149,-90.103962,Orleans Parish,22071
158778,Avery James College,-2,-2,Lake Charles,LA,70601,9,3,3,1,-2,13,29340,1,-2,30.202601,-93.219712,Calcasieu Parish,22019
158787,Denham Springs Beauty School,-2,-2,Denham Springs,LA,70726,9,3,3,1,-2,21,12940,1,-2,30.484636,-90.944774,Livingston Parish,22063
158802,Dillard University,22,4,New Orleans,LA,70122,2,1,2,2,2,11,35380,1,21,29.996587,-90.06464,Orleans Parish,22071
158884,Nunez Community College,12,2,Chalmette,LA,70043,4,2,1,2,2,21,35380,1,8,29.95419,-89.95888,St. Bernard Parish,22087
159009,Grambling State University,22,4,Grambling,LA,71245,1,1,1,3,3,32,40820,2,18,32.523797,-92.713245,Lincoln Parish,22061
159027,Belbo Beauty Institute,-2,-2,Shreveport,LA,71105,9,3,3,1,-2,12,43340,1,-2,32.485759,-93.706628,Caddo Parish,22017
159197,ITI Technical College,21,6,Baton Rouge,LA,70817,6,2,3,1,2,21,12940,1,11,30.369764,-91.030485,East Baton Rouge Parish,22033
159328,John Jay Beauty College,-2,-2,Kenner,LA,70062,9,3,3,1,-2,21,35380,1,-2,30.007684,-90.230259,Jefferson Parish,22051
159373,Louisiana State University Health Sciences Center-New Orleans,27,-2,New Orleans,LA,70112-2223,1,1,1,2,2,11,35380,1,25,29.957272,-90.083145,Orleans Parish,22071
159382,Louisiana State University-Alexandria,22,3,Alexandria,LA,71302-9121,1,1,1,3,3,41,10780,1,22,31.178616,-92.414409,Rapides Parish,22079
159391,Louisiana State University and Agricultural & Mechanical College,6,5,Baton Rouge,LA,70803-2750,1,1,1,5,4,12,12940,1,15,30.414986,-91.178921,East Baton Rouge Parish,22033
159407,Louisiana State University-Eunice,12,4,Eunice,LA,70535,4,2,1,2,2,32,29180,1,7,30.473292,-92.434523,Acadia Parish,22001
159416,Louisiana State University-Shreveport,9,3,Shreveport,LA,71115-2399,1,1,1,4,3,12,43340,1,18,32.428465,-93.70561,Caddo Parish,22017
159513,Aveda Arts & Sciences Institute-Baton Rouge,-2,-2,Baton Rouge,LA,70816-2246,9,3,3,1,-2,21,12940,1,-2,30.425932,-91.054583,East Baton Rouge Parish,22033
159522,Aveda Arts & Sciences Institute-Lafayette,-2,-2,Lafayette,LA,70503-3246,9,3,3,1,-2,12,29180,1,-2,30.206168,-92.042092,Lafayette Parish,22055
159531,Louisiana Academy of Beauty,-2,-2,Eunice,LA,70535,9,3,3,1,-2,32,36660,2,-2,30.495111,-92.408948,St. Landry Parish,22097
159568,Louisiana Christian University,20,4,Pineville,LA,71359,2,1,2,1,2,23,10780,1,20,31.324528,-92.425973,Rapides Parish,22079
159601,Opelousas School of Cosmetology,-2,-2,Opelousas,LA,70570,9,3,3,1,-2,32,36660,2,-2,30.53165,-92.077854,St. Landry Parish,22097
159647,Louisiana Tech University,19,3,Ruston,LA,71272,1,1,1,4,3,32,40820,2,16,32.528297,-92.649963,Lincoln Parish,22061
159656,Loyola University New Orleans,7,4,New Orleans,LA,70118-6143,2,1,2,2,3,11,35380,1,17,29.936141,-90.120417,Orleans Parish,22071
159717,McNeese State University,5,3,Lake Charles,LA,70605,1,1,1,3,3,13,29340,1,18,30.178187,-93.217222,Calcasieu Parish,22019
159939,University of New Orleans,7,4,New Orleans,LA,70148,1,1,1,3,3,11,35380,1,16,30.027704,-90.067142,Orleans Parish,22071
159948,New Orleans Baptist Theological Seminary,31,-2,New Orleans,LA,70126,2,1,2,2,2,11,35380,1,24,30.004336,-90.043439,Orleans Parish,22071
159966,Nicholls State University,14,4,Thibodaux,LA,70310,1,1,1,3,3,13,26380,1,19,29.794486,-90.801571,Lafourche Parish,22057
159993,University of Louisiana at Monroe,17,3,Monroe,LA,71209-0000,1,1,1,3,3,13,33740,1,17,32.527748,-92.07374,Ouachita Parish,22073
160010,Northwest Louisiana Technical Community College,21,4,Minden,LA,71055-0000,4,2,1,2,2,41,33380,2,11,32.586037,-93.26302,Webster Parish,22119
160038,Northwestern State University of Louisiana,19,3,Natchitoches,LA,71497-0002,1,1,1,3,3,33,35060,2,18,31.750666,-93.097797,Natchitoches Parish,22069
160065,University of Holy Cross,29,6,New Orleans,LA,70131-7399,2,1,2,1,2,11,35380,1,20,29.912003,-89.99445,Orleans Parish,22071
160074,Franciscan Missionaries of Our Lady University,28,5,Baton Rouge,LA,70808,2,1,2,2,2,12,12940,1,26,30.401379,-91.110587,East Baton Rouge Parish,22033
160117,Pat Goins Beauty Schools formerly Paul Mitchell the School-Shreveport,-2,-2,Shreveport,LA,71105,9,3,3,-1,-2,12,43340,1,-2,32.436926,-93.716987,Caddo Parish,22017
160126,Celebrity Stylist Beauty School,-2,-2,Monroe,LA,71201-5135,9,3,3,1,-2,13,33740,1,-2,32.52121,-92.085347,Ouachita Parish,22073
160199,Pineville Beauty School,-2,-2,Pineville,LA,71360-0000,9,3,3,1,-2,23,10780,1,-2,31.325717,-92.430903,Rapides Parish,22079
160320,Aveda Arts & Sciences Institute-Covington,-2,-2,Covington,LA,70433,9,3,3,2,-2,13,43640,1,-2,30.494049,-90.104008,St. Tammany Parish,22103
160409,Saint Joseph Seminary College,31,-2,St. Benedict,LA,70457,2,1,2,1,1,41,43640,1,24,30.526778,-90.113621,St. Tammany Parish,22103
160472,LaSalle Tech,-2,-2,Houma,LA,70363,9,3,3,1,-2,13,26380,1,-2,29.577805,-90.688232,Terrebonne Parish,22109
160481,Fletcher Technical Community College,12,2,Schriever,LA,70395,4,2,1,2,2,41,26380,1,4,29.690884,-90.811707,Terrebonne Parish,22109
160524,Remington College-Lafayette Campus,21,4,Lafayette,LA,70503,5,2,2,1,1,12,29180,1,8,30.166882,-92.059734,Lafayette Parish,22055
160533,Southern University-Board and System,-2,-2,Baton Rouge,LA,70813,0,1,1,-2,-2,12,12940,1,-2,30.521517,-91.196629,East Baton Rouge Parish,22033
160579,SOWELA Technical Community College,21,4,Lake Charles,LA,70615,4,2,1,2,3,13,29340,1,7,30.217331,-93.16252,Calcasieu Parish,22019
160597,Stevensons Academy of Hair Design,-2,-2,New Orleans,LA,70114,9,3,3,1,-2,11,35380,1,-2,29.948438,-90.052219,Orleans Parish,22071
160612,Southeastern Louisiana University,19,4,Hammond,LA,70402,1,1,1,4,3,13,25220,1,18,30.514652,-90.468676,Tangipahoa Parish,22105
160621,Southern University and A & M College,7,4,Baton Rouge,LA,70813,1,1,1,3,3,12,12940,1,16,30.524558,-91.190105,East Baton Rouge Parish,22033
160630,Southern University at New Orleans,20,4,New Orleans,LA,70126,1,1,1,2,2,11,35380,1,19,30.026162,-90.044912,Orleans Parish,22071
160649,Southern University at Shreveport,11,4,Shreveport,LA,71107,4,2,1,2,3,12,43340,1,9,32.545632,-93.834559,Caddo Parish,22017
160658,University of Louisiana at Lafayette,9,4,Lafayette,LA,70503,1,1,1,4,3,12,29180,1,15,30.212191,-92.020165,Lafayette Parish,22055
160667,Northshore Technical Community College,11,6,Lacombe,LA,70445,4,2,1,3,3,41,43640,1,8,30.379147,-89.899196,St. Tammany Parish,22103
160755,Tulane University of Louisiana,7,3,New Orleans,LA,70118-5698,2,1,2,4,3,11,35380,1,15,29.940069,-90.122144,Orleans Parish,22071
160904,Xavier University of Louisiana,8,6,New Orleans,LA,70125-1098,2,1,2,2,2,11,35380,1,19,29.964162,-90.107307,Orleans Parish,22071
160959,College of the Atlantic,22,1,Bar Harbor,ME,04609,2,1,2,1,1,43,-2,-2,21,44.395258,-68.221517,Hancock County,23009
160977,Bates College,22,5,Lewiston,ME,04240,2,1,2,2,2,13,30340,1,21,44.105299,-70.203333,Androscoggin County,23001
160995,Beal University,28,4,Bangor,ME,04401,3,1,3,1,2,13,12620,1,7,44.786465,-68.785428,Penobscot County,23019
161004,Bowdoin College,22,5,Brunswick,ME,04011,2,1,2,2,2,31,38860,1,21,43.907134,-69.963942,Cumberland County,23005
161022,Maine College of Health Professions,28,6,Lewiston,ME,04240,2,1,2,1,1,13,30340,1,26,44.100458,-70.21732,Androscoggin County,23001
161077,Central Maine Community College,12,4,Auburn,ME,04210-6436,4,2,1,2,2,13,30340,1,4,44.134346,-70.235498,Androscoggin County,23001
161086,Colby College,22,5,Waterville,ME,04901-8840,2,1,2,2,2,33,12300,2,21,44.564211,-69.66337,Kennebec County,23011
161138,Eastern Maine Community College,12,4,Bangor,ME,04401,4,2,1,2,2,13,12620,1,8,44.826048,-68.74445,Penobscot County,23019
161192,Kennebec Valley Community College,12,6,Fairfield,ME,04937-1367,4,2,1,2,2,33,-2,-2,8,44.594149,-69.61157,Somerset County,23025
161208,The Landing School,21,3,Arundel,ME,04046,5,2,2,1,1,41,38860,1,11,43.380492,-70.503619,York County,23031
161217,University of Maine at Augusta,14,4,Augusta,ME,04330-9410,1,1,1,2,3,32,12300,2,22,44.337746,-69.796396,Kennebec County,23011
161226,University of Maine at Farmington,5,4,Farmington,ME,04938-9978,1,1,1,2,2,43,-2,-2,22,44.666911,-70.147121,Franklin County,23007
161235,University of Maine at Fort Kent,28,6,Fort Kent,ME,04743-1292,1,1,1,2,2,43,-2,-2,22,47.250389,-68.589319,Aroostook County,23003
161253,University of Maine,9,3,Orono,ME,04469,1,1,1,4,3,23,12620,1,15,44.899257,-68.669332,Penobscot County,23019
161280,University of Maine-System Central Office,-2,-2,Orono,ME,04469,0,1,1,-2,-2,23,12620,1,-2,44.896388,-68.66988,Penobscot County,23019
161299,Maine Maritime Academy,15,5,Castine,ME,04420-0001,1,1,1,1,2,42,-2,-2,22,44.389654,-68.804347,Hancock County,23009
161341,University of Maine at Presque Isle,15,4,Presque Isle,ME,04769-2888,1,1,1,2,2,41,-2,-2,22,46.672285,-68.016343,Aroostook County,23003
161457,University of New England,17,5,Biddeford,ME,04005-9599,2,1,2,3,3,22,38860,1,16,43.458591,-70.38535,York County,23031
161484,Northern Maine Community College,12,4,Presque Isle,ME,04769-2016,4,2,1,1,2,33,-2,-2,8,46.694668,-68.034796,Aroostook County,23003
161493,Empire Beauty School-Maine,-2,-2,Bangor,ME,04401,9,3,3,1,-2,13,12620,1,-2,44.824546,-68.777161,Penobscot County,23019
161509,Maine College of Art & Design,23,1,Portland,ME,04101-3494,2,1,2,1,1,13,38860,1,30,43.655743,-70.261015,Cumberland County,23005
161518,Saint Joseph's College of Maine,20,5,Standish,ME,04084-5263,2,1,2,2,2,41,38860,1,18,43.826314,-70.483373,Cumberland County,23005
161527,Spa Tech Institute-Westbrook,-2,-2,Westbrook,ME,04092,9,3,3,1,-2,22,38860,1,-2,43.67659,-70.335331,Cumberland County,23005
161545,Southern Maine Community College,11,2,South Portland,ME,04106-1698,4,2,1,3,3,13,38860,1,5,43.646649,-70.229182,Cumberland County,23005
161554,University of Southern Maine,17,4,Portland,ME,04103,1,1,1,3,3,13,38860,1,18,43.662863,-70.274247,Cumberland County,23005
161563,Thomas College,20,2,Waterville,ME,04901-5097,2,1,2,2,2,33,12300,2,20,44.524909,-69.664734,Kennebec County,23011
161572,Unity Environmental University,19,2,New Gloucester,ME,04260,2,1,2,3,3,42,38860,1,20,43.905745,-70.257277,Cumberland County,23005
161581,Washington County Community College,12,2,Calais,ME,04619,4,2,1,1,2,43,-2,-2,7,45.165537,-67.243306,Washington County,23029
161688,Allegany College of Maryland,12,2,Cumberland,MD,21502-2596,4,2,1,2,2,33,19060,2,7,39.652152,-78.730398,Allegany County,24001
161767,Anne Arundel Community College,11,2,Arnold,MD,21012-1895,4,2,1,4,3,21,12580,1,5,39.049813,-76.512223,Anne Arundel County,24003
161800,Award Beauty School,-2,-2,Hagerstown,MD,21740-5610,9,3,3,1,-2,13,25180,1,-2,39.640443,-77.720283,Washington County,24043
161855,Baltimore Studio of Hair Design,-2,-2,Baltimore,MD,21201-3444,9,3,3,1,-2,11,12580,1,-2,39.293371,-76.620008,Baltimore City,24510
161864,Baltimore City Community College,11,2,Baltimore,MD,21215-7893,4,2,1,2,3,11,12580,1,4,39.319978,-76.662878,Baltimore City,24510
161873,University of Baltimore,17,4,Baltimore,MD,21201-5720,1,1,1,2,3,11,12580,1,18,39.305834,-76.616591,Baltimore City,24510
162007,Bowie State University,19,4,Bowie,MD,20715-9465,1,1,1,3,3,21,47900,1,18,39.018185,-76.759721,Prince George's County,24033
162061,Capitol Technology University,18,6,Laurel,MD,20708,2,1,2,2,2,21,47900,1,17,39.046673,-76.850231,Prince George's County,24033
162104,Cecil College,12,2,North East,MD,21901-1900,4,2,1,2,2,41,37980,1,4,39.642225,-75.955949,Cecil County,24015
162122,College of Southern Maryland,2,2,La Plata,MD,20646-0910,4,2,1,3,3,41,47900,1,2,38.55895,-77.009245,Charles County,24017
162168,Chesapeake College,12,2,Wye Mills,MD,21679-0008,4,2,1,2,2,42,12580,1,4,38.952193,-76.083668,Queen Anne's County,24035
162210,Washington Adventist University,15,6,Takoma Park,MD,20912,2,1,2,1,2,21,47900,1,20,38.986349,-77.000608,Montgomery County,24031
162283,Coppin State University,15,4,Baltimore,MD,21216-3698,1,1,1,2,2,11,12580,1,20,39.311258,-76.658687,Baltimore City,24510
162335,Del-Mar-Va Beauty Academy,-2,-2,Salisbury,MD,21804-6952,9,3,3,1,-2,13,41540,1,-2,38.339006,-75.601701,Wicomico County,24045
162371,North American Trade Schools,-2,-2,Baltimore,MD,21244,9,3,3,1,-2,21,12580,1,-2,39.308719,-76.751371,Baltimore County,24005
162557,Frederick Community College,11,2,Frederick,MD,21702-2964,4,2,1,3,3,13,47900,1,8,39.452241,-77.417849,Frederick County,24021
162584,Frostburg State University,9,6,Frostburg,MD,21532-1099,1,1,1,2,3,33,19060,2,18,39.650918,-78.934293,Allegany County,24001
162609,Garrett College,12,2,McHenry,MD,21541,4,2,1,1,2,42,-2,-2,1,39.560493,-79.342923,Garrett County,24023
162654,Goucher College,10,4,Baltimore,MD,21204-2794,2,1,2,2,2,13,12580,1,21,39.410175,-76.594843,Baltimore County,24005
162690,Hagerstown Community College,11,4,Hagerstown,MD,21742-6514,4,2,1,3,3,22,25180,1,5,39.631009,-77.667379,Washington County,24043
162706,Harford Community College,11,2,Bel Air,MD,21015-1698,4,2,1,3,3,41,12580,1,4,39.56131,-76.282845,Harford County,24025
162760,Hood College,10,4,Frederick,MD,21701,2,1,2,2,2,13,47900,1,18,39.420631,-77.419049,Frederick County,24021
162779,Howard Community College,2,2,Columbia,MD,21044-3197,4,2,1,3,3,12,12580,1,2,39.213636,-76.877964,Howard County,24027
162830,Aveda Institute-Maryland,-2,-2,Bel Air,MD,21014-3639,9,3,3,1,-2,22,12580,1,-2,39.531933,-76.349927,Harford County,24025
162928,Johns Hopkins University,6,5,Baltimore,MD,21218-2688,2,1,2,5,4,11,12580,1,15,39.328977,-76.621595,Baltimore City,24510
163028,Lincoln College of Technology-Columbia,21,2,Columbia,MD,21046,6,2,3,2,2,12,12580,1,7,39.174673,-76.836463,Howard County,24027
163046,Loyola University Maryland,9,5,Baltimore,MD,21210-2699,2,1,2,2,3,11,12580,1,18,39.346358,-76.621872,Baltimore City,24510
163204,University of Maryland Global Campus,6,6,Adelphi,MD,20783-8010,1,1,1,5,5,21,47900,1,18,38.912706,-76.847584,Prince George's County,24033
163259,"University of Maryland, Baltimore",27,-2,Baltimore,MD,21201-1627,1,1,1,3,3,11,12580,1,27,39.286864,-76.623983,Baltimore City,24510
163268,University of Maryland-Baltimore County,7,4,Baltimore,MD,21250,1,1,1,4,3,21,12580,1,15,39.256686,-76.711607,Baltimore County,24005
163286,University of Maryland-College Park,6,5,College Park,MD,20742,1,1,1,5,5,21,47900,1,15,38.988178,-76.944721,Prince George's County,24033
163295,Maryland Institute College of Art,23,1,Baltimore,MD,21217-4134,2,1,2,2,2,11,12580,1,30,39.308792,-76.621033,Baltimore City,24510
163338,University of Maryland Eastern Shore,18,6,Princess Anne,MD,21853-1299,1,1,1,2,2,31,41540,1,16,38.207386,-75.686852,Somerset County,24039
163347,Fortis Institute-Towson,-2,-2,Towson,MD,21204-9840,9,3,3,1,-2,13,12580,1,-2,39.403271,-76.604593,Baltimore County,24005
163408,Montgomery Beauty School,-2,-2,Silver Spring,MD,20901,9,3,3,1,-2,21,47900,1,-2,38.999622,-77.001966,Montgomery County,24031
163426,Montgomery College,1,2,Rockville,MD,20850,4,2,1,4,4,13,47900,1,2,39.098656,-77.15929,Montgomery County,24031
163453,Morgan State University,9,4,Baltimore,MD,21251-0001,1,1,1,4,3,11,12580,1,16,39.344161,-76.585565,Baltimore City,24510
163462,Mount St. Mary's University,10,4,Emmitsburg,MD,21727-7799,2,1,2,2,2,42,47900,1,19,39.681705,-77.351887,Frederick County,24021
163532,Ner Israel Rabbinical College,31,-2,Baltimore,MD,21208,2,1,2,1,2,21,12580,1,24,39.388021,-76.753526,Baltimore County,24005
163541,Hair Academy,-2,-2,New Carrollton,MD,20784,9,3,3,1,-2,21,47900,1,-2,38.956205,-76.869467,Prince George's County,24033
163578,Notre Dame of Maryland University,28,6,Baltimore,MD,21210-2476,2,1,2,2,2,11,12580,1,18,39.350612,-76.619739,Baltimore City,24510
163657,Prince George's Community College,2,4,Largo,MD,20774-2199,4,2,1,4,3,21,47900,1,2,38.888689,-76.824623,Prince George's County,24033
163815,Maryland Beauty Academy of Essex,-2,-2,Baltimore,MD,21224,9,3,3,1,-2,21,12580,1,-2,39.29844,-76.509213,Baltimore County,24005
163851,Salisbury University,9,5,Salisbury,MD,21801-6862,1,1,1,3,3,23,41540,1,18,38.34648,-75.604815,Wicomico County,24045
163912,St. Mary's College of Maryland,22,4,St. Mary's City,MD,20686,1,1,1,2,2,41,30500,1,21,38.188047,-76.430994,St. Mary's County,24037
163976,St. John's College,22,1,Annapolis,MD,21401,2,1,2,1,2,21,12580,1,21,38.981598,-76.491359,Anne Arundel County,24003
164076,Towson University,19,4,Towson,MD,21252-0001,1,1,1,4,4,13,12580,1,18,39.393622,-76.611164,Baltimore County,24005
164085,Maryland University of Integrative Health,29,-2,Laurel,MD,20723,2,1,2,1,2,21,12580,1,26,39.165872,-76.888025,Howard County,24027
164146,University System of Maryland,-2,-2,Baltimore,MD,21201,0,1,1,-2,-2,11,12580,1,-2,39.286077,-76.605479,Baltimore City,24510
164155,United States Naval Academy,5,-2,Annapolis,MD,21402-1300,1,1,1,2,3,21,12580,1,21,38.980507,-76.481692,Anne Arundel County,24003
164173,Stevenson University,19,4,Owings Mills,MD,21117,2,1,2,2,3,21,12580,1,18,39.426413,-76.775809,Baltimore County,24005
164216,Washington College,22,3,Chestertown,MD,21620-1438,2,1,2,1,2,32,-2,-2,21,39.217329,-76.06878,Kent County,24029
164270,McDaniel College,10,4,Westminster,MD,21157,2,1,2,2,2,31,12580,1,18,39.584231,-77.001992,Carroll County,24013
164313,Wor-Wic Community College,12,4,Salisbury,MD,21804-7131,4,2,1,2,2,41,41540,1,7,38.373723,-75.499659,Wicomico County,24045
164368,Hult International Business School,24,-2,Cambridge,MA,02141,2,1,2,2,2,12,14460,1,29,42.369968,-71.070645,Middlesex County,25017
164447,American International College,18,4,Springfield,MA,01109,2,1,2,2,2,12,44140,1,17,42.112346,-72.558338,Hampden County,25013
164465,Amherst College,22,5,Amherst,MA,01002-5000,2,1,2,2,2,13,11200,1,21,42.372459,-72.518493,Hampshire County,25015
164492,Anna Maria College,20,4,Paxton,MA,01612-1198,2,1,2,2,2,41,49340,1,19,42.330542,-71.91896,Worcester County,25027
164535,Assabet Valley Regional Technical School,-2,-2,Marlborough,MA,01752,7,3,1,1,-2,21,14460,1,-2,42.36775,-71.567281,Middlesex County,25017
164562,Assumption University,10,3,Worcester,MA,01609-1296,2,1,2,2,2,12,49340,1,19,42.294226,-71.828991,Worcester County,25027
164580,Babson College,24,5,Wellesley,MA,02457-0310,2,1,2,2,3,21,14460,1,29,42.297017,-71.264057,Norfolk County,25021
164599,Bancroft School of Massage Therapy,-2,-2,Worcester,MA,01604,9,3,3,1,-2,12,49340,1,-2,42.268973,-71.778113,Worcester County,25027
164614,Boston Baptist College,31,-2,Boston,MA,02136-4030,2,1,2,1,1,11,14460,1,24,42.254037,-71.1103,Suffolk County,25025
164632,Bay Path University,18,4,Longmeadow,MA,01106,2,1,2,2,2,21,44140,1,18,42.055088,-72.583382,Hampden County,25013
164739,Bentley University,24,5,Waltham,MA,02452-4705,2,1,2,3,3,13,14460,1,18,42.385995,-71.222839,Middlesex County,25017
164748,Berklee College of Music,19,1,Boston,MA,02215,2,1,2,3,3,11,14460,1,18,42.346646,-71.089405,Suffolk County,25025
164775,Berkshire Community College,12,2,Pittsfield,MA,01201-5786,4,2,1,2,2,41,38340,1,4,42.45975,-73.314704,Berkshire County,25003
164845,Empire Beauty School-Boston,-2,-2,Boston,MA,02111,9,3,3,-2,-2,11,14460,1,-2,42.354683,-71.062722,Suffolk County,25025
164872,Boston Architectural College,25,-2,Boston,MA,02115-2703,2,1,2,1,2,11,14460,1,30,42.348467,-71.085786,Suffolk County,25025
164915,Boston Graduate School of Psychoanalysis Inc,29,-2,Brookline,MA,02446,2,1,2,1,1,21,14460,1,26,42.33912,-71.133151,Norfolk County,25021
164924,Boston College,7,5,Chestnut Hill,MA,02467,2,1,2,4,3,13,14460,1,15,42.336213,-71.169242,Middlesex County,25017
164988,Boston University,6,5,Boston,MA,02215,2,1,2,5,5,11,14460,1,15,42.351118,-71.107942,Suffolk County,25025
165015,Brandeis University,7,5,Waltham,MA,02454-9110,2,1,2,3,3,13,14460,1,15,42.365727,-71.260155,Middlesex County,25017
165024,Bridgewater State University,9,2,Bridgewater,MA,02325,1,1,1,3,3,21,14460,1,18,41.98749,-70.974553,Plymouth County,25023
165033,Bristol Community College,2,2,Fall River,MA,02720-7395,4,2,1,3,3,21,39300,1,1,41.721994,-71.119133,Bristol County,25005
165060,Signature Healthcare Brockton Hospital School of Nursing,-2,-2,Brockton,MA,02302-1905,5,2,2,1,-2,21,14460,1,-2,42.088032,-70.992764,Plymouth County,25023
165112,Bunker Hill Community College,11,4,Boston,MA,02129-2925,4,2,1,3,3,11,14460,1,1,42.374806,-71.069263,Suffolk County,25025
165167,Cambridge College,24,6,Boston,MA,02129,2,1,2,2,2,11,14460,1,18,42.381091,-71.072646,Suffolk County,25025
165194,Cape Cod Community College,12,4,West Barnstable,MA,02668-1599,4,2,1,2,2,13,12700,1,5,41.691911,-70.337334,Barnstable County,25001
165255,Catherine Hinds Institute of Esthetics,-2,-2,Woburn,MA,01801-6819,9,3,3,1,-2,21,14460,1,-2,42.493212,-71.13715,Middlesex County,25017
165264,Laboure College of Healthcare,28,6,Milton,MA,02186,2,1,2,1,2,21,14460,1,26,42.260866,-71.058279,Norfolk County,25021
165334,Clark University,8,3,Worcester,MA,01610-1477,2,1,2,2,2,12,49340,1,16,42.249987,-71.823356,Worcester County,25027
165495,Conway School of Landscape Design,25,-2,Northampton,MA,01060,2,1,2,1,1,13,11200,1,32,42.313857,-72.64875,Hampshire County,25015
165529,Curry College,15,4,Milton,MA,02186-2395,2,1,2,2,2,21,14460,1,20,42.238061,-71.116539,Norfolk County,25021
165574,Dean College,15,2,Franklin,MA,02038-1941,2,1,2,2,2,21,14460,1,22,42.085634,-71.397813,Norfolk County,25021
165608,Diman Regional Technical Institute,-2,-2,Fall River,MA,02720,7,3,1,1,-2,21,39300,1,-2,41.718422,-71.155011,Bristol County,25005
165635,National Aviation Academy of New England,-2,-2,Concord,MA,01742,6,2,3,1,-2,21,14460,1,-2,42.462164,-71.387244,Middlesex County,25017
165644,Eastern Nazarene College,20,4,Quincy,MA,02170-2999,2,1,2,1,2,21,14460,1,20,42.271228,-71.011079,Norfolk County,25021
165662,Emerson College,23,5,Boston,MA,02116-4624,2,1,2,3,3,11,14460,1,18,42.352202,-71.065384,Suffolk County,25025
165671,Emmanuel College,22,3,Boston,MA,02115,2,1,2,2,2,11,14460,1,21,42.340602,-71.103634,Suffolk County,25025
165699,Endicott College,17,3,Beverly,MA,01915,2,1,2,2,3,21,14460,1,18,42.553296,-70.840847,Essex County,25009
165750,Rob Roy Academy-Fall River,-2,-2,Fall River,MA,02721-5330,9,3,3,1,-2,21,39300,1,-2,41.698905,-71.157664,Bristol County,25005
165802,Fisher College,15,4,Boston,MA,02116,2,1,2,2,2,11,14460,1,22,42.355253,-71.074125,Suffolk County,25025
165820,Fitchburg State University,19,4,Fitchburg,MA,01420-2697,1,1,1,3,3,22,49340,1,18,42.588298,-71.789666,Worcester County,25027
165866,Framingham State University,9,2,Framingham,MA,01701-9101,1,1,1,2,3,13,14460,1,18,42.297116,-71.437565,Middlesex County,25017
165884,Benjamin Franklin Cummings Institute of Technology,21,2,Boston,MA,02116,2,1,2,1,2,11,14460,1,23,42.346023,-71.070231,Suffolk County,25025
165936,Gordon College,22,3,Wenham,MA,01984,2,1,2,2,2,41,14460,1,21,42.590567,-70.82151,Essex County,25009
165945,Gordon-Conwell Theological Seminary,31,-2,South Hamilton,MA,01982,2,1,2,2,2,21,14460,1,24,42.613475,-70.846387,Essex County,25009
165981,Greenfield Community College,3,2,Greenfield,MA,01301-9739,4,2,1,2,2,32,24640,2,5,42.599512,-72.630977,Franklin County,25011
166018,Hampshire College,22,2,Amherst,MA,01002-5001,2,1,2,1,2,41,11200,1,21,42.325852,-72.531469,Hampshire County,25015
166027,Harvard University,6,5,Cambridge,MA,02138,2,1,2,5,4,12,14460,1,15,42.374471,-71.118313,Middlesex County,25017
166045,Hebrew College,31,-2,Newton,MA,02466-3008,2,1,2,1,1,13,14460,1,24,42.335716,-71.241226,Middlesex County,25017
166054,Hellenic College-Holy Cross Greek Orthodox School of Theology,31,-2,Brookline,MA,02445-7415,2,1,2,1,1,21,14460,1,21,42.317018,-71.129418,Norfolk County,25021
166124,College of the Holy Cross,22,5,Worcester,MA,01610-2395,2,1,2,2,2,12,49340,1,21,42.23752,-71.808214,Worcester County,25027
166133,Holyoke Community College,2,4,Holyoke,MA,01040,4,2,1,2,3,41,44140,1,1,42.194781,-72.651252,Hampden County,25013
166391,Lasell University,20,4,Newton,MA,02466,2,1,2,2,2,13,14460,1,18,42.342148,-71.24347,Middlesex County,25017
166407,Lawrence Memorial Hospital School of Nursing,28,-2,Medford,MA,02155,5,2,2,1,1,21,14460,1,10,42.42581,-71.110958,Middlesex County,25017
166452,Lesley University,7,2,Cambridge,MA,02138-2790,2,1,2,2,3,12,14460,1,17,42.38012,-71.117303,Middlesex County,25017
166489,Longy School of Music of Bard College,23,1,Cambridge,MA,02138,2,1,2,1,1,12,14460,1,30,42.378657,-71.123479,Middlesex County,25017
166498,Lowell Academy Hairstyling Institute,-2,-2,Lowell,MA,01852-1909,9,3,3,1,-2,21,14460,1,-2,42.643609,-71.308309,Middlesex County,25017
166513,University of Massachusetts-Lowell,6,4,Lowell,MA,01854,1,1,1,4,4,21,14460,1,16,42.652864,-71.326809,Middlesex County,25017
166629,University of Massachusetts-Amherst,6,3,Amherst,MA,01003,1,1,1,5,4,13,11200,1,15,42.385999,-72.526728,Hampshire County,25015
166638,University of Massachusetts-Boston,7,4,Boston,MA,02125-3393,1,1,1,4,3,11,14460,1,16,42.312881,-71.036865,Suffolk County,25025
166647,Massachusetts Bay Community College,11,2,Wellesley Hills,MA,02481-5399,4,2,1,2,3,21,14460,1,6,42.31212,-71.263458,Norfolk County,25021
166656,MCPHS University,29,6,Boston,MA,02115-5896,2,1,2,3,3,11,14460,1,26,42.336825,-71.101244,Suffolk County,25025
166665,University of Massachusetts-Central Office,-2,-2,Boston,MA,02108,0,1,1,-2,-2,11,14460,1,-2,42.35849,-71.060761,Suffolk County,25025
166674,Massachusetts College of Art and Design,23,2,Boston,MA,02115-5882,1,1,1,2,2,11,14460,1,30,42.336862,-71.099275,Suffolk County,25025
166683,Massachusetts Institute of Technology,30,5,Cambridge,MA,02139-4301,2,1,2,4,3,12,14460,1,15,42.359243,-71.093226,Middlesex County,25017
166692,Massachusetts Maritime Academy,5,5,Buzzards Bay,MA,02532-1803,1,1,1,2,2,21,12700,1,20,41.739072,-70.624084,Barnstable County,25001
166708,University of Massachusetts Chan Medical School,27,-2,Worcester,MA,01655,1,1,1,2,2,12,49340,1,27,42.278002,-71.762144,Worcester County,25027
166717,William James College,25,-2,Newton,MA,02459,2,1,2,1,2,13,14460,1,26,42.294995,-71.203256,Middlesex County,25017
166805,Massachusetts School of Barbering,-2,-2,Quincy,MA,02169,9,3,3,1,-2,21,14460,1,-2,42.247457,-71.001891,Norfolk County,25021
166823,Massasoit Community College,11,2,Brockton,MA,02302-3996,4,2,1,3,3,21,14460,1,8,42.07507,-70.989799,Plymouth County,25023
166850,Merrimack College,19,3,North Andover,MA,01845,2,1,2,3,3,21,14460,1,18,42.668344,-71.124216,Essex County,25009
166869,MGH Institute of Health Professions,28,-2,Boston,MA,02129-4557,2,1,2,2,2,11,14460,1,26,42.375018,-71.054002,Suffolk County,25025
166887,Middlesex Community College,11,2,Bedford,MA,01730-9124,4,2,1,3,3,21,14460,1,2,42.524328,-71.274931,Middlesex County,25017
166911,Montserrat College of Art,23,2,Beverly,MA,01915-4508,2,1,2,1,1,21,14460,1,22,42.550212,-70.876131,Essex County,25009
166939,Mount Holyoke College,22,3,South Hadley,MA,01075-1489,2,1,2,2,2,21,11200,1,21,42.25489,-72.573916,Hampshire County,25015
166957,Mount Wachusett Community College,11,2,Gardner,MA,01440-1000,4,2,1,2,3,22,49340,1,7,42.593142,-71.984148,Worcester County,25027
167039,Rob Roy Academy-New Bedford,-2,-2,New Bedford,MA,02746-2114,9,3,3,1,-2,22,39300,1,-2,41.671921,-70.925187,Bristol County,25005
167057,The New England Conservatory of Music,23,1,Boston,MA,02115-5018,2,1,2,1,2,11,14460,1,30,42.340946,-71.08629,Suffolk County,25025
167093,New England College of Optometry,29,-2,Boston,MA,02115,2,1,2,1,2,11,14460,1,26,42.351853,-71.086829,Suffolk County,25025
167215,New England Law-Boston,26,-2,Boston,MA,02116,2,1,2,2,2,11,14460,1,31,42.350833,-71.0665,Suffolk County,25025
167260,Nichols College,24,4,Dudley,MA,01571-5000,2,1,2,2,2,21,49340,1,19,42.044033,-71.930283,Worcester County,25027
167288,Massachusetts College of Liberal Arts,22,4,North Adams,MA,01247-4100,1,1,1,1,2,31,38340,1,21,42.691361,-73.102817,Berkshire County,25003
167297,North Bennet Street School,-2,-2,Boston,MA,02109,5,2,2,1,-2,11,14460,1,-2,42.36279,-71.05452,Suffolk County,25025
167312,North Shore Community College,11,2,Danvers,MA,01923-0840,4,2,1,3,3,21,14460,1,4,42.590103,-70.968044,Essex County,25009
167358,Northeastern University,6,5,Boston,MA,02115-5005,2,1,2,5,4,11,14460,1,15,42.339992,-71.088782,Suffolk County,25025
167376,Northern Essex Community College,11,2,Haverhill,MA,01830-2399,4,2,1,2,3,21,14460,1,4,42.796634,-71.04904,Essex County,25009
167394,College of Our Lady of the Elms,20,4,Chicopee,MA,01013,2,1,2,2,2,21,44140,1,19,42.141781,-72.60154,Hampden County,25013
167464,Pope St John XXIII National Seminary,31,-2,Weston,MA,02493-2699,2,1,2,1,1,21,14460,1,24,42.339408,-71.311059,Middlesex County,25017
167525,Quincy College,11,2,Quincy,MA,02169,1,1,1,2,3,21,14460,1,3,42.252416,-71.003476,Norfolk County,25021
167534,Quinsigamond Community College,11,4,Worcester,MA,01606-2092,4,2,1,3,3,12,49340,1,4,42.31379,-71.79503,Worcester County,25027
167598,Regis College,28,4,Weston,MA,02493-1571,2,1,2,2,3,21,14460,1,18,42.351291,-71.310561,Middlesex County,25017
167631,Roxbury Community College,12,4,Roxbury Crossing,MA,02120-3400,4,2,1,2,2,11,14460,1,1,42.329249,-71.09549,Suffolk County,25025
167677,Saint John's Seminary,31,-2,Brighton,MA,02135-3846,2,1,2,1,1,11,14460,1,24,42.344146,-71.161998,Suffolk County,25025
167729,Salem State University,19,4,Salem,MA,01970,1,1,1,3,3,21,14460,1,18,42.503575,-70.890234,Essex County,25009
167783,Simmons University,17,4,Boston,MA,02115-5898,2,1,2,2,3,11,14460,1,17,42.3393,-71.099967,Suffolk County,25025
167792,Bard College at Simon's Rock,4,1,Great Barrington,MA,01230-9702,2,1,2,1,1,42,38340,1,23,42.208803,-73.379201,Berkshire County,25003
167835,Smith College,22,3,Northampton,MA,01063,2,1,2,2,2,13,11200,1,21,42.318111,-72.638097,Hampshire County,25015
167871,Southeastern Technical Institute,-2,-2,South Easton,MA,02375,7,3,1,1,-2,21,39300,1,-2,42.010312,-71.081227,Bristol County,25005
167899,Springfield College,18,3,Springfield,MA,01109-3739,2,1,2,2,2,12,44140,1,17,42.1022,-72.556647,Hampden County,25013
167905,Springfield Technical Community College,11,4,Springfield,MA,01105-1296,4,2,1,3,3,12,44140,1,7,42.108827,-72.578514,Hampden County,25013
167987,University of Massachusetts-Dartmouth,7,6,North Dartmouth,MA,02747-2300,1,1,1,3,3,22,39300,1,16,41.62869,-71.004552,Bristol County,25005
167996,Stonehill College,22,5,Easton,MA,02357-6110,2,1,2,2,2,21,39300,1,21,42.05905,-71.080632,Bristol County,25005
168005,Suffolk University,17,4,Boston,MA,02108-3901,2,1,2,3,3,11,14460,1,17,42.357945,-71.060917,Suffolk County,25025
168032,Rob Roy Academy-Taunton,-2,-2,Taunton,MA,02780-3212,9,3,3,1,-2,21,39300,1,-2,41.901945,-71.091966,Bristol County,25005
168148,Tufts University,7,5,Medford,MA,02155-5555,2,1,2,4,3,21,14460,1,15,42.40855,-71.118293,Middlesex County,25017
168218,Wellesley College,22,5,Wellesley,MA,02481-8203,2,1,2,2,2,21,14460,1,21,42.291554,-71.306605,Norfolk County,25021
168227,Wentworth Institute of Technology,30,6,Boston,MA,02115,2,1,2,2,3,11,14460,1,20,42.336632,-71.094983,Suffolk County,25025
168254,Western New England University,8,5,Springfield,MA,01119-2684,2,1,2,2,2,12,44140,1,17,42.115017,-72.520466,Hampden County,25013
168263,Westfield State University,9,4,Westfield,MA,01086-1630,1,1,1,2,3,21,44140,1,18,42.132698,-72.796503,Hampden County,25013
168281,Wheaton College (Massachusetts),22,3,Norton,MA,02766-2322,2,1,2,2,2,21,39300,1,21,41.966637,-71.183979,Bristol County,25005
168342,Williams College,22,5,Williamstown,MA,01267,2,1,2,2,2,31,38340,1,21,42.712725,-73.203132,Berkshire County,25003
168421,Worcester Polytechnic Institute,30,5,Worcester,MA,01609-2280,2,1,2,3,3,12,49340,1,16,42.274853,-71.808339,Worcester County,25027
168430,Worcester State University,9,4,Worcester,MA,01602-2597,1,1,1,3,3,12,49340,1,18,42.267526,-71.844018,Worcester County,25027
168528,Adrian College,15,3,Adrian,MI,49221-2575,2,1,2,2,2,32,10300,2,22,41.898591,-84.061481,Lenawee County,26091
168546,Albion College,22,6,Albion,MI,49224,2,1,2,2,2,32,12980,1,21,42.245049,-84.745639,Calhoun County,26025
168555,Hillsdale Beauty College,-2,-2,Hillsdale,MI,49242,9,3,3,1,-2,32,25880,2,-2,41.918718,-84.631429,Hillsdale County,26059
168573,Northwestern Technological Institute,-2,-2,Southfield,MI,48075,9,3,3,1,-2,13,19820,1,-2,42.4721,-83.238868,Oakland County,26125
168591,Alma College,5,3,Alma,MI,48801-1599,2,1,2,2,2,32,10940,2,22,43.38004,-84.672053,Gratiot County,26057
168607,Alpena Community College,12,6,Alpena,MI,49707,1,1,1,2,2,33,10980,2,14,45.081647,-83.445069,Alpena County,26007
168740,Andrews University,7,4,Berrien Springs,MI,49104,2,1,2,2,3,31,35660,1,17,41.963859,-86.355815,Berrien County,26021
168786,Aquinas College,15,3,Grand Rapids,MI,49506-1801,2,1,2,2,2,12,24340,1,21,42.96019,-85.628785,Kent County,26081
168847,Baker College,14,4,Owosso,MI,48867-8956,2,1,2,2,3,32,37020,2,19,42.984804,-84.172404,Shiawassee County,26155
168883,Bay de Noc Community College,12,4,Escanaba,MI,49829-2511,4,2,1,2,2,33,21540,2,5,45.772586,-87.085228,Delta County,26041
168892,Bayshire Academy of Beauty Craft Inc,-2,-2,Bay City,MI,48708-5614,9,3,3,1,-2,13,13020,1,-2,43.599758,-83.88895,Bay County,26017
169080,Calvin University,5,3,Grand Rapids,MI,49546,2,1,2,2,2,12,24340,1,20,42.929916,-85.587548,Kent County,26081
169099,Calvin Theological Seminary,31,-2,Grand Rapids,MI,49546-4387,2,1,2,1,1,12,24340,1,24,42.927951,-85.586439,Kent County,26081
169187,Carnegie Institute,-2,-2,Troy,MI,48083,6,2,3,1,-2,13,19820,1,-2,42.53889,-83.118801,Oakland County,26125
169220,Michigan School of Psychology,25,-2,Farmington Hills,MI,48334-4512,2,1,2,1,1,13,19820,1,26,42.491427,-83.359575,Oakland County,26125
169248,Central Michigan University,17,6,Mount Pleasant,MI,48859,1,1,1,4,3,32,34380,2,16,43.591203,-84.77525,Isabella County,26073
169275,Mott Community College,2,4,Flint,MI,48503-2089,4,2,1,3,3,13,22420,1,1,43.019941,-83.67243,Genesee County,26049
169284,Empire Beauty School-Michigan,-2,-2,Grand Rapids,MI,49544,9,3,3,1,-2,21,24340,1,-2,43.028642,-85.691067,Kent County,26081
169327,Cleary University,24,6,Howell,MI,48843,2,1,2,2,2,22,19820,1,29,42.586638,-83.879987,Livingston County,26093
169363,Concordia University Ann Arbor,15,5,Ann Arbor,MI,48105,2,1,2,2,2,12,11460,1,20,42.273157,-83.68268,Washtenaw County,26161
169424,Cranbrook Academy of Art,23,-2,Bloomfield Hills,MI,48304,2,1,2,1,1,21,19820,1,30,42.568904,-83.250681,Oakland County,26125
169442,College for Creative Studies,23,6,Detroit,MI,48202,2,1,2,2,2,11,19820,1,30,42.361839,-83.062352,Wayne County,26163
169479,Davenport University,19,4,Grand Rapids,MI,49512-9396,2,1,2,2,3,21,24340,1,18,42.850013,-85.533519,Kent County,26081
169503,David Pressley School of Cosmetology,-2,-2,Royal Oak,MI,48067-3219,9,3,3,1,-2,21,19820,1,-2,42.479729,-83.146008,Oakland County,26125
169521,Delta College,11,4,University Center,MI,48710,4,2,1,3,3,41,13020,1,1,43.559491,-83.985943,Bay County,26017
169576,Detroit Business Institute-Downriver,-2,-2,Riverview,MI,48193,9,3,3,1,-2,21,19820,1,-2,42.168682,-83.191212,Wayne County,26163
169655,Universal Technical Institute-Canton,21,6,Canton,MI,48188,6,2,3,2,2,21,19820,1,11,42.286324,-83.445507,Wayne County,26163
169716,University of Detroit Mercy,17,6,Detroit,MI,48221-3038,2,1,2,3,3,11,19820,1,17,42.414222,-83.139158,Wayne County,26163
169761,Dorsey College,-2,-2,Madison Heights,MI,48071,6,2,3,1,-2,21,19820,1,-2,42.525318,-83.107631,Oakland County,26125
169798,Eastern Michigan University,19,4,Ypsilanti,MI,48197,1,1,1,4,3,21,11460,1,16,42.251675,-83.627443,Washtenaw County,26161
169813,Creative Hair School of Cosmetology,-2,-2,Flint,MI,48507,9,3,3,1,-2,21,22420,1,-2,42.980416,-83.757927,Genesee County,26049
169910,Ferris State University,17,6,Big Rapids,MI,49307-2251,1,1,1,3,3,33,13660,2,17,43.687724,-85.481925,Mecosta County,26107
169974,Glen Oaks Community College,3,4,Centreville,MI,49032-9719,4,2,1,2,2,42,44780,2,6,41.892504,-85.496929,St. Joseph County,26149
169983,Kettering University,30,5,Flint,MI,48504-6214,2,1,2,2,2,13,22420,1,19,43.012468,-83.71282,Genesee County,26049
169992,Gogebic Community College,12,4,Ironwood,MI,49938,4,2,1,1,2,33,-2,-2,7,46.471893,-90.165592,Gogebic County,26053
170000,Grace Christian University,15,4,Wyoming,MI,49509,2,1,2,2,2,13,24340,1,22,42.919541,-85.692077,Kent County,26081
170037,Cornerstone University,20,3,Grand Rapids,MI,49525-5897,2,1,2,2,2,12,24340,1,18,42.979966,-85.595328,Kent County,26081
170055,Grand Rapids Community College,2,2,Grand Rapids,MI,49503-3295,4,2,1,4,3,12,24340,1,4,42.967076,-85.665625,Kent County,26081
170082,Grand Valley State University,19,3,Allendale,MI,49401-9403,1,1,1,5,4,31,24340,1,17,42.963001,-85.889826,Ottawa County,26139
170091,Great Lakes Christian College,31,-2,Lansing,MI,48917-1299,2,1,2,1,1,21,29620,1,22,42.754249,-84.638714,Eaton County,26045
170240,Henry Ford College,11,2,Dearborn,MI,48128-1495,1,1,1,4,3,12,19820,1,14,42.324639,-83.236056,Wayne County,26163
170286,Hillsdale College,22,-2,Hillsdale,MI,49242,2,1,2,2,2,32,25880,2,21,41.933682,-84.633195,Hillsdale County,26059
170301,Hope College,5,3,Holland,MI,49423-9000,2,1,2,2,2,13,24340,1,21,42.787247,-86.100971,Ottawa County,26139
170444,Jackson College,11,4,Jackson,MI,49201-8399,1,1,1,3,3,41,27100,1,14,42.16483,-84.403942,Jackson County,26075
170532,Kalamazoo College,22,5,Kalamazoo,MI,49006-3295,2,1,2,2,2,13,28020,1,21,42.290789,-85.601857,Kalamazoo County,26077
170541,Kalamazoo Valley Community College,2,4,Kalamazoo,MI,49003-4070,4,2,1,3,3,22,28020,1,2,42.225948,-85.682144,Kalamazoo County,26077
170550,Kellogg Community College,11,3,Battle Creek,MI,49017-3397,4,2,1,2,3,13,12980,1,9,42.335638,-85.177329,Calhoun County,26025
170587,Kirtland Community College,12,4,Grayling,MI,49738,4,2,1,2,2,42,-2,-2,9,44.601785,-84.706254,Crawford County,26039
170611,Michigan College of Beauty-Monroe,-2,-2,Monroe,MI,48161,9,3,3,1,-2,23,33780,1,-2,41.907014,-83.407005,Monroe County,26115
170620,Lake Michigan College,2,4,Benton Harbor,MI,49022-1899,4,2,1,2,3,41,35660,1,14,42.097276,-86.393445,Berrien County,26021
170639,Lake Superior State University,15,5,Sault Ste Marie,MI,49783,1,1,1,2,2,33,42300,2,22,46.492849,-84.365573,Chippewa County,26033
170657,Lansing Community College,11,4,Lansing,MI,48933,4,2,1,3,3,12,29620,1,4,42.738435,-84.55157,Ingham County,26065
170675,Lawrence Technological University,30,5,Southfield,MI,48075-1058,2,1,2,2,2,13,19820,1,18,42.474072,-83.25003,Oakland County,26125
170736,M J Murphy Beauty College of Mount Pleasant,-2,-2,Mount Pleasant,MI,48858,9,3,3,1,-2,32,34380,2,-2,43.60429,-84.777927,Isabella County,26073
170790,Macomb Community College,1,4,Warren,MI,48088-3896,4,2,1,4,4,12,19820,1,4,42.50599,-82.972377,Macomb County,26099
170806,Madonna University,15,6,Livonia,MI,48150-1176,2,1,2,2,2,13,19820,1,19,42.384323,-83.404722,Wayne County,26163
170967,Rochester University,15,4,Rochester Hills,MI,48307,2,1,2,2,2,21,19820,1,22,42.667521,-83.144959,Oakland County,26125
170976,University of Michigan-Ann Arbor,6,5,Ann Arbor,MI,48109,1,1,1,5,5,12,11460,1,15,42.278374,-83.73481,Washtenaw County,26161
171012,The Michigan Barber School,-2,-2,Detroit,MI,48204-2244,5,2,2,1,-2,11,19820,1,-2,42.365023,-83.128883,Wayne County,26163
171100,Michigan State University,6,5,East Lansing,MI,48824-1046,1,1,1,5,5,13,29620,1,15,42.73212,-84.476111,Ingham County,26065
171128,Michigan Technological University,30,5,Houghton,MI,49931-1295,1,1,1,3,3,33,26340,2,16,47.11866,-88.548092,Houghton County,26061
171137,University of Michigan-Dearborn,9,6,Dearborn,MI,48128-1491,1,1,1,3,3,12,19820,1,18,42.317287,-83.231417,Wayne County,26163
171146,University of Michigan-Flint,17,6,Flint,MI,48502-1950,1,1,1,3,3,13,22420,1,17,43.01875,-83.690276,Genesee County,26049
171155,Mid Michigan College,12,4,Harrison,MI,48625-9447,4,2,1,2,2,41,-2,-2,5,43.969586,-84.763715,Clare County,26035
171225,Monroe County Community College,12,4,Monroe,MI,48161-9746,4,2,1,2,2,41,33780,1,5,41.91617,-83.470274,Monroe County,26115
171234,Montcalm Community College,12,2,Sidney,MI,48885-9723,4,2,1,2,2,42,24340,1,4,43.253191,-85.100181,Montcalm County,26117
171304,Muskegon Community College,2,4,Muskegon,MI,49442-1432,4,2,1,2,3,13,34740,1,5,43.250329,-86.196384,Muskegon County,26121
171395,North Central Michigan College,3,4,Petoskey,MI,49770,4,2,1,2,2,33,37950,2,3,45.361727,-84.954183,Emmet County,26047
171456,Northern Michigan University,14,3,Marquette,MI,49855-5301,1,1,1,3,3,33,32100,2,19,46.559751,-87.406568,Marquette County,26103
171483,Northwestern Michigan College,3,4,Traverse City,MI,49686,1,1,1,2,2,13,45900,1,14,44.765436,-85.585517,Grand Traverse County,26055
171492,Northwood University,24,5,Midland,MI,48640-2398,2,1,2,2,2,13,33220,1,29,43.628717,-84.27682,Midland County,26111
171535,Oakland Community College,11,2,Auburn Hills,MI,48326-2845,4,2,1,4,4,21,19820,1,2,42.646226,-83.224283,Oakland County,26125
171571,Oakland University,17,3,Rochester Hills,MI,48309-4401,1,1,1,4,3,21,19820,1,16,42.674573,-83.216418,Oakland County,26125
171599,The University of Olivet,15,4,Olivet,MI,49076,2,1,2,1,2,42,29620,1,22,42.442891,-84.923891,Eaton County,26045
171775,Port Huron Cosmetology College,-2,-2,Waterford,MI,48329,9,3,3,1,-2,21,19820,1,-2,42.700677,-83.398624,Oakland County,26125
171881,Kuyper College,15,4,Grand Rapids,MI,49525-9781,2,1,2,1,1,21,24340,1,22,43.02195,-85.592657,Kent County,26081
171988,Ross Medical Education Center-Lansing,-2,-2,Lansing,MI,48917-2108,9,3,3,1,-2,21,29620,1,-2,42.741855,-84.605807,Eaton County,26045
171997,Ross Medical Education Center-Warren,-2,-2,Warren,MI,48092-4141,9,3,3,1,-2,12,19820,1,-2,42.506481,-83.065785,Macomb County,26099
172015,Ross Medical Education Center-Flint,-2,-2,Flint,MI,48507-1234,9,3,3,1,-2,21,22420,1,-2,42.986442,-83.751751,Genesee County,26049
172033,Sacred Heart Major Seminary,31,-2,Detroit,MI,48206-1799,2,1,2,1,2,11,19820,1,21,42.375248,-83.111682,Wayne County,26163
172051,Saginaw Valley State University,19,3,University Center,MI,48710,1,1,1,3,3,22,40980,1,18,43.51176,-83.964273,Saginaw County,26145
172200,Schoolcraft Community College District,11,4,Livonia,MI,48152-2696,1,1,1,3,3,13,19820,1,14,42.419279,-83.430958,Wayne County,26163
172264,Siena Heights University,15,6,Adrian,MI,49221,2,1,2,2,2,32,10300,2,19,41.905624,-84.018841,Lenawee County,26091
172291,St Clair County Community College,2,1,Port Huron,MI,48061-5015,4,2,1,2,3,23,19820,1,2,42.979494,-82.428717,St. Clair County,26147
172307,Southwestern Michigan College,12,4,Dowagiac,MI,49047-9793,4,2,1,2,2,41,43780,1,4,41.965095,-86.082715,Cass County,26027
172334,Spring Arbor University,20,3,Spring Arbor,MI,49283-9799,2,1,2,2,2,41,27100,1,18,42.206568,-84.556074,Jackson County,26075
172422,Michigan Career and Technical Institute,-2,-2,Plainwell,MI,49080-9254,7,3,1,1,-2,42,24340,1,-2,42.504599,-85.517049,Barry County,26015
172477,Thomas M Cooley Law School,26,-2,Lansing,MI,48933,2,1,2,1,2,12,29620,1,31,42.731,-84.554429,Ingham County,26065
172495,Twin City Beauty College,-2,-2,Saint Joseph,MI,49085,9,3,3,1,-2,23,35660,1,-2,42.071099,-86.47655,Berrien County,26021
172608,Walsh College,24,-2,Troy,MI,48083-5066,2,1,2,1,2,13,19820,1,29,42.573888,-83.147197,Oakland County,26125
172617,Washtenaw Community College,11,4,Ann Arbor,MI,48105-4800,4,2,1,4,3,21,11460,1,3,42.26361,-83.66559,Washtenaw County,26161
172635,Wayne County Community College District,2,2,Detroit,MI,48226,4,2,1,4,3,11,19820,1,3,42.327299,-83.054497,Wayne County,26163
172644,Wayne State University,16,4,Detroit,MI,48202,1,1,1,5,4,11,19820,1,15,42.358994,-83.068998,Wayne County,26163
172671,West Shore Community College,3,4,Scottville,MI,49454-0277,4,2,1,2,2,42,31220,2,6,44.008512,-86.336122,Mason County,26105
172680,Paul Mitchell the School-Grand Rapids,-2,-2,Kentwood,MI,49512-1781,9,3,3,1,-2,13,24340,1,-2,42.910707,-85.596605,Kent County,26081
172699,Western Michigan University,16,3,Kalamazoo,MI,49008-5200,1,1,1,4,4,13,28020,1,16,42.282194,-85.613759,Kalamazoo County,26077
172705,Western Theological Seminary,31,-2,Holland,MI,49423-3622,2,1,2,1,1,13,24340,1,24,42.786246,-86.10324,Ottawa County,26139
172866,Academy College,15,4,Bloomington,MN,55431-1411,3,1,3,1,1,13,33460,1,28,44.855722,-93.299809,Hennepin County,27053
172918,Alexandria Technical & Community College,12,4,Alexandria,MN,56308,4,2,1,2,2,33,10820,2,9,45.873107,-95.372369,Douglas County,27041
172954,Anoka Technical College,21,2,Anoka,MN,55303,4,2,1,2,2,21,33460,1,7,45.216709,-93.416087,Anoka County,27003
172963,Anoka-Ramsey Community College,2,2,Coon Rapids,MN,55433-3470,4,2,1,3,3,21,33460,1,3,45.172978,-93.351697,Anoka County,27003
173045,Augsburg University,18,4,Minneapolis,MN,55454,2,1,2,2,2,11,33460,1,18,44.966307,-93.240436,Hennepin County,27053
173063,Riverland Community College,2,2,Austin,MN,55912-1473,4,2,1,2,3,32,12380,2,6,43.676271,-92.995626,Mower County,27099
173115,Northwest Technical College,28,4,Bemidji,MN,56601-4907,4,2,1,1,2,33,13420,2,9,47.452652,-94.853974,Beltrami County,27007
173124,Bemidji State University,14,3,Bemidji,MN,56601,1,1,1,2,3,33,13420,2,20,47.482341,-94.874119,Beltrami County,27007
173142,Bethany Lutheran College,5,4,Mankato,MN,56001,2,1,2,1,2,13,31860,1,21,44.166649,-93.990805,Blue Earth County,27013
173160,Bethel University,17,4,Saint Paul,MN,55112,2,1,2,2,3,21,33460,1,17,45.057655,-93.161663,Ramsey County,27123
173203,Central Lakes College-Brainerd,2,4,Brainerd,MN,56401-3900,4,2,1,2,3,33,14660,2,6,46.345969,-94.216495,Crow Wing County,27035
173258,Carleton College,22,5,Northfield,MN,55057,2,1,2,2,2,32,22060,2,21,44.462318,-93.154666,Rice County,27131
173300,Concordia College at Moorhead,5,3,Moorhead,MN,56562,2,1,2,2,2,22,22020,1,21,46.862482,-96.76749,Clay County,27027
173328,Concordia University-Saint Paul,17,4,Saint Paul,MN,55104-5494,2,1,2,3,3,11,33460,1,18,44.949759,-93.154861,Ramsey County,27123
173416,Dakota County Technical College,21,4,Rosemount,MN,55068-2999,4,2,1,2,2,41,33460,1,7,44.737255,-93.07805,Dakota County,27037
173452,Martin Luther College,15,3,New Ulm,MN,56073-3965,2,1,2,1,2,32,35580,2,32,44.30526,-94.472326,Brown County,27015
173461,Lake Superior College,11,4,Duluth,MN,55811-3399,4,2,1,2,3,13,20260,1,9,46.78455,-92.145151,St. Louis County,27137
173559,Minnesota State Community and Technical College,11,4,Fergus Falls,MN,56537-1000,4,2,1,3,3,41,22260,2,8,46.289194,-96.097321,Otter Tail County,27111
173638,Minnesota West Community and Technical College,11,4,Granite Falls,MN,56241,4,2,1,2,3,43,-2,-2,9,44.80755,-95.56172,Yellow Medicine County,27173
173647,Gustavus Adolphus College,22,3,Saint Peter,MN,56082-1498,2,1,2,2,2,31,31860,1,21,44.323626,-93.972196,Nicollet County,27103
173665,Hamline University,10,4,Saint Paul,MN,55104-1284,2,1,2,2,2,11,33460,1,18,44.966246,-93.164479,Ramsey County,27123
173683,Hazelden Betty Ford Graduate School,29,-2,Center City,MN,55012-0011,2,1,2,1,1,41,33460,1,26,45.375319,-92.805285,Chisago County,27025
173708,Hennepin Technical College,21,4,Brooklyn Park,MN,55445,4,2,1,2,3,21,33460,1,8,45.096534,-93.397759,Hennepin County,27053
173735,Minnesota North College,3,4,Hibbing,MN,55746,4,2,1,2,2,33,20260,1,8,47.422361,-92.921698,St. Louis County,27137
173744,Aveda Arts & Sciences Institute Minneapolis,-2,-2,Minneapolis,MN,55414,9,3,3,1,-2,11,33460,1,-2,44.987972,-93.253555,Hennepin County,27053
173799,Inver Hills Community College,2,4,Inver Grove Heights,MN,55076-3224,4,2,1,2,3,21,33460,1,3,44.828599,-93.055255,Dakota County,27037
173896,Luther Seminary,31,-2,Saint Paul,MN,55108,2,1,2,1,1,11,33460,1,24,44.984629,-93.196422,Ramsey County,27123
173902,Macalester College,22,3,Saint Paul,MN,55105-1899,2,1,2,2,2,11,33460,1,21,44.938565,-93.168053,Ramsey County,27123
173911,South Central College,11,4,North Mankato,MN,56003-1920,4,2,1,2,3,23,31860,1,8,44.174319,-94.047428,Nicollet County,27103
173920,Minnesota State University-Mankato,19,4,Mankato,MN,56001,1,1,1,4,3,13,31860,1,18,44.146712,-93.99945,Blue Earth County,27013
173957,Mayo Clinic College of Medicine and Science,27,-2,Rochester,MN,55905,2,1,2,2,2,12,40340,1,27,44.02215,-92.466428,Olmsted County,27109
174020,Metropolitan State University,19,4,Saint Paul,MN,55106-5000,1,1,1,3,3,11,33460,1,19,44.957256,-93.074361,Ramsey County,27123
174066,University of Minnesota-Twin Cities,6,4,Minneapolis,MN,55455-0213,1,1,1,5,5,11,33460,1,15,44.972851,-93.235464,Hennepin County,27053
174075,University of Minnesota-Crookston,15,4,Crookston,MN,56716-5001,1,1,1,2,2,32,24220,1,22,47.802536,-96.606188,Polk County,27119
174127,Minneapolis College of Art and Design,23,2,Minneapolis,MN,55404,2,1,2,1,2,11,33460,1,30,44.956988,-93.274705,Hennepin County,27053
174136,Minneapolis Community and Technical College,11,2,Minneapolis,MN,55403-1779,4,2,1,3,3,11,33460,1,5,44.972679,-93.284507,Hennepin County,27053
174154,Herzing University-Minneapolis,28,2,St. Louis Park,MN,55426,2,1,2,1,2,13,33460,1,26,44.975225,-93.404863,Hennepin County,27053
174190,Nova Academy of Cosmetology Woodbury,-2,-2,WOODBURY,MN,55125,9,3,3,1,-2,21,33460,1,-2,44.924692,-92.973998,Washington County,27163
174233,University of Minnesota-Duluth,9,6,Duluth,MN,55812,1,1,1,3,3,13,20260,1,18,46.817126,-92.084385,St. Louis County,27137
174251,University of Minnesota-Morris,22,4,Morris,MN,56267,1,1,1,1,2,33,-2,-2,21,45.589775,-95.899729,Stevens County,27149
174321,Model College of Hair Design,-2,-2,Saint Cloud,MN,56301-4332,9,3,3,1,-2,13,41060,1,-2,45.55773,-94.159447,Stearns County,27145
174358,Minnesota State University Moorhead,19,4,Moorhead,MN,56563,1,1,1,2,3,22,22020,1,18,46.867153,-96.759532,Clay County,27027
174376,North Hennepin Community College,2,4,Brooklyn Park,MN,55445,4,2,1,3,3,21,33460,1,3,45.106937,-93.374536,Hennepin County,27053
174428,Normandale Community College,2,4,Bloomington,MN,55431-4399,4,2,1,4,3,13,33460,1,3,44.829706,-93.331673,Hennepin County,27053
174437,North Central University,15,4,Minneapolis,MN,55404-1391,2,1,2,1,2,11,33460,1,22,44.968625,-93.261511,Hennepin County,27053
174473,Northland Community and Technical College,12,4,Thief River Falls,MN,56701,4,2,1,2,2,33,-2,-2,8,48.124969,-96.162366,Pennington County,27113
174491,University of Northwestern-St Paul,5,4,Saint Paul,MN,55113-1598,2,1,2,2,2,21,33460,1,20,45.033703,-93.167822,Ramsey County,27123
174507,Northwestern Health Sciences University,29,4,Bloomington,MN,55431,2,1,2,2,2,13,33460,1,26,44.850963,-93.311222,Hennepin County,27053
174525,Oak Hills Christian College,31,-2,Bemidji,MN,56601-8834,2,1,2,1,1,41,13420,2,22,47.425836,-94.901503,Beltrami County,27007
174570,Pine Technical & Community College,12,4,Pine City,MN,55063,4,2,1,2,2,43,-2,-2,9,45.818667,-92.968283,Pine County,27115
174738,Rochester Community and Technical College,11,2,Rochester,MN,55904-4999,4,2,1,3,3,12,40340,1,5,44.014488,-92.42321,Olmsted County,27109
174747,College of Saint Benedict,22,3,Saint Joseph,MN,56374,2,1,2,2,2,22,41060,1,21,45.561792,-94.319888,Stearns County,27145
174756,St Cloud Technical and Community College,11,4,Saint Cloud,MN,56303-1240,4,2,1,2,3,13,41060,1,7,45.579065,-94.175841,Stearns County,27145
174783,Saint Cloud State University,9,4,Saint Cloud,MN,56301-4498,1,1,1,4,3,13,41060,1,18,45.553227,-94.152657,Stearns County,27145
174792,Saint Johns University,5,5,Collegeville,MN,56321,2,1,2,2,2,41,41060,1,21,45.580075,-94.393621,Stearns County,27145
174817,Saint Mary's University of Minnesota,17,4,Winona,MN,55987-1399,2,1,2,2,3,32,49100,2,17,44.044736,-91.695449,Winona County,27169
174844,St Olaf College,22,3,Northfield,MN,55057-1098,2,1,2,2,2,32,22060,2,21,44.461529,-93.182039,Rice County,27131
174862,Crown College,20,4,Saint Bonifacius,MN,55375-9001,2,1,2,2,2,41,33460,1,19,44.885393,-93.743019,Carver County,27019
174899,The College of Saint Scholastica,17,3,Duluth,MN,55811-4199,2,1,2,2,3,13,20260,1,17,46.816082,-92.106134,St. Louis County,27137
174914,University of St Thomas,7,6,Saint Paul,MN,55105-1078,2,1,2,3,3,11,33460,1,17,44.943439,-93.188986,Ramsey County,27123
174978,Empire Beauty School-Bloomington,-2,-2,Bloomington,MN,55420-4232,9,3,3,1,-2,13,33460,1,-2,44.82746,-93.287367,Hennepin County,27053
175005,St Catherine University,29,6,Saint Paul,MN,55105,2,1,2,2,3,11,33460,1,17,44.924926,-93.183761,Ramsey County,27123
175014,Rasmussen University-Minnesota,28,4,St. Cloud,MN,56301-3713,3,1,3,3,3,13,41060,1,23,45.548117,-94.206254,Stearns County,27145
175041,Saint Paul College,2,2,Saint Paul,MN,55102-9808,4,2,1,3,3,11,33460,1,5,44.949186,-93.109646,Ramsey County,27123
175078,Southwest Minnesota State University,19,4,Marshall,MN,56258-5468,1,1,1,3,3,33,32140,2,18,44.45373,-95.759548,Lyon County,27083
175120,Summit Academy Opportunities Industrialization Center,-2,-2,Minneapolis,MN,55405,8,3,2,1,-2,11,33460,1,-2,44.983569,-93.292776,Hennepin County,27053
175139,United Theological Seminary of the Twin Cities,31,-2,St. Paul,MN,55114,2,1,2,1,1,11,33460,1,24,44.962913,-93.203624,Ramsey County,27123
175227,Dunwoody College of Technology,21,4,Minneapolis,MN,55403-1192,2,1,2,2,2,11,33460,1,23,44.97281,-93.290608,Hennepin County,27053
175236,Ridgewater College,12,4,Willmar,MN,56201,4,2,1,2,2,33,48820,2,8,45.138313,-95.07305,Kandiyohi County,27067
175263,Minnesota State College Southeast,12,4,Winona,MN,55987,4,2,1,2,2,32,49100,2,9,44.024554,-91.618318,Winona County,27169
175272,Winona State University,19,4,Winona,MN,55987-5838,1,1,1,3,3,32,49100,2,19,44.046159,-91.643723,Winona County,27169
175281,Mitchell Hamline School of Law,26,-2,Saint Paul,MN,55105-3076,2,1,2,2,2,11,33460,1,31,44.94202,-93.138224,Ramsey County,27123
175315,Century College,11,2,White Bear Lake,MN,55110,4,2,1,3,3,21,33460,1,5,45.041823,-92.982105,Washington County,27163
175342,Alcorn State University,22,6,Alcorn State,MS,39096-7500,1,1,1,2,2,43,-2,-2,20,31.877216,-91.142854,Claiborne County,28021
175421,Belhaven University,17,4,Jackson,MS,39202,2,1,2,2,3,12,27140,1,17,32.318415,-90.169228,Hinds County,28049
175430,Blue Mountain Christian University,15,3,Blue Mountain,MS,38610,2,1,2,1,2,42,-2,-2,22,34.67209,-89.02924,Tippah County,28139
175494,Chris Beauty College,-2,-2,Gulfport,MS,39501,9,3,3,1,-2,13,25060,1,-2,30.382294,-89.077391,Harrison County,28047
175519,Coahoma Community College,12,4,Clarksdale,MS,38614,4,2,1,2,2,41,17260,2,7,34.254417,-90.568469,Coahoma County,28027
175573,Copiah-Lincoln Community College,12,2,Wesson,MS,39191,4,2,1,2,2,42,27140,1,4,31.69272,-90.400234,Copiah County,28029
175616,Delta State University,20,3,Cleveland,MS,38733,1,1,1,2,2,33,17380,2,18,33.744745,-90.735365,Bolivar County,28011
175643,East Central Community College,3,4,Decatur,MS,39327-0129,4,2,1,2,2,43,-2,-2,4,32.441164,-89.113706,Newton County,28101
175652,East Mississippi Community College,11,4,Scooba,MS,39358-0158,4,2,1,2,3,43,-2,-2,7,32.830246,-88.483516,Kemper County,28069
175698,Fosters Cosmetology College,-2,-2,Ripley,MS,38663-0066,9,3,3,1,-2,43,-2,-2,-2,34.755677,-88.942133,Tippah County,28139
175722,Academy of Hair Design-Grenada,-2,-2,Grenada,MS,38901,9,3,3,1,-2,41,24980,2,-2,33.775198,-89.825313,Grenada County,28043
175786,Hinds Community College,2,2,Raymond,MS,39154,4,2,1,3,3,42,27140,1,8,32.256109,-90.416118,Hinds County,28049
175810,Holmes Community College,11,2,Goodman,MS,39079,4,2,1,3,3,43,27140,1,8,32.969985,-89.915803,Holmes County,28051
175829,Itawamba Community College,11,4,Fulton,MS,38843-1099,4,2,1,3,3,43,46180,2,4,34.276519,-88.412073,Itawamba County,28057
175856,Jackson State University,7,4,Jackson,MS,39217,1,1,1,3,3,12,27140,1,16,32.296105,-90.207405,Hinds County,28049
175883,Jones County Junior College,2,4,Ellisville,MS,39437,4,2,1,2,3,32,29860,2,4,31.596936,-89.200895,Jones County,28067
175935,Meridian Community College,11,4,Meridian,MS,39307-5801,4,2,1,2,3,33,32940,2,8,32.367355,-88.732823,Lauderdale County,28075
175980,Millsaps College,22,5,Jackson,MS,39210,2,1,2,1,2,12,27140,1,21,32.322746,-90.179957,Hinds County,28049
175999,Board of Trustees-Mississippi State Institutions of Higher Learning,-2,-2,Jackson,MS,39211,0,1,1,-2,-2,12,27140,1,-2,32.338859,-90.144689,Hinds County,28049
176008,Mississippi Delta Community College,12,4,Moorhead,MS,38761,4,2,1,2,2,42,-2,-2,5,33.444906,-90.502053,Sunflower County,28133
176017,University of Mississippi,16,3,University,MS,38677-1848,1,1,1,5,4,33,37060,2,15,34.365529,-89.537434,Lafayette County,28071
176035,Mississippi University for Women,28,6,Columbus,MS,39701,1,1,1,2,2,33,18060,2,20,33.493305,-88.418601,Lowndes County,28087
176044,Mississippi Valley State University,20,4,Itta Bena,MS,38941-1400,1,1,1,2,2,42,24900,2,20,33.514142,-90.341274,Leflore County,28083
176053,Mississippi College,17,3,Clinton,MS,39058,2,1,2,2,3,21,27140,1,17,32.335515,-90.329821,Hinds County,28049
176062,Hatfield's Mississippi College of Beauty Culture,-2,-2,Laurel,MS,39440,9,3,3,1,-2,32,29860,2,-2,31.693316,-89.135405,Jones County,28067
176071,Mississippi Gulf Coast Community College,11,4,Perkinston,MS,39573,4,2,1,3,3,42,25060,1,7,30.780784,-89.142952,Stone County,28131
176080,Mississippi State University,6,3,Mississippi State,MS,39762,1,1,1,5,4,33,44260,2,15,33.454852,-88.790139,Oktibbeha County,28105
176169,Northeast Mississippi Community College,2,2,Booneville,MS,38829,4,2,1,2,3,33,46180,2,4,34.668339,-88.562609,Prentiss County,28117
176178,Northwest Mississippi Community College,2,4,Senatobia,MS,38668-1714,4,2,1,3,3,32,32820,1,4,34.625532,-89.969525,Tate County,28137
176239,Pearl River Community College,2,4,Poplarville,MS,39470,4,2,1,3,3,43,38100,2,4,30.844322,-89.543052,Pearl River County,28109
176318,Rust College,15,4,Holly Springs,MS,38635,2,1,2,1,2,32,32820,1,21,34.776862,-89.446999,Marshall County,28093
176336,Southeastern Baptist College,24,2,Laurel,MS,39440-9989,2,1,2,1,1,32,29860,2,23,31.748512,-89.149373,Jones County,28067
176354,Southwest Mississippi Community College,3,4,Summit,MS,39666-0000,4,2,1,2,2,41,32620,2,4,31.295121,-90.443295,Pike County,28113
176372,University of Southern Mississippi,17,4,Hattiesburg,MS,39406-0001,1,1,1,4,3,13,25620,1,15,31.32661,-89.331236,Forrest County,28035
176406,Tougaloo College,22,4,Tougaloo,MS,39174,2,1,2,2,2,12,27140,1,21,32.403014,-90.16076,Madison County,28089
176433,Vaughn Beauty College,-2,-2,Aberdeen,MS,39730-3238,9,3,3,1,-2,42,-2,-2,-2,33.82442,-88.541839,Monroe County,28095
176451,Wesley Biblical Seminary,31,-2,Ridgeland,MS,39157-1920,2,1,2,1,1,21,27140,1,24,32.400142,-90.111379,Madison County,28089
176479,William Carey University,17,4,Hattiesburg,MS,39401,2,1,2,3,3,13,25620,1,17,31.305264,-89.291815,Forrest County,28035
176600,Aquinas Institute of Theology,31,-2,Saint Louis,MO,63108-3323,2,1,2,1,1,11,41180,1,24,38.634329,-90.237795,St. Louis City,29510
176628,Avila University,20,4,Kansas City,MO,64145-1698,2,1,2,2,2,11,28140,1,19,38.91339,-94.591758,Jackson County,29095
176664,Mission University,31,-2,Springfield,MO,65803-3498,2,1,2,1,1,12,44180,1,24,37.239696,-93.284286,Greene County,29077
176716,House of Heavilin Beauty College-Blue Springs,-2,-2,Blue Springs,MO,64014,9,3,3,1,-2,21,28140,1,-2,38.997932,-94.272412,Jackson County,29095
176770,Cox College,28,6,Springfield,MO,65802-1917,2,1,2,1,2,12,44180,1,26,37.225116,-93.290233,Greene County,29077
176789,Calvary University,15,1,Kansas City,MO,64147-1341,2,1,2,1,1,11,28140,1,22,38.839578,-94.547927,Cass County,29037
176798,Cape Girardeau Career and Technology Center,-2,-2,Cape Girardeau,MO,63703-7511,4,2,1,1,-2,13,16020,1,-2,37.274001,-89.565366,Cape Girardeau County,29031
176910,Central Christian College of the Bible,31,-2,Moberly,MO,65270-1997,2,1,2,1,1,32,33620,2,24,39.395963,-92.427259,Randolph County,29175
176947,Central Methodist University-College of Liberal Arts and Sciences,15,4,Fayette,MO,65248-1198,2,1,2,2,2,42,17860,1,22,39.150497,-92.685253,Howard County,29089
176965,University of Central Missouri,19,4,Warrensburg,MO,64093,1,1,1,4,3,32,47660,2,18,38.759111,-93.737428,Johnson County,29101
176983,Grand River Technical School,-2,-2,Chillicothe,MO,64601,7,3,1,1,-2,33,-2,-2,-2,39.798864,-93.559669,Livingston County,29117
177038,Cleveland University-Kansas City,29,6,Overland Park,KS,66210,2,1,2,1,2,12,28140,1,26,38.932019,-94.679076,Johnson County,20091
177065,Columbia College,14,4,Columbia,MO,65216,2,1,2,3,3,12,17860,1,18,38.957388,-92.326354,Boone County,29019
177083,Conception Seminary College,31,-2,Conception,MO,64433-0502,2,1,2,1,1,43,32340,2,24,40.24044,-94.682831,Nodaway County,29147
177092,Concordia Seminary,31,-2,Saint Louis,MO,63105-3196,2,1,2,1,2,21,41180,1,24,38.637181,-90.311324,St. Louis County,29189
177117,Cottey College,22,2,Nevada,MO,64772,2,1,2,1,1,33,-2,-2,23,37.836127,-94.371311,Vernon County,29217
177126,Covenant Theological Seminary,31,-2,Saint Louis,MO,63141-8609,2,1,2,1,2,21,41180,1,24,38.643066,-90.451323,St. Louis County,29189
177135,Crowder College,11,4,Neosho,MO,64850,4,2,1,2,3,32,27900,1,4,36.814906,-94.368315,Newton County,29145
177144,Culver-Stockton College,15,4,Canton,MO,63435-1299,2,1,2,2,2,43,39500,2,22,40.128993,-91.529374,Lewis County,29111
177214,Drury University,5,3,Springfield,MO,65802-3791,2,1,2,2,2,12,44180,1,20,37.219681,-93.286192,Greene County,29077
177250,East Central College,3,2,Union,MO,63084,4,2,1,2,2,32,41180,1,5,38.431845,-90.97809,Franklin County,29071
177278,Eden Theological Seminary,31,-2,Webster Groves,MO,63119-3192,2,1,2,1,1,21,41180,1,24,38.592307,-90.345605,St. Louis County,29189
177302,Pinnacle Career Institute,21,2,Kansas City,MO,64153-1151,6,2,3,1,2,11,28140,1,-2,39.301096,-94.684653,Platte County,29165
177339,Evangel University,18,3,Springfield,MO,65802-2125,2,1,2,2,2,12,44180,1,19,37.220956,-93.262614,Greene County,29077
177418,Fontbonne University,20,4,Saint Louis,MO,63105-3098,2,1,2,1,2,21,41180,1,19,38.642697,-90.315712,St. Louis County,29189
177436,Four Rivers Career Center,-2,-2,Washington,MO,63090-4235,7,3,1,1,-2,32,41180,1,-2,38.547707,-91.020914,Franklin County,29071
177472,Ozarks Technical Community College,11,4,Springfield,MO,65802,1,1,1,4,3,12,44180,1,7,37.216479,-93.279985,Greene County,29077
177542,Hannibal-LaGrange University,15,3,Hannibal,MO,63401,2,1,2,1,2,33,25300,2,22,39.729015,-91.39094,Marion County,29127
177551,Harris-Stowe State University,22,4,Saint Louis,MO,63103-2136,1,1,1,2,2,11,41180,1,22,38.631744,-90.224288,St. Louis City,29510
177588,House of Heavilin Beauty College-Kansas City,-2,-2,Kansas City,MO,64110-2826,9,3,3,1,-2,11,28140,1,-2,39.022905,-94.574262,Jackson County,29095
177603,Summit Salon Academy Kansas City,-2,-2,Independence,MO,64055,9,3,3,1,-2,21,28140,1,-2,39.079093,-94.426462,Jackson County,29095
177676,Jefferson College,2,2,Hillsboro,MO,63050-2440,4,2,1,2,3,41,41180,1,4,38.259889,-90.558954,Jefferson County,29099
177685,Paul Mitchell the School-Missouri Columbia,-2,-2,Columbia,MO,65203,9,3,3,1,-2,12,17860,1,-2,38.967204,-92.375761,Boone County,29019
177719,Barnes-Jewish College Goldfarb School of Nursing,28,-2,Saint Louis,MO,63110,2,1,2,1,2,11,41180,1,26,38.637165,-90.258772,St. Louis City,29510
177746,Kansas City Art Institute,23,2,Kansas City,MO,64111-1874,2,1,2,1,2,11,28140,1,30,39.046353,-94.583594,Jackson County,29095
177816,Kenrick Glennon Seminary,31,-2,Saint Louis,MO,63119-4399,2,1,2,1,1,21,41180,1,24,38.584608,-90.324024,St. Louis County,29189
177834,A T Still University of Health Sciences,27,-2,Kirksville,MO,63501,2,1,2,2,3,33,28860,2,25,40.193648,-92.589183,Adair County,29001
177931,Lex La-Ray Technical Center,-2,-2,Lexington,MO,64067-1525,7,3,1,1,-2,42,28140,1,-2,39.173683,-93.865563,Lafayette County,29107
177940,Lincoln University,15,4,Jefferson City,MO,65101,1,1,1,2,2,13,27620,1,22,38.564431,-92.166724,Cole County,29051
177968,Lindenwood University,17,4,Saint Charles,MO,63301-1695,2,1,2,3,3,13,41180,1,18,38.785425,-90.501286,St. Charles County,29183
177977,State Technical College of Missouri,21,5,Linn,MO,65051-9607,4,2,1,2,2,42,27620,1,7,38.467699,-91.814259,Osage County,29151
177986,Logan University,8,-2,Chesterfield,MO,63017,2,1,2,2,2,21,41180,1,26,38.63133,-90.542333,St. Louis County,29189
177995,Metropolitan Community College-Kansas City,2,2,Kansas City,MO,64111-2429,4,2,1,4,3,11,28140,1,1,39.068668,-94.58966,Jackson County,29095
178059,Maryville University of Saint Louis,17,6,Saint Louis,MO,63141-7299,2,1,2,3,3,21,41180,1,17,38.644774,-90.505998,St. Louis County,29189
178077,Missouri College of Cosmetology and Esthetics,-2,-2,Jefferson City,MO,65109,9,3,3,1,-2,13,27620,1,-2,38.571057,-92.198801,Cole County,29051
178183,Midwest Institute,12,2,Earth City,MO,63045,6,2,3,1,1,21,41180,1,10,38.769983,-90.465613,St. Louis County,29189
178208,Midwestern Baptist Theological Seminary,31,-2,Kansas City,MO,64118-4697,2,1,2,2,3,11,28140,1,24,39.185691,-94.573185,Clay County,29047
178217,Mineral Area College,3,3,Park Hills,MO,63601-1000,4,2,1,2,2,32,22100,2,1,37.845199,-90.481847,St. Francois County,29187
178244,Missouri Baptist University,19,4,Saint Louis,MO,63141-8698,2,1,2,3,3,21,41180,1,18,38.641526,-90.462586,St. Louis County,29189
178341,Missouri Southern State University,14,4,Joplin,MO,64801-1595,1,1,1,2,3,13,27900,1,20,37.095155,-94.461689,Jasper County,29097
178369,Missouri Valley College,15,4,Marshall,MO,65340,2,1,2,2,2,33,32180,2,22,39.108522,-93.190654,Saline County,29195
178387,Missouri Western State University,14,4,Saint Joseph,MO,64507,1,1,1,2,3,13,41140,1,20,39.7575,-94.785643,Buchanan County,29021
178396,University of Missouri-Columbia,16,5,Columbia,MO,65211,1,1,1,5,4,12,17860,1,15,38.94531,-92.328843,Boone County,29019
178402,University of Missouri-Kansas City,7,4,Kansas City,MO,64110,1,1,1,4,3,11,28140,1,16,39.034179,-94.582141,Jackson County,29095
178411,Missouri University of Science and Technology,30,5,Rolla,MO,65409,1,1,1,3,3,33,40620,2,16,37.954444,-91.77311,Phelps County,29161
178420,University of Missouri-St Louis,7,4,Saint Louis,MO,63121-4400,1,1,1,4,3,21,41180,1,16,38.710312,-90.311091,St. Louis County,29189
178439,University of Missouri-System Office,-2,-2,Columbia,MO,65211,0,1,1,-2,-2,12,17860,1,-2,38.94531,-92.328843,Boone County,29019
178448,Moberly Area Community College,2,6,Moberly,MO,65270-1304,4,2,1,3,3,32,33620,2,3,39.418607,-92.455064,Randolph County,29175
178518,Nazarene Theological Seminary,31,-2,Kansas City,MO,64131-1246,2,1,2,1,1,11,28140,1,24,39.009265,-94.565781,Jackson County,29095
178527,Neosho Beauty College,-2,-2,Neosho,MO,64850-1525,9,3,3,1,-2,32,27900,1,-2,36.870562,-94.368636,Newton County,29145
178615,Truman State University,22,3,Kirksville,MO,63501-4221,1,1,1,2,3,33,28860,2,19,40.188267,-92.581658,Adair County,29001
178624,Northwest Missouri State University,19,4,Maryville,MO,64468-6001,1,1,1,3,3,33,32340,2,18,40.351692,-94.883339,Nodaway County,29147
178679,Ozark Christian College,31,-2,Joplin,MO,64801,2,1,2,1,2,13,27900,1,24,37.103172,-94.510622,Jasper County,29097
178697,College of the Ozarks,15,3,Point Lookout,MO,65726-0017,2,1,2,2,2,32,14700,2,22,36.616019,-93.238174,Taney County,29213
178721,Park University,19,6,Parkville,MO,64152-3795,2,1,2,3,3,21,28140,1,18,39.189256,-94.679041,Platte County,29165
178767,Stevens-The Institute of Business & Arts,24,2,Saint Louis,MO,63103,3,1,3,1,1,11,41180,1,22,38.632917,-90.201157,St. Louis City,29510
178828,Poplar Bluff Technical Career Center,-2,-2,Poplar Bluff,MO,63901-8960,7,3,1,1,-2,33,38740,2,-2,36.793776,-90.450477,Butler County,29023
178891,Ranken Technical College,21,6,Saint Louis,MO,63113-2811,2,1,2,2,2,11,41180,1,14,38.653303,-90.248465,St. Louis City,29510
178989,Research College of Nursing,28,-2,Kansas City,MO,64132,3,1,3,1,1,11,28140,1,26,39.006611,-94.556762,Jackson County,29095
179043,Rockhurst University,17,6,Kansas City,MO,64110-2561,2,1,2,2,3,11,28140,1,18,39.032318,-94.573003,Jackson County,29095
179159,Saint Louis University,17,5,Saint Louis,MO,63103-2097,2,1,2,4,3,11,41180,1,16,38.636801,-90.2351,St. Louis City,29510
179195,Salem College of Hairstyling,-2,-2,Rolla,MO,65401,9,3,3,1,-2,33,40620,2,-2,37.944067,-91.785219,Phelps County,29161
179265,University of Health Sciences and Pharmacy in St. Louis,29,5,Saint Louis,MO,63110-1088,2,1,2,1,2,11,41180,1,26,38.636904,-90.260617,St. Louis City,29510
179308,Saint Louis Community College,1,2,Bridgeton,MO,63044,1,1,1,4,4,21,41180,1,2,38.745678,-90.437078,St. Louis County,29189
179317,Saint Paul School of Theology,31,-2,Leawood,KS,66224,2,1,2,1,1,21,28140,1,24,38.880458,-94.641277,Johnson County,20091
179326,Southwest Baptist University,18,3,Bolivar,MO,65613-2596,2,1,2,2,2,32,44180,1,18,37.602425,-93.407056,Polk County,29167
179344,Missouri State University-West Plains,12,6,West Plains,MO,65775-2715,4,2,1,2,2,33,48460,2,2,36.729574,-91.857838,Howell County,29091
179511,St Louis College of Health Careers-St Louis,-2,-2,Saint Louis,MO,63110,9,3,3,1,-2,11,41180,1,10,38.63155,-90.26194,St. Louis City,29510
179539,State Fair Community College,2,4,Sedalia,MO,65301-2199,4,2,1,2,3,33,42740,2,4,38.696423,-93.268028,Pettis County,29159
179548,Stephens College,20,4,Columbia,MO,65215,2,1,2,1,2,12,17860,1,20,38.95204,-92.319204,Boone County,29019
179557,Southeast Missouri State University,19,4,Cape Girardeau,MO,63701,1,1,1,3,3,13,16020,1,18,37.311107,-89.531187,Cape Girardeau County,29031
179566,Missouri State University-Springfield,16,4,Springfield,MO,65897,1,1,1,5,4,12,44180,1,17,37.199258,-93.281281,Greene County,29077
179645,Three Rivers College,12,4,Poplar Bluff,MO,63901,4,2,1,2,2,33,38740,2,1,36.776571,-90.429769,Butler County,29023
179715,North Central Missouri College,12,6,Trenton,MO,64683,4,2,1,2,2,33,-2,-2,7,40.078096,-93.617353,Grundy County,29079
179812,Kansas City University,27,-2,Kansas City,MO,64106-1453,2,1,2,2,2,11,28140,1,25,39.107553,-94.561374,Jackson County,29095
179867,Washington University in St Louis,7,5,St. Louis,MO,63130,2,1,2,4,3,21,41180,1,15,38.647929,-90.310604,St. Louis County,29189
179894,Webster University,7,4,Saint Louis,MO,63119-3194,2,1,2,3,3,21,41180,1,18,38.588875,-90.345151,St. Louis County,29189
179946,Westminster College,5,4,Fulton,MO,65251-1299,2,1,2,1,2,32,27620,1,21,38.849354,-91.955273,Callaway County,29027
179955,William Jewell College,15,6,Liberty,MO,64068-1896,2,1,2,1,2,21,28140,1,22,39.247844,-94.413126,Clay County,29047
179964,William Woods University,18,4,Fulton,MO,65251-2388,2,1,2,2,2,32,27620,1,17,38.860287,-91.950416,Callaway County,29027
179991,Academy of Cosmetology Inc,-2,-2,Bozeman,MT,59715-3544,9,3,3,1,-2,13,14580,1,-2,45.680544,-111.039848,Gallatin County,30031
180054,Blackfeet Community College,12,6,Browning,MT,59417-0819,2,1,2,1,1,43,-2,-2,33,48.551927,-113.009387,Glacier County,30035
180063,Butte Academy of Beauty Culture,-2,-2,Butte,MT,59701,9,3,3,1,-2,33,15580,2,-2,46.01274,-112.540982,Silver Bow County,30093
180081,Highlands College of Montana Tech,21,6,Butte,MT,59701,4,2,1,1,2,33,15580,2,9,45.938145,-112.509365,Silver Bow County,30093
180090,Crevier's Academy of Cosmetology Arts,-2,-2,Kalispell,MT,59901,9,3,3,1,-2,33,28060,2,-2,48.201201,-114.319109,Flathead County,30029
180106,Carroll College,15,5,Helena,MT,59625-0002,2,1,2,2,2,13,25740,1,22,46.600771,-112.040285,Lewis and Clark County,30049
180151,Dawson Community College,3,4,Glendive,MT,59330,4,2,1,1,2,33,-2,-2,3,47.085396,-104.725485,Dawson County,30021
180160,Chief Dull Knife College,3,4,Lame Deer,MT,59043,4,2,1,1,1,43,-2,-2,33,45.625568,-106.664593,Rosebud County,30087
180179,Montana State University Billings,14,4,Billings,MT,59101-0298,1,1,1,2,3,12,13740,1,19,45.796896,-108.523009,Yellowstone County,30111
180197,Flathead Valley Community College,3,4,Kalispell,MT,59901,4,2,1,2,2,33,28060,2,6,48.227389,-114.327258,Flathead County,30029
180203,Aaniiih Nakoda College,12,6,Harlem,MT,59526,1,1,1,1,1,43,-2,-2,33,48.484196,-108.757816,Blaine County,30005
180212,Fort Peck Community College,12,6,Poplar,MT,59255-0398,4,2,1,1,2,43,-2,-2,33,48.113569,-105.193021,Roosevelt County,30085
180249,Great Falls College Montana State University,29,4,Great Falls,MT,59405,4,2,1,2,2,13,24500,1,6,47.485581,-111.269558,Cascade County,30013
180258,University of Providence,29,5,Great Falls,MT,59405-4996,2,1,2,1,2,13,24500,1,20,47.490713,-111.270604,Cascade County,30013
180276,Helena College University of Montana,12,4,Helena,MT,59601,4,2,1,2,2,13,25740,1,9,46.595384,-112.016035,Lewis and Clark County,30049
180328,Little Big Horn College,12,6,Crow Agency,MT,59022,4,2,1,1,1,43,-2,-2,33,45.603781,-107.455421,Big Horn County,30003
180373,Miles Community College,12,6,Miles City,MT,59301-4774,4,2,1,1,2,33,-2,-2,6,46.40526,-105.826524,Custer County,30017
180416,Montana Technological University,30,5,Butte,MT,59701-8997,1,1,1,2,2,33,15580,2,20,46.012868,-112.559511,Silver Bow County,30093
180461,Montana State University,7,3,Bozeman,MT,59717,1,1,1,4,3,13,14580,1,15,45.666726,-111.048812,Gallatin County,30031
180489,The University of Montana,7,4,Missoula,MT,59812,1,1,1,4,3,13,33540,1,15,46.859312,-113.982912,Missoula County,30063
180522,Montana State University-Northern,15,4,Havre,MT,59501,1,1,1,1,2,33,-2,-2,22,48.54149,-109.687806,Hill County,30041
180595,Rocky Mountain College,18,4,Billings,MT,59102-1796,2,1,2,2,2,12,13740,1,20,45.796522,-108.554075,Yellowstone County,30111
180647,Salish Kootenai College,13,6,Pablo,MT,59855,1,1,1,1,2,42,-2,-2,33,47.598592,-114.111635,Lake County,30047
180692,The University of Montana-Western,15,4,Dillon,MT,59725-3598,1,1,1,2,2,33,-2,-2,22,45.208306,-112.639264,Beaverhead County,30001
180814,Bellevue University,19,6,Bellevue,NE,68005-3098,2,1,2,4,3,21,36540,1,18,41.150225,-95.91764,Sarpy County,31153
180832,Clarkson College,28,6,Omaha,NE,68131-2739,2,1,2,2,2,11,36540,1,26,41.259165,-95.974847,Douglas County,31055
180878,Bryan College of Health Sciences,28,5,Lincoln,NE,68506,2,1,2,1,2,11,30700,1,26,40.796768,-96.651532,Lancaster County,31109
180902,Central Community College,11,4,Grand Island,NE,68802-4903,4,2,1,3,3,13,24260,1,9,40.889582,-98.372549,Hall County,31079
180948,Chadron State College,20,4,Chadron,NE,69337-2690,1,1,1,2,2,33,-2,-2,19,42.8199,-103.001615,Dawes County,31045
180957,College of Hair Design-Downtown,-2,-2,Lincoln,NE,68508-2199,6,2,3,1,-2,11,30700,1,-2,40.811084,-96.705169,Lancaster County,31109
180984,Concordia University-Nebraska,20,3,Seward,NE,68434-1556,2,1,2,2,2,32,30700,1,18,40.914853,-97.089054,Seward County,31159
181002,Creighton University,17,5,Omaha,NE,68178,2,1,2,3,3,11,36540,1,16,41.265361,-95.947811,Douglas County,31055
181020,Doane University,20,3,Crete,NE,68333,2,1,2,2,2,32,-2,-2,18,40.622952,-96.950932,Saline County,31151
181127,Hastings College,15,4,Hastings,NE,68901,2,1,2,1,2,32,25580,2,22,40.59025,-98.374403,Adams County,31001
181145,CHI Health School of Radiologic Technology,29,-2,Omaha,NE,68122,2,1,2,1,1,11,36540,1,10,41.32206,-96.020431,Douglas County,31055
181190,Joseph's College Cosmetology,-2,-2,Lincoln,NE,68505,6,2,3,1,-2,11,30700,1,-2,40.815284,-96.626464,Lancaster County,31109
181215,University of Nebraska at Kearney,19,4,Kearney,NE,68849-1212,1,1,1,3,3,32,28260,2,18,40.701452,-99.098699,Buffalo County,31019
181297,Nebraska Methodist College of Nursing & Allied Health,28,6,Omaha,NE,68114-2852,2,1,2,2,2,11,36540,1,26,41.265973,-96.048511,Douglas County,31055
181303,Metropolitan Community College Area,1,2,Omaha,NE,68111-1610,4,2,1,4,4,11,36540,1,6,41.310451,-95.957829,Douglas County,31055
181312,Mid-Plains Community College,3,4,North Platte,NE,69101,4,2,1,2,2,41,35820,2,6,41.092717,-100.7715,Lincoln County,31111
181330,Midland University,15,4,Fremont,NE,68025,2,1,2,2,2,32,23340,2,20,41.43674,-96.488008,Dodge County,31053
181394,University of Nebraska at Omaha,7,4,Omaha,NE,68182-0225,1,1,1,4,3,11,36540,1,16,41.258769,-96.008516,Douglas County,31055
181419,Nebraska Indian Community College,3,4,Macy,NE,68039-0428,1,1,1,1,2,42,-2,-2,33,42.11677,-96.35176,Thurston County,31173
181428,University of Nebraska Medical Center,27,-2,Omaha,NE,68198-7815,1,1,1,2,3,11,36540,1,27,41.256312,-95.973966,Douglas County,31055
181446,Nebraska Wesleyan University,5,3,Lincoln,NE,68504-2794,2,1,2,2,3,11,30700,1,20,40.839098,-96.64831,Lancaster County,31109
181464,University of Nebraska-Lincoln,16,3,Lincoln,NE,68588-0419,1,1,1,5,4,11,30700,1,15,40.817598,-96.700508,Lancaster County,31109
181491,Northeast Community College,11,4,Norfolk,NE,68702-0469,4,2,1,3,3,33,35740,2,8,42.048647,-97.396578,Madison County,31119
181534,Peru State College,20,4,Peru,NE,68421-0010,1,1,1,2,2,43,-2,-2,19,40.474689,-95.732731,Nemaha County,31127
181543,Summit Christian College,31,-2,Gering,NE,69341,2,1,2,1,1,33,42420,2,24,41.829274,-103.675715,Scotts Bluff County,31157
181604,College of Saint Mary,29,6,Omaha,NE,68106,2,1,2,1,2,11,36540,1,19,41.240028,-96.021425,Douglas County,31055
181640,Southeast Community College Area,11,4,Lincoln,NE,68520-1229,4,2,1,4,3,11,30700,1,8,40.816133,-96.60203,Lancaster County,31109
181738,Union Adventist University,15,4,Lincoln,NE,68506,2,1,2,1,2,11,30700,1,22,40.774778,-96.651095,Lancaster County,31109
181747,University of Nebraska-Central Administration System Office,-2,-2,Lincoln,NE,68583-0743,0,1,1,-2,-2,11,30700,1,-2,40.827494,-96.665203,Lancaster County,31109
181765,Nebraska College of Technical Agriculture,21,5,Curtis,NE,69025-9552,4,2,1,1,1,43,-2,-2,13,40.635454,-100.510409,Frontier County,31063
181783,Wayne State College,19,4,Wayne,NE,68787,1,1,1,2,3,32,-2,-2,18,42.241556,-97.015122,Wayne County,31179
181817,Western Nebraska Community College,12,2,Scottsbluff,NE,69361-1899,4,2,1,2,2,33,42420,2,5,41.875705,-103.64249,Scotts Bluff County,31157
181853,York University,10,4,York,NE,68467-2699,2,1,2,1,2,33,-2,-2,22,40.869526,-97.579352,York County,31185
181880,Academy of Hair Design-Las Vegas,-2,-2,Las Vegas,NV,89146,9,3,3,1,-2,11,29820,1,-2,36.15846,-115.210473,Clark County,32003
181941,Career College of Northern Nevada,21,-2,Sparks,NV,89434-7905,6,2,3,-2,2,21,39900,1,8,39.540865,-119.719415,Washoe County,32031
182005,College of Southern Nevada,11,4,Las Vegas,NV,89146-1164,1,1,1,5,5,11,29820,1,14,36.158114,-115.233099,Clark County,32003
182148,Las Vegas College,28,4,Las Vegas,NV,89113,3,1,3,1,2,21,29820,1,10,36.067688,-115.275386,Clark County,32003
182281,University of Nevada-Las Vegas,6,4,Las Vegas,NV,89154,1,1,1,5,4,12,29820,1,15,36.106047,-115.138462,Clark County,32003
182290,University of Nevada-Reno,6,3,Reno,NV,89557,1,1,1,5,4,11,39900,1,15,39.543642,-119.815377,Washoe County,32031
182306,Great Basin College,13,2,Elko,NV,89801,1,1,1,2,3,33,21220,2,23,40.84343,-115.767274,Elko County,32007
182500,Truckee Meadows Community College,11,4,Reno,NV,89512-3999,1,1,1,4,3,11,39900,1,14,39.571402,-119.796975,Washoe County,32031
182519,Nevada System of Higher Education-System Office,-2,-2,Reno,NV,89512,0,1,1,-2,-2,11,39900,1,-2,39.551272,-119.812301,Washoe County,32031
182564,Western Nevada College,2,4,Carson City,NV,89703-7399,1,1,1,2,3,13,16180,1,14,39.186158,-119.79036,Carson City,32510
182634,Colby-Sawyer College,15,3,New London,NH,03257-7835,2,1,2,1,2,43,18180,2,22,43.411663,-71.975805,Merrimack County,33013
182670,Dartmouth College,7,5,Hanover,NH,03755-3529,2,1,2,3,3,33,30150,2,15,43.704115,-72.289949,Grafton County,33009
182704,Empire Beauty School-Laconia,-2,-2,Laconia,NH,03246,9,3,3,1,-2,32,29060,2,-2,43.527157,-71.469612,Belknap County,33001
182722,Empire Beauty School-Somersworth,-2,-2,Somersworth,NH,03878,9,3,3,1,-2,23,14460,1,-2,43.23004,-70.881563,Strafford County,33017
182795,Franklin Pierce University,18,4,Rindge,NH,03461-0060,2,1,2,2,2,42,28300,2,19,42.78014,-72.058011,Cheshire County,33005
182829,University of New Hampshire-Franklin Pierce School of Law,26,-2,Concord,NH,03301-4197,1,1,1,1,2,31,18180,2,31,43.207371,-71.545152,Merrimack County,33013
182892,Keene Beauty Academy,-2,-2,Keene,NH,03431,9,3,3,1,-2,32,28300,2,-2,42.948977,-72.321097,Cheshire County,33005
182917,Magdalen College,22,-2,Warner,NH,03278-4012,2,1,2,-2,1,42,18180,2,21,43.314908,-71.834444,Merrimack County,33013
182980,New England College,19,2,Henniker,NH,03242,2,1,2,2,3,42,18180,2,18,43.176403,-71.822282,Merrimack County,33013
183026,Southern New Hampshire University,19,4,Manchester,NH,03106-1045,2,1,2,5,5,22,18180,2,18,43.038922,-71.451842,Merrimack County,33013
183035,New Hampshire Institute for Therapeutic Arts,-2,-2,Nashua,NH,03060,9,3,3,1,-2,13,31700,1,-2,42.764338,-71.448163,Hillsborough County,33011
183044,University of New Hampshire-Main Campus,9,3,Durham,NH,03824-3547,1,1,1,4,3,31,14460,1,15,43.135934,-70.932465,Strafford County,33017
183062,Keene State College,15,3,Keene,NH,03435-1506,1,1,1,2,2,32,28300,2,22,42.926452,-72.279276,Cheshire County,33005
183071,University of New Hampshire at Manchester,5,4,Manchester,NH,03101-1113,1,1,1,1,2,12,31700,1,21,42.987209,-71.468755,Hillsborough County,33011
183080,Plymouth State University,17,3,Plymouth,NH,03264-1595,1,1,1,2,3,33,30150,2,18,43.759573,-71.690164,Grafton County,33009
183099,NHTI-Concord's Community College,11,4,Concord,NH,03301-7412,4,2,1,2,3,31,18180,2,6,43.223621,-71.531979,Merrimack County,33013
183105,White Mountains Community College,12,2,Berlin,NH,03570,4,2,1,1,2,33,-2,-2,9,44.503494,-71.158535,Coos County,33007
183114,River Valley Community College,29,2,Claremont,NH,03743-9707,4,2,1,1,2,41,30150,2,9,43.399046,-72.333114,Sullivan County,33019
183123,Lakes Region Community College,12,4,Laconia,NH,03246,4,2,1,1,2,32,29060,2,9,43.507568,-71.462602,Belknap County,33001
183132,Manchester Community College,11,2,Manchester,NH,03102-8518,4,2,1,2,3,12,31700,1,6,43.019823,-71.483534,Hillsborough County,33011
183141,Nashua Community College,12,2,Nashua,NH,03063-1026,4,2,1,2,2,13,31700,1,6,42.794576,-71.523462,Hillsborough County,33011
183150,Great Bay Community College,12,2,Portsmouth,NH,03801-2879,4,2,1,2,2,23,14460,1,6,43.072093,-70.798969,Rockingham County,33015
183202,Paul Mitchell the School-Portsmouth,-2,-2,Portsmouth,NH,03801-4084,9,3,3,1,-2,23,14460,1,-2,43.075732,-70.760159,Rockingham County,33015
183211,Rivier University,28,4,Nashua,NH,03060,2,1,2,2,2,13,31700,1,19,42.738676,-71.45626,Hillsborough County,33011
183239,Saint Anselm College,5,5,Manchester,NH,03102-1310,2,1,2,2,2,22,31700,1,21,42.986889,-71.503622,Hillsborough County,33011
183248,St Joseph School of Nursing,28,-2,Nashua,NH,03060,5,2,2,1,1,13,31700,1,10,42.750142,-71.478401,Hillsborough County,33011
183257,University of New Hampshire College of Professional Studies Online,15,4,Manchester,NH,03101,1,1,1,2,2,12,31700,1,20,42.987209,-71.468755,Hillsborough County,33011
183275,Thomas More College of Liberal Arts,22,2,Merrimack,NH,03054,2,1,2,1,1,22,31700,1,21,42.80683,-71.48437,Hillsborough County,33011
183327,University System of New Hampshire System Office,-2,-2,Concord,NH,03301-8503,0,1,1,-2,-2,31,18180,2,-2,43.212833,-71.494937,Merrimack County,33013
183488,Eastwick College-Hackensack,24,4,Hackensack,NJ,07601,3,1,3,2,2,21,35620,1,8,40.885847,-74.040491,Bergen County,34003
183600,Assumption College for Sisters,3,-2,Denville,NJ,07834,5,2,2,1,1,21,35620,1,1,40.905857,-74.490693,Morris County,34027
183655,Atlantic Cape Community College,11,2,Mays Landing,NJ,08330-2699,4,2,1,2,3,41,12100,1,1,39.462081,-74.680019,Atlantic County,34001
183725,Fortis Institute-Wayne,-2,-2,Wayne,NJ,07470,9,3,3,1,-2,21,35620,1,-2,40.885499,-74.255794,Passaic County,34031
183743,Bergen Community College,2,2,Paramus,NJ,07652-1595,4,2,1,4,3,21,35620,1,1,40.951782,-74.088804,Bergen County,34003
183789,Berkeley College-Woodland Park,15,4,Woodland Park,NJ,07424,3,1,3,2,2,21,35620,1,20,40.898587,-74.189483,Passaic County,34031
183804,Beth Medrash Govoha,31,-2,Lakewood,NJ,08701-2754,2,1,2,3,3,13,35620,1,24,40.095672,-74.221328,Ocean County,34029
183822,Bloomfield College of Montclair State University,22,4,Bloomfield,NJ,07003,1,1,1,1,2,21,35620,1,21,40.795105,-74.194309,Essex County,34013
183859,Brookdale Community College,11,1,Lincroft,NJ,07738-1597,4,2,1,3,3,21,35620,1,4,40.324906,-74.132746,Monmouth County,34025
183877,Rowan College at Burlington County,2,2,Mount Laurel,NJ,08054-1599,4,2,1,3,3,21,37980,1,2,39.972205,-74.894464,Burlington County,34005
183910,Caldwell University,20,4,Caldwell,NJ,07006-6195,2,1,2,2,2,21,35620,1,19,40.832753,-74.272571,Essex County,34013
183938,Camden County College,11,2,Blackwood,NJ,08012,4,2,1,3,3,21,37980,1,3,39.784874,-75.038381,Camden County,34007
183974,Centenary University,20,4,Hackettstown,NJ,07840,2,1,2,2,2,21,10900,1,19,40.84764,-74.833644,Warren County,34041
183983,Adult and Continuing Education-BCTS,-2,-2,Hackensack,NJ,07601-6637,7,3,1,1,-2,21,35620,1,-2,40.900877,-74.035045,Bergen County,34003
184056,Lincoln Technical Institute-Iselin,-2,-2,Iselin,NJ,08830,9,3,3,1,-2,21,35620,1,-2,40.55934,-74.309058,Middlesex County,34023
184092,American Institute-Clifton,-2,-2,CLIFTON,NJ,07011,6,2,3,1,-2,21,35620,1,-2,40.873516,-74.130158,Passaic County,34031
184180,County College of Morris,11,1,Randolph,NJ,07869-2086,4,2,1,3,3,21,35620,1,2,40.859141,-74.579873,Morris County,34027
184205,Rowan College of South Jersey-Cumberland Campus,3,4,Vineland,NJ,08362-1500,4,2,1,2,2,13,47220,1,4,39.440537,-75.057829,Cumberland County,34011
184348,Drew University,8,3,Madison,NJ,07940,2,1,2,2,2,21,35620,1,21,40.761829,-74.424584,Morris County,34027
184427,Lincoln Technical Institute-South Plainfield,-2,-2,South Plainfield,NJ,07080-2424,6,2,3,1,-2,21,35620,1,-2,40.551078,-74.420989,Middlesex County,34023
184481,Essex County College,11,2,Newark,NJ,07102,4,2,1,3,3,11,35620,1,4,40.738444,-74.178234,Essex County,34013
184506,Empire Beauty School-Union,-2,-2,Union,NJ,07083,9,3,3,1,-2,21,35620,1,-2,40.684576,-74.238364,Union County,34039
184603,Fairleigh Dickinson University-Metropolitan Campus,7,4,Teaneck,NJ,07666,2,1,2,3,3,21,35620,1,18,40.897209,-74.028986,Bergen County,34003
184612,Felician University,29,6,Lodi,NJ,07644,2,1,2,2,2,21,35620,1,19,40.867272,-74.096452,Bergen County,34003
184694,Fairleigh Dickinson University-Florham Campus,7,4,Madison,NJ,07940,2,1,2,2,3,21,35620,1,18,40.774498,-74.432121,Morris County,34027
184746,Hohokus School of Trade and Technical Sciences,-2,-2,Paterson,NJ,07513,9,3,3,1,-2,21,35620,1,-2,40.909377,-74.152581,Passaic County,34031
184773,Georgian Court University,20,4,Lakewood,NJ,08701-2697,2,1,2,2,2,13,35620,1,18,40.099617,-74.228186,Ocean County,34029
184782,Rowan University,6,4,Glassboro,NJ,08028,1,1,1,5,4,21,37980,1,16,39.709108,-75.119119,Gloucester County,34015
184791,Rowan College of South Jersey-Gloucester Campus,11,2,Sewell,NJ,08080,4,2,1,3,3,21,37980,1,1,39.781339,-75.121269,Gloucester County,34015
184816,Empire Beauty School-Cherry Hill,-2,-2,Cherry Hill,NJ,08002,9,3,3,1,-2,21,37980,1,-2,39.941469,-75.017823,Camden County,34007
184959,Eastwick College-Ramsey,21,6,Ramsey,NJ,07446-2551,3,1,3,2,2,21,35620,1,26,41.057866,-74.131486,Bergen County,34003
184968,Holy Name Medical Center-Sister Claire Tynan School of Nursing,-2,-2,Englewood Cliffs,NJ,07632,5,2,2,1,-2,21,35620,1,-2,40.874956,-73.948887,Bergen County,34003
184995,Hudson County Community College,11,2,Jersey City,NJ,07306,4,2,1,3,3,11,35620,1,4,40.7303,-74.062903,Hudson County,34017
185129,New Jersey City University,17,4,Jersey City,NJ,07305,1,1,1,3,3,11,35620,1,18,40.709937,-74.08727,Hudson County,34017
185262,Kean University,19,4,Union,NJ,07083,1,1,1,4,3,21,35620,1,17,40.677981,-74.233503,Union County,34039
185396,Lincoln Technical Institute-Union,-2,-2,Union,NJ,07083,9,3,3,2,-2,21,35620,1,-2,40.706359,-74.274929,Union County,34039
185466,Rizzieri Aveda School for Beauty and Wellness,-2,-2,Voorhees,NJ,08043-1800,9,3,3,1,-2,21,37980,1,-2,39.851767,-74.999788,Camden County,34007
185509,Mercer County Community College,11,4,West Windsor,NJ,08550-3407,4,2,1,3,3,41,45940,1,4,40.254398,-74.650719,Mercer County,34021
185536,Middlesex College,2,2,Edison,NJ,08837,4,2,1,4,3,21,35620,1,2,40.504728,-74.366544,Middlesex County,34023
185572,Monmouth University,17,3,West Long Branch,NJ,07764-1898,2,1,2,2,3,21,35620,1,18,40.280066,-74.006447,Monmouth County,34025
185590,Montclair State University,6,4,Montclair,NJ,07043-1624,1,1,1,5,4,21,35620,1,16,40.860414,-74.198141,Passaic County,34031
185679,JFK Muhlenberg Harold B. and Dorothy A. Snyder Schools,-2,-2,Plainfield,NJ,07060,5,2,2,1,-2,21,35620,1,-2,40.605982,-74.404293,Union County,34039
185721,Eastwick College-Nutley,21,2,Nutley,NJ,07110,6,2,3,1,2,21,35620,1,10,40.810742,-74.144192,Essex County,34013
185758,New Brunswick Theological Seminary,31,-2,New Brunswick,NJ,08901-1107,2,1,2,1,1,13,35620,1,24,40.501314,-74.449368,Middlesex County,34023
185767,Robert Fiance Beauty Schools-West New York,-2,-2,West New York,NJ,07093-4623,9,3,3,1,-2,21,35620,1,-2,40.786079,-74.018286,Hudson County,34017
185828,New Jersey Institute of Technology,30,6,Newark,NJ,07102,1,1,1,4,3,11,35620,1,15,40.741997,-74.177113,Essex County,34013
185873,Ocean County College,2,1,Toms River,NJ,08754-2001,4,2,1,3,3,21,35620,1,3,40.007809,-74.16549,Ocean County,34029
185970,P B Cosmetology Education Center,-2,-2,Gloucester,NJ,08030,9,3,3,1,-2,21,37980,1,-2,39.898805,-75.126308,Camden County,34007
186016,Parisian Beauty School,-2,-2,Hackensack,NJ,07601-5509,9,3,3,1,-2,21,35620,1,-2,40.889745,-74.041163,Bergen County,34003
186034,Passaic County Community College,2,2,Paterson,NJ,07505-1179,4,2,1,2,3,21,35620,1,4,40.918449,-74.168778,Passaic County,34031
186052,Pennco Tech-Blackwood,-2,-2,Blackwood,NJ,08012,6,2,3,1,-2,21,37980,1,-2,39.807941,-75.061659,Camden County,34007
186122,Princeton Theological Seminary,31,-2,Princeton,NJ,08542-0803,2,1,2,1,1,13,45940,1,24,40.345849,-74.66645,Mercer County,34021
186131,Princeton University,7,5,Princeton,NJ,08544-0070,2,1,2,3,3,13,45940,1,15,40.348732,-74.659365,Mercer County,34021
186186,Rabbinical College of America,31,-2,Morristown,NJ,07960-3600,2,1,2,1,1,21,35620,1,24,40.805705,-74.49878,Morris County,34027
186201,Ramapo College of New Jersey,9,3,Mahwah,NJ,07430-1680,1,1,1,3,3,21,35620,1,18,41.080942,-74.174086,Bergen County,34003
186274,Robert Fiance Beauty Schools,-2,-2,Boynton Beach,FL,33435,9,3,3,1,-2,21,33100,1,-2,26.513629,-80.060233,Palm Beach County,12099
186283,Rider University,19,4,Lawrenceville,NJ,08648-3099,2,1,2,2,3,21,45940,1,18,40.278796,-74.737833,Mercer County,34021
186371,Rutgers University-Camden,17,6,Camden,NJ,08102,1,1,1,3,3,13,37980,1,16,39.948064,-75.12224,Camden County,34007
186380,Rutgers University-New Brunswick,6,3,New Brunswick,NJ,08901-1281,1,1,1,5,5,13,35620,1,15,40.498769,-74.446251,Middlesex County,34023
186399,Rutgers University-Newark,17,6,Newark,NJ,07102,1,1,1,4,3,11,35620,1,16,40.739122,-74.175809,Essex County,34013
186405,Capital Health School of Radiologic Technology,-2,-2,Trenton,NJ,08629-1986,5,2,2,1,-2,13,45940,1,-2,40.216592,-74.741869,Mercer County,34021
186423,Capital Health School of Nursing,-2,-2,Trenton,NJ,08629-1986,5,2,2,1,-2,13,45940,1,-2,40.216523,-74.74186,Mercer County,34021
186432,Saint Peter's University,8,4,Jersey City,NJ,07306-5997,2,1,2,2,2,11,35620,1,18,40.727105,-74.071541,Hudson County,34017
186469,Salem Community College,12,2,Carneys Point,NJ,08069-2799,4,2,1,2,2,21,37980,1,9,39.698756,-75.47013,Salem County,34033
186584,Seton Hall University,7,6,South Orange,NJ,07079-2697,2,1,2,3,3,21,35620,1,16,40.742336,-74.246027,Essex County,34013
186593,Shore Beauty School,-2,-2,Egg Harbor Township,NJ,08234,9,3,3,1,-2,21,12100,1,-2,39.433238,-74.613498,Atlantic County,34001
186618,Saint Elizabeth University,18,4,Morristown,NJ,07960,2,1,2,1,2,21,35620,1,19,40.78182,-74.438221,Morris County,34027
186645,Raritan Valley Community College,11,2,Branchburg,NJ,08876,4,2,1,3,3,41,35620,1,5,40.609681,-74.688127,Somerset County,34035
186867,Stevens Institute of Technology,30,5,Hoboken,NJ,07030-5991,2,1,2,3,3,21,35620,1,16,40.744776,-74.025334,Hudson County,34017
186876,Stockton University,9,4,Galloway,NJ,08205-9441,1,1,1,3,3,41,12100,1,17,39.492036,-74.531087,Atlantic County,34001
186900,Talmudical Academy-New Jersey,31,-2,Adelphia,NJ,07710,2,1,2,1,1,21,35620,1,24,40.217456,-74.250167,Monmouth County,34025
187000,Aviation Institute of Maintenance-Teterboro,-2,-2,Hasbrouck Heights,NJ,07604,6,2,3,1,-2,21,35620,1,-2,40.864741,-74.065599,Bergen County,34003
187046,Thomas Edison State University,9,-2,Trenton,NJ,08608,1,1,1,3,3,13,45940,1,19,40.220487,-74.768562,Mercer County,34021
187134,The College of New Jersey,9,5,Ewing,NJ,08628-7718,1,1,1,3,3,21,45940,1,18,40.268651,-74.778791,Mercer County,34021
187198,"UCNJ Union College of Union County, New Jersey",11,2,Cranford,NJ,07016-1528,4,2,1,3,3,21,35620,1,4,40.668595,-74.319138,Union County,34039
187444,William Paterson University of New Jersey,9,4,Wayne,NJ,07470,1,1,1,3,3,21,35620,1,18,40.945255,-74.200248,Passaic County,34031
187505,Olympian Academy of Cosmetology,-2,-2,LAS CRUCES,NM,88001-5330,9,3,3,1,-2,12,29740,1,-2,32.294823,-106.757515,Dona Ana County,35013
187532,Central New Mexico Community College,1,4,Albuquerque,NM,87106,4,2,1,4,4,11,10740,1,2,35.071878,-106.628861,Bernalillo County,35001
187596,Navajo Technical University,13,4,Crownpoint,NM,87313-0849,1,1,1,2,2,43,23700,2,33,35.687431,-108.149392,McKinley County,35031
187620,New Mexico State University-Dona Ana,2,6,Las Cruces,NM,88011,4,2,1,3,3,12,29740,1,5,32.354486,-106.737172,Dona Ana County,35013
187639,Clovis Community College,3,4,Clovis,NM,88101-8381,4,2,1,2,2,33,17580,2,6,34.402483,-103.165886,Curry County,35009
187648,Eastern New Mexico University-Main Campus,9,4,Portales,NM,88130,1,1,1,3,3,33,17580,2,18,34.175592,-103.34819,Roosevelt County,35041
187666,Eastern New Mexico University-Roswell Campus,12,5,Roswell,NM,88203-6000,4,2,1,2,2,33,40740,2,8,33.313167,-104.525718,Chaves County,35005
187745,Institute of American Indian and Alaska Native Culture and Arts Development,23,4,Santa Fe,NM,87508-1300,1,1,1,1,2,41,42140,1,33,35.586563,-106.010015,Santa Fe County,35049
187897,New Mexico Highlands University,20,4,Las Vegas,NM,87701,1,1,1,2,2,33,29780,2,18,35.596233,-105.219197,San Miguel County,35047
187903,New Mexico Junior College,3,3,Hobbs,NM,88240,4,2,1,2,2,33,26020,2,4,32.757808,-103.182896,Lea County,35025
187912,New Mexico Military Institute,3,6,Roswell,NM,88201-5173,4,2,1,1,2,33,40740,2,2,33.409617,-104.524448,Chaves County,35005
187958,University of New Mexico-Gallup Campus,3,5,Gallup,NM,87301,4,2,1,2,2,33,23700,2,8,35.502662,-108.727252,McKinley County,35031
187967,New Mexico Institute of Mining and Technology,30,5,Socorro,NM,87801,1,1,1,2,2,33,-2,-2,20,34.067041,-106.905211,Socorro County,35053
187976,University of New Mexico-Los Alamos Campus,3,6,Los Alamos,NM,87544,4,2,1,1,2,32,31060,2,3,35.886153,-106.319557,Los Alamos County,35028
187985,University of New Mexico-Main Campus,6,4,Albuquerque,NM,87131,1,1,1,5,4,11,10740,1,15,35.083868,-106.620155,Bernalillo County,35001
187994,New Mexico State University-Alamogordo,12,6,Alamogordo,NM,88310,4,2,1,2,2,41,10460,2,3,32.92033,-105.926241,Otero County,35035
188003,Southeast New Mexico College,12,4,Carlsbad,NM,88220,4,2,1,2,2,41,16100,2,3,32.442028,-104.265536,Eddy County,35015
188021,New Mexico State University-Grants,3,6,Grants,NM,87020-2025,4,2,1,1,2,33,-2,-2,6,35.165965,-107.843638,Cibola County,35006
188030,New Mexico State University-Main Campus,7,4,Las Cruces,NM,88003-8001,1,1,1,4,3,22,29740,1,16,32.281568,-106.752069,Dona Ana County,35013
188049,University of New Mexico-Valencia County Campus,3,5,Los Lunas,NM,87031-7633,4,2,1,1,2,41,10740,1,5,34.728683,-106.705371,Valencia County,35061
188058,Northern New Mexico College,13,6,Espanola,NM,87532,1,1,1,2,2,32,21580,2,23,36.004073,-106.084395,Rio Arriba County,35039
188100,San Juan College,11,4,Farmington,NM,87402-4699,4,2,1,3,3,41,22140,1,8,36.770446,-108.169468,San Juan County,35045
188137,Santa Fe Community College,11,3,Santa Fe,NM,87508-4887,4,2,1,2,3,41,42140,1,6,35.605871,-105.998054,Santa Fe County,35049
188182,University of the Southwest,20,4,Hobbs,NM,88240,2,1,2,2,2,33,26020,2,18,32.775496,-103.186948,Lea County,35025
188207,Southwestern College,29,-2,Santa Fe,NM,87507-9196,2,1,2,1,1,13,42140,1,26,35.636241,-106.052585,Santa Fe County,35049
188216,Southwestern Indian Polytechnic Institute,12,6,Albuquerque,NM,87120-3101,4,2,1,1,2,21,10740,1,33,35.176084,-106.664475,Bernalillo County,35001
188225,University of New Mexico-Taos Campus,3,5,Ranchos de Taos,NM,87557,4,2,1,1,2,41,45340,2,6,36.348861,-105.651709,Taos County,35055
188261,Mesalands Community College,3,1,Tucumcari,NM,88401-3352,4,2,1,1,2,33,-2,-2,6,35.170332,-103.736303,Quay County,35037
188289,Vogue College of Cosmetology-Santa Fe,-2,-2,Santa Fe,NM,87505,9,3,3,1,-2,13,42140,1,-2,35.659082,-105.981816,Santa Fe County,35049
188304,Western New Mexico University,20,4,Silver City,NM,88061,1,1,1,2,2,33,43500,2,18,32.7767,-108.283284,Grant County,35017
188340,Vaughn College of Aeronautics and Technology,21,6,Flushing,NY,11369,2,1,2,2,2,11,35620,1,22,40.768348,-73.881721,Queens County,36081
188429,Adelphi University,17,5,Garden City,NY,11530-0701,2,1,2,3,3,21,35620,1,17,40.721439,-73.653321,Nassau County,36059
188438,SUNY Adirondack,12,4,Queensbury,NY,12804-1445,4,2,1,2,2,23,24020,1,1,43.351839,-73.654813,Warren County,36113
188517,Bryant & Stratton College-Albany,12,2,Albany,NY,12205,2,1,2,1,1,21,10580,1,14,42.698125,-73.809977,Albany County,36001
188526,Albany College of Pharmacy and Health Sciences,29,5,Albany,NY,12208-3492,2,1,2,1,2,12,10580,1,26,42.650371,-73.779063,Albany County,36001
188535,Albany Law School,26,-2,Albany,NY,12208,2,1,2,1,2,12,10580,1,31,42.651818,-73.777495,Albany County,36001
188580,Albany Medical College,27,-2,Albany,NY,12208-3479,2,1,2,1,2,12,10580,1,25,42.65382,-73.777289,Albany County,36001
188641,Alfred University,10,4,Alfred,NY,14802-1205,2,1,2,2,2,42,-2,-2,18,42.254476,-77.788106,Allegany County,36003
188650,Allen School-Brooklyn,-2,-2,Brooklyn,NY,11201,9,3,3,1,-2,11,35620,1,-2,40.693797,-73.991546,Kings County,36047
188669,The Ailey School,-2,-2,New York,NY,10019-4402,5,2,2,1,-2,11,35620,1,-2,40.766921,-73.986891,New York County,36061
188678,American Academy of Dramatic Arts-New York,23,1,New York,NY,10016,5,2,2,1,1,11,35620,1,12,40.745545,-73.984843,New York County,36061
188687,American Academy McAllister Institute of Funeral Service,21,4,New York,NY,10036,5,2,2,1,2,11,35620,1,12,40.757105,-73.986466,New York County,36061
188854,American Musical and Dramatic Academy,23,2,New York,NY,10023,2,1,2,2,2,11,35620,1,30,40.772275,-73.987549,New York County,36061
188890,Apex Technical School,-2,-2,Long Island City,NY,11101,8,3,2,2,-2,11,35620,1,-2,40.748807,-73.949306,Queens County,36081
188915,Arnot Ogden Medical Center,28,6,Elmira,NY,14905-1676,5,2,2,1,1,13,21300,1,-2,42.101171,-76.828062,Chemung County,36015
188942,Associated Beth Rivkah Schools,12,2,Brooklyn,NY,11225-0000,2,1,2,1,1,11,35620,1,13,40.666034,-73.949796,Kings County,36047
189015,Bank Street College of Education,25,-2,New York,NY,10025,2,1,2,1,2,11,35620,1,32,40.805604,-73.966643,New York County,36061
189088,Bard College,22,2,Annandale-On-Hudson,NY,12504-5000,2,1,2,2,2,41,28880,1,21,42.020386,-73.909927,Dutchess County,36027
189097,Barnard College,22,5,New York,NY,10027-6598,2,1,2,2,2,11,35620,1,21,40.810098,-73.963346,New York County,36061
189219,Berk Trade and Business School,-2,-2,Long Island City,NY,11101-8120,9,3,3,1,-2,11,35620,1,-2,40.745021,-73.930982,Queens County,36081
189228,Berkeley College-New York,15,4,New York,NY,10017,3,1,3,2,2,11,35620,1,22,40.753986,-73.979458,New York County,36061
189255,Berkowits School of Electrolysis,-2,-2,Forest Hills,NY,11375-6820,9,3,3,1,-2,11,35620,1,-2,40.709736,-73.845213,Queens County,36081
189273,Beth Hamedrash Shaarei Yosher Institute,31,-2,Brooklyn,NY,11204,2,1,2,1,1,11,35620,1,-2,40.635444,-73.981202,Kings County,36047
189282,Mount Sinai Phillips School of Nursing,28,-2,New York,NY,10035-6354,2,1,2,1,1,11,35620,1,26,40.804778,-73.936639,New York County,36061
189404,Brittany Beauty Academy,-2,-2,Brooklyn,NY,11209,9,3,3,1,-2,11,35620,1,-2,40.62318,-74.028581,Kings County,36047
189413,Boricua College,13,4,New York,NY,10032-1560,2,1,2,1,2,11,35620,1,22,40.833434,-73.9458,New York County,36061
189468,Brittany Beauty Academy,-2,-2,Levittown,NY,11756-1345,9,3,3,1,-2,21,35620,1,-2,40.72479,-73.516164,Nassau County,36059
189477,American Beauty School,-2,-2,Bronx,NY,10462,9,3,3,1,-2,11,35620,1,-2,40.835331,-73.860639,Bronx County,36005
189501,Brooklyn Law School,26,-2,Brooklyn,NY,11201,2,1,2,2,2,11,35620,1,31,40.691836,-73.989623,Kings County,36047
189547,SUNY Broome Community College,11,4,Binghamton,NY,13901-1001,4,2,1,3,3,22,13780,1,2,42.135872,-75.908065,Broome County,36007
189565,Bryant & Stratton College-Syracuse North,29,2,Liverpool,NY,13090,2,1,2,1,2,21,45060,1,14,43.149337,-76.230807,Onondaga County,36067
189583,Bryant & Stratton College-Buffalo,13,4,Buffalo,NY,14203,2,1,2,2,2,11,15380,1,23,42.887197,-78.869108,Erie County,36029
189592,Bryant & Stratton College-Greece,29,2,Rochester,NY,14612,2,1,2,1,2,21,40380,1,14,43.240547,-77.69559,Monroe County,36055
189705,Canisius University,20,3,Buffalo,NY,14208-1098,2,1,2,2,2,11,15380,1,18,42.925206,-78.852577,Erie County,36029
189714,Capri Cosmetology Learning Centers,-2,-2,Nanuet,NY,10954,9,3,3,1,-2,21,35620,1,-2,41.09909,-74.022421,Rockland County,36087
189811,St Paul's School of Nursing-Queens,28,6,Rego Park,NY,11374,6,2,3,2,2,11,35620,1,10,40.72921,-73.858441,Queens County,36081
189839,Cayuga County Community College,2,4,Auburn,NY,13021-3099,4,2,1,2,3,32,12180,2,3,42.943726,-76.542867,Cayuga County,36011
189857,Central Yeshiva Tomchei Tmimim Lubavitz,31,-2,Brooklyn,NY,11213-2798,2,1,2,1,2,11,35620,1,24,40.669694,-73.938778,Kings County,36047
189990,"Christine Valmy International School for Esthetics, Skin Care & Makeup",-2,-2,New York,NY,10036,9,3,3,1,-2,11,35620,1,-2,40.757105,-73.986466,New York County,36061
190008,Circle in the Square Theatre School,-2,-2,New York,NY,10019-6795,5,2,2,1,-2,11,35620,1,-2,40.762059,-73.984607,New York County,36061
190035,CUNY System Office,-2,-2,New York,NY,10017,0,1,1,-2,-2,11,35620,1,-2,40.750845,-73.973639,New York County,36061
190044,Clarkson University,30,5,Potsdam,NY,13699,2,1,2,2,3,33,32390,2,16,44.662716,-74.999359,St. Lawrence County,36089
190053,Clinton Community College,12,2,Plattsburgh,NY,12901,4,2,1,2,2,32,38460,2,2,44.64841,-73.439739,Clinton County,36019
190071,Cochran School of Nursing,28,-2,Yonkers,NY,10701,5,2,2,1,1,21,35620,1,10,40.969116,-73.885705,Westchester County,36119
190080,Colgate Rochester Crozer Divinity School,31,-2,Rochester,NY,14607,2,1,2,1,1,12,40380,1,24,43.159775,-77.584292,Monroe County,36055
190099,Colgate University,22,5,Hamilton,NY,13346-1398,2,1,2,2,2,42,45060,1,21,42.819475,-75.536346,Madison County,36053
190114,Metropolitan College of New York,20,4,New York,NY,10006-1742,2,1,2,1,2,11,35620,1,19,40.708706,-74.014702,New York County,36061
190150,Columbia University in the City of New York,6,5,New York,NY,10027,2,1,2,5,4,11,35620,1,15,40.808286,-73.961885,New York County,36061
190169,Columbia-Greene Community College,3,6,Hudson,NY,12534,4,2,1,2,2,41,26460,2,2,42.217613,-73.818113,Columbia County,36021
190239,Empire Beauty School-Queens,-2,-2,Astoria,NY,11103,9,3,3,1,-2,11,35620,1,-2,40.759259,-73.919033,Queens County,36081
190318,Continental School of Beauty Culture-Rochester,-2,-2,Rochester,NY,14623,9,3,3,1,-2,21,40380,1,-2,43.086397,-77.626383,Monroe County,36055
190372,The Cooper Union for the Advancement of Science and Art,30,3,New York,NY,10003-7120,2,1,2,1,2,11,35620,1,22,40.728148,-73.991609,New York County,36061
190415,Cornell University,6,5,Ithaca,NY,14853,2,1,2,5,4,13,27060,1,15,42.4472,-76.483084,Tompkins County,36109
190424,Weill Medical College of Cornell University,27,-2,New York,NY,10065,2,1,2,2,2,11,35620,1,27,40.764738,-73.954839,New York County,36061
190442,SUNY Corning Community College,2,4,Corning,NY,14830,4,2,1,2,3,41,18500,2,3,42.116736,-77.072138,Steuben County,36101
190451,Pomeroy College of Nursing at Crouse Hospital,28,6,East Syracuse,NY,13057-1687,5,2,2,1,1,21,45060,1,10,43.101054,-76.056002,Onondaga County,36067
190503,Culinary Institute of America,21,4,Hyde Park,NY,12538-1499,2,1,2,2,2,21,28880,1,30,41.745806,-73.933231,Dutchess County,36027
190512,CUNY Bernard M Baruch College,24,6,New York,NY,10010,1,1,1,5,4,11,35620,1,18,40.740238,-73.983417,New York County,36061
190521,CUNY Borough of Manhattan Community College,11,4,New York,NY,10007,4,2,1,5,4,11,35620,1,1,40.71879,-74.011826,New York County,36061
190530,CUNY Bronx Community College,11,4,Bronx,NY,10453,4,2,1,3,3,11,35620,1,1,40.858112,-73.912043,Bronx County,36005
190549,CUNY Brooklyn College,9,4,Brooklyn,NY,11210,1,1,1,4,3,11,35620,1,18,40.631517,-73.949898,Kings County,36047
190558,College of Staten Island CUNY,9,2,Staten Island,NY,10314,1,1,1,4,3,11,35620,1,18,40.601831,-74.14849,Richmond County,36085
190567,CUNY City College,7,4,New York,NY,10031,1,1,1,4,3,11,35620,1,16,40.819846,-73.948542,New York County,36061
190576,CUNY Graduate School and University Center,17,-2,New York,NY,10016,1,1,1,3,3,11,35620,1,15,40.748612,-73.983822,New York County,36061
190585,CUNY Hostos Community College,11,4,Bronx,NY,10451,4,2,1,3,3,11,35620,1,1,40.81812,-73.926759,Bronx County,36005
190594,CUNY Hunter College,6,4,New York,NY,10065,1,1,1,5,4,11,35620,1,18,40.768669,-73.964795,New York County,36061
190600,CUNY John Jay College of Criminal Justice,19,4,New York,NY,10019,1,1,1,4,3,11,35620,1,18,40.770351,-73.98841,New York County,36061
190619,CUNY Kingsborough Community College,11,2,Brooklyn,NY,11235,4,2,1,4,3,11,35620,1,2,40.577222,-73.935812,Kings County,36047
190628,CUNY LaGuardia Community College,11,2,Long Island City,NY,11101,4,2,1,4,3,11,35620,1,1,40.7445,-73.935057,Queens County,36081
190637,CUNY Lehman College,19,6,Bronx,NY,10468,1,1,1,4,3,11,35620,1,18,40.872962,-73.895379,Bronx County,36005
190646,CUNY Medgar Evers College,22,4,Brooklyn,NY,11225,1,1,1,2,3,11,35620,1,21,40.666256,-73.957076,Kings County,36047
190655,CUNY New York City College of Technology,14,4,Brooklyn,NY,11201,1,1,1,4,3,11,35620,1,22,40.695483,-73.987856,Kings County,36047
190664,CUNY Queens College,9,4,Queens,NY,11367,1,1,1,4,4,11,35620,1,18,40.736416,-73.820053,Queens County,36081
190673,CUNY Queensborough Community College,11,2,Bayside,NY,11364-1497,4,2,1,4,3,11,35620,1,1,40.755481,-73.756656,Queens County,36081
190682,CUNY School of Law,26,-2,Long Island City,NY,11101,1,1,1,1,2,11,35620,1,31,40.747797,-73.943621,Queens County,36081
190691,CUNY York College,14,4,Jamaica,NY,11451,1,1,1,3,3,11,35620,1,20,40.701576,-73.796313,Queens County,36081
190707,CVPH Medical Center School of Radiologic Technology,-2,-2,Plattsburgh,NY,12901-1438,5,2,2,1,-2,32,38460,2,-2,44.699929,-73.469597,Clinton County,36019
190716,D'Youville  University,29,5,Buffalo,NY,14201-1084,2,1,2,2,2,11,15380,1,17,42.902636,-78.890868,Erie County,36029
190725,Daemen University,18,3,Amherst,NY,14226-3592,2,1,2,2,2,21,15380,1,17,42.965605,-78.788111,Erie County,36029
190752,Yeshiva of Far Rockaway Derech Ayson Rabbinical Seminary,31,-2,Far Rockaway,NY,11691-5219,2,1,2,1,1,11,35620,1,24,40.60049,-73.743901,Queens County,36081
190761,Dominican University New York,18,6,Orangeburg,NY,10962-1210,2,1,2,2,2,21,35620,1,17,41.047419,-73.950555,Rockland County,36087
190840,Dutchess Community College,2,4,Poughkeepsie,NY,12601-1595,4,2,1,3,3,21,28880,1,2,41.724245,-73.904652,Dutchess County,36027
190956,Belanger School of Nursing,28,6,Schenectady,NY,12304,5,2,2,1,1,13,10580,1,10,42.802979,-73.915884,Schenectady County,36093
190983,Elmira College,15,3,Elmira,NY,14901,2,1,2,1,2,13,21300,1,22,42.0961,-76.813459,Chemung County,36015
191083,Erie Community College,11,4,Buffalo,NY,14203-2698,4,2,1,3,3,11,15380,1,5,42.881771,-78.872679,Erie County,36029
191126,Fashion Institute of Technology,13,6,New York,NY,10001-5992,1,1,1,3,3,11,35620,1,20,40.74731,-73.994781,New York County,36061
191199,Finger Lakes Community College,11,2,Canandaigua,NY,14424-8395,4,2,1,3,3,41,40380,1,3,42.867556,-77.241801,Ontario County,36069
191205,Five Towns College,23,2,Dix Hills,NY,11746-5871,3,1,3,1,2,21,35620,1,30,40.794506,-73.369348,Suffolk County,36103
191241,Fordham University,7,5,Bronx,NY,10458,2,1,2,4,3,11,35620,1,16,40.859354,-73.882705,Bronx County,36005
191302,Fulton-Montgomery Community College,12,4,Johnstown,NY,12095-3790,4,2,1,2,2,41,11220,2,1,42.983805,-74.297492,Montgomery County,36057
191311,Gemological Institute of America-New York,-2,-2,New York,NY,10036,8,3,2,1,-2,11,35620,1,-2,40.757267,-73.980813,New York County,36061
191339,Genesee Community College,11,4,Batavia,NY,14020-9704,4,2,1,2,3,32,12860,2,5,43.017016,-78.138079,Genesee County,36037
191515,Hamilton College,22,5,Clinton,NY,13323,2,1,2,2,2,22,46540,1,21,43.050245,-75.408195,Oneida County,36065
191533,Hartwick College,5,4,Oneonta,NY,13820-4020,2,1,2,2,2,33,36580,2,21,42.457599,-75.071994,Otsego County,36077
191597,Helene Fuld College of Nursing,28,6,New York,NY,10035-2737,2,1,2,1,2,11,35620,1,26,40.802495,-73.943356,New York County,36061
191612,Herkimer County Community College,12,4,Herkimer,NY,13350-1598,4,2,1,2,2,31,46540,1,5,43.032738,-75.007206,Herkimer County,36043
191621,Hilbert College,15,4,Hamburg,NY,14075-1597,2,1,2,1,2,21,15380,1,22,42.75464,-78.820257,Erie County,36029
191630,Hobart William Smith Colleges,22,5,Geneva,NY,14456,2,1,2,2,2,32,40380,1,21,42.858131,-76.985516,Ontario County,36069
191649,Hofstra University,17,5,Hempstead,NY,11549,2,1,2,4,3,21,35620,1,17,40.715959,-73.60078,Nassau County,36059
191676,Houghton University,22,1,Houghton,NY,14744,2,1,2,2,2,43,-2,-2,21,42.426137,-78.155426,Allegany County,36003
191719,Hudson Valley Community College,11,4,Troy,NY,12180,4,2,1,3,3,13,10580,1,5,42.696509,-73.683734,Rensselaer County,36083
191728,Hunter Business School,-2,-2,Levittown,NY,11756-1375,6,2,3,2,-2,21,35620,1,-2,40.728029,-73.501125,Nassau County,36059
191931,Iona University,19,4,New Rochelle,NY,10801-1890,2,1,2,2,3,21,35620,1,18,40.925725,-73.788046,Westchester County,36119
191940,Isabella Graham Hart School of Practical Nursing,-2,-2,Rochester,NY,14622,8,3,2,1,-2,21,40380,1,-2,43.198008,-77.572061,Monroe County,36055
191959,Island Drafting and Technical Institute,21,4,Amityville,NY,11701-2704,6,2,3,1,1,21,35620,1,11,40.6756,-73.416761,Suffolk County,36103
191968,Ithaca College,19,3,Ithaca,NY,14850-7002,2,1,2,2,3,23,27060,1,18,42.422154,-76.494136,Tompkins County,36109
191986,Jamestown Community College,11,4,Jamestown,NY,14701,4,2,1,2,3,32,27460,2,2,42.1146,-79.218967,Chautauqua County,36013
192004,Jamestown Business College,24,4,Jamestown,NY,14701-4756,3,1,3,1,1,32,27460,2,29,42.095452,-79.249601,Chautauqua County,36013
192022,Jefferson Community College,12,4,Watertown,NY,13601-1897,4,2,1,2,2,13,48060,1,2,43.992827,-75.935051,Jefferson County,36045
192040,Jewish Theological Seminary of America,31,-2,New York,NY,10027-4649,2,1,2,1,1,11,35620,1,24,40.811892,-73.960582,New York County,36061
192110,The Juilliard School,23,1,New York,NY,10023-6588,2,1,2,2,2,11,35620,1,30,40.773725,-73.982913,New York County,36061
192165,Kehilath Yakov Rabbinical Seminary,31,-2,Ossining,NY,10562,2,1,2,1,1,41,35620,1,24,41.220521,-73.814887,Westchester County,36119
192192,Keuka College,20,3,Keuka Park,NY,14478,2,1,2,2,2,32,-2,-2,19,42.615253,-77.090562,Yates County,36123
192271,LIM College,24,6,New York,NY,10017-0000,3,1,3,2,2,11,35620,1,29,40.754991,-73.979413,New York County,36061
192323,Le Moyne College,10,3,Syracuse,NY,13214-1301,2,1,2,2,2,21,45060,1,18,43.049192,-76.090435,Onondaga County,36067
192448,Long Island University,29,6,Brookville,NY,11548-1327,2,1,2,4,3,21,35620,1,16,40.820714,-73.593678,Nassau County,36059
192484,Long Island Beauty School-Hempstead,-2,-2,Hempstead,NY,11550,9,3,3,1,-2,21,35620,1,-2,40.707701,-73.629666,Nassau County,36059
192509,Long Island Business Institute,24,2,Flushing,NY,11354-5577,6,2,3,-2,2,11,35620,1,13,40.760109,-73.829457,Queens County,36081
192624,Machzikei Hadath Rabbinical College,31,-2,Brooklyn,NY,11204-1805,2,1,2,1,1,11,35620,1,24,40.627937,-73.988378,Kings County,36047
192688,Mandl School-The College of Allied Health,21,4,New York,NY,10019-5516,6,2,3,1,2,11,35620,1,10,40.764404,-73.983786,New York County,36061
192703,Manhattan University,10,6,Riverdale,NY,10471-4098,2,1,2,2,2,11,35620,1,18,40.889756,-73.901893,Bronx County,36005
192712,Manhattan School of Music,23,1,New York,NY,10027,2,1,2,2,2,11,35620,1,30,40.812312,-73.961334,New York County,36061
192749,Manhattanville University,10,4,Purchase,NY,10577,2,1,2,2,2,21,35620,1,18,41.032187,-73.715645,Westchester County,36119
192785,Maria College of Albany,28,6,Albany,NY,12208,2,1,2,1,2,12,10580,1,26,42.657789,-73.806287,Albany County,36001
192800,Marion S Whelan School of Nursing of Geneva General Hospital,-2,-2,Geneva,NY,14456-1651,8,3,2,1,-2,32,40380,1,-2,42.876429,-76.987844,Ontario County,36069
192819,Marist University,9,5,Poughkeepsie,NY,12601,2,1,2,3,3,21,28880,1,18,41.720937,-73.935484,Dutchess County,36027
192864,Marymount Manhattan College,22,4,New York,NY,10021-4597,2,1,2,2,2,11,35620,1,21,40.768787,-73.959767,New York County,36061
192961,St. Peter's Hospital College of Nursing,28,6,Albany,NY,12208,5,2,2,1,1,12,10580,1,10,42.658346,-73.807616,Albany County,36001
192970,Memorial Hospital School of Radiation Therapy Technology,-2,-2,New York,NY,10065-6007,5,2,2,1,-2,11,35620,1,-2,40.764128,-73.956143,New York County,36061
193016,Mercy University,17,4,Dobbs Ferry,NY,10522,2,1,2,3,3,21,35620,1,18,41.021626,-73.874447,Westchester County,36119
193052,Mesivta Torah Vodaath Rabbinical Seminary,31,-2,Brooklyn,NY,11218,2,1,2,1,2,11,35620,1,24,40.6382,-73.969395,Kings County,36047
193061,Mesivta of Eastern Parkway-Yeshiva Zichron Meilech,31,-2,Brooklyn,NY,11218-5559,2,1,2,1,1,11,35620,1,13,40.635236,-73.979327,Kings County,36047
193070,Mesivtha Tifereth Jerusalem of America,31,-2,New York,NY,10002-6301,2,1,2,1,1,11,35620,1,24,40.713812,-73.991271,New York County,36061
193201,Mildred Elley School-Albany Campus,12,2,Albany,NY,12206-1513,6,2,3,1,2,12,10580,1,9,42.680833,-73.788615,Albany County,36001
193247,Mirrer Yeshiva Cent Institute,31,-2,Brooklyn,NY,11223-2010,2,1,2,1,1,11,35620,1,24,40.605043,-73.966049,Kings County,36047
193265,Modern Welding School,-2,-2,Schenectady,NY,12304,9,3,3,1,-2,13,10580,1,-2,42.779193,-73.903157,Schenectady County,36093
193283,Mohawk Valley Community College,11,4,Utica,NY,13501-5394,4,2,1,3,3,13,46540,1,3,43.076765,-75.219367,Oneida County,36065
193292,Molloy University,29,6,Rockville Centre,NY,11571-5002,2,1,2,3,3,21,35620,1,18,40.685941,-73.626183,Nassau County,36059
193308,Monroe University,19,4,Bronx,NY,10468,3,1,3,3,3,11,35620,1,18,40.864459,-73.900215,Bronx County,36005
193326,Monroe Community College,11,4,Rochester,NY,14623,4,2,1,3,4,21,40380,1,6,43.101036,-77.610136,Monroe County,36055
193353,Mount Saint Mary College,20,6,Newburgh,NY,12550,2,1,2,2,2,13,28880,1,19,41.513872,-74.012655,Orange County,36071
193380,Montefiore School of Nursing,28,-2,Mount Vernon,NY,10550-2009,5,2,2,1,1,21,35620,1,10,40.912133,-73.840582,Westchester County,36119
193399,University of Mount Saint Vincent,10,6,Bronx,NY,10471-1093,2,1,2,2,2,11,35620,1,22,40.913657,-73.908887,Bronx County,36005
193405,Icahn School of Medicine at Mount Sinai,27,-2,New York,NY,10029-6574,2,1,2,2,2,11,35620,1,27,40.790359,-73.952414,New York County,36061
193478,Nassau Community College,2,2,Garden City,NY,11530-6793,4,2,1,4,3,21,35620,1,1,40.728872,-73.595286,Nassau County,36059
193584,Nazareth University,18,3,Rochester,NY,14618-3790,2,1,2,2,2,21,40380,1,18,43.101576,-77.518579,Monroe County,36055
193609,Neighborhood Playhouse School of the Theater,-2,-2,New York City,NY,10022-5017,5,2,2,1,-2,11,35620,1,-2,40.756613,-73.965332,New York County,36061
193654,The New School,23,3,New York,NY,10011,2,1,2,3,3,11,35620,1,16,40.735508,-73.997114,New York County,36061
193751,Northeast College of Health Sciences,29,-2,Seneca Falls,NY,13148-0800,2,1,2,1,2,41,42900,2,26,42.91173,-76.756232,Seneca County,36099
193821,New York Law School,26,-2,New York,NY,10013-2921,2,1,2,2,2,11,35620,1,31,40.717998,-74.006969,New York County,36061
193830,New York Medical College,27,-2,Valhalla,NY,10595,2,1,2,2,2,21,35620,1,25,41.085031,-73.810042,Westchester County,36119
193858,New York School for Medical and Dental Assistants,21,2,Long Island City,NY,11101,6,2,3,1,2,11,35620,1,10,40.744291,-73.931391,Queens County,36081
193894,New York Theological Seminary,31,-2,New York,NY,10027,2,1,2,1,1,11,35620,1,24,40.811823,-73.961549,New York County,36061
193900,New York University,6,5,New York,NY,10012-1091,2,1,2,5,5,11,35620,1,15,40.729452,-73.997264,New York County,36061
193946,Niagara County Community College,11,2,Sanborn,NY,14132,4,2,1,2,3,41,15380,1,4,43.147701,-78.87579,Niagara County,36063
193973,Niagara University,19,3,Niagara University,NY,14109,2,1,2,2,3,21,15380,1,18,43.137279,-79.036689,Niagara County,36063
193991,Empire Beauty School-Peekskill,-2,-2,Peekskill,NY,10566,9,3,3,1,-2,21,35620,1,-2,41.291484,-73.918806,Westchester County,36119
194028,North Country Community College,12,4,Saranac Lake,NY,12983-0089,4,2,1,2,2,33,-2,-2,8,44.318645,-74.119981,Essex County,36031
194073,New York College of Podiatric Medicine,29,-2,New York,NY,10035-1940,2,1,2,1,1,11,35620,1,26,40.805037,-73.940496,New York County,36061
194091,New York Institute of Technology,7,6,Old Westbury,NY,11568-8000,2,1,2,3,3,41,35620,1,18,40.812447,-73.6078,Nassau County,36059
194116,New York School of Interior Design,23,-2,New York,NY,10021,2,1,2,1,2,11,35620,1,30,40.768615,-73.962404,New York County,36061
194189,Ohr Hameir Theological Seminary,31,-2,Peekskill,NY,10566,2,1,2,1,1,21,35620,1,-2,41.268725,-73.889793,Westchester County,36119
194222,Onondaga Community College,11,4,Syracuse,NY,13215-4585,4,2,1,3,3,21,45060,1,2,43.006329,-76.197878,Onondaga County,36067
194240,Orange County Community College,11,4,Middletown,NY,10940,4,2,1,3,3,23,28880,1,1,41.438629,-74.426028,Orange County,36071
194259,Otsego Area BOCES-Practical Nursing Program,-2,-2,Oneonta,NY,13820-1142,7,3,1,1,-2,33,36580,2,-2,42.459471,-75.064864,Otsego County,36077
194310,Pace University,17,6,New York,NY,10038-1598,2,1,2,4,3,11,35620,1,17,40.711014,-74.004719,New York County,36061
194392,Paul Smiths College of Arts and Science,15,3,Paul Smiths,NY,12970-0265,2,1,2,1,2,42,-2,-2,22,44.433965,-74.252675,Franklin County,36033
194435,Continental School of Beauty Culture-West Seneca,-2,-2,West Seneca,NY,14224,9,3,3,1,-2,21,15380,1,-2,42.828416,-78.754584,Erie County,36029
194499,Plaza College,29,2,Forest Hills,NY,11375,3,1,3,2,2,11,35620,1,23,40.714894,-73.831156,Queens County,36081
194569,Davis College,31,-2,Pottersville,NY,12860-2300,2,1,2,1,1,42,24020,1,24,43.730713,-73.812057,Warren County,36113
194578,Pratt Institute-Main,23,3,Brooklyn,NY,11205,2,1,2,3,3,11,35620,1,30,40.691297,-73.96431,Kings County,36047
194657,Rabbinical Academy Mesivta Rabbi Chaim Berlin,31,-2,Brooklyn,NY,11230,2,1,2,1,1,11,35620,1,24,40.618347,-73.963615,Kings County,36047
194666,Rabbinical College Bobover Yeshiva Bnei Zion,31,-2,Brooklyn,NY,11219,2,1,2,1,1,11,35620,1,24,40.631954,-73.985026,Kings County,36047
194693,Rabbinical College Beth Shraga,31,-2,Monsey,NY,10952-3033,2,1,2,1,1,21,35620,1,13,41.114116,-74.07258,Rockland County,36087
194718,Rabbinical Seminary Mkor Chaim,-2,-2,Lakewood,NJ,08701-5827,2,1,2,1,-2,21,35620,1,-2,40.046838,-74.214817,Ocean County,34029
194736,Rabbinical College of Long Island,31,-2,Long Beach,NY,11561,2,1,2,1,1,21,35620,1,24,40.586427,-73.670238,Nassau County,36059
194763,Rabbinical Seminary of America,31,-2,Flushing,NY,11367,2,1,2,1,2,11,35620,1,24,40.72308,-73.817161,Queens County,36081
194824,Rensselaer Polytechnic Institute,30,5,Troy,NY,12180-3590,2,1,2,3,3,13,10580,1,15,42.729978,-73.676646,Rensselaer County,36083
194958,Roberts Wesleyan University,20,4,Rochester,NY,14624,2,1,2,2,2,21,40380,1,18,43.125755,-77.798498,Monroe County,36055
195003,Rochester Institute of Technology,7,5,Rochester,NY,14623-5603,2,1,2,4,3,21,40380,1,16,43.084188,-77.67386,Monroe County,36055
195030,University of Rochester,7,5,Rochester,NY,14627-0011,2,1,2,4,3,12,40380,1,15,43.126397,-77.631202,Monroe County,36055
195049,The Rockefeller University,25,-2,New York,NY,10065-6399,2,1,2,1,1,11,35620,1,27,40.762489,-73.955198,New York County,36061
195058,Rockland Community College,2,4,Suffern,NY,10901-3699,4,2,1,3,3,21,35620,1,1,41.133929,-74.085969,Rockland County,36087
195067,Empire Beauty School-Manhattan,-2,-2,New York,NY,10001,9,3,3,1,-2,11,35620,1,-2,40.748938,-73.986453,New York County,36061
195128,Russell Sage College,18,4,Troy,NY,12180,2,1,2,2,2,13,10580,1,17,42.72822,-73.693711,Rensselaer County,36083
195155,St Bernard's School of Theology and Ministry,31,-2,Rochester,NY,14618,2,1,2,1,1,21,40380,1,24,43.102185,-77.526326,Monroe County,36055
195164,St Bonaventure University,20,3,Saint Bonaventure,NY,14778-9800,2,1,2,2,2,33,36460,2,19,42.080191,-78.481107,Cattaraugus County,36009
195173,St. Francis College,15,6,Brooklyn,NY,11201,2,1,2,2,2,11,35620,1,22,40.690233,-73.986559,Kings County,36047
195191,St. Joseph's College of Nursing,28,6,Syracuse,NY,13203,5,2,2,1,1,12,45060,1,10,43.055355,-76.148355,Onondaga County,36067
195216,St Lawrence University,22,3,Canton,NY,13617,2,1,2,2,2,33,32390,2,21,44.589879,-75.161343,St. Lawrence County,36089
195234,The College of Saint Rose,19,4,Albany,NY,12203-1490,2,1,2,2,3,12,10580,1,18,42.664297,-73.786661,Albany County,36001
195243,St. Thomas Aquinas College,15,4,Sparkill,NY,10976-1050,2,1,2,2,2,21,35620,1,20,41.041576,-73.936799,Rockland County,36087
195289,Samaritan Hospital School of Nursing,28,6,Troy,NY,12065,5,2,2,1,1,13,10580,1,10,42.742861,-73.676151,Rensselaer County,36083
195304,Sarah Lawrence College,22,3,Bronxville,NY,10708,2,1,2,2,2,21,35620,1,21,40.9355,-73.843727,Westchester County,36119
195322,Schenectady County Community College,11,2,Schenectady,NY,12305,4,2,1,2,3,13,10580,1,3,42.814412,-73.950008,Schenectady County,36093
195438,Sh'or Yoshuv Rabbinical College,31,-2,Lawrence,NY,11559-1714,2,1,2,1,1,21,35620,1,24,40.605227,-73.740085,Nassau County,36059
195474,Siena College,5,3,Loudonville,NY,12211-1462,2,1,2,2,2,21,10580,1,20,42.717602,-73.7526,Albany County,36001
195526,Skidmore College,22,3,Saratoga Springs,NY,12866,2,1,2,2,2,23,10580,1,21,43.097035,-73.785335,Saratoga County,36091
195544,St. Joseph's University-New York,19,4,Brooklyn,NY,11205-3688,2,1,2,2,3,11,35620,1,18,40.690418,-73.967664,Kings County,36047
195580,Saint Vladimirs Orthodox Theological Seminary,31,-2,Yonkers,NY,10707-1699,2,1,2,1,1,21,35620,1,24,40.969393,-73.824358,Westchester County,36119
195702,Saint Elizabeth College of Nursing,28,-2,Utica,NY,13501,5,2,2,1,1,13,46540,1,10,43.082768,-75.267857,Oneida County,36065
195720,St. John Fisher University,18,3,Rochester,NY,14618-3597,2,1,2,2,2,21,40380,1,17,43.116259,-77.513056,Monroe County,36055
195784,St Paul's School of Nursing-Staten Island,28,4,Staten Island,NY,10311,6,2,3,1,2,11,35620,1,10,40.605584,-74.179757,Richmond County,36085
195809,St. John's University-New York,16,6,Queens,NY,11439,2,1,2,4,4,11,35620,1,17,40.722523,-73.796104,Queens County,36081
195827,SUNY-System Office,-2,-2,Albany,NY,12246,0,1,1,-2,-2,12,10580,1,-2,42.648047,-73.749494,Albany County,36001
195988,Sullivan County Community College,12,4,Loch Sheldrake,NY,12759-5151,4,2,1,2,2,41,33910,2,5,41.7641,-74.667769,Sullivan County,36105
196006,SUNY College of Technology at Alfred,21,6,Alfred,NY,14802,1,1,1,2,2,42,-2,-2,23,42.255262,-77.794632,Allegany County,36003
196015,SUNY College of Technology at Canton,14,4,Canton,NY,13617-1098,1,1,1,2,3,33,32390,2,22,44.604096,-75.182906,St. Lawrence County,36089
196024,SUNY College of Technology at Delhi,15,4,Delhi,NY,13753-1100,1,1,1,2,2,43,-2,-2,22,42.269859,-74.924612,Delaware County,36025
196033,SUNY College of Agriculture and Technology at Cobleskill,15,2,Cobleskill,NY,12043,1,1,1,2,2,32,10580,1,22,42.672534,-74.498258,Schoharie County,36095
196042,Farmingdale State College,14,4,Farmingdale,NY,11735-1021,1,1,1,4,3,21,35620,1,22,40.754224,-73.42832,Suffolk County,36103
196051,SUNY Morrisville,13,4,Morrisville,NY,13408,1,1,1,2,2,42,45060,1,23,42.893962,-75.640583,Madison County,36053
196060,University at Albany,7,4,Albany,NY,12222,1,1,1,4,3,12,10580,1,15,42.685489,-73.824662,Albany County,36001
196079,Binghamton University,6,5,Vestal,NY,13850-6000,1,1,1,4,4,22,13780,1,15,42.087868,-75.966889,Broome County,36007
196088,University at Buffalo,6,3,Buffalo,NY,14260-1660,1,1,1,5,4,21,15380,1,15,43.000942,-78.789458,Erie County,36029
196097,Stony Brook University,6,6,Stony Brook,NY,11794-0701,1,1,1,5,4,21,35620,1,15,40.91476,-73.12046,Suffolk County,36103
196103,SUNY College of Environmental Science and Forestry,5,3,Syracuse,NY,13210,1,1,1,2,2,12,45060,1,16,43.034765,-76.138724,Onondaga County,36067
196112,SUNY Polytechnic Institute,20,6,Utica,NY,13502,1,1,1,2,2,22,46540,1,18,43.137701,-75.229841,Oneida County,36065
196121,SUNY Brockport,19,4,Brockport,NY,14420-2919,1,1,1,3,3,31,40380,1,18,43.211926,-77.947188,Monroe County,36055
196130,SUNY Buffalo State University,19,4,Buffalo,NY,14222,1,1,1,3,3,11,15380,1,18,42.933832,-78.882125,Erie County,36029
196149,State University of New York at Cortland,19,6,Cortland,NY,13045-0900,1,1,1,3,3,32,18660,2,19,42.598022,-76.188655,Cortland County,36023
196158,SUNY at Fredonia,14,6,Fredonia,NY,14063-1136,1,1,1,2,3,32,27460,2,20,42.452236,-79.337375,Chautauqua County,36013
196167,SUNY College at Geneseo,22,5,Geneseo,NY,14454-1465,1,1,1,2,3,32,40380,1,20,42.796645,-77.821894,Livingston County,36051
196176,State University of New York at New Paltz,9,4,New Paltz,NY,12561-2443,1,1,1,3,3,31,28740,1,18,41.740936,-74.082188,Ulster County,36111
196185,SUNY Oneonta,9,6,Oneonta,NY,13820-4015,1,1,1,3,3,33,36580,2,19,42.468861,-75.063632,Otsego County,36077
196194,State University of New York at Oswego,19,4,Oswego,NY,13126,1,1,1,3,3,32,45060,1,18,43.454287,-76.540798,Oswego County,36075
196200,SUNY College at Potsdam,22,4,Potsdam,NY,13676-2294,1,1,1,2,2,33,32390,2,19,44.662148,-74.973815,St. Lawrence County,36089
196219,SUNY at Purchase College,22,2,Purchase,NY,10577-1400,1,1,1,2,2,21,35620,1,21,41.047223,-73.701955,Westchester County,36119
196228,SUNY College of Optometry,29,-2,New York,NY,10036-8003,1,1,1,1,1,11,35620,1,26,40.754465,-73.982236,New York County,36061
196237,SUNY Old Westbury,22,4,Old Westbury,NY,11568-0210,1,1,1,2,3,21,35620,1,19,40.799021,-73.571907,Nassau County,36059
196246,State University of New York at Plattsburgh,14,4,Plattsburgh,NY,12901-2681,1,1,1,2,3,32,38460,2,19,44.69293,-73.466536,Clinton County,36019
196255,SUNY Downstate Health Sciences University,27,-2,Brooklyn,NY,11203-2098,1,1,1,2,2,11,35620,1,25,40.653855,-73.945535,Kings County,36047
196264,Empire State University,19,4,Saratoga Springs,NY,12866-4391,1,1,1,4,3,23,10580,1,18,43.077283,-73.782484,Saratoga County,36091
196291,SUNY Maritime College,15,5,Throggs Neck,NY,10465-4198,1,1,1,2,2,11,35620,1,20,40.807217,-73.795309,Bronx County,36005
196307,Upstate Medical University,27,-2,Syracuse,NY,13210,1,1,1,2,2,12,45060,1,25,43.041819,-76.140009,Onondaga County,36067
196389,Swedish Institute a College of Health Sciences,29,2,New York,NY,10001-6700,6,2,3,2,2,11,35620,1,10,40.746384,-73.99567,New York County,36061
196413,Syracuse University,6,5,Syracuse,NY,13244,2,1,2,5,4,12,45060,1,15,43.036644,-76.133989,Onondaga County,36067
196431,Talmudical Seminary Oholei Torah,31,-2,Brooklyn,NY,11213,2,1,2,1,1,11,35620,1,24,40.670089,-73.945759,Kings County,36047
196440,Talmudical Institute of Upstate New York,-2,-2,Rochester,NY,14618-3046,2,1,2,1,-2,12,40380,1,-2,43.147062,-77.574943,Monroe County,36055
196468,Teachers College at Columbia University,25,-2,New York,NY,10027,2,1,2,2,3,11,35620,1,16,40.810216,-73.960194,New York County,36061
196565,Tompkins Cortland Community College,11,4,Dryden,NY,13053-0139,4,2,1,2,3,42,27060,1,3,42.502006,-76.287586,Tompkins County,36109
196583,Torah Temimah Talmudical Seminary,31,-2,Staten Island,NY,10312,2,1,2,1,1,11,35620,1,24,40.557785,-74.168769,Richmond County,36085
196592,Touro University,7,4,New York,NY,10036,2,1,2,4,3,11,35620,1,17,40.756832,-73.987049,New York County,36061
196653,Trocaire College,28,6,Buffalo,NY,14220-2094,2,1,2,2,2,11,15380,1,26,42.846693,-78.812398,Erie County,36029
196680,Excelsior University,19,-2,Albany,NY,12203-5159,2,1,2,4,4,12,10580,1,18,42.705487,-73.862981,Albany County,36001
196699,Ulster County Community College,3,4,Stone Ridge,NY,12484,4,2,1,2,2,41,28740,1,3,41.851218,-74.128698,Ulster County,36111
196866,Union College,22,5,Schenectady,NY,12308-2311,2,1,2,2,2,13,10580,1,21,42.818097,-73.928788,Schenectady County,36093
196884,Union Theological Seminary in the City of New York,31,-2,New York,NY,10027-5792,2,1,2,1,1,11,35620,1,24,40.811823,-73.961549,New York County,36061
197018,United Talmudical Seminary,31,-2,Brooklyn,NY,11211,2,1,2,2,2,11,35620,1,24,40.705687,-73.959113,Kings County,36047
197027,United States Merchant Marine Academy,30,5,Kings Point,NY,11024-1634,1,1,1,1,2,21,35620,1,22,40.81357,-73.763004,Nassau County,36059
197036,United States Military Academy,5,-2,West  Point,NY,10996,1,1,1,2,3,31,28880,1,21,41.388988,-73.956772,Orange County,36071
197045,Utica University,17,3,Utica,NY,13502-4892,2,1,2,2,3,13,46540,1,18,43.096213,-75.272916,Oneida County,36065
197133,Vassar College,22,3,Poughkeepsie,NY,12604,2,1,2,2,2,21,28880,1,21,41.686895,-73.895088,Dutchess County,36027
197142,Villa Maria College,15,2,Buffalo,NY,14225-3999,2,1,2,1,2,13,15380,1,22,42.91223,-78.796823,Erie County,36029
197151,School of Visual Arts,23,1,New York,NY,10010,3,1,3,2,3,11,35620,1,18,40.738809,-73.982359,New York County,36061
197197,Wagner College,20,5,Staten Island,NY,10301-4495,2,1,2,2,2,11,35620,1,19,40.615588,-74.092913,Richmond County,36085
197221,Webb Institute,30,-2,Glen Cove,NY,11542-1398,2,1,2,1,1,21,35620,1,28,40.884444,-73.644909,Nassau County,36059
197230,Wells College,22,4,Aurora,NY,13026-0500,2,1,2,-2,1,42,12180,2,21,42.742943,-76.696028,Cayuga County,36011
197285,The College of Westchester,29,4,White Plains,NY,10606-1200,3,1,3,1,2,13,35620,1,22,41.033687,-73.784404,Westchester County,36119
197294,SUNY Westchester Community College,2,4,Valhalla,NY,10595,4,2,1,3,3,21,35620,1,2,41.068458,-73.789669,Westchester County,36119
197337,Westchester School of Beauty Culture,-2,-2,Mount Vernon,NY,10550-2295,9,3,3,1,-2,21,35620,1,-2,40.912476,-73.837751,Westchester County,36119
197531,Word of Life Bible Institute,-2,-2,Pottersville,NY,12860-0129,5,2,2,1,-2,42,24020,1,-2,43.730713,-73.812057,Warren County,36113
197601,Yeshiva Karlin Stolin,31,-2,Brooklyn,NY,11204-1545,2,1,2,1,1,11,35620,1,24,40.624918,-73.983373,Kings County,36047
197647,Yeshiva Derech Chaim,31,-2,Brooklyn,NY,11218-0000,2,1,2,1,1,11,35620,1,24,40.636889,-73.979757,Kings County,36047
197674,Yeshiva of Nitra Rabbinical College,31,-2,Chester,NY,10918,2,1,2,1,1,41,28880,1,24,41.353674,-74.255911,Orange County,36071
197692,Yeshivath Shaar Hatorah,31,-2,Kew Gardens,NY,11418,2,1,2,1,1,11,35620,1,24,40.704048,-73.835009,Queens County,36081
197708,Yeshiva University,7,3,New York,NY,10033-3299,2,1,2,3,3,11,35620,1,17,40.850605,-73.929873,New York County,36061
197735,Yeshivath Viznitz,31,-2,Monsey,NY,10952,2,1,2,2,2,21,35620,1,24,41.114682,-74.070243,Rockland County,36087
197744,Yeshivath Zichron Moshe,31,-2,South Fallsburg,NY,12779,2,1,2,1,1,32,33910,2,24,41.73048,-74.621823,Sullivan County,36105
197814,College of the Albemarle,3,1,Elizabeth City,NC,27906-2327,4,2,1,2,2,32,21020,2,3,36.324885,-76.219765,Pasquotank County,37139
197850,South Piedmont Community College,2,2,Polkton,NC,28135,4,2,1,2,3,42,16740,1,3,35.000312,-80.211087,Anson County,37007
197869,Appalachian State University,19,4,Boone,NC,28608,1,1,1,5,4,32,14380,2,18,36.215536,-81.680583,Watauga County,37189
197887,Asheville-Buncombe Technical Community College,11,4,Asheville,NC,28801-4897,4,2,1,3,3,13,11700,1,6,35.570439,-82.554826,Buncombe County,37021
197911,Barton College,15,4,Wilson,NC,27893-7000,2,1,2,2,2,31,48980,2,22,35.734376,-77.913867,Wilson County,37195
197966,Beaufort County Community College,3,2,Washington,NC,27889,4,2,1,2,2,41,47820,2,2,35.533587,-76.96535,Beaufort County,37013
197984,Belmont Abbey College,15,3,Belmont,NC,28012-1802,2,1,2,2,2,22,16740,1,22,35.260651,-81.041315,Gaston County,37071
197993,Bennett College,22,4,Greensboro,NC,27401-3239,2,1,2,1,1,11,24660,1,21,36.067531,-79.77998,Guilford County,37081
198011,Bladen Community College,3,4,Dublin,NC,28332,4,2,1,2,2,42,-2,-2,9,34.644691,-78.731119,Bladen County,37017
198039,Blue Ridge Community College,3,4,Flat Rock,NC,28731-4728,4,2,1,2,2,21,11700,1,3,35.30804,-82.425544,Henderson County,37089
198066,Brevard College,15,4,Brevard,NC,28712,2,1,2,1,2,32,14820,2,22,35.236763,-82.729494,Transylvania County,37175
198084,Brunswick Community College,3,2,Bolivia,NC,28422-9021,4,2,1,2,2,42,48900,1,2,34.038973,-78.22979,Brunswick County,37019
198109,Cabarrus College of Health Sciences,28,6,Concord,NC,28025-3959,2,1,2,1,2,12,16740,1,26,35.440038,-80.600824,Cabarrus County,37025
198118,Caldwell Community College and Technical Institute,2,4,Hudson,NC,28638,4,2,1,2,3,22,25860,1,2,35.854604,-81.484148,Caldwell County,37027
198136,Campbell University,17,4,Buies Creek,NC,27506,2,1,2,2,3,31,11360,2,17,35.409149,-78.738238,Harnett County,37085
198154,Cape Fear Community College,1,2,Wilmington,NC,28401-3910,4,2,1,4,4,12,48900,1,1,34.240624,-77.948306,New Hanover County,37129
198206,Carteret Community College,3,2,Morehead City,NC,28557,4,2,1,2,2,32,33980,2,4,34.723681,-76.755538,Carteret County,37031
198215,Catawba College,15,4,Salisbury,NC,28144,2,1,2,2,2,21,16740,1,22,35.691443,-80.482751,Rowan County,37159
198233,Catawba Valley Community College,2,4,Hickory,NC,28602-0699,4,2,1,2,3,13,25860,1,2,35.699732,-81.28792,Catawba County,37035
198251,Central Carolina Community College,2,2,Sanford,NC,27330-9840,4,2,1,3,3,32,41820,2,6,35.471864,-79.143553,Lee County,37105
198260,Central Piedmont Community College,1,2,Charlotte,NC,28204,4,2,1,5,4,11,16740,1,2,35.217774,-80.829796,Mecklenburg County,37119
198303,Chowan University,22,4,Murfreesboro,NC,27855,2,1,2,1,2,43,-2,-2,22,36.436258,-77.099141,Hertford County,37091
198321,Cleveland Community College,3,4,Shelby,NC,28152-6224,4,2,1,2,2,32,43140,2,5,35.279833,-81.492856,Cleveland County,37045
198330,Coastal Carolina Community College,2,4,Jacksonville,NC,28546-6816,4,2,1,2,3,13,27340,1,4,34.771687,-77.384785,Onslow County,37133
198367,Craven Community College,3,4,New Bern,NC,28562-4900,4,2,1,2,2,32,35100,2,2,35.111516,-77.102232,Craven County,37049
198376,Davidson-Davie Community College,2,4,Thomasville,NC,27360-7385,4,2,1,2,3,41,49180,1,5,35.865471,-80.181868,Davidson County,37057
198385,Davidson College,22,5,Davidson,NC,28035,2,1,2,2,2,21,16740,1,21,35.499767,-80.843979,Mecklenburg County,37119
198419,Duke University,7,5,Durham,NC,27708,2,1,2,4,3,11,20500,1,15,36.001135,-78.937624,Durham County,37063
198455,Durham Technical Community College,2,2,Durham,NC,27703-5023,4,2,1,3,3,11,20500,1,6,35.974768,-78.8817,Durham County,37063
198464,East Carolina University,16,5,Greenville,NC,27858-4353,1,1,1,5,4,13,24780,1,16,35.607186,-77.368291,Pitt County,37147
198491,Edgecombe Community College,29,4,Tarboro,NC,27886,4,2,1,2,2,41,40580,1,8,35.879867,-77.571786,Edgecombe County,37065
198507,Elizabeth City State University,15,4,Elizabeth City,NC,27909,1,1,1,2,2,32,21020,2,22,36.277978,-76.214041,Pasquotank County,37139
198516,Elon University,17,5,Elon,NC,27244-2010,2,1,2,3,3,22,15500,1,17,36.104148,-79.50344,Alamance County,37001
198534,Fayetteville Technical Community College,11,4,Fayetteville,NC,28303-0236,4,2,1,4,3,12,22180,1,5,35.068851,-78.92658,Cumberland County,37051
198543,Fayetteville State University,19,4,Fayetteville,NC,28301-4298,1,1,1,3,3,12,22180,1,19,35.073641,-78.891696,Cumberland County,37051
198552,Forsyth Technical Community College,2,4,Winston-Salem,NC,27103-5197,4,2,1,3,3,11,49180,1,4,36.06854,-80.272215,Forsyth County,37067
198561,Gardner-Webb University,17,3,Boiling Springs,NC,28017-0997,2,1,2,2,3,42,43140,2,17,35.24732,-81.668141,Cleveland County,37045
198570,Gaston College,2,2,Dallas,NC,28034,4,2,1,3,3,22,16740,1,4,35.312048,-81.18852,Gaston County,37071
198598,Greensboro College,10,4,Greensboro,NC,27401-1875,2,1,2,1,2,11,24660,1,20,36.071082,-79.800232,Guilford County,37081
198613,Guilford College,22,4,Greensboro,NC,27410-4108,2,1,2,2,2,11,24660,1,21,36.094233,-79.887737,Guilford County,37081
198622,Guilford Technical Community College,2,4,Jamestown,NC,27282,4,2,1,4,3,21,24660,1,4,35.99846,-79.92062,Guilford County,37081
198640,Halifax Community College,3,2,Weldon,NC,27890,4,2,1,2,2,41,40260,2,6,36.427712,-77.617681,Halifax County,37083
198668,Haywood Community College,12,3,Clyde,NC,28721-9901,4,2,1,2,2,41,48200,2,5,35.525905,-82.927918,Haywood County,37087
198677,Heritage Bible College,31,-2,Dunn,NC,28334,2,1,2,1,1,41,11360,2,24,35.307368,-78.664393,Harnett County,37085
198695,High Point University,17,3,High Point,NC,27268,2,1,2,3,3,12,24660,1,22,35.972035,-79.994675,Guilford County,37081
198710,Isothermal Community College,3,4,Spindale,NC,28160-0804,4,2,1,2,2,32,22580,2,2,35.336728,-81.911857,Rutherford County,37161
198729,James Sprunt Community College,3,4,Kenansville,NC,28349,4,2,1,2,2,42,-2,-2,2,34.946802,-77.977639,Duplin County,37061
198756,Johnson C Smith University,5,4,Charlotte,NC,28216-5398,2,1,2,2,2,11,16740,1,21,35.243033,-80.857251,Mecklenburg County,37119
198774,Johnston Community College,2,2,Smithfield,NC,27577-2350,4,2,1,3,3,31,39580,1,5,35.501418,-78.332293,Johnston County,37101
198808,Lees-McRae College,15,3,Banner Elk,NC,28604,2,1,2,1,2,42,-2,-2,22,36.162477,-81.873371,Avery County,37011
198817,Lenoir Community College,3,2,Kinston,NC,28502-0188,4,2,1,2,2,32,28820,2,6,35.234405,-77.571532,Lenoir County,37107
198835,Lenoir-Rhyne University,18,4,Hickory,NC,28601,2,1,2,2,2,13,25860,1,18,35.739968,-81.327598,Catawba County,37035
198844,Leons Beauty School Inc,-2,-2,Greensboro,NC,27403-2604,9,3,3,1,-2,11,24660,1,-2,36.057646,-79.8228,Guilford County,37081
198862,Livingstone College,5,4,Salisbury,NC,28144,2,1,2,1,2,21,16740,1,22,35.670877,-80.483956,Rowan County,37159
198871,Louisburg College,3,2,Louisburg,NC,27549-2399,5,2,2,1,2,42,39580,1,1,36.105035,-78.29898,Franklin County,37069
198899,Mars Hill University,15,4,Mars Hill,NC,28754,2,1,2,2,2,41,11700,1,22,35.82752,-82.551827,Madison County,37115
198905,Martin Community College,3,4,Williamston,NC,27892-9988,4,2,1,1,2,32,-2,-2,3,35.836304,-77.094913,Martin County,37117
198914,Mayland Community College,3,3,Spruce Pine,NC,28777,4,2,1,1,2,42,-2,-2,6,35.934475,-82.016988,Avery County,37011
198923,McDowell Technical Community College,3,4,Marion,NC,28752-8728,4,2,1,2,2,41,32000,2,6,35.656254,-81.96208,McDowell County,37111
198950,Meredith College,22,3,Raleigh,NC,27607-5298,2,1,2,2,2,11,39580,1,21,35.799351,-78.689995,Wake County,37183
198969,Methodist University,18,4,Fayetteville,NC,28311-1420,2,1,2,2,2,12,22180,1,20,35.135058,-78.874426,Cumberland County,37051
198978,Miller-Motte College-Wilmington,24,2,Wilmington,NC,28405,3,1,3,1,2,12,48900,1,23,34.242761,-77.882359,New Hanover County,37129
198987,Mitchell Community College,2,2,Statesville,NC,28677,4,2,1,2,3,31,16740,1,3,35.782814,-80.894083,Iredell County,37097
199005,Mitchells Academy,-2,-2,Raleigh,NC,27606,9,3,3,-2,-2,12,39580,1,-2,35.764652,-78.742438,Wake County,37183
199023,Montgomery Community College,12,4,Troy,NC,27371,4,2,1,2,2,42,-2,-2,6,35.367107,-79.870005,Montgomery County,37123
199032,Montreat College,15,3,Montreat,NC,28757-1267,2,1,2,1,2,21,11700,1,22,35.646577,-82.2976,Buncombe County,37021
199069,University of Mount Olive,15,4,Mount Olive,NC,28365-0919,2,1,2,2,2,42,24140,1,20,35.208166,-78.069388,Wayne County,37191
199078,College of Wilmington,-2,-2,Wilmington,NC,28403,9,3,3,1,-2,12,48900,1,-2,34.21396,-77.906111,New Hanover County,37129
199087,Nash Community College,3,4,Rocky Mount,NC,27804,4,2,1,2,2,41,40580,1,6,35.976823,-77.898348,Nash County,37127
199102,North Carolina A & T State University,9,4,Greensboro,NC,27411,1,1,1,4,3,11,24660,1,16,36.07282,-79.773375,Guilford County,37081
199111,University of North Carolina Asheville,22,4,Asheville,NC,28804-8510,1,1,1,2,2,13,11700,1,21,35.617068,-82.565392,Buncombe County,37021
199120,University of North Carolina at Chapel Hill,6,5,Chapel Hill,NC,27599,1,1,1,5,4,13,20500,1,15,35.911769,-79.050969,Orange County,37135
199139,University of North Carolina at Charlotte,6,4,Charlotte,NC,28223-0001,1,1,1,5,4,11,16740,1,16,35.306022,-80.730919,Mecklenburg County,37119
199148,University of North Carolina at Greensboro,6,4,Greensboro,NC,27402-6170,1,1,1,4,4,11,24660,1,16,36.068236,-79.809414,Guilford County,37081
199157,North Carolina Central University,7,4,Durham,NC,27707,1,1,1,3,3,11,20500,1,18,35.974237,-78.898602,Durham County,37063
199175,University of North Carolina System,-2,-2,Raleigh,NC,27603,0,1,1,-2,-2,11,39580,1,-2,35.777491,-78.645908,Wake County,37183
199184,University of North Carolina School of the Arts,23,1,Winston Salem,NC,27127-2738,1,1,1,2,2,11,49180,1,30,36.076183,-80.235672,Forsyth County,37067
199193,North Carolina State University at Raleigh,6,5,Raleigh,NC,27695-7001,1,1,1,5,5,11,39580,1,15,35.785111,-78.674517,Wake County,37183
199209,North Carolina Wesleyan University,15,4,Rocky Mount,NC,27804,2,1,2,2,2,13,40580,1,22,36.019665,-77.773982,Nash County,37127
199218,University of North Carolina Wilmington,16,3,Wilmington,NC,28403-5963,1,1,1,4,4,12,48900,1,16,34.225223,-77.875527,New Hanover County,37129
199263,Pamlico Community College,12,2,Grantsboro,NC,28529,4,2,1,1,2,42,35100,2,6,35.068398,-76.83372,Pamlico County,37137
199272,William Peace University,22,4,Raleigh,NC,27604-1194,2,1,2,1,2,11,39580,1,22,35.789139,-78.637697,Wake County,37183
199281,University of North Carolina at Pembroke,9,3,Pembroke,NC,28372-1510,1,1,1,3,3,32,31300,2,18,34.688313,-79.200347,Robeson County,37155
199306,Pfeiffer University,20,4,Misenheimer,NC,28109-0960,2,1,2,1,2,41,10620,2,19,35.484696,-80.283168,Stanly County,37167
199324,Piedmont Community College,12,2,Roxboro,NC,27573,4,2,1,1,2,41,20500,1,6,36.431674,-78.980607,Person County,37145
199333,Pitt Community College,11,4,Winterville,NC,28590,4,2,1,3,3,22,24780,1,6,35.550591,-77.407203,Pitt County,37147
199412,Queens University of Charlotte,20,3,Charlotte,NC,28274,2,1,2,2,2,11,16740,1,18,35.189051,-80.833509,Mecklenburg County,37119
199421,Randolph Community College,3,2,Asheboro,NC,27205,4,2,1,2,2,32,24660,1,2,35.672814,-79.828538,Randolph County,37151
199449,Richmond Community College,3,2,Hamlet,NC,28345-1189,4,2,1,2,2,32,40460,2,5,34.905252,-79.70964,Richmond County,37153
199458,Mid-Atlantic Christian University,31,-2,Elizabeth City,NC,27909-4054,2,1,2,1,1,32,21020,2,22,36.303812,-76.216483,Pasquotank County,37139
199467,Roanoke-Chowan Community College,3,4,Ahoskie,NC,27910-9522,4,2,1,1,2,41,-2,-2,1,36.324827,-77.023662,Hertford County,37091
199476,Robeson Community College,12,4,Lumberton,NC,28360,4,2,1,2,2,32,31300,2,7,34.675194,-79.00664,Robeson County,37155
199485,Rockingham Community College,3,2,Wentworth,NC,27375,4,2,1,2,2,41,24660,1,5,36.388682,-79.758353,Rockingham County,37157
199494,Rowan-Cabarrus Community College,2,2,Salisbury,NC,28146,4,2,1,3,3,21,16740,1,6,35.639388,-80.48181,Rowan County,37159
199582,Saint Augustine's University,15,4,Raleigh,NC,27610-2298,2,1,2,1,2,11,39580,1,22,35.785468,-78.621301,Wake County,37183
199607,Salem College,22,4,Winston-Salem,NC,27101,2,1,2,1,2,11,49180,1,21,36.086271,-80.241297,Forsyth County,37067
199625,Sampson Community College,3,6,Clinton,NC,28328-0318,4,2,1,2,2,32,-2,-2,6,34.99046,-78.36006,Sampson County,37163
199634,Sandhills Community College,2,2,Pinehurst,NC,28374,4,2,1,2,3,41,38240,1,4,35.220086,-79.40635,Moore County,37125
199643,Shaw University,5,4,Raleigh,NC,27601,2,1,2,1,2,11,39580,1,22,35.771181,-78.637693,Wake County,37183
199689,Paul Mitchell the School-Fayetteville,-2,-2,Fayetteville,NC,28303-5364,9,3,3,1,-2,12,22180,1,-2,35.070011,-78.957673,Cumberland County,37051
199698,St. Andrews University,15,4,Laurinburg,NC,28352,2,1,2,1,2,32,29900,2,22,34.74563,-79.478567,Scotland County,37165
199722,Southeastern Community College,3,4,Whiteville,NC,28472-5422,4,2,1,2,2,42,-2,-2,5,34.331749,-78.783365,Columbus County,37047
199731,Southwestern Community College,12,4,Sylva,NC,28779,4,2,1,2,2,32,-2,-2,5,35.348575,-83.207129,Jackson County,37099
199740,Stanly Community College,12,2,Albemarle,NC,28001,4,2,1,2,2,32,10620,2,6,35.339895,-80.236303,Stanly County,37167
199759,Southeastern Baptist Theological Seminary,31,-2,Wake Forest,NC,27587-1889,2,1,2,2,3,21,39580,1,17,35.981858,-78.513755,Wake County,37183
199768,Surry Community College,3,4,Dobson,NC,27017-8432,4,2,1,2,2,42,34340,2,6,36.384334,-80.716834,Surry County,37171
199786,Alamance Community College,2,2,Graham,NC,27253-8000,4,2,1,2,3,22,15500,1,6,36.066683,-79.357657,Alamance County,37001
199795,Tri-County Community College,3,1,Murphy,NC,28906,4,2,1,2,2,43,-2,-2,3,35.067021,-83.966476,Cherokee County,37039
199838,Vance-Granville Community College,3,1,Henderson,NC,27537,4,2,1,2,2,32,25780,2,6,36.323887,-78.487651,Vance County,37181
199847,Wake Forest University,7,5,Winston-Salem,NC,27106,2,1,2,3,3,11,49180,1,16,36.133609,-80.277446,Forsyth County,37067
199856,Wake Technical Community College,1,2,Raleigh,NC,27603-5696,4,2,1,5,4,21,39580,1,1,35.650151,-78.706126,Wake County,37183
199865,Warren Wilson College,22,1,Swannanoa,NC,28778-2099,2,1,2,1,2,41,11700,1,21,35.610328,-82.442619,Buncombe County,37021
199883,Watts College of Nursing,28,-2,Durham,NC,27705-2505,2,1,2,1,1,11,20500,1,-2,36.027649,-78.9413,Durham County,37063
199892,Wayne Community College,12,4,Goldsboro,NC,27534,4,2,1,2,2,13,24140,1,4,35.403079,-77.945873,Wayne County,37191
199908,Western Piedmont Community College,3,4,Morganton,NC,28655-4511,4,2,1,2,2,13,25860,1,6,35.722876,-81.687345,Burke County,37023
199926,Wilkes Community College,3,4,Wilkesboro,NC,28697,4,2,1,2,2,32,35900,2,5,36.136617,-81.182994,Wilkes County,37193
199953,Wilson Community College,3,4,Wilson,NC,27893,4,2,1,2,2,31,48980,2,6,35.730114,-77.895663,Wilson County,37195
199962,Wingate University,18,4,Wingate,NC,28174-0159,2,1,2,2,2,21,16740,1,17,34.986064,-80.44305,Union County,37179
199971,Carolina Christian College,31,-2,Winston Salem,NC,27105,2,1,2,1,1,11,49180,1,24,36.146168,-80.256252,Forsyth County,37067
199980,Winston Salem Barber School,-2,-2,Winston-Salem,NC,27127,9,3,3,1,-2,11,49180,1,-2,36.067155,-80.260541,Forsyth County,37067
199999,Winston-Salem State University,14,6,Winston-Salem,NC,27110-0001,1,1,1,2,3,11,49180,1,17,36.089554,-80.225033,Forsyth County,37067
200004,Western Carolina University,19,3,Cullowhee,NC,28723-9646,1,1,1,4,3,32,-2,-2,17,35.308979,-83.186258,Jackson County,37099
200013,Rasmussen University-North Dakota,28,2,Fargo,ND,58103-7196,3,1,3,1,2,12,22020,1,23,46.848362,-96.848937,Cass County,38017
200022,Bismarck State College,11,4,Bismarck,ND,58506-5587,1,1,1,2,3,13,13900,1,14,46.821459,-100.816534,Burleigh County,38015
200059,Dickinson State University,15,4,Dickinson,ND,58601-4896,1,1,1,2,2,33,19860,2,22,46.882917,-102.799679,Stark County,38089
200086,Nueta Hidatsa Sahnish College,4,-2,New Town,ND,58763,1,1,1,1,1,43,-2,-2,33,47.983311,-102.472814,Mountrail County,38061
200110,"Josef's School of Hair, Skin & Body-Grand Forks",-2,-2,Grand Forks,ND,58201,9,3,3,1,-2,13,24220,1,-2,47.900289,-97.044408,Grand Forks County,38035
200156,University of Jamestown,18,3,Jamestown,ND,58405,2,1,2,2,2,33,27420,2,20,46.914302,-98.698416,Stutsman County,38093
200192,Lake Region State College,12,4,Devils Lake,ND,58301-1598,4,2,1,2,2,33,-2,-2,6,48.127948,-98.869034,Ramsey County,38071
200208,Cankdeska Cikana Community College,12,2,Fort Totten,ND,58335,4,2,1,1,1,42,-2,-2,33,47.978122,-98.990801,Benson County,38005
200217,University of Mary,17,3,Bismarck,ND,58504,2,1,2,2,3,41,13900,1,17,46.723767,-100.75274,Burleigh County,38015
200226,Mayville State University,15,4,Mayville,ND,58257-1299,1,1,1,2,2,43,-2,-2,22,47.505415,-97.322554,Traill County,38097
200253,Minot State University,15,4,Minot,ND,58707,1,1,1,2,2,13,33500,1,19,48.246961,-101.29861,Ward County,38101
200280,University of North Dakota,17,3,Grand Forks,ND,58202-8193,1,1,1,4,3,13,24220,1,16,47.921654,-97.071738,Grand Forks County,38035
200305,North Dakota State College of Science,21,4,Wahpeton,ND,58076-0002,4,2,1,2,2,33,47420,2,7,46.272158,-96.607379,Richland County,38077
200314,Dakota College at Bottineau,3,4,Bottineau,ND,58318-1198,4,2,1,2,2,43,-2,-2,9,48.832505,-100.441103,Bottineau County,38009
200332,North Dakota State University-Main Campus,7,3,Fargo,ND,58108-6050,1,1,1,4,3,12,22020,1,15,46.893127,-96.800838,Cass County,38017
200341,Williston State College,3,4,Williston,ND,58801,4,2,1,1,2,33,48780,2,4,48.158603,-103.613066,Williams County,38105
200466,Sitting Bull College,13,4,Fort Yates,ND,58538-9721,1,1,1,1,1,43,-2,-2,33,46.085288,-100.674735,Sioux County,38085
200484,Trinity Bible College and Graduate School,31,-2,Ellendale,ND,58436-7105,2,1,2,1,1,43,-2,-2,24,46.001037,-98.517906,Dickey County,38021
200527,Turtle Mountain Community College,4,6,Belcourt,ND,58316,2,1,2,1,2,43,-2,-2,33,48.883758,-99.750836,Rolette County,38079
200554,United Tribes Technical College,13,2,Bismarck,ND,58504,2,1,2,1,2,23,13900,1,33,46.767157,-100.755131,Burleigh County,38015
200572,Valley City State University,15,4,Valley City,ND,58072,1,1,1,2,2,33,-2,-2,22,46.918517,-98.00389,Barnes County,38003
200590,ETI Technical College of Niles,28,4,Niles,OH,44446-4398,6,2,3,1,1,21,49660,1,7,41.18694,-80.723213,Trumbull County,39155
200697,Air Force Institute of Technology-Graduate School of Engineering & Management,30,-2,Wright-Patterson AFB,OH,45433-7765,1,1,1,2,2,21,19430,1,16,39.782221,-84.082618,Greene County,39057
200785,Herzing University-Akron,28,4,Akron,OH,44306-3931,2,1,2,1,2,21,10420,1,23,41.02817,-81.493109,Summit County,39153
200800,University of Akron Main Campus,17,4,Akron,OH,44325-2102,1,1,1,4,3,12,10420,1,16,41.075923,-81.511167,Summit County,39153
200846,University of Akron Wayne College,-2,-2,Orrville,OH,44667,1,1,1,2,-2,41,49300,2,3,40.861519,-81.789979,Wayne County,39169
200873,Allegheny Wesleyan College,31,-2,Salem,OH,44460-9598,2,1,2,1,1,41,41400,2,24,40.86722,-80.861232,Columbiana County,39029
201034,Apollo Career Center,-2,-2,Lima,OH,45806-1497,7,3,1,1,-2,23,30620,1,-2,40.692999,-84.149151,Allen County,39003
201061,Art Academy of Cincinnati,23,2,Cincinnati,OH,45202-1706,2,1,2,1,1,11,17140,1,30,39.108805,-84.513913,Hamilton County,39061
201098,Ashland County-West Holmes Career Center,-2,-2,Ashland,OH,44805-9377,7,3,1,1,-2,42,11740,2,-2,40.801018,-82.266808,Ashland County,39005
201104,Ashland University,17,4,Ashland,OH,44805,2,1,2,2,3,31,11740,2,18,40.861755,-82.321061,Ashland County,39005
201131,Ashtabula County Technical and Career Campus,-2,-2,Jefferson,OH,44047,7,3,1,1,-2,42,17410,1,-2,41.746864,-80.733023,Ashtabula County,39007
201140,Athenaeum of Ohio,31,-2,Cincinnati,OH,45230-2091,2,1,2,1,1,11,17140,1,24,39.082926,-84.371927,Hamilton County,39061
201159,Auburn Career Center,-2,-2,Concord Twp,OH,44077,7,3,1,1,-2,21,17410,1,-2,41.649238,-81.243798,Lake County,39085
201177,Aultman College of Nursing and Health Sciences,28,6,Canton,OH,44710-1797,2,1,2,1,1,13,15940,1,26,40.796186,-81.404053,Stark County,39151
201195,Baldwin Wallace University,20,3,Berea,OH,44017-2088,2,1,2,2,2,21,17410,1,18,41.373017,-81.851145,Cuyahoga County,39035
201283,Belmont College,21,4,St Clairsville,OH,43950,4,2,1,2,2,41,48540,1,8,40.07695,-80.964901,Belmont County,39013
201371,Bluffton University,15,4,Bluffton,OH,45817-2104,2,1,2,1,2,42,30620,1,22,40.895606,-83.899439,Allen County,39003
201432,Bowling Green State University-Firelands,4,6,Huron,OH,44839-9791,1,1,1,2,2,41,41780,1,5,41.397566,-82.594266,Erie County,39043
201441,Bowling Green State University-Main Campus,16,3,Bowling Green,OH,43403,1,1,1,4,4,31,45780,1,16,41.375513,-83.640896,Wood County,39173
201469,Bryant & Stratton College-Parma,28,2,Parma,OH,44130-3151,2,1,2,1,2,21,17410,1,14,41.404607,-81.781757,Cuyahoga County,39035
201478,Buckeye Hills Career Center,-2,-2,Rio Grande,OH,45674-0157,7,3,1,1,-2,42,23680,2,-2,38.892181,-82.388043,Gallia County,39053
201496,Butler Technology and Career Development Schools,-2,-2,Monroe,OH,45050,7,3,1,1,-2,23,17140,1,-2,39.44114,-84.431434,Butler County,39017
201539,Canton City Schools Adult Career and Technical Education,-2,-2,Canton,OH,44702,7,3,1,1,-2,13,15940,1,-2,40.799696,-81.378614,Stark County,39151
201548,Capital University,17,4,Columbus,OH,43209-2394,2,1,2,2,3,21,18140,1,18,39.954875,-82.937867,Franklin County,39049
201645,Case Western Reserve University,7,5,Cleveland,OH,44106,2,1,2,4,3,11,17410,1,15,41.507419,-81.609596,Cuyahoga County,39035
201654,Cedarville University,14,3,Cedarville,OH,45314-0601,2,1,2,3,3,42,19430,1,19,39.749237,-83.814692,Greene County,39057
201672,Central Ohio Technical College,29,2,Newark,OH,43055-1767,1,1,1,2,3,23,18140,1,9,40.069314,-82.447441,Licking County,39089
201681,Central School of Practical Nursing,-2,-2,Independence,OH,44131-0000,8,3,2,1,-2,21,17410,1,-2,41.397093,-81.656988,Cuyahoga County,39035
201690,Central State University,14,4,Wilberforce,OH,45384-1004,1,1,1,2,3,41,19430,1,22,39.715787,-83.880186,Greene County,39057
201803,Choffin Career  and Technical Center,-2,-2,Youngstown,OH,44503-1600,7,3,1,1,-2,13,49660,1,-2,41.100847,-80.644393,Mahoning County,39099
201821,The Christ College of Nursing and Health Sciences,28,6,Cincinnati,OH,45219-2989,2,1,2,1,2,11,17140,1,26,39.121821,-84.509564,Hamilton County,39061
201867,Cincinnati College of Mortuary Science,15,-2,Cincinnati,OH,45224-1462,2,1,2,1,1,21,17140,1,30,39.206578,-84.505604,Hamilton County,39061
201885,University of Cincinnati-Main Campus,16,3,Cincinnati,OH,45221-0063,1,1,1,5,5,11,17140,1,15,39.131159,-84.51428,Hamilton County,39061
201928,Cincinnati State Technical and Community College,11,4,Cincinnati,OH,45223-2690,1,1,1,3,3,11,17140,1,8,39.149915,-84.536936,Hamilton County,39061
201946,University of Cincinnati-Clermont College,11,6,Batavia,OH,45103,1,1,1,3,3,21,17140,1,14,39.080645,-84.19437,Clermont County,39025
201955,University of Cincinnati-Blue Ash College,11,6,Blue Ash,OH,45236-1096,1,1,1,3,3,21,17140,1,14,39.234333,-84.399956,Hamilton County,39061
201964,Ohio Christian University,15,4,Circleville,OH,43113-9487,2,1,2,2,2,41,18140,1,19,39.613155,-82.904885,Pickaway County,39129
201973,Clark State College,11,4,Springfield,OH,45501-0570,1,1,1,3,3,13,44220,1,9,39.896411,-83.799788,Clark County,39023
202046,Cleveland Institute of Art,23,2,Cleveland,OH,44106-1710,2,1,2,1,2,11,17410,1,30,41.510435,-81.602416,Cuyahoga County,39035
202073,Cleveland Institute of Music,23,-2,Cleveland,OH,44106-1776,2,1,2,1,1,11,17410,1,30,41.512444,-81.608878,Cuyahoga County,39035
202134,Cleveland State University,17,4,Cleveland,OH,44115-2214,1,1,1,4,3,11,17410,1,16,41.502281,-81.674355,Cuyahoga County,39035
202152,Columbiana County Career and Technical Center,-2,-2,Lisbon,OH,44432,7,3,1,1,-2,42,41400,2,-2,40.768063,-80.747828,Columbiana County,39029
202170,Columbus College of Art & Design,23,4,Columbus,OH,43215,2,1,2,1,2,11,18140,1,30,39.966074,-82.989479,Franklin County,39049
202222,Columbus State Community College,1,2,Columbus,OH,43215,1,1,1,5,5,11,18140,1,6,39.96887,-82.98766,Franklin County,39049
202356,Cuyahoga Community College District,1,2,Cleveland,OH,44115-2878,4,2,1,4,4,11,17410,1,6,41.494906,-81.683533,Cuyahoga County,39035
202435,Davis College,12,2,Toledo,OH,43604-2638,3,1,3,1,1,11,45780,1,9,41.652922,-83.532589,Lucas County,39095
202453,Dayton Barber College,-2,-2,Miamisburg,OH,45342,6,2,3,1,-2,21,19430,1,-2,39.628936,-84.222996,Montgomery County,39113
202480,University of Dayton,7,5,Dayton,OH,45469,2,1,2,4,3,12,19430,1,16,39.739547,-84.176113,Montgomery County,39113
202514,Defiance College,15,4,Defiance,OH,43512,2,1,2,1,2,32,19580,2,22,41.296842,-84.357075,Defiance County,39039
202523,Denison University,22,5,Granville,OH,43023,2,1,2,2,2,23,18140,1,21,40.071505,-82.523272,Licking County,39089
202648,Edison State Community College,11,3,Piqua,OH,45356-9239,1,1,1,2,3,41,19430,1,6,40.157699,-84.212385,Miami County,39109
202657,EHOVE Career Center,-2,-2,Milan,OH,44846,7,3,1,1,-2,41,41780,1,-2,41.332655,-82.630439,Erie County,39043
202763,The University of Findlay,17,3,Findlay,OH,45840-3653,2,1,2,3,3,32,22300,2,17,41.053344,-83.652313,Hancock County,39063
202806,Franklin University,24,6,Columbus,OH,43215-5399,2,1,2,3,3,11,18140,1,18,39.95831,-82.990375,Franklin County,39049
202888,Gerbers Akron Beauty School,-2,-2,Akron,OH,44313,9,3,3,1,-2,12,10420,1,-2,41.113868,-81.57615,Summit County,39153
202903,Gods Bible School and College,22,1,Cincinnati,OH,45202-6838,2,1,2,1,1,11,17140,1,22,39.1153,-84.505703,Hamilton County,39061
202912,Good Samaritan College of Nursing and Health Science,28,6,Cincinnati,OH,45220-2489,2,1,2,1,1,11,17140,1,26,39.140348,-84.521196,Hamilton County,39061
202949,Great Oaks Career Campuses,-2,-2,Cincinnati,OH,45241,7,3,1,1,-2,21,17140,1,-2,39.289951,-84.413556,Hamilton County,39061
202985,Hannah E Mullins School of Practical Nursing,-2,-2,Salem,OH,44460-2906,7,3,1,1,-2,31,41400,2,-2,40.902408,-80.851045,Columbiana County,39029
203030,Adult and Community Education-Hudson,-2,-2,Columbus,OH,43211,7,3,1,1,-2,11,18140,1,-2,40.012851,-82.980603,Franklin County,39049
203067,Hebrew Union College-Jewish Institute of Religion,31,-2,New York,NY,10012-1186,2,1,2,1,1,11,35620,1,24,40.728938,-73.994499,New York County,36061
203085,Heidelberg University,10,3,Tiffin,OH,44883-2462,2,1,2,2,2,32,45660,2,20,41.114833,-83.168387,Seneca County,39147
203128,Hiram College,5,4,Hiram,OH,44234-0067,2,1,2,2,2,42,10420,1,22,41.3107,-81.143981,Portage County,39133
203146,Hobart Institute of Welding Technology,-2,-2,Troy,OH,45373-2400,8,3,2,1,-2,31,19430,1,-2,40.053024,-84.219809,Miami County,39109
203155,Hocking College,12,6,Nelsonville,OH,45764,4,2,1,2,2,41,11900,2,7,39.441954,-82.220791,Athens County,39009
203234,Ross Medical Education Center-Cincinnati,-2,-2,Cincinnati,OH,45246-3317,9,3,3,1,-2,21,17140,1,-2,39.286023,-84.452851,Hamilton County,39061
203289,International College of Broadcasting,23,2,Dayton,OH,45431,6,2,3,-2,1,12,19430,1,1,39.764986,-84.137499,Montgomery County,39113
203331,Eastern Gateway Community College,11,2,Steubenville,OH,43952-3598,4,2,1,4,5,13,48260,1,2,40.376215,-80.668798,Jefferson County,39081
203368,John Carroll University,10,5,University Heights,OH,44118-4538,2,1,2,2,2,21,17410,1,18,41.490259,-81.531224,Cuyahoga County,39035
203386,Hondros College of Nursing,28,6,Columbus,OH,43229,6,2,3,2,3,11,18140,1,26,40.101816,-82.984937,Franklin County,39049
203438,Casal Aveda Institute,-2,-2,Niles,OH,44446,6,2,3,1,-2,21,49660,1,-2,41.213305,-80.751433,Trumbull County,39155
203447,Kent State University at Ashtabula,29,4,Ashtabula,OH,44004,1,1,1,2,2,32,17410,1,14,41.888296,-80.830377,Ashtabula County,39007
203456,Kent State University at East Liverpool,29,6,East Liverpool,OH,43920,1,1,1,2,2,31,41400,2,14,40.616966,-80.576702,Columbiana County,39029
203465,Kent State University at Stark,2,6,North Canton,OH,44720-7599,1,1,1,2,3,21,15940,1,14,40.868568,-81.43731,Stark County,39151
203474,Kent State University at Trumbull,4,6,Warren,OH,44483,1,1,1,2,2,41,49660,1,23,41.278748,-80.836233,Trumbull County,39155
203483,Kent State University at Tuscarawas,13,6,New Philadelphia,OH,44663-9403,1,1,1,2,2,32,35420,2,23,40.467736,-81.407707,Tuscarawas County,39157
203492,Kent State University at Salem,13,6,Salem,OH,44460,1,1,1,2,2,41,41400,2,23,40.86408,-80.835458,Columbiana County,39029
203517,Kent State University at Kent,16,4,Kent,OH,44242-0001,1,1,1,5,4,21,10420,1,15,41.146653,-81.342533,Portage County,39133
203526,Kent State University at Geauga,3,4,Burton,OH,44021,1,1,1,2,2,42,17410,1,14,41.483727,-81.143085,Geauga County,39055
203535,Kenyon College,22,3,Gambier,OH,43022,2,1,2,2,2,41,34540,2,21,40.374408,-82.397977,Knox County,39083
203544,Kettering College,28,5,Kettering,OH,45429-1299,2,1,2,1,2,13,19430,1,26,39.695052,-84.192006,Montgomery County,39113
203580,Lake Erie College,20,4,Painesville,OH,44077-3389,2,1,2,2,2,21,17410,1,20,41.717841,-81.251817,Lake County,39085
203599,Lakeland Community College,2,2,Kirtland,OH,44094-5198,4,2,1,2,3,21,17410,1,2,41.637463,-81.364723,Lake County,39085
203614,Collins Career Technical Center,-2,-2,Chesapeake,OH,45619-0000,4,2,1,1,-2,41,26580,1,-2,38.491898,-82.473516,Lawrence County,39087
203678,James A. Rhodes State College,29,4,Lima,OH,45804,1,1,1,2,3,41,30620,1,9,40.738347,-84.026319,Allen County,39003
203720,Ohio Business College-Sheffield,24,2,Sheffield Village,OH,44035-0701,6,2,3,1,1,22,17410,1,13,41.423809,-82.073403,Lorain County,39093
203739,Ohio Business College-Sandusky,24,2,Sandusky,OH,44870-5871,6,2,3,1,1,23,41780,1,13,41.415212,-82.667389,Erie County,39043
203748,Lorain County Community College,2,2,Elyria,OH,44035-1691,1,1,1,3,3,22,17410,1,2,41.413293,-82.073549,Lorain County,39093
203757,Lourdes University,20,4,Sylvania,OH,43560-2898,2,1,2,1,2,21,45780,1,20,41.710009,-83.706108,Lucas County,39095
203775,Malone University,20,3,Canton,OH,44709-3308,2,1,2,2,2,13,15940,1,19,40.825662,-81.376863,Stark County,39151
203845,Marietta College,5,3,Marietta,OH,45750,2,1,2,2,2,31,31930,2,22,39.41668,-81.450045,Washington County,39167
203881,Marion Technical College,12,6,Marion,OH,43302-5694,1,1,1,2,2,32,32020,2,9,40.577017,-83.089156,Marion County,39101
203942,Medina County Career Center,-2,-2,Medina,OH,44256,7,3,1,1,-2,41,17410,1,-2,41.155104,-81.901592,Medina County,39103
203960,Mercy College of Ohio,28,6,Toledo,OH,43604-1132,2,1,2,2,2,11,45780,1,26,41.658319,-83.552538,Lucas County,39095
203997,Methodist Theological School in Ohio,31,-2,Delaware,OH,43015-3211,2,1,2,1,1,21,18140,1,24,40.253643,-83.060146,Delaware County,39041
204006,Miami University-Hamilton,15,4,Hamilton,OH,45011,1,1,1,2,2,21,17140,1,22,39.377448,-84.563385,Butler County,39017
204015,Miami University-Middletown,15,4,Middletown,OH,45042,1,1,1,2,2,23,17140,1,22,39.523776,-84.35724,Butler County,39017
204024,Miami University-Oxford,19,3,Oxford,OH,45056,1,1,1,4,4,31,17140,1,16,39.507757,-84.732954,Butler County,39017
204121,Moler Hollywood Beauty Academy,-2,-2,Cincinnati,OH,45213,6,2,3,1,-2,11,17140,1,-2,39.182803,-84.425549,Hamilton County,39061
204158,Miami Valley Career Technology Center,-2,-2,Englewood,OH,45315,7,3,1,1,-2,21,19430,1,-2,39.845377,-84.328951,Montgomery County,39113
204176,Mount Carmel College of Nursing,28,6,Columbus,OH,43222-1504,2,1,2,1,2,11,18140,1,26,39.956625,-83.021501,Franklin County,39049
204185,University of Mount Union,15,3,Alliance,OH,44601-3929,2,1,2,2,2,31,15940,1,20,40.905256,-81.111029,Stark County,39151
204194,Mount Vernon Nazarene University,20,3,Mount Vernon,OH,43050-9500,2,1,2,2,2,32,34540,2,19,40.372901,-82.471074,Knox County,39083
204200,Mount St. Joseph University,18,4,Cincinnati,OH,45233-1670,2,1,2,2,2,21,17140,1,17,39.095893,-84.639453,Hamilton County,39061
204255,Zane State College,12,4,Zanesville,OH,43701-2626,1,1,1,2,2,32,49780,2,6,39.96241,-82.031198,Muskingum County,39119
204264,Muskingum University,15,4,New Concord,OH,43762-1837,2,1,2,2,2,42,49780,2,20,39.996585,-81.737127,Muskingum County,39119
204334,National Beauty College,-2,-2,Canton,OH,44709-1837,9,3,3,1,-2,13,15940,1,-2,40.849493,-81.392278,Stark County,39151
204422,North Central State College,12,4,Mansfield,OH,44906-0698,1,1,1,2,2,41,31900,1,9,40.798777,-82.581582,Richland County,39139
204431,Northern Institute of Cosmetology,-2,-2,Lorain,OH,44052-1803,9,3,3,1,-2,22,17410,1,-2,41.465263,-82.174342,Lorain County,39093
204440,Northwest State Community College,11,4,Archbold,OH,43502-9542,4,2,1,2,3,42,-2,-2,9,41.450596,-84.297855,Henry County,39069
204459,Toledo Public Schools Adult and Continuing Education,-2,-2,Toledo,OH,43620,4,2,1,1,-2,11,45780,1,-2,41.669101,-83.55407,Lucas County,39095
204468,Notre Dame College,15,-2,Cleveland,OH,44121-4293,2,1,2,-2,2,21,17410,1,22,41.506894,-81.516617,Cuyahoga County,39035
204477,Northeast Ohio Medical University,27,-2,Rootstown,OH,44272-0095,1,1,1,2,2,21,10420,1,25,41.102919,-81.245302,Portage County,39133
204486,University of Northwestern Ohio,21,5,Lima,OH,45805,2,1,2,2,2,23,30620,1,23,40.762917,-84.157004,Allen County,39003
204501,Oberlin College,22,3,Oberlin,OH,44074,2,1,2,2,2,31,17410,1,21,41.291992,-82.216795,Lorain County,39093
204608,Ohio Technical College,21,4,Cleveland,OH,44103,6,2,3,1,2,11,17410,1,11,41.518038,-81.656868,Cuyahoga County,39035
204617,Ohio Dominican University,20,4,Columbus,OH,43219,2,1,2,2,2,11,18140,1,19,39.992764,-82.940689,Franklin County,39049
204635,Ohio Northern University,8,5,Ada,OH,45810-1599,2,1,2,2,2,31,-2,-2,22,40.7662,-83.827441,Hardin County,39065
204662,Ohio State University Agricultural Technical Institute,12,5,Wooster,OH,44691-4000,4,2,1,1,2,32,49300,2,4,40.775194,-81.922936,Wayne County,39169
204671,Ohio State University-Lima Campus,4,6,Lima,OH,45804,1,1,1,1,2,41,30620,1,22,40.738521,-84.02384,Allen County,39003
204680,Ohio State University-Mansfield Campus,4,6,Mansfield,OH,44906,1,1,1,1,2,41,31900,1,23,40.796536,-82.580194,Richland County,39139
204699,Ohio State University-Marion Campus,4,5,Marion,OH,43302-5695,1,1,1,1,2,32,32020,2,23,40.577779,-83.090597,Marion County,39101
204705,Ohio State University-Newark Campus,4,6,Newark,OH,43055,1,1,1,2,2,23,18140,1,23,40.069314,-82.447441,Licking County,39089
204714,Ohio State Beauty Academy,-2,-2,Lima,OH,45807,6,2,3,1,-2,23,30620,1,-2,40.761697,-84.164435,Allen County,39003
204723,Ohio State College of Barber Styling,-2,-2,Columbus,OH,43213,6,2,3,1,-2,21,18140,1,-2,39.977375,-82.877144,Franklin County,39049
204769,The Spa School,-2,-2,Columbus,OH,43214,6,2,3,1,-2,11,18140,1,-2,40.065397,-83.018081,Franklin County,39049
204778,Ohio State School of Cosmetology-Canal Winchester,-2,-2,CANAL WINCHESTER,OH,43110,6,2,3,1,-2,21,18140,1,-2,39.856608,-82.831966,Franklin County,39049
204796,Ohio State University-Main Campus,6,5,Columbus,OH,43201,1,1,1,5,5,11,18140,1,15,39.999803,-83.007525,Franklin County,39049
204802,Ohio University-Eastern Campus,5,3,Saint Clairsville,OH,43950,1,1,1,2,2,41,48540,1,3,40.073392,-80.976073,Belmont County,39013
204820,Ohio University-Chillicothe Campus,13,6,Chillicothe,OH,45601-0629,1,1,1,2,2,32,17060,2,6,39.329404,-83.002175,Ross County,39141
204839,Ohio University-Southern Campus,28,6,Ironton,OH,45638,1,1,1,2,2,22,26580,1,9,38.524781,-82.666876,Lawrence County,39087
204848,Ohio University-Lancaster Campus,13,3,Lancaster,OH,43130-1037,1,1,1,2,3,41,18140,1,6,39.738752,-82.586069,Fairfield County,39045
204857,Ohio University-Main Campus,16,6,Athens,OH,45701-2979,1,1,1,5,4,32,11900,2,15,39.326798,-82.100985,Athens County,39009
204866,Ohio University-Zanesville Campus,28,6,Zanesville,OH,43701,1,1,1,2,2,32,49780,2,6,39.96098,-82.031063,Muskingum County,39119
204884,East Ohio College,29,4,East Liverpool,OH,43920-9585,6,2,3,1,1,31,41400,2,10,40.6796,-80.572063,Columbiana County,39029
204893,Trinity Health System School of Nursing,-2,-2,Steubenville,OH,43952,5,2,2,1,-2,13,48260,1,-2,40.354665,-80.625758,Jefferson County,39081
204909,Ohio Wesleyan University,22,3,Delaware,OH,43015-2370,2,1,2,2,2,21,18140,1,21,40.295963,-83.069757,Delaware County,39041
204936,Otterbein University,15,4,Westerville,OH,43081,2,1,2,2,2,21,18140,1,19,40.125327,-82.936444,Franklin County,39049
204945,Owens Community College,11,4,Perrysburg,OH,43551,4,2,1,3,3,21,45780,1,6,41.587998,-83.538634,Wood County,39173
204963,Paramount Beauty Academy,-2,-2,Portsmouth,OH,45662-4527,6,2,3,1,-2,32,39020,2,-2,38.739039,-82.979351,Scioto County,39145
204981,Cuyahoga Valley Career Center,-2,-2,Brecksville,OH,44141-1296,7,3,1,1,-2,21,17410,1,-2,41.344555,-81.625375,Cuyahoga County,39035
204990,Payne Theological Seminary,31,-2,Wilberforce,OH,45384,2,1,2,1,1,41,19430,1,24,39.715286,-83.884871,Greene County,39057
205027,Pontifical College Josephinum,31,-2,Columbus,OH,43235-1499,2,1,2,1,1,11,18140,1,21,40.120735,-83.018829,Franklin County,39049
205054,Professional Skills Institute,28,6,Maumee,OH,43537,3,1,3,1,2,21,45780,1,10,41.584008,-83.672408,Lucas County,39095
205090,Firelands Regional Medical Center School of Nursing,-2,-2,Sandusky,OH,44870,5,2,2,1,-2,13,41780,1,-2,41.43719,-82.71189,Erie County,39043
205124,Rabbinical College Telshe,31,-2,Wickliffe,OH,44092,2,1,2,1,1,21,17410,1,24,41.593533,-81.485261,Lake County,39085
205142,Raphael's School of Beauty Culture Inc-Niles,-2,-2,Niles,OH,44446,6,2,3,1,-2,21,49660,1,-2,41.197513,-80.72803,Trumbull County,39155
205179,Fortis College-Centerville,28,4,Centerville,OH,45459-2712,6,2,3,1,2,21,19430,1,10,39.644364,-84.146046,Montgomery County,39113
205203,University of Rio Grande,29,4,Rio Grande,OH,45674,2,1,2,2,2,42,23680,2,23,38.881764,-82.378852,Gallia County,39053
205391,The Modern College of Design,23,4,Kettering,OH,45440,3,1,3,1,1,13,19430,1,12,39.681305,-84.134269,Montgomery County,39113
205443,Shawnee State University,15,6,Portsmouth,OH,45662,1,1,1,2,2,32,39020,2,20,38.730867,-82.993769,Scioto County,39145
205470,Sinclair Community College,11,4,Dayton,OH,45402-1460,1,1,1,4,4,12,19430,1,6,39.757598,-84.200628,Montgomery County,39113
205841,Stark State College,11,4,North Canton,OH,44720,4,2,1,4,3,21,15940,1,8,40.870597,-81.439017,Stark County,39151
205887,Stautzenberger College-Maumee,12,2,Maumee,OH,43537-4007,6,2,3,1,2,21,45780,1,9,41.582662,-83.683042,Lucas County,39095
205957,Franciscan University of Steubenville,19,3,Steubenville,OH,43952-1763,2,1,2,2,3,13,48260,1,19,40.376919,-80.620524,Jefferson County,39081
205966,Southern State Community College,3,4,Hillsboro,OH,45133-9406,4,2,1,2,2,32,-2,-2,6,39.236924,-83.614085,Highland County,39071
206011,Terra State Community College,12,4,Fremont,OH,43420-9670,4,2,1,2,2,41,23380,2,8,41.354111,-83.157799,Sandusky County,39143
206039,Tiffin Academy of Hair Design,-2,-2,Tiffin,OH,44883,9,3,3,1,-2,32,45660,2,-2,41.114497,-83.175814,Seneca County,39147
206048,Tiffin University,19,2,Tiffin,OH,44883,2,1,2,2,3,32,45660,2,18,41.118316,-83.184197,Seneca County,39147
206084,University of Toledo,17,3,Toledo,OH,43606-3390,1,1,1,4,3,11,45780,1,16,41.660572,-83.614714,Lucas County,39095
206154,Tri-State Bible College,-2,-2,South Point,OH,45680,2,1,2,1,-2,22,26580,1,24,38.426238,-82.579887,Lawrence County,39087
206172,Tri-County Adult Career Center,-2,-2,Nelsonville,OH,45764,7,3,1,1,-2,41,11900,2,-2,39.433202,-82.210554,Athens County,39009
206181,Tri-Rivers Career Center,-2,-2,Marion,OH,43302-8914,7,3,1,1,-2,41,32020,2,-2,40.583077,-83.069824,Marion County,39101
206288,United Theological Seminary,31,-2,Dayton,OH,45426-2308,2,1,2,1,1,21,19430,1,24,39.813423,-84.276913,Montgomery County,39113
206321,Upper Valley Career Center,-2,-2,Piqua,OH,45356,7,3,1,1,-2,41,19430,1,-2,40.161207,-84.213946,Miami County,39109
206349,Ursuline College,28,6,Pepper Pike,OH,44124,2,1,2,1,2,21,17410,1,19,41.497035,-81.465118,Cuyahoga County,39035
206437,Walsh University,18,5,North Canton,OH,44720-3396,2,1,2,2,2,21,15940,1,17,40.873908,-81.369931,Stark County,39151
206446,Washington State College of Ohio,12,4,Marietta,OH,45750,1,1,1,2,2,31,31930,2,9,39.430824,-81.43392,Washington County,39167
206491,Wilberforce University,15,4,Wilberforce,OH,45384-1001,2,1,2,1,2,41,19430,1,22,39.707291,-83.880595,Greene County,39057
206507,Wilmington College,15,4,Wilmington,OH,45177,2,1,2,2,2,32,48940,2,22,39.444744,-83.818342,Clinton County,39027
206516,Winebrenner Theological Seminary,31,-2,Findlay,OH,45840,2,1,2,1,1,32,22300,2,24,41.052464,-83.650711,Hancock County,39063
206525,Wittenberg University,22,4,Springfield,OH,45504,2,1,2,2,2,13,44220,1,21,39.934029,-83.815445,Clark County,39023
206589,The College of Wooster,22,3,Wooster,OH,44691,2,1,2,2,2,32,49300,2,21,40.81046,-81.934674,Wayne County,39169
206604,Wright State University-Main Campus,7,4,Dayton,OH,45435-0001,1,1,1,4,3,21,19430,1,16,39.780634,-84.064881,Greene County,39057
206613,Wright State University-Lake Campus,15,2,Celina,OH,45822,1,1,1,2,2,41,16380,2,22,40.546074,-84.509194,Mercer County,39107
206622,Xavier University,17,5,Cincinnati,OH,45207-1092,2,1,2,3,3,11,17140,1,17,39.149547,-84.47465,Hamilton County,39061
206695,Youngstown State University,17,3,Youngstown,OH,44555-0001,1,1,1,4,3,13,49660,1,18,41.104928,-80.64659,Mahoning County,39099
206817,Bacone College,15,-2,Muskogee,OK,74403-1597,2,1,2,1,1,32,34780,2,22,35.777082,-95.334046,Muskogee County,40101
206835,Oklahoma Wesleyan University,15,6,Bartlesville,OK,74006-6299,2,1,2,1,2,32,12780,2,20,36.717453,-95.95671,Washington County,40147
206862,Southern Nazarene University,18,6,Bethany,OK,73008,2,1,2,2,2,21,36420,1,18,35.513295,-97.629504,Oklahoma County,40109
206905,Pontotoc Technology Center,-2,-2,Ada,OK,74820,7,3,1,1,-2,41,10220,2,-2,34.7484,-96.683815,Pontotoc County,40123
206914,Cameron University,14,4,Lawton,OK,73505-6377,1,1,1,2,3,13,30020,1,20,34.606487,-98.434163,Comanche County,40031
206923,Carl Albert State College,12,4,Poteau,OK,74953-5208,4,2,1,2,2,32,-2,-2,1,35.039173,-94.633986,Le Flore County,40079
206932,Central Oklahoma College,28,2,Oklahoma City,OK,73134,6,2,3,1,2,11,36420,1,-2,35.621488,-97.560235,Oklahoma County,40109
206941,University of Central Oklahoma,19,4,Edmond,OK,73034,1,1,1,4,3,21,36420,1,18,35.6552,-97.471508,Oklahoma County,40109
206996,Connors State College,12,6,Warner,OK,74469,4,2,1,2,2,43,34780,2,4,35.492873,-95.319541,Muskogee County,40101
207041,East Central University,19,4,Ada,OK,74820-6999,1,1,1,2,3,33,10220,2,18,34.771934,-96.663849,Pontotoc County,40123
207050,Eastern Oklahoma State College,12,4,Wilburton,OK,74578-4999,4,2,1,2,2,43,-2,-2,1,34.914079,-95.328995,Latimer County,40077
207069,Redlands Community College,3,4,El Reno,OK,73036-5304,4,2,1,2,2,32,36420,1,3,35.518475,-97.974592,Canadian County,40017
207087,Formations Institute,-2,-2,Enid,OK,73703-4538,9,3,3,1,-2,13,21420,1,-2,36.393267,-97.927122,Garfield County,40047
207102,Eves College of Hairstyling,-2,-2,Lawton,OK,73501,9,3,3,1,-2,13,30020,1,-2,34.604991,-98.402794,Comanche County,40031
207157,Randall University,22,4,Moore,OK,73160,2,1,2,1,1,21,36420,1,21,35.300757,-97.491107,Cleveland County,40027
207209,Langston University,15,4,Langston,OK,73050,1,1,1,2,2,42,36420,1,20,35.943982,-97.260317,Logan County,40083
207236,Murray State College,12,6,Tishomingo,OK,73460,1,1,1,2,2,43,-2,-2,1,34.222949,-96.677906,Johnston County,40069
207254,Spartan College of Aeronautics and Technology,21,5,Tulsa,OK,74115,3,1,3,1,2,11,46140,1,23,36.176642,-95.878902,Tulsa County,40143
207263,Northeastern State University,17,6,Tahlequah,OK,74464-2399,1,1,1,3,3,33,45140,2,18,35.919939,-94.967229,Cherokee County,40021
207281,Northern Oklahoma College,11,6,Tonkawa,OK,74653,4,2,1,2,3,42,38620,2,5,36.678649,-97.295887,Kay County,40071
207290,Northeastern Oklahoma A&M College,12,6,Miami,OK,74354,4,2,1,2,2,32,33060,2,4,36.877255,-94.867248,Ottawa County,40115
207306,Northwestern Oklahoma State University,15,4,Alva,OK,73717-2799,1,1,1,2,2,33,-2,-2,20,36.796658,-98.667673,Woods County,40151
207315,Oklahoma State University Center for Health Sciences,27,-2,Tulsa,OK,74107-1898,1,1,1,2,2,11,46140,1,25,36.137977,-96.005702,Tulsa County,40143
207324,Oklahoma Christian University,10,3,Edmond,OK,73013,2,1,2,2,2,11,36420,1,19,35.611412,-97.469526,Oklahoma County,40109
207342,University of Oklahoma-Health Sciences Center,27,-2,Oklahoma City,OK,73117-1221,1,1,1,2,2,11,36420,1,27,35.47928,-97.496289,Oklahoma County,40109
207351,Oklahoma Panhandle State University,15,4,Goodwell,OK,73939-0430,1,1,1,2,2,42,25100,2,22,36.594518,-101.638488,Texas County,40139
207388,Oklahoma State University-Main Campus,16,5,Stillwater,OK,74078-1015,1,1,1,5,4,32,44660,2,15,36.123085,-97.069743,Payne County,40119
207397,Oklahoma State University-Oklahoma City,11,4,Oklahoma City,OK,73107-6195,1,1,1,2,3,11,36420,1,14,35.474969,-97.581959,Oklahoma County,40109
207403,Oklahoma Baptist University,15,3,Shawnee,OK,74804,2,1,2,2,2,32,43060,2,20,35.360492,-96.932459,Pottawatomie County,40125
207449,Oklahoma City Community College,2,4,Oklahoma City,OK,73159-9987,4,2,1,4,3,11,36420,1,1,35.387699,-97.570109,Oklahoma County,40109
207458,Oklahoma City University,8,5,Oklahoma City,OK,73106-1402,2,1,2,2,2,11,36420,1,17,35.495271,-97.541242,Oklahoma County,40109
207500,University of Oklahoma-Norman Campus,6,5,Norman,OK,73019-3072,1,1,1,5,4,22,36420,1,15,35.209407,-97.444211,Cleveland County,40027
207564,Oklahoma State University Institute of Technology,13,6,Okmulgee,OK,74447-3901,1,1,1,2,2,32,46140,1,23,35.626934,-95.940373,Okmulgee County,40111
207582,Oral Roberts University,14,4,Tulsa,OK,74171,2,1,2,3,3,11,46140,1,19,36.049129,-95.952547,Tulsa County,40143
207661,Rogers State University,15,4,Claremore,OK,74017-3252,1,1,1,2,2,31,46140,1,22,36.321437,-95.635718,Rogers County,40131
207670,Rose State College,2,4,Midwest City,OK,73110-2799,1,1,1,3,3,21,36420,1,4,35.44372,-97.414113,Oklahoma County,40109
207704,Jenks Beauty College,-2,-2,Jenks,OK,74037,9,3,3,1,-2,21,46140,1,-2,36.023435,-95.975154,Tulsa County,40143
207722,University of Science and Arts of Oklahoma,22,4,Chickasha,OK,73018-5322,1,1,1,2,2,32,36420,1,21,35.031392,-97.95641,Grady County,40051
207740,Seminole State College,3,4,Seminole,OK,74868-1901,4,2,1,2,2,32,-2,-2,1,35.249515,-96.704908,Seminole County,40133
207786,Southern School of Beauty Inc,-2,-2,Durant,OK,74701-5008,9,3,3,1,-2,32,20460,2,-2,33.991184,-96.377181,Bryan County,40013
207847,Southeastern Oklahoma State University,19,4,Durant,OK,74701-3347,1,1,1,3,3,32,20460,2,18,34.006808,-96.376864,Bryan County,40013
207856,Southwestern Christian University,15,4,Bethany,OK,73008,2,1,2,1,1,21,36420,1,22,35.513314,-97.63934,Oklahoma County,40109
207865,Southwestern Oklahoma State University,17,4,Weatherford,OK,73096-3001,1,1,1,3,3,33,48220,2,18,35.535281,-98.707768,Custer County,40039
207935,Tulsa Community College,1,4,Tulsa,OK,74119,4,2,1,4,4,11,46140,1,4,36.147629,-95.986186,Tulsa County,40143
207962,Tulsa Welding School-Tulsa,21,4,Tulsa,OK,74104,6,2,3,1,2,11,46140,1,11,36.148202,-95.954378,Tulsa County,40143
207971,University of Tulsa,7,5,Tulsa,OK,74104-3189,2,1,2,2,3,11,46140,1,16,36.152324,-95.945941,Tulsa County,40143
208035,Western Oklahoma State College,12,4,Altus,OK,73521-1397,4,2,1,2,2,33,11060,2,4,34.669018,-99.33699,Jackson County,40065
208044,Formations Institute of Cosmetology & Barbering,-2,-2,Woodward,OK,73801,9,3,3,1,-2,33,49260,2,-2,36.43491,-99.386309,Woodward County,40153
208053,High Plains Technology Center,-2,-2,Woodward,OK,73801,7,3,1,1,-2,41,49260,2,-2,36.40621,-99.427304,Woodward County,40153
208275,Blue Mountain Community College,3,4,Pendleton,OR,97801,4,2,1,2,2,32,25840,2,3,45.677313,-118.816944,Umatilla County,41059
208318,Central Oregon Community College,2,2,Bend,OR,97703,4,2,1,2,3,12,13460,1,2,44.071401,-121.348585,Deschutes County,41017
208390,Chemeketa Community College,2,4,Salem,OR,97305,1,1,1,3,3,21,41420,1,2,44.978655,-122.978076,Marion County,41047
208406,Clackamas Community College,2,4,Oregon City,OR,97045-8980,4,2,1,3,3,21,38900,1,3,45.323185,-122.574272,Clackamas County,41005
208415,Clatsop Community College,3,4,Astoria,OR,97103,4,2,1,1,2,33,11820,2,3,46.183107,-123.823339,Clatsop County,41007
208433,College of Hair Design Careers,-2,-2,Salem,OR,97301-1952,6,2,3,1,-2,12,41420,1,-2,44.949897,-122.981554,Marion County,41047
208479,Concorde Career College-Portland,21,4,Portland,OR,97232-4203,6,2,3,1,2,11,38900,1,10,45.528354,-122.650703,Multnomah County,41051
208512,Sumner College,28,6,Portland,OR,97220,3,1,3,1,2,11,38900,1,10,45.574935,-122.576024,Multnomah County,41051
208637,East West College of the Healing Arts,-2,-2,Portland,OR,97201-0000,9,3,3,1,-2,11,38900,1,-2,45.513392,-122.681029,Multnomah County,41051
208646,Eastern Oregon University,14,4,La Grande,OR,97850,1,1,1,2,3,33,29260,2,20,45.319795,-118.092495,Union County,41061
208725,New Hope Christian College-Eugene,31,-2,Eugene,OR,97405,2,1,2,1,1,12,21660,1,24,44.032674,-123.15355,Lane County,41039
208822,George Fox University,17,4,Newberg,OR,97132,2,1,2,2,3,31,38900,1,17,45.303629,-122.967494,Yamhill County,41071
208859,Phagans Grants Pass College of Beauty,-2,-2,Grants Pass,OR,97526,6,2,3,1,-2,13,24420,1,-2,42.435266,-123.298826,Josephine County,41033
209038,Lane Community College,2,4,Eugene,OR,97405-0640,1,1,1,3,3,21,21660,1,3,44.009325,-123.032644,Lane County,41039
209056,Lewis & Clark College,8,3,Portland,OR,97219-7899,2,1,2,2,2,11,38900,1,21,45.450882,-122.669137,Multnomah County,41051
209065,Linfield University,28,6,McMinnville,OR,97128-6894,2,1,2,2,2,32,38900,1,21,45.201173,-123.199642,Yamhill County,41071
209074,Linn-Benton Community College,2,4,Albany,OR,97321,4,2,1,3,3,13,10540,1,5,44.587663,-123.11403,Linn County,41043
209083,Northwest College-Beaverton,-2,-2,Beaverton,OR,97005,6,2,3,1,-2,13,38900,1,-2,45.489301,-122.805741,Washington County,41067
209153,Phagans Medford Beauty School,-2,-2,Medford,OR,97504,6,2,3,1,-2,13,32780,1,-2,42.351071,-122.868181,Jackson County,41029
209205,Northwest College-Clackamas,-2,-2,Happy Valley,OR,97086,6,2,3,1,-2,21,38900,1,-2,45.438533,-122.576902,Clackamas County,41005
209241,Mount Angel Seminary,31,-2,Saint Benedict,OR,97373,2,1,2,1,1,41,41420,1,24,45.057871,-122.775405,Marion County,41047
209250,Mt Hood Community College,2,2,Gresham,OR,97030,1,1,1,3,3,21,38900,1,3,45.514862,-122.396972,Multnomah County,41051
209287,Multnomah University,10,4,Portland,OR,97220,2,1,2,-2,2,11,38900,1,20,45.527139,-122.575557,Multnomah County,41051
209296,National University of Natural Medicine,29,-2,Portland,OR,97201-4848,2,1,2,1,2,11,38900,1,26,45.501931,-122.6766,Multnomah County,41051
209409,Bushnell University,20,4,Eugene,OR,97401-3745,2,1,2,1,2,12,21660,1,20,44.047483,-123.079754,Lane County,41039
209490,Oregon Health & Science University,27,-2,Portland,OR,97239-3098,1,1,1,2,2,11,38900,1,27,45.498772,-122.686096,Multnomah County,41051
209506,Oregon Institute of Technology,14,5,Klamath Falls,OR,97601-8801,1,1,1,3,3,33,28900,2,22,42.257152,-121.785177,Klamath County,41035
209542,Oregon State University,6,5,Corvallis,OR,97331,1,1,1,5,4,13,18700,1,15,44.56395,-123.274723,Benton County,41003
209551,University of Oregon,6,3,Eugene,OR,97403,1,1,1,5,4,12,21660,1,15,44.045146,-123.075792,Lane County,41039
209603,Pacific Northwest College of Art,23,2,Portland,OR,97209-3404,2,1,2,1,2,11,38900,1,-2,45.526766,-122.678182,Multnomah County,41051
209612,Pacific University,7,4,Forest Grove,OR,97116,2,1,2,2,3,21,38900,1,17,45.521394,-123.108777,Washington County,41067
209667,Phagans Beauty College,-2,-2,Corvallis,OR,97333,6,2,3,1,-2,13,18700,1,-2,44.549973,-123.310594,Benton County,41003
209676,Phagans Central Oregon Beauty College,-2,-2,Bend,OR,97701,6,2,3,1,-2,12,13460,1,-2,44.063609,-121.264194,Deschutes County,41017
209694,Phagans School of Beauty,-2,-2,Salem,OR,97301,6,2,3,1,-2,21,41420,1,-2,44.937695,-122.981962,Marion County,41047
209700,Phagans School of Hair Design,-2,-2,Happy Valley,OR,97086,6,2,3,1,-2,21,38900,1,-2,45.435373,-122.574975,Clackamas County,41005
209719,Summit Salon Academy-Portland,-2,-2,Tigard,OR,97223,6,2,3,1,-2,13,38900,1,-2,45.433994,-122.766574,Washington County,41067
209746,Portland Community College,1,4,Portland,OR,97219-7132,4,2,1,5,4,11,38900,1,2,45.438154,-122.730876,Multnomah County,41051
209807,Portland State University,6,4,Portland,OR,97201,1,1,1,4,4,11,38900,1,16,45.511601,-122.686289,Multnomah County,41051
209825,University of Portland,5,5,Portland,OR,97203-5798,2,1,2,2,3,11,38900,1,19,45.572724,-122.726691,Multnomah County,41051
209922,Reed College,22,3,Portland,OR,97202-8199,2,1,2,2,2,11,38900,1,21,45.480959,-122.630348,Multnomah County,41051
209940,Rogue Community College,2,6,Grants Pass,OR,97527-9291,4,2,1,2,3,23,24420,1,5,42.412159,-123.39326,Josephine County,41033
210146,Southern Oregon University,9,4,Ashland,OR,97520,1,1,1,3,3,22,32780,1,18,42.185077,-122.695081,Jackson County,41029
210155,Southwestern Oregon Community College,3,4,Coos Bay,OR,97420-2193,4,2,1,2,2,33,18300,2,2,43.395327,-124.25224,Coos County,41011
210234,Treasure Valley Community College,3,2,Ontario,OR,97914,4,2,1,2,2,32,36620,2,6,44.020811,-116.974487,Malheur County,41045
210270,Umpqua Community College,3,4,Roseburg,OR,97470-0226,4,2,1,2,2,33,40700,2,2,43.289317,-123.332475,Douglas County,41019
210304,Warner Pacific University,15,4,Portland,OR,97215,2,1,2,1,1,11,38900,1,22,45.506265,-122.592498,Multnomah County,41051
210331,Corban University,20,4,Salem,OR,97317-9392,2,1,2,2,2,12,41420,1,20,44.882399,-122.961129,Marion County,41047
210368,Western Seminary,31,-2,Portland,OR,97215-3367,2,1,2,1,2,11,38900,1,24,45.512091,-122.606374,Multnomah County,41051
210401,Willamette University,8,3,Salem,OR,97301,2,1,2,2,2,12,41420,1,21,44.935457,-123.030537,Marion County,41047
210429,Western Oregon University,22,4,Monmouth,OR,97361-1394,1,1,1,2,3,31,41420,1,18,44.852235,-123.238309,Polk County,41053
210438,University of Western States,8,-2,Portland,OR,97213,2,1,2,1,2,11,38900,1,17,45.536519,-122.580586,Multnomah County,41051
210492,Bryn Athyn College of the New Church,22,4,Bryn Athyn,PA,19009-0717,2,1,2,1,1,21,37980,1,21,40.134393,-75.060808,Montgomery County,42091
210508,Academy of Vocal Arts,-2,-2,Philadelphia,PA,19103-6685,2,1,2,1,-2,11,37980,1,-2,39.94796,-75.173735,Philadelphia County,42101
210571,Albright College,22,4,Reading,PA,19612-5234,2,1,2,2,2,13,39740,1,21,40.361351,-75.909742,Berks County,42011
210599,All-State Career School,21,4,Essington,PA,19029,6,2,3,1,2,21,37980,1,-2,39.866057,-75.303038,Delaware County,42045
210605,Community College of Allegheny County,11,2,Pittsburgh,PA,15233-1895,4,2,1,4,3,11,38300,1,8,40.450908,-80.018453,Allegheny County,42003
210669,Allegheny College,22,3,Meadville,PA,16335-3902,2,1,2,2,2,32,32740,2,21,41.64869,-80.147168,Crawford County,42039
210711,The  Beauty Institute,-2,-2,Whitehall,PA,18052,9,3,3,1,-2,21,10900,1,-2,40.631236,-75.481024,Lehigh County,42077
210739,DeSales University,17,5,Center Valley,PA,18034-9568,2,1,2,2,3,21,10900,1,17,40.539091,-75.375608,Lehigh County,42077
210748,Altoona Beauty School Inc,-2,-2,Altoona,PA,16602-6039,9,3,3,1,-2,13,11020,1,-2,40.501861,-78.387852,Blair County,42013
210775,Alvernia University,29,6,Reading,PA,19607-1799,2,1,2,2,2,13,39740,1,17,40.310028,-75.936754,Berks County,42011
210784,The Beauty Institute-Ambler,-2,-2,Ambler,PA,19002,9,3,3,1,-2,21,37980,1,-2,40.154233,-75.222204,Montgomery County,42091
210809,American College of Financial Services,24,-2,King of Prussia,PA,19406,2,1,2,3,3,21,37980,1,29,40.101644,-75.394652,Montgomery County,42091
211006,Automotive Training Center-Exton,-2,-2,Exton,PA,19341-1310,6,2,3,1,-2,21,37980,1,-2,40.058206,-75.643079,Chester County,42029
211024,Clarks Summit University,20,2,Clarks Summit,PA,18411-1250,2,1,2,-2,2,21,42540,1,20,41.495062,-75.685472,Lackawanna County,42069
211079,Community College of Beaver County,12,4,Monaca,PA,15061-2588,4,2,1,2,2,21,38300,1,7,40.655601,-80.305876,Beaver County,42007
211088,Arcadia University,8,4,Glenside,PA,19038-3295,2,1,2,2,2,21,37980,1,18,40.092606,-75.163876,Montgomery County,42091
211130,Missio Theological Seminary,31,-2,Philadelphia,PA,19123,2,1,2,1,1,11,37980,1,24,39.959026,-75.150056,Philadelphia County,42101
211273,Bryn Mawr College,22,5,Bryn Mawr,PA,19010,2,1,2,2,2,21,37980,1,21,40.02736,-75.313223,Montgomery County,42091
211291,Bucknell University,22,5,Lewisburg,PA,17837,2,1,2,2,2,32,30260,2,21,40.954317,-76.882616,Union County,42119
211307,Bucks County Community College,11,3,Newtown,PA,18940-4106,4,2,1,3,3,41,37980,1,2,40.239102,-74.965841,Bucks County,42017
211316,Bucks County School of Beauty Culture Inc,-2,-2,Feasterville,PA,19053-7368,9,3,3,1,-2,21,37980,1,-2,40.166449,-75.007054,Bucks County,42017
211334,Butler Beauty Academy,-2,-2,Butler,PA,16001,9,3,3,1,-2,31,38300,1,-2,40.859152,-79.895107,Butler County,42019
211343,Butler County Community College,12,2,Butler,PA,16002,4,2,1,2,2,31,38300,1,4,40.829364,-79.911433,Butler County,42019
211352,Cabrini University,20,4,Radnor,PA,19087-3698,2,1,2,-2,2,21,37980,1,19,40.056355,-75.375263,Delaware County,42045
211431,Carlow University,29,6,Pittsburgh,PA,15213-3165,2,1,2,2,2,11,38300,1,18,40.439293,-79.963448,Allegheny County,42003
211440,Carnegie Mellon University,30,5,Pittsburgh,PA,15213-3890,2,1,2,4,3,11,38300,1,15,40.44357,-79.941993,Allegheny County,42003
211468,Cedar Crest College,20,4,Allentown,PA,18104-6196,2,1,2,2,2,12,10900,1,20,40.586318,-75.519221,Lehigh County,42077
211477,Central Penn College,15,4,Summerdale,PA,17093-0309,3,1,3,1,2,21,25420,1,22,40.3049,-76.934461,Cumberland County,42041
211556,Chatham University,8,3,Pittsburgh,PA,15232,2,1,2,2,2,11,38300,1,17,40.448432,-79.926083,Allegheny County,42003
211583,Chestnut Hill College,20,4,Philadelphia,PA,19118-2693,2,1,2,2,2,11,37980,1,19,40.08678,-75.228742,Philadelphia County,42101
211608,Cheyney University of Pennsylvania,22,4,Cheyney,PA,19319-0200,1,1,1,1,2,41,37980,1,21,39.932274,-75.529262,Delaware County,42045
211635,Citizens School of Nursing,-2,-2,Tarentum,PA,15084,5,2,2,1,-2,21,38300,1,-2,40.573248,-79.798934,Allegheny County,42003
211802,DLP Conemaugh Memorial Medical Center,-2,-2,Johnstown,PA,15905-4398,6,2,3,1,-2,13,27780,1,-2,40.305445,-78.918445,Cambria County,42021
211893,Curtis Institute of Music,23,1,Philadelphia,PA,19103,2,1,2,1,1,11,37980,1,30,39.948857,-75.170727,Philadelphia County,42101
211927,Delaware County Community College,11,2,Media,PA,19063-1094,4,2,1,3,3,21,37980,1,4,39.966724,-75.39308,Delaware County,42045
211981,Delaware Valley University,15,4,Doylestown,PA,18901-2697,2,1,2,2,2,21,37980,1,20,40.298659,-75.158452,Bucks County,42017
212009,Dickinson College,22,5,Carlisle,PA,17013-2896,2,1,2,2,2,13,25420,1,21,40.202796,-77.197854,Cumberland County,42041
212045,Douglas Education Center,21,2,Monessen,PA,15062,6,2,3,1,1,31,38300,1,12,40.161519,-79.888461,Westmoreland County,42129
212054,Drexel University,16,5,Philadelphia,PA,19104,2,1,2,5,4,11,37980,1,15,39.955217,-75.190051,Philadelphia County,42101
212106,Duquesne University,17,5,Pittsburgh,PA,15282,2,1,2,3,3,11,38300,1,16,40.43589,-79.993123,Allegheny County,42003
212115,East Stroudsburg University of Pennsylvania,19,4,East Stroudsburg,PA,18301-2999,1,1,1,3,3,31,20700,2,18,40.99599,-75.173905,Monroe County,42089
212133,Eastern University,19,4,Saint Davids,PA,19087-3696,2,1,2,3,3,21,37980,1,18,40.050448,-75.370316,Delaware County,42045
212197,Elizabethtown College,5,3,Elizabethtown,PA,17022-2298,2,1,2,2,2,21,29540,1,20,40.149236,-76.593224,Lancaster County,42071
212230,Empire Beauty School-Lebanon,-2,-2,Lebanon,PA,17042,9,3,3,1,-2,23,30140,1,-2,40.311029,-76.423302,Lebanon County,42075
212267,Empire Beauty School-York,-2,-2,York,PA,17402,9,3,3,1,-2,22,49620,1,-2,39.972543,-76.674663,York County,42133
212276,Empire Beauty School-Lancaster,-2,-2,Lancaster,PA,17603,9,3,3,1,-2,21,29540,1,-2,40.038813,-76.354033,Lancaster County,42071
212294,Empire Beauty School-Shamokin Dam,-2,-2,Shamokin Dam,PA,17876,9,3,3,1,-2,32,42780,2,-2,40.854559,-76.815891,Snyder County,42109
212300,Empire Beauty School-Pottsville,-2,-2,Pottsville,PA,17901,9,3,3,1,-2,32,39060,2,-2,40.706451,-76.186417,Schuylkill County,42107
212328,Empire Beauty  School-Lehigh Valley,-2,-2,Whitehall,PA,18052,9,3,3,1,-2,21,10900,1,-2,40.63006,-75.485471,Lehigh County,42077
212337,Empire Beauty School-Gwinnett,-2,-2,Lawrenceville,GA,30044-3045,9,3,3,1,-2,21,12060,1,-2,33.939252,-84.121878,Gwinnett County,13135
212355,Empire Beauty School-Wyoming Valley,-2,-2,Moosic,PA,18507,9,3,3,1,-2,21,42540,1,-2,41.375743,-75.701735,Lackawanna County,42069
212382,Empire Beauty School-Harrisburg,-2,-2,Harrisburg,PA,17109,9,3,3,1,-2,21,25420,1,-2,40.293647,-76.828798,Dauphin County,42043
212391,Empire Beauty School-Reading,-2,-2,Reading,PA,19605,9,3,3,1,-2,21,39740,1,-2,40.370166,-75.927465,Berks County,42011
212434,Erie Institute of Technology Inc,3,4,Erie,PA,16565,6,2,3,1,1,22,21500,1,11,42.071725,-80.100853,Erie County,42049
212577,Franklin and Marshall College,22,5,Lancaster,PA,17604-3003,2,1,2,2,2,13,29540,1,21,40.048045,-76.319037,Lancaster County,42071
212601,Gannon University,17,3,Erie,PA,16541-0001,2,1,2,2,3,13,21500,1,17,42.128403,-80.087166,Erie County,42049
212656,Geneva College,5,3,Beaver Falls,PA,15010-3599,2,1,2,2,2,21,38300,1,20,40.772518,-80.321826,Beaver County,42007
212674,Gettysburg College,22,5,Gettysburg,PA,17325,2,1,2,2,2,31,23900,1,21,39.836597,-77.236792,Adams County,42001
212753,Empire Beauty School-NE Philadelphia,-2,-2,Philadelphia,PA,19154,9,3,3,1,-2,11,37980,1,-2,40.084983,-74.971093,Philadelphia County,42101
212771,Gratz College,31,-2,Melrose Park,PA,19027,2,1,2,1,2,21,37980,1,20,40.067206,-75.133915,Montgomery County,42091
212805,Grove City College,5,-2,Grove City,PA,16127-2104,2,1,2,2,2,32,25850,2,22,41.1558,-80.081481,Mercer County,42085
212832,Gwynedd Mercy University,28,6,Gwynedd Valley,PA,19437-0901,2,1,2,2,2,21,37980,1,17,40.19774,-75.237224,Montgomery County,42091
212869,Harcum College,12,4,Bryn Mawr,PA,19010-3476,5,2,2,1,2,21,37980,1,7,40.022582,-75.314801,Montgomery County,42091
212878,Harrisburg Area Community College,11,2,Harrisburg,PA,17110-2999,4,2,1,4,4,13,25420,1,8,40.296777,-76.886408,Dauphin County,42043
212911,Haverford College,22,5,Haverford,PA,19041-1392,2,1,2,2,2,21,37980,1,21,40.007452,-75.305207,Delaware County,42045
212975,Commonwealth Technical Institute,21,2,Johnstown,PA,15905,5,2,2,1,1,23,27780,1,8,40.301691,-78.947004,Cambria County,42021
212984,Holy Family University,28,6,Philadelphia,PA,19114-2009,2,1,2,2,2,11,37980,1,18,40.060581,-74.986451,Philadelphia County,42101
213011,Immaculata University,18,5,Immaculata,PA,19345,2,1,2,2,2,21,37980,1,17,40.027981,-75.570711,Chester County,42029
213020,Indiana University of Pennsylvania-Main Campus,17,6,Indiana,PA,15705-1098,1,1,1,3,3,32,26860,2,16,40.617531,-79.159332,Indiana County,42063
213163,UPMC Jameson School of Nursing,-2,-2,New Castle,PA,16105,5,2,2,1,-2,31,38300,1,-2,41.026499,-80.353,Lawrence County,42073
213181,Great Lakes Institute of Technology,21,2,Erie,PA,16509-2482,6,2,3,1,2,22,21500,1,10,42.079508,-80.091816,Erie County,42049
213233,Johnson College,21,6,Scranton,PA,18508-1495,5,2,2,1,2,13,42540,1,7,41.450409,-75.642476,Lackawanna County,42069
213251,Juniata College,22,3,Huntingdon,PA,16652-2196,2,1,2,2,2,32,26500,2,21,40.500523,-78.017292,Huntingdon County,42061
213303,Keystone College,15,2,La Plume,PA,18440-0200,2,1,2,1,2,21,42540,1,22,41.558969,-75.777456,Wyoming County,42131
213321,King's College,15,3,Wilkes-Barre,PA,18711-0801,2,1,2,2,2,13,42540,1,19,41.250097,-75.879822,Luzerne County,42079
213330,Butler Beauty Academy-Kittanning Beauty Academy,-2,-2,Kittanning,PA,16201,9,3,3,1,-2,32,38300,1,-2,40.813778,-79.52003,Armstrong County,42005
213349,Kutztown University of Pennsylvania,19,3,Kutztown,PA,19530-0730,1,1,1,3,3,31,39740,1,18,40.513561,-75.783933,Berks County,42011
213358,La Roche University,20,4,Pittsburgh,PA,15237-5898,2,1,2,2,2,21,38300,1,20,40.568615,-80.014851,Allegheny County,42003
213367,La Salle University,17,6,Philadelphia,PA,19141-1199,2,1,2,2,3,11,37980,1,17,40.037979,-75.153061,Philadelphia County,42101
213376,Lackawanna College,13,4,Scranton,PA,18509-3206,2,1,2,2,3,13,42540,1,23,41.411556,-75.658963,Lackawanna County,42069
213385,Lafayette College,22,5,Easton,PA,18042-1768,2,1,2,2,2,21,10900,1,21,40.69956,-75.209786,Northampton County,42095
213400,Lancaster Bible College,31,-2,Lancaster,PA,17601-5036,2,1,2,2,2,21,29540,1,20,40.075347,-76.287761,Lancaster County,42071
213446,Lancaster Theological Seminary,31,-2,Lancaster,PA,17603-2897,2,1,2,1,1,13,29540,1,24,40.045235,-76.317631,Lancaster County,42071
213455,Lancaster School of Cosmetology & Therapeutic Bodywork,-2,-2,Lancaster,PA,17602,9,3,3,1,-2,21,29540,1,-2,40.040746,-76.283649,Lancaster County,42071
213473,Lansdale School of Business,21,2,North Wales,PA,19454-4114,6,2,3,1,1,21,37980,1,7,40.22379,-75.284662,Montgomery County,42091
213491,Lansdale School of Cosmetology Inc,-2,-2,Lansdale,PA,19446-2003,9,3,3,1,-2,21,37980,1,-2,40.243302,-75.286281,Montgomery County,42091
213507,Lebanon Valley College,18,3,Annville,PA,17003-1400,2,1,2,2,2,23,30140,1,20,40.330604,-76.514431,Lebanon County,42075
213525,Lehigh Carbon Community College,11,4,Schnecksville,PA,18078-2598,4,2,1,3,3,41,10900,1,5,40.66474,-75.610715,Lehigh County,42077
213534,Miller-Motte College-Berks Technical Institute,21,2,Wyomissing,PA,19610-1168,6,2,3,1,2,21,39740,1,7,40.344627,-75.978873,Berks County,42011
213543,Lehigh University,7,5,Bethlehem,PA,18015,2,1,2,3,3,13,10900,1,16,40.606822,-75.380236,Northampton County,42095
213570,Lincoln Technical Institute-Allentown,21,4,Allentown,PA,18104-9889,6,2,3,1,2,21,10900,1,7,40.591908,-75.568979,Lehigh County,42077
213589,Lincoln Technical Institute-Philadelphia,21,4,Philadelphia,PA,19136,6,2,3,1,1,11,37980,1,11,40.049548,-74.999686,Philadelphia County,42101
213598,Lincoln University,15,4,Lincoln University,PA,19352-0999,1,1,1,2,2,21,37980,1,19,39.807723,-75.926458,Chester County,42029
213622,UPMC St. Margaret School of Nursing,-2,-2,Pittsburgh,PA,15238-3250,5,2,2,1,-2,21,38300,1,-2,40.491687,-79.863106,Allegheny County,42003
213631,United Lutheran Seminary,31,-2,Gettysburg,PA,17325-1795,2,1,2,1,1,31,23900,1,24,39.831701,-77.244111,Adams County,42001
213659,Luzerne County Community College,11,4,Nanticoke,PA,18634,4,2,1,2,3,21,42540,1,8,41.194728,-75.991095,Luzerne County,42079
213668,Lycoming College,22,4,Williamsport,PA,17701-5192,2,1,2,2,2,13,48700,1,21,41.24666,-77.0,Lycoming County,42081
213774,Manor College,13,4,Jenkintown,PA,19046-3399,2,1,2,1,2,21,37980,1,14,40.08714,-75.104786,Montgomery County,42091
213826,Marywood University,20,3,Scranton,PA,18509-1598,2,1,2,2,2,13,42540,1,18,41.434587,-75.634142,Lackawanna County,42069
213914,Vet Tech Institute,21,2,Pittsburgh,PA,15222-3400,6,2,3,1,1,11,38300,1,10,40.443884,-80.000229,Allegheny County,42003
213932,Roxborough Memorial Hospital School of Nursing,-2,-2,Philadelphia,PA,19128,6,2,3,1,-2,11,37980,1,-2,40.028912,-75.209985,Philadelphia County,42101
213987,Mercyhurst University,15,3,Erie,PA,16546,2,1,2,2,2,13,21500,1,19,42.10578,-80.053412,Erie County,42049
213996,Messiah University,18,3,Mechanicsburg,PA,17055,2,1,2,2,2,21,25420,1,18,40.156579,-76.988269,Cumberland County,42041
214023,ASPIRA City College,21,2,Philadelphia,PA,19140-2302,5,2,2,1,1,11,37980,1,-2,40.017493,-75.135042,Philadelphia County,42101
214041,Millersville University of Pennsylvania,9,4,Millersville,PA,17551-0302,1,1,1,3,3,21,29540,1,18,40.000337,-76.357381,Lancaster County,42071
214069,Misericordia University,29,5,Dallas,PA,18612-1098,2,1,2,2,2,21,42540,1,17,41.345277,-75.971541,Luzerne County,42079
214111,Montgomery County Community College,11,2,Blue Bell,PA,19422-0796,4,2,1,3,3,21,37980,1,5,40.175609,-75.276093,Montgomery County,42091
214148,Moore College of Art and Design,23,4,Philadelphia,PA,19103-1179,2,1,2,1,1,11,37980,1,30,39.957078,-75.172105,Philadelphia County,42101
214157,Moravian University,10,3,Bethlehem,PA,18018-6650,2,1,2,2,2,13,10900,1,20,40.630947,-75.383638,Northampton County,42095
214166,Mount Aloysius College,29,3,Cresson,PA,16630-1999,2,1,2,2,2,31,27780,1,22,40.459679,-78.600898,Cambria County,42021
214175,Muhlenberg College,22,5,Allentown,PA,18104,2,1,2,2,2,12,10900,1,21,40.596416,-75.508502,Lehigh County,42077
214272,Neumann University,18,4,Aston,PA,19014-1298,2,1,2,2,2,21,37980,1,19,39.874876,-75.440022,Delaware County,42045
214290,New Castle School of Trades,21,4,New Castle,PA,16101,6,2,3,1,2,31,38300,1,7,41.035228,-80.401417,Lawrence County,42073
214379,Northampton County Area Community College,11,4,Bethlehem,PA,18020-7599,4,2,1,3,3,21,10900,1,4,40.67253,-75.32351,Northampton County,42095
214476,Heritage Valley Health System School of Nursing,-2,-2,McKees Rocks,PA,15136,8,3,2,1,-2,21,38300,1,-2,40.472356,-80.091066,Allegheny County,42003
214528,Orleans Technical College,-2,-2,Philadelphia,PA,19114-1014,5,2,2,1,-2,11,37980,1,-2,40.090338,-75.011324,Philadelphia County,42101
214564,Salus University,29,-2,Elkins Park,PA,19027-6262,2,1,2,2,2,21,37980,1,26,40.085774,-75.129511,Montgomery County,42091
214582,Pennsylvania Institute of Technology,21,4,Media,PA,19063-4098,2,1,2,1,2,21,37980,1,10,39.908335,-75.38893,Delaware County,42045
214591,Pennsylvania State University-Penn State Erie-Behrend College,5,5,Erie,PA,16563-0001,1,1,1,2,2,22,21500,1,-2,42.119417,-79.983818,Erie County,42049
214607,Pennsylvania State University-Penn State Great Valley,24,-2,Malvern,PA,19355-1488,1,1,1,1,1,21,37980,1,-2,40.052444,-75.522409,Chester County,42029
214625,Pennsylvania State University-Penn State New Kensington,15,5,New Kensington,PA,15068-1765,1,1,1,1,2,41,38300,1,-2,40.551056,-79.697461,Westmoreland County,42129
214634,Pennsylvania State University-Penn State Shenango,29,6,Sharon,PA,16146-1537,1,1,1,1,1,31,25850,2,-2,41.235131,-80.50924,Mercer County,42085
214643,Pennsylvania State University-Penn State Wilkes-Barre,5,6,Dallas,PA,18627-0217,1,1,1,1,1,41,42540,1,-2,41.305602,-76.016151,Luzerne County,42079
214652,Pennsylvania State University-Penn State Scranton,15,6,Dunmore,PA,18512-1602,1,1,1,1,2,21,42540,1,-2,41.439843,-75.621401,Lackawanna County,42069
214661,Pennsylvania State System of Higher Education-Central Office,-2,-2,Harrisburg,PA,17110,0,1,1,-2,-2,21,25420,1,-2,40.317418,-76.855799,Dauphin County,42043
214670,Pennsylvania State University-Penn State Lehigh Valley,15,6,Center Valley,PA,18034-8447,1,1,1,1,2,21,10900,1,-2,40.559201,-75.40267,Lehigh County,42077
214689,Pennsylvania State University-Penn State Altoona,15,5,Altoona,PA,16601-3777,1,1,1,2,2,13,11020,1,-2,40.541759,-78.409601,Blair County,42013
214698,Pennsylvania State University-Penn State Beaver,5,6,Monaca,PA,15061-2764,1,1,1,1,2,21,38300,1,-2,40.678271,-80.296316,Beaver County,42007
214704,Pennsylvania State University-Penn State Berks,15,6,Reading,PA,19610-1016,1,1,1,2,2,21,39740,1,-2,40.358839,-75.97329,Berks County,42011
214713,Pennsylvania State University-Penn State Harrisburg,5,5,Middletown,PA,17057-4846,1,1,1,2,3,21,25420,1,-2,40.204253,-76.741216,Dauphin County,42043
214731,Pennsylvania State University-Penn State Brandywine,5,6,Media,PA,19063-5522,1,1,1,2,2,21,37980,1,-2,39.927123,-75.449704,Delaware County,42045
214740,Pennsylvania State University-Penn State DuBois,13,5,DuBois,PA,15801-2549,1,1,1,1,1,33,20180,2,-2,41.127184,-78.751554,Clearfield County,42033
214759,Pennsylvania State University-Penn State Fayette- Eberly,15,5,Lemont Furnace,PA,15456-1025,1,1,1,1,2,41,38300,1,-2,39.946455,-79.659317,Fayette County,42051
214768,Pennsylvania State University-Penn State Hazleton,15,6,Hazleton,PA,18202-8025,1,1,1,1,2,23,42540,1,-2,40.98396,-76.030975,Luzerne County,42079
214777,Pennsylvania State University-Main Campus,6,3,University Park,PA,16802-1503,1,1,1,5,5,13,44300,1,15,40.7965,-77.862848,Centre County,42027
214786,Pennsylvania State University-Penn State Greater Allegheny,5,6,McKeesport,PA,15132-7644,1,1,1,1,1,21,38300,1,-2,40.345591,-79.827428,Allegheny County,42003
214795,Pennsylvania State University-Penn State Mont Alto,15,5,Mont Alto,PA,17237-9700,1,1,1,1,2,41,16540,1,-2,39.842212,-77.541797,Franklin County,42055
214801,Pennsylvania State University-Penn State Abington,5,6,Abington,PA,19001-3918,1,1,1,2,2,21,37980,1,-2,40.117101,-75.110724,Montgomery County,42091
214810,Pennsylvania State University-Penn State Schuylkill,15,6,Schuylkill Haven,PA,17972-2202,1,1,1,1,2,31,39060,2,-2,40.640512,-76.166374,Schuylkill County,42107
214829,Pennsylvania State University-Penn State York,5,6,York,PA,17403-3326,1,1,1,1,2,22,49620,1,-2,39.95283,-76.703486,York County,42133
214883,Peirce College,15,4,Philadelphia,PA,19103-5443,2,1,2,1,2,11,37980,1,22,39.949623,-75.168105,Philadelphia County,42101
214892,Penn Commercial Business/Technical School,21,2,Washington,PA,15301-6822,6,2,3,1,1,21,38300,1,9,40.182387,-80.238844,Washington County,42125
214944,Pennco Tech-Bristol,21,4,Bristol,PA,19007,6,2,3,1,2,21,37980,1,11,40.097992,-74.870959,Bucks County,42017
214971,Pennsylvania Academy of the Fine Arts,23,2,Philadelphia,PA,19102-1510,2,1,2,1,1,11,37980,1,30,39.955692,-75.163456,Philadelphia County,42101
215008,Pennsylvania Gunsmith School,-2,-2,Pittsburgh,PA,15202-2637,6,2,3,1,-2,21,38300,1,-2,40.496672,-80.068863,Allegheny County,42003
215044,Cortiva Institute,-2,-2,King of Prussia,PA,19406,9,3,3,1,-2,21,37980,1,-2,40.08063,-75.378356,Montgomery County,42091
215053,Pennsylvania College of Art and Design,23,2,Lancaster,PA,17603-0059,2,1,2,1,1,13,29540,1,30,40.041152,-76.308769,Lancaster County,42071
215062,University of Pennsylvania,6,5,Philadelphia,PA,19104-6303,2,1,2,5,4,11,37980,1,15,39.950929,-75.19391,Philadelphia County,42101
215105,University of the Arts,23,2,Philadelphia,PA,19102-4901,2,1,2,-2,2,11,37980,1,30,39.946017,-75.165888,Philadelphia County,42101
215114,Cairn University-Langhorne,20,3,Langhorne,PA,19047-2990,2,1,2,2,2,21,37980,1,19,40.165809,-74.909509,Bucks County,42017
215123,Philadelphia College of Osteopathic Medicine,27,-2,Philadelphia,PA,19131,2,1,2,2,2,11,37980,1,25,40.004885,-75.216092,Philadelphia County,42101
215239,Community College of Philadelphia,11,4,Philadelphia,PA,19130-3991,4,2,1,4,3,11,37980,1,1,39.962458,-75.165604,Philadelphia County,42101
215266,University of Pittsburgh-Bradford,15,6,Bradford,PA,16701,1,1,1,2,2,33,14620,2,22,41.943415,-78.673701,McKean County,42083
215275,University of Pittsburgh-Greensburg,22,6,Greensburg,PA,15601-5860,1,1,1,2,2,21,38300,1,21,40.276447,-79.532676,Westmoreland County,42129
215284,University of Pittsburgh-Johnstown,5,6,Johnstown,PA,15904,1,1,1,2,2,23,27780,1,22,40.265957,-78.834163,Cambria County,42021
215293,University of Pittsburgh-Pittsburgh Campus,6,5,Pittsburgh,PA,15260,1,1,1,5,4,11,38300,1,15,40.444388,-79.953254,Allegheny County,42003
215309,University of Pittsburgh-Titusville,28,5,Titusville,PA,16354,4,2,1,1,1,32,32740,2,7,41.628697,-79.664156,Crawford County,42039
215336,Beaver Falls Beauty Academy,-2,-2,Beaver Falls,PA,15010-4208,9,3,3,-2,-2,21,38300,1,-2,40.754161,-80.320347,Beaver County,42007
215381,Pittsburgh Institute of Aeronautics,21,6,West Mifflin,PA,15122,5,2,2,1,2,21,38300,1,11,40.350804,-79.926575,Allegheny County,42003
215390,Pittsburgh Institute of Mortuary Science Inc,21,3,Pittsburgh,PA,15206-3706,5,2,2,1,1,11,38300,1,12,40.459175,-79.930487,Allegheny County,42003
215415,Pittsburgh Technical College,21,4,Oakdale,PA,15071,2,1,2,-2,2,21,38300,1,14,40.424679,-80.189404,Allegheny County,42003
215424,Pittsburgh Theological Seminary,31,-2,Pittsburgh,PA,15206-2596,2,1,2,1,1,11,38300,1,24,40.467347,-79.921397,Allegheny County,42003
215442,Point Park University,7,4,Pittsburgh,PA,15222-1984,2,1,2,2,3,11,38300,1,17,40.438768,-80.002061,Allegheny County,42003
215479,Joseph F McCloskey School of Nursing,-2,-2,Pottsville,PA,17901,5,2,2,1,-2,32,39060,2,-2,40.692149,-76.189544,Schuylkill County,42107
215530,The Salon Professional Academy-Altoona,-2,-2,Altoona,PA,16601-2419,9,3,3,1,-2,23,11020,1,-2,40.467868,-78.404069,Blair County,42013
215585,Reading Area Community College,11,4,Reading,PA,19603,4,2,1,3,3,13,39740,1,5,40.334861,-75.935086,Berks County,42011
215594,Reading Hospital School of Health Sciences,-2,-2,Reading,PA,19611,5,2,2,1,-2,13,39740,1,-2,40.32606,-75.950474,Berks County,42011
215619,Reconstructionist Rabbinical College,31,-2,Wyncote,PA,19095-1898,2,1,2,1,1,21,37980,1,24,40.087689,-75.149506,Montgomery County,42091
215637,Walnut Hill College,21,2,Philadelphia,PA,19104,3,1,3,1,1,11,37980,1,30,39.955098,-75.20749,Philadelphia County,42101
215655,Robert Morris University,17,3,Moon Township,PA,15108-1189,2,1,2,3,3,21,38300,1,17,40.520415,-80.210468,Allegheny County,42003
215682,Rosedale Technical College,21,4,Pittsburgh,PA,15205-9791,5,2,2,1,2,21,38300,1,11,40.45205,-80.103926,Allegheny County,42003
215691,Rosemont College,10,4,Rosemont,PA,19010-1699,2,1,2,1,2,21,37980,1,19,40.033417,-75.32925,Montgomery County,42091
215743,Saint Francis University,18,5,Loretto,PA,15940,2,1,2,2,2,42,27780,1,18,40.506734,-78.63904,Cambria County,42021
215770,Saint Joseph's University - Philadelphia,17,5,Philadelphia,PA,19131-1395,2,1,2,3,3,11,37980,1,18,39.994442,-75.238343,Philadelphia County,42101
215798,Saint Vincent College,22,3,Latrobe,PA,15650-2690,2,1,2,2,2,21,38300,1,21,40.29265,-79.403762,Westmoreland County,42129
215813,Saint Vincent Seminary,31,-2,Latrobe,PA,15650-2690,2,1,2,1,1,21,38300,1,24,40.29265,-79.403762,Westmoreland County,42129
215886,Schuylkill Technology Center,-2,-2,Frackville,PA,17931,7,3,1,1,-2,32,39060,2,-2,40.775735,-76.22938,Schuylkill County,42107
215929,University of Scranton,17,5,Scranton,PA,18510-4699,2,1,2,2,3,13,42540,1,18,41.406556,-75.656915,Lackawanna County,42069
215947,Seton Hill University,20,3,Greensburg,PA,15601,2,1,2,2,2,21,38300,1,19,40.309407,-79.557433,Westmoreland County,42129
215974,UPMC Shadyside School of Nursing,-2,-2,Pittsburgh,PA,15232,5,2,2,1,-2,11,38300,1,-2,40.454751,-79.939494,Allegheny County,42003
215983,Sharon Regional School of Nursing,-2,-2,Sharon,PA,16146,9,3,3,-1,-2,31,25850,2,-2,41.232638,-80.497236,Mercer County,42085
215992,Laurel Technical Institute,21,2,Hermitage,PA,16148,6,2,3,1,1,41,25850,2,7,41.189936,-80.463868,Mercer County,42085
216010,Shippensburg University of Pennsylvania,19,4,Shippensburg,PA,17257-2299,1,1,1,3,3,31,25420,1,18,40.057933,-77.522335,Cumberland County,42041
216038,Slippery Rock University of Pennsylvania,17,4,Slippery Rock,PA,16057-1383,1,1,1,3,3,32,38300,1,18,41.062719,-80.045965,Butler County,42019
216047,Saint Charles Borromeo Seminary-Overbrook,31,-2,Ambler,PA,19002,2,1,2,1,1,21,37980,1,24,40.201235,-75.231732,Montgomery County,42091
216074,South Hills Beauty Academy,-2,-2,Pittsburgh,PA,15216,9,3,3,1,-2,21,38300,1,-2,40.38933,-80.041544,Allegheny County,42003
216083,South Hills School of Business & Technology,12,4,State College,PA,16801-4516,6,2,3,1,1,13,44300,1,1,40.775033,-77.855466,Centre County,42027
216162,St Lukes Hospital School of Nursing,-2,-2,Bethlehem,PA,18015,8,3,2,1,-2,21,10900,1,-2,40.607054,-75.394494,Lehigh County,42077
216223,The Beauty Institute,-2,-2,Stroudsburg,PA,18360-1720,9,3,3,1,-2,31,20700,2,-2,40.989612,-75.223872,Monroe County,42089
216278,Susquehanna University,5,3,Selinsgrove,PA,17870-1025,2,1,2,2,2,32,42780,2,21,40.797502,-76.875329,Snyder County,42109
216287,Swarthmore College,22,5,Swarthmore,PA,19081,2,1,2,2,2,21,37980,1,21,39.905159,-75.354278,Delaware County,42045
216296,Thaddeus Stevens College of Technology,21,6,Lancaster,PA,17602-3198,4,2,1,2,2,13,29540,1,7,40.037951,-76.288718,Lancaster County,42071
216311,Talmudical Yeshiva of Philadelphia,31,-2,Philadelphia,PA,19131,2,1,2,1,1,11,37980,1,24,39.989249,-75.247964,Philadelphia County,42101
216339,Temple University,16,6,Philadelphia,PA,19122-6096,1,1,1,5,4,11,37980,1,15,39.980546,-75.156859,Philadelphia County,42101
216348,Theological Seminary of the Reformed Episcopal Church,31,-2,Oreland,PA,19075,2,1,2,1,1,21,37980,1,24,40.102057,-75.182362,Montgomery County,42091
216357,Thiel College,15,4,Greenville,PA,16125-2181,2,1,2,1,2,32,25850,2,22,41.41354,-80.384383,Mercer County,42085
216366,Thomas Jefferson University,27,-2,Philadelphia,PA,19107,2,1,2,3,3,11,37980,1,16,39.948274,-75.158266,Philadelphia County,42101
216436,Triangle Tech Inc-Pittsburgh,21,4,Pittsburgh,PA,15214-3897,6,2,3,1,1,11,38300,1,7,40.462003,-80.012781,Allegheny County,42003
216445,Triangle Tech Inc-Greensburg,21,4,Greensburg,PA,15601-3304,6,2,3,1,1,21,38300,1,7,40.303168,-79.539468,Westmoreland County,42129
216454,Triangle Tech Inc-Dubois,21,6,Falls Creek,PA,15840-3333,6,2,3,1,1,41,-2,-2,7,41.147974,-78.795923,Jefferson County,42065
216463,Trinity Anglican Seminary,31,-2,Ambridge,PA,15003-2397,2,1,2,1,1,21,38300,1,24,40.593403,-80.230178,Beaver County,42007
216524,Ursinus College,22,3,Collegeville,PA,19426-1000,2,1,2,2,2,21,37980,1,21,40.193023,-75.456505,Montgomery County,42091
216542,University of Valley Forge,15,4,Phoenixville,PA,19460-2373,2,1,2,1,2,21,37980,1,22,40.117835,-75.5469,Chester County,42029
216551,Valley Forge Military College,3,3,Wayne,PA,19087-3695,5,2,2,1,1,21,37980,1,1,40.053697,-75.382097,Delaware County,42045
216579,Venus Beauty Academy,-2,-2,Aston,PA,19014,9,3,3,1,-2,21,37980,1,-2,39.855718,-75.422229,Delaware County,42045
216597,Villanova University,7,5,Villanova,PA,19085-1699,2,1,2,4,3,21,37980,1,16,40.036463,-75.340502,Delaware County,42045
216630,Washington Health System School of Nursing,-2,-2,Washington,PA,15301,5,2,2,1,-2,21,38300,1,-2,40.183984,-80.245709,Washington County,42125
216667,Washington & Jefferson College,22,5,Washington,PA,15301,2,1,2,2,2,21,38300,1,21,40.170622,-80.24049,Washington County,42125
216694,Waynesburg University,20,3,Waynesburg,PA,15370-1257,2,1,2,2,2,32,-2,-2,19,39.899871,-80.186205,Greene County,42059
216746,Welder Training and Testing Institute,-2,-2,Allentown,PA,18109-3253,9,3,3,1,-2,12,10900,1,-2,40.626469,-75.447263,Lehigh County,42077
216764,West Chester University of Pennsylvania,17,3,West Chester,PA,19383,1,1,1,4,3,21,37980,1,16,39.953398,-75.59812,Chester County,42029
216773,Western Pennsylvania Hospital School of Nursing,-2,-2,Pittsburgh,PA,15224,5,2,2,1,-2,11,38300,1,-2,40.462132,-79.945111,Allegheny County,42003
216807,Westminster College,5,3,New Wilmington,PA,16172,2,1,2,2,2,42,38300,1,21,41.119272,-80.331017,Lawrence County,42073
216816,Westminster Theological Seminary,31,-2,Glenside,PA,19038,2,1,2,2,2,21,37980,1,24,40.09815,-75.176327,Montgomery County,42091
216825,Westmoreland County Community College,11,2,Youngwood,PA,15697-1895,4,2,1,2,3,21,38300,1,9,40.234321,-79.564897,Westmoreland County,42129
216852,Widener University,17,5,Chester,PA,19013-5792,2,1,2,3,3,21,37980,1,17,39.861689,-75.355363,Delaware County,42045
216931,Wilkes University,7,5,Wilkes-Barre,PA,18766,2,1,2,3,3,13,42540,1,17,41.244199,-75.890262,Luzerne County,42079
216940,Williamson College of the Trades,21,-2,Media,PA,19063-5299,5,2,2,1,1,21,37980,1,7,39.90807,-75.422024,Delaware County,42045
217013,Wilson College,20,4,Chambersburg,PA,17201-1285,2,1,2,2,2,13,16540,1,19,39.949659,-77.650712,Franklin County,42055
217040,Yeshivath Beth Moshe,31,-2,Scranton,PA,18505-2196,2,1,2,1,1,13,42540,1,24,41.394852,-75.656191,Lackawanna County,42069
217059,York College of Pennsylvania,14,3,York,PA,17403-3651,2,1,2,2,3,22,49620,1,20,39.94614,-76.727984,York County,42133
217077,YTI Career Institute-York,21,2,York,PA,17402,6,2,3,1,2,22,49620,1,7,39.992432,-76.660321,York County,42133
217156,Brown University,7,5,Providence,RI,02912,2,1,2,4,3,12,39300,1,15,41.82617,-71.40385,Providence County,44007
217165,Bryant University,24,5,Smithfield,RI,02917-1291,2,1,2,2,2,21,39300,1,18,41.920092,-71.539547,Providence County,44007
217235,Johnson & Wales University-Providence,19,4,Providence,RI,02903-3703,2,1,2,2,3,12,39300,1,18,41.819956,-71.41277,Providence County,44007
217305,New England Institute of Technology,21,6,East Greenwich,RI,02818-1205,2,1,2,2,2,21,39300,1,20,41.661783,-71.502892,Kent County,44003
217323,New England Tractor Trailer Training School of Rhode Island,-2,-2,Pawtucket,RI,02860,9,3,3,1,-2,21,39300,1,-2,41.880296,-71.405906,Providence County,44007
217402,Providence College,19,5,Providence,RI,02918-0001,2,1,2,2,3,12,39300,1,18,41.842742,-71.437446,Providence County,44007
217420,Rhode Island College,19,4,Providence,RI,02908,1,1,1,3,3,21,39300,1,18,41.842415,-71.46556,Providence County,44007
217475,Community College of Rhode Island,2,4,Warwick,RI,02886-1807,4,2,1,4,3,13,39300,1,1,41.712817,-71.481509,Kent County,44003
217484,University of Rhode Island,6,5,Kingston,RI,02881,1,1,1,4,4,21,39300,1,16,41.484691,-71.527356,Washington County,44009
217493,Rhode Island School of Design,23,5,Providence,RI,02903-2784,2,1,2,2,2,12,39300,1,18,41.827114,-71.409309,Providence County,44007
217518,Roger Williams University,14,3,Bristol,RI,02809-2921,2,1,2,2,3,21,39300,1,19,41.650214,-71.260374,Bristol County,44001
217536,Salve Regina University,20,3,Newport,RI,02840-4192,2,1,2,2,2,21,39300,1,18,41.471545,-71.30124,Newport County,44005
217581,Empire Beauty School-Warwick,-2,-2,Providence,RI,02903,9,3,3,1,-2,12,39300,1,-2,41.821724,-71.422425,Providence County,44007
217606,Northpoint Bible College,31,-2,Haverhill,MA,01835,2,1,2,1,1,21,14460,1,24,42.765357,-71.079335,Essex County,25009
217615,Aiken Technical College,3,4,Graniteville,SC,29829,4,2,1,2,2,21,12260,1,4,33.533833,-81.841666,Aiken County,45003
217624,Allen University,22,4,Columbia,SC,29204,2,1,2,1,2,12,17900,1,21,34.010348,-81.020045,Richland County,45079
217633,Anderson University,17,3,Anderson,SC,29621-4035,2,1,2,2,3,13,24860,1,18,34.5152,-82.640358,Anderson County,45007
217688,Charleston Southern University,17,4,Charleston,SC,29406-9121,2,1,2,2,3,12,16700,1,19,32.983047,-80.072587,Charleston County,45019
217712,Technical College of the Lowcountry,12,2,Beaufort,SC,29901-1288,4,2,1,2,2,13,25940,1,7,32.420197,-80.689468,Beaufort County,45013
217721,Benedict College,15,4,Columbia,SC,29204-1086,2,1,2,2,2,12,17900,1,22,34.012941,-81.020403,Richland County,45079
217749,Bob Jones University,15,3,Greenville,SC,29614-0001,2,1,2,2,2,13,24860,1,20,34.874016,-82.365838,Greenville County,45045
217776,Southern Wesleyan University,15,3,Central,SC,29630-1020,2,1,2,1,2,22,24860,1,20,34.728068,-82.761586,Pickens County,45077
217794,Charleston Cosmetology Institute,-2,-2,Charleston,SC,29420,9,3,3,1,-2,12,16700,1,-2,32.91777,-80.111988,Dorchester County,45035
217819,College of Charleston,9,3,Charleston,SC,29424-0001,1,1,1,4,3,12,16700,1,19,32.784225,-79.939794,Charleston County,45019
217828,Charzanne Beauty College,-2,-2,Greenwood,SC,29649,9,3,3,-1,-2,32,24940,2,-2,34.212583,-82.138883,Greenwood County,45047
217837,Northeastern Technical College,3,4,Cheraw,SC,29520,4,2,1,2,2,41,-2,-2,9,34.698248,-79.939245,Chesterfield County,45025
217864,Citadel Military College of South Carolina,19,5,Charleston,SC,29409,1,1,1,2,3,12,16700,1,18,32.797183,-79.958775,Charleston County,45019
217873,Claflin University,22,4,Orangeburg,SC,29115-4498,2,1,2,2,2,32,36700,2,21,33.498444,-80.854319,Orangeburg County,45075
217882,Clemson University,6,5,Clemson,SC,29634,1,1,1,5,4,22,24860,1,15,34.679381,-82.835114,Pickens County,45077
217891,Clinton College,24,2,Rock Hill,SC,29730,2,1,2,1,1,13,16740,1,23,34.913721,-81.043469,York County,45091
217907,Coker University,15,4,Hartsville,SC,29550,2,1,2,2,2,32,22500,1,20,34.37696,-80.070416,Darlington County,45031
217925,Columbia International University,18,3,Columbia,SC,29203-1513,2,1,2,2,2,12,17900,1,19,34.07551,-81.07443,Richland County,45079
217934,Columbia College,20,4,Columbia,SC,29203,2,1,2,2,2,12,17900,1,20,34.045581,-81.029967,Richland County,45079
217961,Converse University,8,4,Spartanburg,SC,29302-0006,2,1,2,2,2,13,43900,1,20,34.955534,-81.917881,Spartanburg County,45083
217989,Denmark Technical College,3,2,Denmark,SC,29042,4,2,1,1,2,43,-2,-2,9,33.313355,-81.123629,Bamberg County,45009
217998,Erskine College,15,4,Due West,SC,29639,2,1,2,1,2,42,24940,2,17,34.332087,-82.39095,Abbeville County,45001
218025,Florence-Darlington Technical College,11,4,Florence,SC,29501-0548,4,2,1,2,3,41,22500,1,7,34.243882,-79.81469,Florence County,45041
218061,Francis Marion University,14,4,Florence,SC,29506,1,1,1,2,3,41,22500,1,19,34.189777,-79.652854,Florence County,45041
218070,Furman University,22,5,Greenville,SC,29613-6162,2,1,2,2,2,21,24860,1,21,34.924676,-82.440458,Greenville County,45045
218113,Greenville Technical College,11,4,Greenville,SC,29606,1,1,1,4,3,13,24860,1,7,34.826212,-82.371178,Greenville County,45045
218140,Horry-Georgetown Technical College,11,4,Conway,SC,29526,4,2,1,3,3,13,34820,1,4,33.79614,-79.003611,Horry County,45051
218159,Kenneth Shuler School of Cosmetology-North Augusta,-2,-2,North Augusta,SC,29841,9,3,3,1,-2,21,12260,1,-2,33.497587,-81.957885,Aiken County,45003
218195,Kenneth Shuler School of Cosmetology and Nails-Columbia,-2,-2,Columbia,SC,29210,9,3,3,1,-2,21,17900,1,-2,34.045282,-81.132969,Lexington County,45063
218229,Lander University,14,3,Greenwood,SC,29649-2099,1,1,1,2,3,32,24940,2,22,34.199892,-82.164736,Greenwood County,45047
218238,Limestone University,15,4,Gaffney,SC,29340-3799,2,1,2,2,2,32,23500,2,22,35.057076,-81.649161,Cherokee County,45021
218335,Medical University of South Carolina,27,-2,Charleston,SC,29425,1,1,1,2,2,12,16700,1,27,32.784363,-79.947158,Charleston County,45019
218353,Midlands Technical College,11,4,West Columbia,SC,29170-2176,4,2,1,3,3,21,17900,1,4,33.949325,-81.115761,Lexington County,45063
218399,Morris College,15,4,Sumter,SC,29150-3599,2,1,2,1,2,13,44940,1,22,33.938574,-80.346155,Sumter County,45085
218414,Newberry College,15,4,Newberry,SC,29108,2,1,2,2,2,32,35140,2,22,34.285868,-81.619777,Newberry County,45071
218441,North Greenville University,15,3,Tigerville,SC,29688-1892,2,1,2,2,2,41,24860,1,20,35.069758,-82.37026,Greenville County,45045
218487,Orangeburg Calhoun Technical College,12,4,Orangeburg,SC,29118-8299,4,2,1,2,2,32,36700,2,8,33.54485,-80.82927,Orangeburg County,45075
218520,Piedmont Technical College,11,4,Greenwood,SC,29646,4,2,1,3,3,32,24940,2,7,34.207415,-82.120635,Greenwood County,45047
218539,Presbyterian College,8,3,Clinton,SC,29325,2,1,2,2,2,32,24860,1,21,34.465834,-81.87448,Laurens County,45059
218645,University of South Carolina Aiken,19,4,Aiken,SC,29801,1,1,1,2,3,21,12260,1,20,33.572704,-81.767612,Aiken County,45003
218654,University of South Carolina Beaufort,5,4,Bluffton,SC,29909,1,1,1,2,2,31,25940,1,22,32.303308,-80.973595,Beaufort County,45013
218663,University of South Carolina-Columbia,16,5,Columbia,SC,29208,1,1,1,5,4,12,17900,1,15,33.996788,-81.026935,Richland County,45079
218672,University of South Carolina-Lancaster,3,2,Lancaster,SC,29720-0889,4,2,1,2,2,32,16740,1,3,34.736282,-80.787069,Lancaster County,45057
218681,University of South Carolina-Salkehatchie,3,4,Allendale,SC,29810-0617,4,2,1,1,2,43,-2,-2,2,33.014312,-81.301838,Allendale County,45005
218690,University of South Carolina-Sumter,3,5,Sumter,SC,29150-2498,4,2,1,2,2,13,44940,1,3,33.934698,-80.373459,Sumter County,45085
218706,University of South Carolina-Union,3,4,Union,SC,29379-0729,4,2,1,2,2,32,43900,1,3,34.717771,-81.621042,Union County,45087
218724,Coastal Carolina University,19,3,Conway,SC,29526,1,1,1,4,3,13,34820,1,18,33.794995,-79.011767,Horry County,45051
218733,South Carolina State University,5,4,Orangeburg,SC,29117-0001,1,1,1,2,2,32,36700,2,20,33.497968,-80.848722,Orangeburg County,45075
218742,University of South Carolina-Upstate,14,4,Spartanburg,SC,29303-4999,1,1,1,2,3,22,43900,1,22,34.996403,-81.970583,Spartanburg County,45083
218751,Sherman College of Chiropractic,29,-2,Boiling Springs,SC,29316,2,1,2,1,1,22,43900,1,26,35.014602,-81.985878,Spartanburg County,45083
218821,Spartanburg Methodist College,4,4,Spartanburg,SC,29301-5899,2,1,2,2,2,22,43900,1,1,34.955117,-81.970863,Spartanburg County,45083
218830,Spartanburg Community College,11,4,Spartanburg,SC,29303,4,2,1,3,3,22,43900,1,4,34.974587,-81.989811,Spartanburg County,45083
218858,Central Carolina Technical College,11,4,Sumter,SC,29150-2499,4,2,1,2,3,13,44940,1,5,33.933342,-80.37101,Sumter County,45085
218885,Tri-County Technical College,11,4,Pendleton,SC,29670,4,2,1,3,3,22,24860,1,7,34.641914,-82.792015,Anderson County,45007
218894,Trident Technical College,11,2,Charleston,SC,29423-8067,4,2,1,4,3,12,16700,1,5,32.928767,-80.031276,Charleston County,45019
218919,Voorhees University,15,4,Denmark,SC,29042,2,1,2,1,1,43,-2,-2,22,33.307199,-81.127863,Bamberg County,45009
218955,Williamsburg Technical College,3,4,Kingstree,SC,29556-4197,4,2,1,1,2,32,-2,-2,9,33.657085,-79.817984,Williamsburg County,45089
218964,Winthrop University,9,4,Rock Hill,SC,29733,1,1,1,2,3,13,16740,1,18,34.941515,-81.031404,York County,45091
218973,Wofford College,22,5,Spartanburg,SC,29303-3663,2,1,2,2,2,13,43900,1,21,34.959411,-81.933568,Spartanburg County,45083
218991,York Technical College,11,2,Rock Hill,SC,29730,4,2,1,2,3,13,16740,1,4,34.934416,-80.995273,York County,45091
219000,Augustana University,20,3,Sioux Falls,SD,57197-0001,2,1,2,2,2,12,43620,1,19,43.525148,-96.736975,Minnehaha County,46099
219037,The Salon Professional Academy,-2,-2,Rapid City,SD,57701,9,3,3,1,-2,13,39660,1,-2,44.086343,-103.194526,Pennington County,46103
219046,Black Hills State University,14,3,Spearfish,SD,57799-9500,1,1,1,2,3,32,43940,2,20,44.494889,-103.870966,Lawrence County,46081
219082,Dakota State University,19,3,Madison,SD,57042-1799,1,1,1,2,3,32,-2,-2,19,44.013014,-97.113358,Lake County,46079
219091,Dakota Wesleyan University,15,3,Mitchell,SD,57301-4398,2,1,2,1,2,33,33580,2,22,43.697432,-98.031188,Davison County,46035
219125,Paul Mitchell the School-Rapid City,-2,-2,Rapid City,SD,57701,9,3,3,1,-2,13,39660,1,-2,44.08202,-103.222781,Pennington County,46103
219143,Lake Area Technical College,21,4,Watertown,SD,57201-0730,4,2,1,2,2,33,47980,2,7,44.901714,-97.095229,Codington County,46029
219189,Mitchell Technical College,21,6,Mitchell,SD,57301,4,2,1,2,2,33,33580,2,7,43.688663,-98.002505,Davison County,46035
219198,Mount Marty University,18,4,Yankton,SD,57078-3724,2,1,2,2,2,33,49460,2,20,42.874475,-97.409904,Yankton County,46135
219204,National American University-Rapid City,20,2,Rapid City,SD,57702,3,1,3,1,2,13,39660,1,17,44.061498,-103.286487,Pennington County,46103
219240,Kairos University,31,-2,Sioux Falls,SD,57105,2,1,2,2,2,12,43620,1,24,43.525446,-96.735896,Minnehaha County,46099
219259,Northern State University,14,4,Aberdeen,SD,57401-7198,1,1,1,2,3,33,10100,2,20,45.450829,-98.484728,Brown County,46013
219277,Oglala Lakota College,13,2,Kyle,SD,57752-0490,1,1,1,2,2,43,-2,-2,33,43.366813,-102.240331,Oglala Lakota County,46102
219338,Avera Sacred Heart Hospital,-2,-2,Yankton,SD,57078-3899,5,2,2,-1,-2,33,49460,2,-2,42.872359,-97.407865,Yankton County,46135
219347,South Dakota School of Mines and Technology,30,5,Rapid City,SD,57701-3995,1,1,1,2,2,13,39660,1,19,44.075439,-103.205753,Pennington County,46103
219356,South Dakota State University,17,3,Brookings,SD,57007-1898,1,1,1,4,3,33,15100,2,16,44.317485,-96.782139,Brookings County,46011
219374,Sinte Gleska University,13,4,Mission,SD,57555-0105,1,1,1,1,2,43,-2,-2,33,43.298878,-100.622549,Todd County,46121
219383,University of Sioux Falls,20,4,Sioux Falls,SD,57105-1699,2,1,2,2,2,12,43620,1,19,43.531574,-96.738229,Minnehaha County,46099
219392,Sanford Medical Center,-2,-2,Sioux Falls,SD,57117-5039,5,2,2,1,-2,12,43620,1,-2,43.535591,-96.74341,Minnehaha County,46099
219408,Sisseton Wahpeton College,3,4,Sisseton,SD,57262,1,1,1,1,1,43,-2,-2,33,45.562731,-97.060835,Roberts County,46109
219426,Southeast Technical College,21,4,Sioux Falls,SD,57107-1301,4,2,1,2,2,12,43620,1,7,43.570446,-96.780241,Minnehaha County,46099
219453,Stewart School,-2,-2,Sioux Falls,SD,57104,9,3,3,1,-2,12,43620,1,-2,43.554991,-96.746329,Minnehaha County,46099
219471,University of South Dakota,17,5,Vermillion,SD,57069-2390,1,1,1,4,3,32,46820,2,16,42.786019,-96.925283,Clay County,46027
219480,Western Dakota Technical College,21,4,Rapid City,SD,57703-4018,4,2,1,2,2,13,39660,1,8,44.076648,-103.179501,Pennington County,46103
219505,American Baptist College,31,-2,Nashville,TN,37207-9980,2,1,2,1,1,11,34980,1,22,36.202623,-86.789912,Davidson County,47037
219587,Arnolds Beauty School,-2,-2,Milan,TN,38358,9,3,3,1,-2,32,27180,1,-2,35.919195,-88.760125,Gibson County,47053
219596,TCAT Athens,-2,-2,Athens,TN,37371-0848,4,2,1,1,-2,32,11940,2,-2,35.442944,-84.630484,McMinn County,47107
219602,Austin Peay State University,9,4,Clarksville,TN,37044,1,1,1,4,3,12,17300,1,18,36.533319,-87.354081,Montgomery County,47125
219639,Baptist Health Sciences University,28,6,Memphis,TN,38104,2,1,2,1,2,11,32820,1,26,35.138415,-90.027501,Shelby County,47157
219709,Belmont University,17,3,Nashville,TN,37212-3757,2,1,2,3,3,11,34980,1,17,36.135589,-86.794807,Davidson County,47037
219718,Bethel University,14,4,McKenzie,TN,38201,2,1,2,2,3,32,-2,-2,18,36.137848,-88.516762,Carroll County,47017
219790,Bryan College-Dayton,20,3,Dayton,TN,37321,2,1,2,2,2,32,-2,-2,20,35.497209,-84.999552,Rhea County,47143
219806,Carson-Newman University,18,4,Jefferson City,TN,37760,2,1,2,2,2,23,34100,1,17,36.122934,-83.491709,Jefferson County,47089
219824,Chattanooga State Community College,2,4,Chattanooga,TN,37406-1097,4,2,1,3,3,12,16860,1,4,35.100202,-85.237389,Hamilton County,47065
219833,Christian Brothers University,20,6,Memphis,TN,38104,2,1,2,2,2,11,32820,1,19,35.127437,-89.983241,Shelby County,47157
219842,Pentecostal Theological Seminary,31,-2,Cleveland,TN,37311-3330,2,1,2,1,2,13,17420,1,24,35.162528,-84.868326,Bradley County,47011
219851,Austin's Beauty College Inc,-2,-2,Clarksville,TN,37040-1121,9,3,3,1,-2,12,17300,1,-2,36.521386,-87.362846,Montgomery County,47125
219879,Cleveland State Community College,3,4,Cleveland,TN,37312,4,2,1,2,2,13,17420,1,1,35.200103,-84.879284,Bradley County,47011
219888,Columbia State Community College,2,2,Columbia,TN,38401,4,2,1,3,3,31,34980,1,1,35.616757,-87.101917,Maury County,47119
219903,Concorde Career College-Memphis,21,4,Memphis,TN,38137-0132,6,2,3,1,2,11,32820,1,10,35.112892,-89.891723,Shelby County,47157
219949,Cumberland University,13,6,Lebanon,TN,37087,2,1,2,2,2,31,34980,1,19,36.204514,-86.298782,Wilson County,47189
219976,Lipscomb University,17,5,Nashville,TN,37204-3951,2,1,2,3,3,11,34980,1,17,36.106253,-86.799791,Davidson County,47037
219994,Tennessee College of Applied Technology-Dickson,-2,-2,Dickson,TN,37055,4,2,1,2,-2,41,34980,1,-2,36.050549,-87.366455,Dickson County,47043
220057,Dyersburg State Community College,3,2,Dyersburg,TN,38024-2411,4,2,1,2,2,33,20540,2,1,36.047565,-89.390791,Dyer County,47045
220075,East Tennessee State University,17,4,Johnson City,TN,37614,1,1,1,4,3,13,27740,1,16,36.301643,-82.366954,Washington County,47179
220118,Chattanooga College Medical Dental and & Technical Careers,21,2,Chattanooga,TN,37415,3,1,3,1,1,12,16860,1,10,35.13314,-85.238131,Hamilton County,47065
220127,Tennessee College of Applied Technology-Elizabethton,-2,-2,Elizabethton,TN,37643,4,2,1,2,-2,22,27740,1,-2,36.366033,-82.178198,Carter County,47019
220163,The Hair Academy LLC,-2,-2,Fayetteville,TN,37334-0135,9,3,3,1,-2,32,22190,2,-2,35.153449,-86.576906,Lincoln County,47103
220181,Fisk University,22,4,Nashville,TN,37208-4501,2,1,2,2,2,11,34980,1,21,36.167087,-86.804805,Davidson County,47037
220206,Welch College,22,3,Gallatin,TN,37066-8460,2,1,2,1,1,21,34980,1,22,36.36719,-86.549153,Sumner County,47165
220215,Freed-Hardeman University,20,3,Henderson,TN,38340-2399,2,1,2,2,2,32,27180,1,19,35.440611,-88.637964,Chester County,47023
220251,Tennessee College of Applied Technology-Harriman,-2,-2,Harriman,TN,37748-5849,4,2,1,1,-2,41,28940,1,-2,35.966107,-84.517871,Roane County,47145
220279,Tennessee College of Applied Technology-Hartsville,-2,-2,Hartsville,TN,37074-2028,4,2,1,2,-2,42,34980,1,-2,36.387191,-86.14366,Trousdale County,47169
220321,Tennessee College of Applied Technology-Hohenwald,-2,-2,Hohenwald,TN,38462-2201,4,2,1,2,-2,43,-2,-2,-2,35.551687,-87.573757,Lewis County,47101
220394,Tennessee College of Applied Technology-Jacksboro,-2,-2,Jacksboro,TN,37757,4,2,1,1,-2,32,28940,1,-2,36.3175,-84.208918,Campbell County,47013
220400,Jackson State Community College,2,4,Jackson,TN,38301-3797,4,2,1,2,3,13,27180,1,2,35.645571,-88.780005,Madison County,47113
220464,John A Gupton College,21,4,Nashville,TN,37203-2954,5,2,2,1,1,11,34980,1,12,36.156633,-86.7948,Davidson County,47037
220473,Johnson University,31,-2,Knoxville,TN,37998,2,1,2,1,2,41,28940,1,19,35.937193,-83.750273,Knox County,47093
220491,Paul Mitchell the School-Murfreesboro,-2,-2,Murfreesboro,TN,37129,9,3,3,1,-2,12,34980,1,-2,35.849141,-86.42068,Rutherford County,47149
220516,King University,20,5,Bristol,TN,37620-2699,2,1,2,2,2,13,28700,1,18,36.585309,-82.159421,Sullivan County,47163
220552,South College,29,4,Knoxville,TN,37909-0000,3,1,3,4,3,12,28940,1,17,35.958283,-83.97362,Knox County,47093
220598,Lane College,22,4,Jackson,TN,38301-4598,2,1,2,1,2,13,27180,1,21,35.627378,-88.806535,Madison County,47113
220604,Le Moyne-Owen College,15,4,Memphis,TN,38126-6595,2,1,2,1,2,11,32820,1,22,35.118641,-90.034101,Shelby County,47157
220613,Lee University,14,3,Cleveland,TN,37311,2,1,2,2,3,13,17420,1,19,35.166019,-84.871399,Bradley County,47011
220631,Lincoln Memorial University,27,-2,Harrogate,TN,37752-8231,2,1,2,3,3,32,-2,-2,17,36.578508,-83.660198,Claiborne County,47025
220640,Tennessee College of Applied Technology-Livingston,-2,-2,Livingston,TN,38570,4,2,1,2,-2,43,18260,2,-2,36.39594,-85.317248,Overton County,47133
220701,The University of Tennessee Southern,15,3,Pulaski,TN,38478-2799,1,1,1,2,2,32,-2,-2,22,35.201019,-87.035661,Giles County,47055
220710,Maryville College,5,4,Maryville,TN,37804-5907,2,1,2,2,2,21,28940,1,21,35.751505,-83.964223,Blount County,47009
220756,Tennessee College of Applied Technology-McKenzie,-2,-2,McKenzie,TN,38201,4,2,1,1,-2,41,-2,-2,-2,36.137048,-88.492615,Carroll County,47017
220765,Genesis Career College-Cookeville,-2,-2,Cookeville,TN,38501-1907,9,3,3,1,-2,33,18260,2,-2,36.176484,-85.485574,Putnam County,47141
220792,Meharry Medical College,27,-2,Nashville,TN,37208,2,1,2,2,2,11,34980,1,25,36.165458,-86.807371,Davidson County,47037
220853,Tennessee College of Applied Technology-Memphis,-2,-2,Memphis,TN,38105-3604,4,2,1,2,-2,11,32820,1,-2,35.150262,-90.039188,Shelby County,47157
220862,University of Memphis,16,4,Memphis,TN,38152,1,1,1,5,4,11,32820,1,15,35.118878,-89.938068,Shelby County,47157
220871,Memphis Theological Seminary,31,-2,Memphis,TN,38104,2,1,2,1,1,11,32820,1,24,35.13311,-89.982653,Shelby County,47157
220978,Middle Tennessee State University,19,4,Murfreesboro,TN,37132,1,1,1,5,4,12,34980,1,16,35.848005,-86.360618,Rutherford County,47149
220996,Middle Tennessee School of Anesthesia Inc,28,-2,Madison,TN,37115,2,1,2,1,1,11,34980,1,26,36.253425,-86.683859,Davidson County,47037
221050,Tennessee College of Applied Technology-Morristown,-2,-2,Morristown,TN,37813-2094,4,2,1,1,-2,13,34100,1,-2,36.204643,-83.299503,Hamblen County,47063
221096,Motlow State Community College,2,6,Tullahoma,TN,37388,4,2,1,3,3,41,46100,2,1,35.365903,-86.299184,Moore County,47127
221102,Tennessee College of Applied Technology-Murfreesboro,-2,-2,Murfreesboro,TN,37129-3311,4,2,1,1,-2,12,34980,1,-2,35.845661,-86.41026,Rutherford County,47149
221148,Lincoln College of Technology-Nashville,21,4,Nashville,TN,37206,6,2,3,1,2,11,34980,1,11,36.194393,-86.744005,Davidson County,47037
221184,Nashville State Community College,2,2,Nashville,TN,37209-4515,4,2,1,3,3,11,34980,1,1,36.134857,-86.857342,Davidson County,47037
221236,Tennessee College of Applied Technology Northwest,-2,-2,Newbern,TN,38059,4,2,1,2,-2,42,20540,2,-2,36.120067,-89.257582,Dyer County,47045
221281,Tennessee College of Applied Technology-Henry/Carroll,-2,-2,Paris,TN,38242,4,2,1,1,-2,33,37540,2,-2,36.296408,-88.296432,Henry County,47079
221333,Tennessee College of Applied Technology-Pulaski,-2,-2,Pulaski,TN,38478-0614,4,2,1,1,-2,32,-2,-2,-2,35.191308,-87.007818,Giles County,47055
221351,Rhodes College,22,5,Memphis,TN,38112-1690,2,1,2,2,2,11,32820,1,21,35.154405,-89.990803,Shelby County,47157
221397,Roane State Community College,2,4,Harriman,TN,37748,4,2,1,3,3,32,28940,1,1,35.880911,-84.620051,Roane County,47145
221430,Tennessee College of Applied Technology-Crump,-2,-2,Crump,TN,38327,4,2,1,2,-2,42,-2,-2,-2,35.221452,-88.319153,Hardin County,47071
221485,Southwest Tennessee Community College,2,4,Memphis,TN,38134,4,2,1,3,3,11,32820,1,1,35.161335,-89.86634,Shelby County,47157
221494,Tennessee College of Applied Technology-Shelbyville,-2,-2,Shelbyville,TN,37160,4,2,1,1,-2,32,43180,2,-2,35.485655,-86.421097,Bedford County,47003
221519,The University of the South,22,3,Sewanee,TN,37383-1000,2,1,2,2,2,42,49010,2,21,35.204719,-85.920179,Franklin County,47051
221582,Tennessee College of Applied Technology-Oneida-Huntsville,-2,-2,Huntsville,TN,37756-4149,4,2,1,1,-2,43,-2,-2,-2,36.408177,-84.528273,Scott County,47151
221591,Tennessee College of Applied Technology-Upper Cumberland,-2,-2,Crossville,TN,38555,4,2,1,1,-2,33,18900,2,-2,35.946609,-85.039137,Cumberland County,47035
221607,Tennessee College of Applied Technology-McMinnville,-2,-2,McMinnville,TN,37110,4,2,1,1,-2,32,32660,2,-2,35.70137,-85.74531,Warren County,47177
221616,Tennessee College of Applied Technology-Jackson,-2,-2,Jackson,TN,38301,4,2,1,2,-2,41,27180,1,-2,35.606795,-88.919805,Madison County,47113
221625,Tennessee College of Applied Technology-Knoxville,-2,-2,Knoxville,TN,37919,4,2,1,2,-2,12,28940,1,-2,35.957,-83.964151,Knox County,47093
221643,Pellissippi State Community College,2,4,Knoxville,TN,37933-0990,4,2,1,3,3,21,28940,1,1,35.948303,-84.166504,Knox County,47093
221661,Southern Adventist University,15,4,Collegedale,TN,37315-0370,2,1,2,2,2,21,16860,1,19,35.048254,-85.052088,Hamilton County,47065
221670,Southern College of Optometry,29,-2,Memphis,TN,38104-2211,2,1,2,1,2,11,32820,1,26,35.138252,-90.019856,Shelby County,47157
221731,Tennessee Wesleyan University,15,3,Athens,TN,37303,2,1,2,2,2,32,11940,2,22,35.446331,-84.592728,McMinn County,47107
221740,The University of Tennessee-Chattanooga,19,4,Chattanooga,TN,37403-2598,1,1,1,4,3,12,16860,1,17,35.047519,-85.300247,Hamilton County,47065
221759,The University of Tennessee-Knoxville,6,5,Knoxville,TN,37996,1,1,1,5,4,12,28940,1,15,35.952082,-83.925852,Knox County,47093
221768,The University of Tennessee-Martin,19,6,Martin,TN,38238,1,1,1,3,3,33,32280,2,19,36.340338,-88.864211,Weakley County,47183
221829,Tennessee School of Beauty of Knoxville Inc,-2,-2,Knoxville,TN,37921,9,3,3,1,-2,12,28940,1,-2,35.974432,-83.995119,Knox County,47093
221838,Tennessee State University,17,4,Nashville,TN,37209-1561,1,1,1,3,3,11,34980,1,16,36.166321,-86.828275,Davidson County,47037
221847,Tennessee Technological University,9,6,Cookeville,TN,38505-0001,1,1,1,4,3,33,18260,2,16,36.174754,-85.504039,Putnam County,47141
221892,Trevecca Nazarene University,17,4,Nashville,TN,37210,2,1,2,2,3,11,34980,1,17,36.141324,-86.754238,Davidson County,47037
221908,Northeast State Community College,2,4,Blountville,TN,37617-0246,4,2,1,3,3,41,28700,1,4,36.484961,-82.408885,Sullivan County,47163
221953,Tusculum University,20,4,Greeneville,TN,37743,2,1,2,2,2,32,24620,2,19,36.172435,-82.760818,Greene County,47059
221971,Union University,18,3,Jackson,TN,38305-3697,2,1,2,2,2,13,27180,1,17,35.676896,-88.858524,Madison County,47113
221999,Vanderbilt University,7,5,Nashville,TN,37240,2,1,2,4,3,11,34980,1,15,36.14659,-86.803369,Davidson County,47037
222053,Volunteer State Community College,2,2,Gallatin,TN,37066-3188,4,2,1,3,3,21,34980,1,1,36.362518,-86.497127,Sumner County,47165
222062,Walters State Community College,2,6,Morristown,TN,37813-6899,4,2,1,3,3,13,34100,1,1,36.213179,-83.262503,Hamblen County,47063
222105,William R Moore College of Technology,21,6,Memphis,TN,38104-7240,5,2,2,1,2,11,32820,1,9,35.144855,-90.020138,Shelby County,47157
222178,Abilene Christian University,17,3,Abilene,TX,79699,2,1,2,3,3,12,10180,1,17,32.468943,-99.709797,Taylor County,48441
222497,Alamo Community College District Central Office,-2,-2,San Antonio,TX,78215,0,1,1,-2,-2,11,41700,1,-2,29.445773,-98.474082,Bexar County,48029
222567,Alvin Community College,2,4,Alvin,TX,77511-4898,1,1,1,3,3,21,26420,1,9,29.396244,-95.240671,Brazoria County,48039
222576,Amarillo College,11,4,Amarillo,TX,79109,4,2,1,3,3,12,11100,1,4,35.187839,-101.846988,Potter County,48375
222628,Amberton University,10,-2,Garland,TX,75041-5595,2,1,2,1,2,21,19100,1,18,32.859931,-96.65302,Dallas County,48113
222822,Angelina College,11,2,Lufkin,TX,75902-1768,4,2,1,2,3,33,31260,2,5,31.287444,-94.731625,Angelina County,48005
222831,Angelo State University,7,4,San Angelo,TX,76909,1,1,1,4,3,13,41660,1,18,31.440914,-100.465051,Tom Green County,48451
222877,Arlington Baptist University,15,4,Arlington,TX,76012-3425,2,1,2,1,1,11,19100,1,22,32.739489,-97.156024,Tarrant County,48439
222886,Arlington Career Institute,-2,-2,Arlington,TX,76006-7439,6,2,3,1,-2,11,19100,1,-2,32.762128,-97.072025,Tarrant County,48439
222983,Austin College,22,3,Sherman,TX,75090-4400,2,1,2,2,2,13,43300,1,21,33.646345,-96.596331,Grayson County,48181
222992,Austin Community College District,1,2,Austin,TX,78752-7000,1,1,1,5,5,11,12420,1,14,30.326304,-97.713778,Travis County,48453
223001,Austin Presbyterian Theological Seminary,31,-2,Austin,TX,78705-5711,2,1,2,1,1,11,12420,1,24,30.29201,-97.736958,Travis County,48453
223056,Baldwin Beauty School-South Austin,-2,-2,Austin,TX,78704-4785,9,3,3,1,-2,11,12420,1,-2,30.241662,-97.783062,Travis County,48453
223083,Baptist Health System School of Health Professions,28,-2,San Antonio,TX,78229,3,1,3,1,2,11,41700,1,26,29.517063,-98.567486,Bexar County,48029
223117,Baptist Missionary Association Theological Seminary,31,-2,Jacksonville,TX,75766-5407,2,1,2,1,1,32,27380,2,24,31.978961,-95.255524,Cherokee County,48073
223223,Baylor College of Medicine,27,-2,Houston,TX,77030-3498,2,1,2,2,2,11,26420,1,27,29.7106,-95.395743,Harris County,48201
223232,Baylor University,16,5,Waco,TX,76798,2,1,2,5,4,12,47380,1,15,31.546872,-97.121041,McLennan County,48309
223320,Coastal Bend College,2,4,Beeville,TX,78102,4,2,1,2,3,33,13300,2,9,28.435194,-97.755896,Bee County,48025
223427,Blinn College District,1,3,Brenham,TX,77833-4098,4,2,1,4,4,32,14780,2,1,30.160457,-96.40852,Washington County,48477
223463,Remington College-Dallas Campus,12,2,Dallas,TX,75243,5,2,2,1,2,11,19100,1,14,32.912073,-96.73302,Dallas County,48113
223472,Vet Tech Institute of Houston,21,2,Houston,TX,77027,6,2,3,1,1,11,26420,1,10,29.728907,-95.455533,Harris County,48201
223506,Brazosport College,4,3,Lake Jackson,TX,77566,1,1,1,2,3,23,26420,1,14,29.048604,-95.40934,Brazoria County,48039
223816,Central Texas College,2,4,Killeen,TX,76549-4199,4,2,1,3,3,21,28660,1,6,31.120516,-97.810827,Coryell County,48099
223852,Charles and Sues School of Hair Design,-2,-2,Bryan,TX,77802,9,3,3,1,-2,13,17780,1,-2,30.6528,-96.340102,Brazos County,48041
223898,Cisco College,2,6,Cisco,TX,76437,4,2,1,2,3,43,-2,-2,4,32.401132,-98.985206,Eastland County,48133
223922,Clarendon College,3,3,Clarendon,TX,79226,4,2,1,2,2,43,-2,-2,9,34.944558,-100.902421,Donley County,48129
224004,Concordia University Texas,28,6,Austin,TX,78726,2,1,2,2,2,11,12420,1,18,30.420232,-97.835703,Travis County,48453
224013,BK Cosmo College of Cosmetology,-2,-2,Kerrville,TX,78028-4312,9,3,3,1,-2,33,28500,2,-2,30.055075,-99.15037,Kerr County,48265
224110,North Central Texas College,2,6,Gainesville,TX,76240-4699,4,2,1,3,3,32,23620,2,6,33.6188,-97.1658,Cooke County,48097
224147,Texas A & M University-Corpus Christi,7,3,Corpus Christi,TX,78412-5503,1,1,1,4,3,11,18580,1,16,27.713723,-97.32395,Nueces County,48355
224156,Paul Mitchell the School-Dallas,-2,-2,Carrollton,TX,75006,9,3,3,1,-2,21,19100,1,-2,32.973328,-96.843526,Dallas County,48113
224226,Dallas Baptist University,17,3,Dallas,TX,75211-9299,2,1,2,2,3,11,19100,1,17,32.710017,-96.947006,Dallas County,48113
224244,Dallas Christian College,22,4,Dallas,TX,75234-7299,2,1,2,1,1,21,19100,1,22,32.913692,-96.887117,Dallas County,48113
224271,Dallas Institute of Funeral Service,21,2,Dallas,TX,75227-4314,5,2,2,1,2,11,19100,1,12,32.771368,-96.683404,Dallas County,48113
224305,Dallas Theological Seminary,31,-2,Dallas,TX,75204,2,1,2,2,2,11,19100,1,24,32.795361,-96.780497,Dallas County,48113
224323,University of Dallas,10,3,Irving,TX,75062-4736,2,1,2,2,2,11,19100,1,18,32.846221,-96.919512,Dallas County,48113
224350,Del Mar College,11,4,Corpus Christi,TX,78404-3897,1,1,1,4,3,11,18580,1,7,27.763619,-97.40762,Nueces County,48355
224527,East Texas Baptist University,15,3,Marshall,TX,75670-1498,2,1,2,2,2,32,30980,1,20,32.557847,-94.374488,Harrison County,48203
224545,Texas A&M University-Texarkana,22,4,Texarkana,TX,75503,1,1,1,2,2,13,45500,1,19,33.490482,-94.103617,Bowie County,48037
224554,East Texas A&M University,7,4,Commerce,TX,75428,1,1,1,4,3,32,19100,1,17,33.242112,-95.904579,Hunt County,48231
224615,Dallas College,1,4,Dallas,TX,75215-3604,1,1,1,5,5,11,19100,1,6,32.766319,-96.794036,Dallas County,48113
224642,El Paso Community College,1,5,El Paso,TX,79925-6507,4,2,1,5,4,11,21340,1,1,31.773359,-106.373616,El Paso County,48141
224660,Western Technical College,13,5,El Paso,TX,79924,3,1,3,1,2,11,21340,1,14,31.877794,-106.425881,El Paso County,48141
224679,Western Technical College,21,5,El Paso,TX,79927,3,1,3,2,2,11,21340,1,14,31.675953,-106.319269,El Paso County,48141
224712,Episcopal Theological Seminary of the Southwest,31,-2,Austin,TX,78705,2,1,2,1,1,11,12420,1,24,30.293092,-97.732652,Travis County,48453
224758,Exposito School of Hair Design,-2,-2,Amarillo,TX,79109-3208,9,3,3,1,-2,12,11100,1,-2,35.183578,-101.881271,Potter County,48375
224828,Fort Worth Beauty School,-2,-2,Benbrook,TX,76116,9,3,3,-1,-2,11,19100,1,-2,32.82338,-97.420695,Tarrant County,48439
224891,Frank Phillips College,3,4,Borger,TX,79008-5118,4,2,1,2,2,32,14420,2,3,35.657778,-101.406005,Hutchinson County,48233
224961,Galveston College,12,2,Galveston,TX,77550-7496,1,1,1,2,2,13,26420,1,8,29.284735,-94.807686,Galveston County,48167
225043,Graham's Barber College,-2,-2,DALLAS,TX,75215-1701,9,3,3,1,-2,11,19100,1,-2,32.774017,-96.76832,Dallas County,48113
225070,Grayson College,11,4,Denison,TX,75020-8299,1,1,1,2,3,41,43300,1,8,33.70574,-96.633891,Grayson County,48181
225201,Hallmark University,21,6,San Antonio,TX,78251,2,1,2,1,2,11,41700,1,22,29.466862,-98.685754,Bexar County,48029
225247,Hardin-Simmons University,18,4,Abilene,TX,79698-0001,2,1,2,2,2,12,10180,1,17,32.476434,-99.73564,Taylor County,48441
225308,Trinity Valley Community College,2,4,Athens,TX,75751,1,1,1,3,3,32,11980,2,4,32.196596,-95.858513,Henderson County,48213
225371,Hill College,2,6,Hillsboro,TX,76645,4,2,1,2,3,32,-2,-2,3,32.010928,-97.088332,Hill County,48217
225399,Houston Christian University,17,4,Houston,TX,77074-3298,2,1,2,2,3,11,26420,1,18,29.693819,-95.515954,Harris County,48201
225414,University of Houston-Clear Lake,7,-2,Houston,TX,77058-1002,1,1,1,3,3,12,26420,1,17,29.582523,-95.098129,Harris County,48201
225423,Houston Community College,1,4,Houston,TX,77002,1,1,1,5,5,11,26420,1,1,29.742114,-95.377319,Harris County,48201
225432,University of Houston-Downtown,9,4,Houston,TX,77002-1014,1,1,1,4,3,11,26420,1,18,29.7661,-95.359338,Harris County,48201
225502,University of Houston-Victoria,9,6,Victoria,TX,77901,1,1,1,2,3,13,47020,1,18,28.816248,-96.976334,Victoria County,48469
225511,University of Houston,6,6,Houston,TX,77204-2018,1,1,1,5,5,11,26420,1,15,29.720393,-95.343537,Harris County,48201
225520,Howard College,11,2,Big Spring,TX,79720,4,2,1,2,3,33,13700,2,6,32.252292,-101.450104,Howard County,48227
225548,Howard Payne University,15,4,Brownwood,TX,76801-2794,2,1,2,1,2,33,15220,2,22,31.716467,-98.985204,Brown County,48049
225575,Huston-Tillotson University,5,4,Austin,TX,78702-2795,2,1,2,2,2,11,12420,1,22,30.264667,-97.721691,Travis County,48453
225627,University of the Incarnate Word,17,6,San Antonio,TX,78209,2,1,2,3,3,11,41700,1,17,29.46708,-98.46583,Bexar County,48029
225876,Jacksonville College-Main Campus,3,2,Jacksonville,TX,75766-4759,5,2,2,1,2,32,27380,2,3,31.965846,-95.281311,Cherokee County,48073
225885,Jarvis Christian University,15,2,Hawkins,TX,75765-1470,2,1,2,1,2,42,-2,-2,22,32.587942,-95.181513,Wood County,48499
225991,KD Conservatory College of Film and Dramatic Arts,23,2,Dallas,TX,75207,6,2,3,1,1,11,19100,1,12,32.808265,-96.841975,Dallas County,48113
226019,Kilgore College,2,4,Kilgore,TX,75662-3299,4,2,1,3,3,31,30980,1,5,32.377821,-94.871468,Gregg County,48183
226091,Lamar University,6,6,Beaumont,TX,77705,1,1,1,4,4,12,13140,1,17,30.042738,-94.072244,Jefferson County,48245
226107,Lamar State College-Orange,12,3,Orange,TX,77630,4,2,1,2,2,31,13140,1,8,30.0922,-93.732235,Orange County,48361
226116,Lamar State College-Port Arthur,12,4,Port Arthur,TX,77640,4,2,1,2,2,13,13140,1,7,29.880385,-93.925886,Jefferson County,48245
226125,Laredo Beauty College Inc,-2,-2,Laredo,TX,78040,9,3,3,-2,-2,11,29700,1,-2,27.523791,-99.480788,Webb County,48479
226134,Laredo College,2,5,Laredo,TX,78040-4395,1,1,1,4,3,11,29700,1,14,27.506477,-99.520772,Webb County,48479
226152,Texas A & M International University,9,6,Laredo,TX,78041-1900,1,1,1,3,3,11,29700,1,18,27.571172,-99.436043,Webb County,48479
226204,Lee College,11,2,Baytown,TX,77520,4,2,1,3,3,13,26420,1,7,29.732505,-94.978184,Harris County,48201
226231,LeTourneau University,15,3,Longview,TX,75602,2,1,2,2,2,13,30980,1,19,32.46632,-94.726394,Gregg County,48183
226277,Lincoln College of Technology-Grand Prairie,21,6,Grand Prairie,TX,75052,6,2,3,2,2,21,19100,1,11,32.701684,-97.056391,Tarrant County,48439
226383,Lubbock Christian University,20,3,Lubbock,TX,79407-2099,2,1,2,2,2,11,31180,1,19,33.575973,-101.934426,Lubbock County,48303
226408,College of the Mainland,2,2,Texas City,TX,77591-2499,1,1,1,3,3,13,26420,1,6,29.39581,-94.999602,Galveston County,48167
226471,University of Mary Hardin-Baylor,19,3,Belton,TX,76513-2599,2,1,2,2,3,22,28660,1,17,31.066793,-97.463471,Bell County,48027
226578,McLennan Community College,2,4,Waco,TX,76708,4,2,1,3,3,12,47380,1,3,31.58947,-97.171228,McLennan County,48309
226587,McMurry University,15,4,Abilene,TX,79697,2,1,2,2,2,12,10180,1,22,32.429776,-99.748682,Taylor County,48441
226675,Covenant School of Nursing and Allied Health,-2,-2,Lubbock,TX,79407,5,2,2,1,-2,11,31180,1,-2,33.5757,-101.937872,Lubbock County,48303
226806,Midland College,2,2,Midland,TX,79705,1,1,1,3,3,12,33260,1,14,32.029646,-102.106153,Midland County,48329
226833,Midwestern State University,19,6,Wichita Falls,TX,76308-2099,1,1,1,3,3,12,48660,1,18,33.874809,-98.519386,Wichita County,48485
226860,William Edge Institute,-2,-2,New Braunfels,TX,78130-8216,9,3,3,1,-2,12,41700,1,-2,29.698282,-98.100952,Comal County,48091
226879,Wade College,23,4,Dallas,TX,75207,3,1,3,1,1,11,19100,1,22,32.800854,-96.819516,Dallas County,48113
226903,Southern Careers Institute-Austin,24,2,Austin,TX,78744,6,2,3,1,2,11,12420,1,13,30.226743,-97.784318,Travis County,48453
227058,Tint School of Makeup & Cosmetology,-2,-2,Irving,TX,75061-4235,9,3,3,1,-2,11,19100,1,-2,32.829511,-96.983082,Dallas County,48113
227146,Navarro College,2,2,Corsicana,TX,75110,1,1,1,3,3,32,18620,2,4,32.076061,-96.498731,Navarro County,48349
227182,Lone Star College System,1,2,The Woodlands,TX,77381-4399,1,1,1,5,5,12,26420,1,2,30.18737,-95.488103,Montgomery County,48339
227216,University of North Texas,6,4,Denton,TX,76203-1277,1,1,1,5,5,12,19100,1,15,33.211178,-97.148422,Denton County,48121
227225,Northeast Texas Community College,3,4,Mount Pleasant,TX,75455,4,2,1,2,2,42,34420,2,5,33.104931,-94.881855,Titus County,48449
227289,Oblate School of Theology,31,-2,San Antonio,TX,78216-6693,2,1,2,1,1,11,41700,1,24,29.505434,-98.503113,Bexar County,48029
227298,Ocean Corporation,-2,-2,Houston,TX,77099,9,3,3,1,-2,11,26420,1,-2,29.665467,-95.57034,Harris County,48201
227304,Odessa College,11,2,Odessa,TX,79764,1,1,1,3,3,12,36220,1,6,31.866812,-102.383477,Ector County,48135
227313,Ogle School Hair Skin Nails-Arlington,-2,-2,Arlington,TX,76013,9,3,3,1,-2,21,19100,1,-2,32.720698,-97.140906,Tarrant County,48439
227322,Ogle School Hair Skin Nails-Ft Worth,-2,-2,Fort Worth,TX,76132-3638,9,3,3,1,-2,11,19100,1,-2,32.681742,-97.417657,Tarrant County,48439
227331,Our Lady of the Lake University,18,4,San Antonio,TX,78207-4689,2,1,2,2,2,11,41700,1,17,29.426194,-98.54365,Bexar County,48029
227368,The University of Texas Rio Grande Valley,6,6,Edinburg,TX,78539-2999,1,1,1,5,5,12,32580,1,16,26.306759,-98.173567,Hidalgo County,48215
227377,Texas Southmost College,2,6,Brownsville,TX,78520,4,2,1,3,3,12,15180,1,3,25.899628,-97.492241,Cameron County,48061
227386,Panola College,3,6,Carthage,TX,75633-2397,4,2,1,2,2,32,-2,-2,5,32.156214,-94.356355,Panola County,48365
227401,Paris Junior College,11,4,Paris,TX,75460,4,2,1,2,3,33,37580,2,3,33.650929,-95.529177,Lamar County,48277
227429,Paul Quinn College,15,2,Dallas,TX,75241,2,1,2,1,2,11,19100,1,22,32.678837,-96.755778,Dallas County,48113
227526,Prairie View A & M University,9,4,Prairie View,TX,77446,1,1,1,3,3,42,26420,1,16,30.092425,-95.989475,Waller County,48473
227687,Ranger College,3,3,Ranger,TX,76470,4,2,1,2,2,43,-2,-2,1,32.456773,-98.685215,Eastland County,48133
227748,Aviation Institute of Maintenance-Houston,-2,-2,Houston,TX,77061,6,2,3,1,-2,11,26420,1,-2,29.65852,-95.28262,Harris County,48201
227757,Rice University,7,5,Houston,TX,77005-1827,2,1,2,3,3,11,26420,1,15,29.717897,-95.402035,Harris County,48201
227845,Saint Edward's University,10,4,Austin,TX,78704-6489,2,1,2,2,2,11,12420,1,18,30.229618,-97.754998,Travis County,48453
227854,St Philip's College,1,4,San Antonio,TX,78203-2098,1,1,1,4,4,11,41700,1,6,29.41508,-98.453285,Bexar County,48029
227863,University of St Thomas,17,6,Houston,TX,77006-4696,2,1,2,2,3,11,26420,1,17,29.736438,-95.393102,Harris County,48201
227881,Sam Houston State University,19,4,Huntsville,TX,77340,1,1,1,5,4,32,26660,2,16,30.714738,-95.546205,Walker County,48471
227924,San Antonio College,1,4,San Antonio,TX,78212-3941,1,1,1,4,4,11,41700,1,2,29.44634,-98.497647,Bexar County,48029
227979,San Jacinto Community College,1,4,Pasadena,TX,77505,1,1,1,5,5,12,26420,1,8,29.660032,-95.114677,Harris County,48201
228042,Schreiner University,15,4,Kerrville,TX,78028-5697,2,1,2,2,2,33,28500,2,20,30.031458,-99.130586,Kerr County,48265
228088,Seguin Beauty School-Seguin,-2,-2,Seguin,TX,78155,9,3,3,1,-2,31,41700,1,-2,29.569142,-97.96436,Guadalupe County,48187
228149,St. Mary's University,8,6,San Antonio,TX,78228,2,1,2,2,2,11,41700,1,18,29.453244,-98.562778,Bexar County,48029
228158,South Plains College,2,4,Levelland,TX,79336,4,2,1,3,3,32,31180,1,1,33.575904,-102.365075,Hockley County,48219
228185,South Texas Barber College Inc,-2,-2,Corpus Christi,TX,78415,9,3,3,1,-2,11,18580,1,-2,27.754868,-97.417156,Nueces County,48355
228194,South Texas College of Law Houston,26,-2,Houston,TX,77002-7006,2,1,2,2,2,11,26420,1,31,29.753171,-95.36455,Harris County,48201
228200,South Texas Vocational Technical Institute-Weslaco,-2,-2,Weslaco,TX,78599,9,3,3,1,-2,21,32580,1,-2,26.176606,-98.006077,Hidalgo County,48215
228219,Miller-Motte College-STVT-McAllen,-2,-2,McAllen,TX,78503,9,3,3,1,-2,12,32580,1,-2,26.188539,-98.238293,Hidalgo County,48215
228246,Southern Methodist University,7,5,Dallas,TX,75275-0221,2,1,2,4,3,21,19100,1,16,32.843612,-96.783365,Dallas County,48113
228282,Southwest School of Business and Technical Careers-San Antonio,-2,-2,San Antonio,TX,78221-0138,9,3,3,1,-2,11,41700,1,-2,29.357965,-98.49583,Bexar County,48029
228316,Southwest Texas College,2,4,Uvalde,TX,78801-6297,4,2,1,3,3,33,46620,2,3,29.219671,-99.741237,Uvalde County,48463
228325,Nelson University,31,-2,Waxahachie,TX,75165,2,1,2,2,2,21,19100,1,20,32.40443,-96.853492,Ellis County,48139
228343,Southwestern University,22,3,Georgetown,TX,78626,2,1,2,2,2,13,12420,1,21,30.634341,-97.665738,Williamson County,48491
228431,Stephen F Austin State University,9,4,Nacogdoches,TX,75961,1,1,1,4,3,33,34860,2,18,31.621056,-94.64908,Nacogdoches County,48347
228459,Texas State University,9,4,San Marcos,TX,78666,1,1,1,5,5,13,12420,1,16,29.888885,-97.943029,Hays County,48209
228468,Southwestern Adventist University,15,4,Keene,TX,76059,2,1,2,1,2,31,19100,1,22,32.397617,-97.32702,Johnson County,48251
228486,Southwestern Christian College,3,2,Terrell,TX,75160-4812,2,1,2,1,1,32,19100,1,14,32.735508,-96.285649,Kaufman County,48257
228501,Sul Ross State University,10,6,Alpine,TX,79832,1,1,1,2,2,33,-2,-2,18,30.363139,-103.651469,Brewster County,48043
228529,Tarleton State University,19,4,Stephenville,TX,76401-0000,1,1,1,4,3,33,44500,2,16,32.217805,-98.219039,Erath County,48143
228547,Tarrant County College District,1,2,Fort Worth,TX,76102,4,2,1,5,5,11,19100,1,1,32.757362,-97.337149,Tarrant County,48439
228608,Temple College,2,4,Temple,TX,76504-7435,4,2,1,3,3,13,28660,1,4,31.070715,-97.350471,Bell County,48027
228635,University of Texas Southwestern Medical Center,27,-2,Dallas,TX,75390-9096,1,1,1,2,2,11,19100,1,27,32.812307,-96.841156,Dallas County,48113
228644,The University of Texas Health Science Center at San Antonio,27,-2,San Antonio,TX,78229-3900,1,1,1,2,3,11,41700,1,27,29.508107,-98.575655,Bexar County,48029
228653,The University of Texas Medical Branch at Galveston,27,-2,Galveston,TX,77555-0129,1,1,1,2,3,13,26420,1,27,29.310758,-94.775956,Galveston County,48167
228699,Texarkana College,11,4,Texarkana,TX,75599,4,2,1,2,3,13,45500,1,9,33.441868,-94.078,Bowie County,48037
228705,Texas A&M University-Kingsville,7,6,Kingsville,TX,78363,1,1,1,3,3,32,28780,2,16,27.525168,-97.882387,Kleberg County,48273
228723,Texas A&M University-College Station,6,5,College Station,TX,77843-1246,1,1,1,5,5,12,17780,1,15,30.618726,-96.336475,Brazos County,48041
228732,Texas A & M University-System Office,-2,-2,College Station,TX,77840-7896,0,1,1,-2,-2,12,17780,1,-2,30.636846,-96.327705,Brazos County,48041
228769,The University of Texas at Arlington,16,6,Arlington,TX,76013,1,1,1,5,5,11,19100,1,15,32.729718,-97.11296,Tarrant County,48439
228778,The University of Texas at Austin,6,5,Austin,TX,78705,1,1,1,5,5,11,12420,1,15,30.282825,-97.738273,Travis County,48453
228787,The University of Texas at Dallas,6,5,Richardson,TX,75080-3021,1,1,1,5,4,12,19100,1,15,32.984673,-96.749702,Dallas County,48113
228796,The University of Texas at El Paso,6,6,El Paso,TX,79968-0691,1,1,1,5,4,11,21340,1,15,31.77015,-106.504098,El Paso County,48141
228802,The University of Texas at Tyler,17,6,Tyler,TX,75799-6699,1,1,1,4,3,12,46340,1,16,32.315772,-95.254337,Smith County,48423
228866,Texas Chiropractic College Foundation Inc,29,-2,Pasadena,TX,77505-1699,2,1,2,1,1,12,26420,1,26,29.663702,-95.150135,Harris County,48201
228875,Texas Christian University,17,5,Fort Worth,TX,76129,2,1,2,4,3,11,19100,1,16,32.70961,-97.364758,Tarrant County,48439
228884,Texas College,15,4,Tyler,TX,75702,2,1,2,1,2,12,46340,1,22,32.37456,-95.312454,Smith County,48423
228909,University of North Texas Health Science Center,27,-2,Fort Worth,TX,76107-2699,1,1,1,2,2,11,19100,1,25,32.749907,-97.369138,Tarrant County,48439
228981,Texas Lutheran University,15,4,Seguin,TX,78155-5999,2,1,2,2,2,31,41700,1,22,29.573261,-97.982669,Guadalupe County,48187
229018,The University of Texas Permian Basin,9,4,Odessa,TX,79762-0001,1,1,1,3,3,12,36220,1,18,31.889509,-102.329634,Ector County,48135
229027,The University of Texas at San Antonio,6,6,San Antonio,TX,78249-1644,1,1,1,5,4,11,41700,1,15,29.583709,-98.620657,Bexar County,48029
229063,Texas Southern University,17,4,Houston,TX,77004,1,1,1,3,3,11,26420,1,16,29.721046,-95.361113,Harris County,48201
229090,The University of Texas System Office,-2,-2,Austin,TX,78701-2982,0,1,1,-2,-2,11,12420,1,-2,30.269742,-97.744284,Travis County,48453
229115,Texas Tech University,6,5,Lubbock,TX,79409-5005,1,1,1,5,5,11,31180,1,15,33.583448,-101.874783,Lubbock County,48303
229160,Texas Wesleyan University,8,4,Fort Worth,TX,76105-1536,2,1,2,2,2,11,19100,1,17,32.732962,-97.279613,Tarrant County,48439
229179,Texas Woman's University,16,4,Denton,TX,76204,1,1,1,4,4,12,19100,1,17,33.226211,-97.127842,Denton County,48121
229267,Trinity University,5,5,San Antonio,TX,78212-7200,2,1,2,2,2,11,41700,1,21,29.462682,-98.48186,Bexar County,48029
229300,The University of Texas Health Science Center at Houston,27,-2,Houston,TX,77030,1,1,1,2,3,11,26420,1,27,29.702873,-95.403183,Harris County,48201
229337,Texas Tech University Health Sciences Center,27,-2,Lubbock,TX,79430,1,1,1,3,3,11,31180,1,27,33.589284,-101.891915,Lubbock County,48303
229355,Tyler Junior College,2,4,Tyler,TX,75701,1,1,1,4,3,12,46340,1,14,32.33601,-95.284122,Smith County,48423
229407,University of Houston-System Administration,-2,-2,Houston,TX,77204-2018,0,1,1,-2,-2,11,26420,1,-2,29.720393,-95.343537,Harris County,48201
229416,Universal Technical Institute of Texas Inc.,21,6,Houston,TX,77073,6,2,3,2,2,11,26420,1,-2,29.990487,-95.412113,Harris County,48201
229425,UCAS University of Cosmetology Arts & Sciences-McAllen,-2,-2,McAllen,TX,78504,9,3,3,1,-2,12,32580,1,-2,26.279439,-98.21787,Hidalgo County,48215
229504,Vernon College,3,1,Vernon,TX,76384-4092,4,2,1,2,2,33,46900,2,4,34.159298,-99.319094,Wilbarger County,48487
229522,Victoria Beauty & Barber College,-2,-2,Victoria,TX,77901-6233,9,3,3,1,-2,13,47020,1,-2,28.807928,-96.990854,Victoria County,48469
229540,Victoria College,11,4,Victoria,TX,77901,4,2,1,2,3,13,47020,1,4,28.816446,-96.979226,Victoria County,48469
229656,Vogue College of Cosmetology-McAllen,-2,-2,McAllen,TX,78501-1945,9,3,3,1,-2,12,32580,1,-2,26.232656,-98.223022,Hidalgo County,48215
229780,Wayland Baptist University,19,4,Plainview,TX,79072,2,1,2,2,3,33,38380,2,18,34.187677,-101.730042,Hale County,48189
229799,Weatherford College,2,1,Weatherford,TX,76086-5699,1,1,1,3,3,31,19100,1,4,32.74133,-97.792629,Parker County,48367
229814,West Texas A & M University,19,4,Canyon,TX,79016-0001,1,1,1,3,3,31,11100,1,18,34.982789,-101.914736,Randall County,48381
229832,Western Texas College,3,3,Snyder,TX,79549,4,2,1,2,2,33,43660,2,3,32.678458,-100.914945,Scurry County,48415
229841,Wharton County Junior College,11,3,Wharton,TX,77488,4,2,1,3,3,32,20900,2,7,29.3238,-96.085815,Wharton County,48481
229887,Wiley University,15,4,Marshall,TX,75670,2,1,2,1,2,32,30980,1,22,32.537641,-94.376814,Harrison County,48203
230010,Bridgerland Technical College,-2,-2,Logan,UT,84321,7,3,1,2,-2,13,30860,1,-2,41.756188,-111.850619,Cache County,49005
230038,Brigham Young University,6,5,Provo,UT,84602,2,1,2,5,5,12,39340,1,16,40.250851,-111.649281,Utah County,49049
230047,Brigham Young University-Hawaii,15,4,Laie,HI,96762-1294,2,1,2,2,2,31,46520,1,22,21.642074,-157.926586,Honolulu County,15003
230065,Cameo College of Essential Beauty,-2,-2,Murray,UT,84107,9,3,3,1,-2,13,41620,1,-2,40.645694,-111.887832,Salt Lake County,49035
230144,Collectiv Academy,-2,-2,Sandy,UT,84094,9,3,3,1,-2,21,41620,1,-2,40.56441,-111.851661,Salt Lake County,49035
230162,Davis Technical College,-2,-2,Kaysville,UT,84037-2699,7,3,1,2,-2,21,36260,1,-2,41.028956,-111.925227,Davis County,49011
230171,Utah Tech University,22,4,Saint George,UT,84770-3876,1,1,1,4,3,12,41100,1,22,37.102769,-113.565903,Washington County,49053
230199,Evans Hairstyling College-Cedar City,-2,-2,Cedar City,UT,84720,9,3,3,1,-2,33,16260,2,-2,37.679851,-113.064394,Iron County,49021
230205,Evans Hairstyling College-St George,-2,-2,Saint George,UT,84770,6,2,3,1,-2,12,41100,1,-2,37.107716,-113.561412,Washington County,49053
230214,Paul Mitchell the School-Salt Lake City,-2,-2,Holladay,UT,84117,9,3,3,1,-2,21,41620,1,-2,40.666643,-111.835077,Salt Lake County,49035
230366,Eagle Gate College-Murray,28,4,Murray,UT,84123-6965,3,1,3,1,1,13,41620,1,26,40.649984,-111.903609,Salt Lake County,49035
230418,Ensign College,2,3,Salt Lake City,UT,84101-3500,2,1,2,3,3,12,41620,1,1,40.77113,-111.9002,Salt Lake County,49035
230490,Ogden-Weber Technical College,-2,-2,Ogden,UT,84404-4089,7,3,1,2,-2,13,36260,1,-2,41.264286,-111.964808,Weber County,49057
230597,Snow College,2,6,Ephraim,UT,84627,1,1,1,3,3,33,-2,-2,14,39.360177,-111.58296,Sanpete County,49039
230603,Southern Utah University,9,5,Cedar City,UT,84720,1,1,1,4,3,33,16260,2,18,37.674617,-113.070146,Iron County,49021
230676,Uintah Basin Technical College,-2,-2,Roosevelt,UT,84066,7,3,1,2,-2,33,46860,2,-2,40.299059,-109.97534,Uintah County,49047
230728,Utah State University,6,3,Logan,UT,84322-1400,1,1,1,5,4,13,30860,1,15,41.740748,-111.81391,Cache County,49005
230737,Utah Valley University,9,6,Orem,UT,84058-5999,1,1,1,5,5,13,39340,1,18,40.281078,-111.716456,Utah County,49049
230746,Salt Lake Community College,1,4,Salt Lake City,UT,84123,4,2,1,5,4,21,41620,1,2,40.671575,-111.942809,Salt Lake County,49035
230764,University of Utah,6,5,Salt Lake City,UT,84112-9008,1,1,1,5,4,12,41620,1,15,40.762484,-111.846044,Salt Lake County,49035
230782,Weber State University,9,4,Ogden,UT,84408-1001,1,1,1,5,4,13,36260,1,18,41.192591,-111.944845,Weber County,49057
230807,Westminster University,10,5,Salt Lake City,UT,84105,2,1,2,2,2,12,41620,1,19,40.730779,-111.855757,Salt Lake County,49035
230816,Bennington College,22,1,Bennington,VT,05201-6003,2,1,2,1,2,32,13540,2,21,42.919547,-73.237799,Bennington County,50003
230852,Champlain College,19,3,Burlington,VT,05401,2,1,2,2,3,13,15540,1,18,44.473287,-73.202746,Chittenden County,50007
230861,Community College of Vermont,11,2,Montpelier,VT,05602,4,2,1,3,3,41,12740,2,6,44.280811,-72.573774,Washington County,50023
230889,Goddard College,10,2,Plainfield,VT,05667-9432,2,1,2,-2,1,42,12740,2,20,44.279087,-72.438388,Washington County,50023
230959,Middlebury College,22,5,Middlebury,VT,05753,2,1,2,2,3,32,-2,-2,21,44.009117,-73.176068,Addison County,50001
230995,Norwich University,19,5,Northfield,VT,05663-1035,2,1,2,2,3,42,12740,2,18,44.140237,-72.659783,Washington County,50023
231004,O'Briens Aveda Institute,-2,-2,Williston,VT,05495,9,3,3,1,-2,22,15540,1,-2,44.447199,-73.102721,Chittenden County,50007
231059,Saint Michael's College,22,3,Colchester,VT,05439,2,1,2,2,2,22,15540,1,21,44.494558,-73.167069,Chittenden County,50007
231068,SIT Graduate Institute,25,-2,Brattleboro,VT,05302-0676,2,1,2,1,2,41,14710,2,20,42.891035,-72.56738,Windham County,50025
231095,Sterling College,30,2,Craftsbury Common,VT,05827-0072,2,1,2,1,1,43,-2,-2,22,44.65225,-72.382372,Orleans County,50019
231147,Vermont Law and Graduate School,26,-2,South Royalton,VT,05068-0096,2,1,2,1,2,43,30150,2,31,43.821406,-72.520919,Windsor County,50027
231156,Vermont State Colleges-Office of the Chancellor,-2,-2,Montpelier,VT,05602,0,1,1,-2,-2,32,12740,2,-2,44.25425,-72.572581,Washington County,50023
231165,Vermont State University,14,4,Randolph,VT,05061,1,1,1,3,3,43,30150,2,23,43.939623,-72.604498,Orange County,50017
231174,University of Vermont,7,3,Burlington,VT,05405-0160,1,1,1,4,3,13,15540,1,16,44.477325,-73.196646,Chittenden County,50007
231280,Paul Mitchell the School-Roanoke,-2,-2,Roanoke,VA,24015,9,3,3,1,-2,13,40220,1,-2,37.255284,-79.95759,Roanoke City,51770
231411,Advanced Technology Institute,21,6,Virginia Beach,VA,23462,6,2,3,1,2,11,47260,1,11,36.841381,-76.182268,Virginia Beach City,51810
231420,Averett University,20,4,Danville,VA,24541,2,1,2,2,2,32,19260,2,19,36.577287,-79.413203,Danville City,51590
231536,Blue Ridge Community College,2,4,Weyers Cave,VA,24486-0080,4,2,1,2,3,41,44420,1,2,38.279075,-78.937471,Augusta County,51015
231554,Bluefield University,20,4,Bluefield,VA,24605,2,1,2,1,2,32,14140,2,19,37.244557,-81.246233,Tazewell County,51185
231581,Bridgewater College,22,4,Bridgewater,VA,22812-1599,2,1,2,2,2,23,25500,1,21,38.378484,-78.969007,Rockingham County,51165
231624,William & Mary,7,5,Williamsburg,VA,23187-8795,1,1,1,3,3,23,47260,1,16,37.269489,-76.708214,Williamsburg City,51830
231651,Regent University,7,4,Virginia Beach,VA,23464,2,1,2,4,3,11,47260,1,17,36.801173,-76.194627,Virginia Beach City,51810
231688,Central School of Practical Nursing,-2,-2,Norfolk,VA,23502,7,3,1,1,-2,12,47260,1,-2,36.869309,-76.210274,Norfolk City,51710
231697,Central Virginia Community College,2,4,Lynchburg,VA,24502-2498,4,2,1,2,3,13,31340,1,3,37.358809,-79.184238,Lynchburg City,51680
231712,Christopher Newport University,22,3,Newport News,VA,23606-3072,1,1,1,2,3,12,47260,1,20,37.062495,-76.494364,Newport News City,51700
231785,Bryant & Stratton College-Virginia Beach,29,2,Virginia Beach,VA,23462,2,1,2,2,2,11,47260,1,14,36.827826,-76.13819,Virginia Beach City,51810
231873,Mountain Gateway Community College,12,4,Clifton Forge,VA,24422-1000,4,2,1,1,2,41,-2,-2,3,37.812275,-79.852536,Alleghany County,51005
231882,Danville Community College,3,2,Danville,VA,24541-4004,4,2,1,2,2,32,19260,2,6,36.565286,-79.408803,Danville City,51590
231970,Eastern Virginia Medical School,27,-2,Norfolk,VA,23507,1,1,1,2,2,12,47260,1,27,36.860042,-76.302131,Norfolk City,51710
232016,Centura College-Virginia Beach,13,2,Virginia Beach,VA,23452-7431,6,2,3,1,1,11,47260,1,23,36.837648,-76.064499,Virginia Beach City,51810
232025,Emory & Henry University,8,4,Emory,VA,24327-0947,2,1,2,2,2,41,28700,1,19,36.772857,-81.829142,Washington County,51191
232043,Eastern Mennonite University,20,4,Harrisonburg,VA,22802-2462,2,1,2,2,2,13,25500,1,19,38.471134,-78.880326,Harrisonburg City,51660
232052,Eastern Shore Community College,3,4,Melfa,VA,23410,4,2,1,1,2,43,-2,-2,6,37.639652,-75.751129,Accomack County,51001
232089,Ferrum College,15,4,Ferrum,VA,24088-9000,2,1,2,1,2,42,40220,1,22,36.926431,-80.020614,Franklin County,51067
232186,George Mason University,6,6,Fairfax,VA,22030-4444,1,1,1,5,5,21,47900,1,15,38.83195,-77.307063,Fairfax County,51059
232195,Germanna Community College,2,6,Locust Grove,VA,22508-2102,4,2,1,3,3,41,29470,2,2,38.375532,-77.78012,Orange County,51137
232256,Hampden-Sydney College,22,5,Hampden-Sydney,VA,23943,2,1,2,1,2,42,-2,-2,21,37.240615,-78.464216,Prince Edward County,51147
232265,Hampton University,14,6,Hampton,VA,23668-0099,2,1,2,2,3,21,47260,1,17,37.019944,-76.339161,Hampton City,51650
232308,Hollins University,10,2,Roanoke,VA,24020,2,1,2,1,2,22,40220,1,21,37.354201,-79.943277,Roanoke County,51161
232414,J Sargeant Reynolds Community College,2,2,Richmond,VA,23228-2327,4,2,1,3,3,21,40060,1,9,37.636837,-77.473918,Henrico County,51087
232423,James Madison University,9,5,Harrisonburg,VA,22807,1,1,1,5,4,13,25500,1,16,38.436311,-78.870484,Harrisonburg City,51660
232450,Brightpoint Community College,11,2,Chester,VA,23831-5316,4,2,1,3,3,21,40060,1,3,37.346254,-77.407919,Chesterfield County,51041
232557,Liberty University,6,4,Lynchburg,VA,24515,2,1,2,5,5,13,31340,1,17,37.350232,-79.18222,Lynchburg City,51680
232566,Longwood University,9,6,Farmville,VA,23909,1,1,1,2,3,32,-2,-2,19,37.297975,-78.396987,Prince Edward County,51147
232575,Laurel Ridge Community College,2,4,Middletown,VA,22645,4,2,1,3,3,41,49020,1,6,39.036001,-78.267336,Frederick County,51069
232609,University of Lynchburg,8,3,Lynchburg,VA,24501-3113,2,1,2,2,2,13,31340,1,17,37.399774,-79.181653,Lynchburg City,51680
232618,Centra College,28,-2,Lynchburg,VA,24501,2,1,2,1,1,13,31340,1,26,37.4051,-79.174101,Lynchburg City,51680
232672,Mary Baldwin University,18,4,Staunton,VA,24401,2,1,2,2,2,13,44420,1,17,38.153884,-79.069273,Staunton City,51790
232681,University of Mary Washington,22,3,Fredericksburg,VA,22401-5300,1,1,1,2,3,22,47900,1,21,38.302492,-77.476055,Fredericksburg City,51630
232706,Marymount University,17,6,Arlington,VA,22207-4299,2,1,2,2,3,12,47900,1,17,38.905562,-77.128785,Arlington County,51013
232724,Sovah School of Health Professions,21,-2,Danville,VA,24541,6,2,3,1,1,32,19260,2,10,36.577965,-79.405312,Danville City,51590
232788,Mountain Empire Community College,12,4,Big Stone Gap,VA,24219,4,2,1,2,2,32,-2,-2,6,36.854421,-82.758277,Wise County,51195
232797,American National University,29,2,Salem,VA,24153,3,1,3,1,2,22,40220,1,23,37.299743,-80.023602,Salem City,51775
232867,New River Community College,2,4,Dublin,VA,24084-3660,4,2,1,2,3,32,13980,1,6,37.105239,-80.69605,Pulaski County,51155
232885,Sentara College of Health Sciences,28,-2,Chesapeake,VA,23320,2,1,2,1,1,11,47260,1,26,36.777043,-76.243308,Chesapeake City,51550
232919,Tidewater Tech-Trades,-2,-2,Norfolk,VA,23502,9,3,3,1,-2,12,47260,1,-2,36.866307,-76.234223,Norfolk City,51710
232937,Norfolk State University,5,4,Norfolk,VA,23504-8000,1,1,1,3,3,12,47260,1,19,36.848429,-76.261375,Norfolk City,51710
232946,Northern Virginia Community College,1,2,Annandale,VA,22003-3796,4,2,1,5,5,21,47900,1,2,38.833361,-77.236718,Fairfax County,51059
232982,Old Dominion University,6,4,Norfolk,VA,23529,1,1,1,5,4,12,47260,1,15,36.886418,-76.30666,Norfolk City,51710
233019,Patrick & Henry Community College,3,4,Martinsville,VA,24112,4,2,1,2,2,41,32300,2,2,36.737893,-79.871133,Henry County,51089
233037,Paul D Camp Community College,3,4,Franklin,VA,23851,4,2,1,2,2,32,-2,-2,3,36.674527,-76.93757,Franklin City,51620
233082,Southside College of Health Sciences,28,-2,Colonial Heights,VA,23834,5,2,2,1,1,21,40060,1,10,37.267704,-77.400278,Colonial Heights City,51570
233116,Piedmont Virginia Community College,2,2,Charlottesville,VA,22902-7589,4,2,1,3,3,22,16820,1,3,38.006895,-78.483707,Albemarle County,51003
233277,Radford University,19,6,Radford,VA,24142,1,1,1,3,3,31,13980,1,17,37.136907,-80.549728,Radford City,51750
233286,Sylvain Melloul International Hair Academy,-2,-2,Lynchburg,VA,24502,9,3,3,1,-2,13,31340,1,-2,37.360833,-79.168082,Lynchburg City,51680
233295,Randolph-Macon College,22,3,Ashland,VA,23005-5505,2,1,2,2,2,21,40060,1,21,37.76043,-77.478416,Hanover County,51085
233301,Randolph College,22,4,Lynchburg,VA,24503-1555,2,1,2,1,2,13,31340,1,21,37.437315,-79.171887,Lynchburg City,51680
233310,Rappahannock Community College,3,2,Glenns,VA,23149-2616,4,2,1,2,2,42,47260,1,3,37.564425,-76.623913,Gloucester County,51073
233329,Fortis College-Norfolk,28,2,Norfolk,VA,23502-4101,6,2,3,1,2,12,47260,1,10,36.846983,-76.190241,Norfolk City,51710
233338,Richard Bland College,3,2,South Prince George,VA,23805-7100,4,2,1,2,2,41,40060,1,13,37.156972,-77.399932,Dinwiddie County,51053
233356,Bon Secours Memorial College of Nursing,28,-2,Richmond,VA,23227-1149,2,1,2,1,2,21,40060,1,26,37.646698,-77.433569,Henrico County,51087
233374,University of Richmond,7,5,University of Richmond,VA,23173,2,1,2,2,3,12,40060,1,21,37.577393,-77.538806,Richmond City,51760
233408,Riverside College of Health Careers,28,6,Newport News,VA,23601,2,1,2,1,1,12,47260,1,10,37.034972,-76.456164,Newport News City,51700
233426,Roanoke College,22,3,Salem,VA,24153-3794,2,1,2,2,2,22,40220,1,21,37.294861,-80.055467,Salem City,51775
233480,Bon Secours St Mary's Hospital School of Medical Imaging,-2,-2,Richmond,VA,23227,5,2,2,1,-2,21,40060,1,-2,37.646698,-77.433569,Henrico County,51087
233541,Shenandoah University,17,3,Winchester,VA,22601-5195,2,1,2,2,3,13,49020,1,17,39.167355,-78.157433,Winchester City,51840
233602,Southeastern Free Will Baptist Bible College,31,-2,Wendell,NC,27591-9072,2,1,2,1,1,41,39580,1,24,35.80023,-78.4164,Wake County,37183
233611,Southern Virginia University,22,4,Buena Vista,VA,24416,2,1,2,1,2,32,-2,-2,21,37.740368,-79.35037,Buena Vista City,51530
233639,Southside Virginia Community College,2,4,Alberta,VA,23821,4,2,1,2,3,43,-2,-2,3,36.839066,-77.917962,Brunswick County,51025
233648,Southwest Virginia Community College,3,4,Cedar Bluff,VA,24609,4,2,1,2,2,42,14140,2,5,37.006196,-81.796682,Tazewell County,51185
233666,Staunton School of Cosmetology,-2,-2,Staunton,VA,24401-4323,9,3,3,1,-2,13,44420,1,-2,38.149508,-79.070811,Staunton City,51790
233684,Strayer University-Virginia,24,4,Arlington,VA,22201,3,1,3,2,3,12,47900,1,18,38.890995,-77.085294,Arlington County,51013
233718,Sweet Briar College,22,3,Sweet Briar,VA,24595-9998,2,1,2,1,1,41,31340,1,21,37.556725,-79.081014,Amherst County,51009
233754,Virginia Peninsula Community College,2,2,Hampton,VA,23666,4,2,1,3,3,21,47260,1,5,37.063821,-76.420046,Hampton City,51650
233772,Tidewater Community College,1,2,Norfolk,VA,23510,4,2,1,4,4,12,47260,1,5,36.85009,-76.291376,Norfolk City,51710
233842,Union Presbyterian Seminary,31,-2,Richmond,VA,23227,2,1,2,1,1,12,40060,1,24,37.578928,-77.449314,Richmond City,51760
233897,University of Virginia's College at Wise,22,4,Wise,VA,24293-4400,1,1,1,2,2,32,-2,-2,21,36.970602,-82.559656,Wise County,51195
233903,Virginia Highlands Community College,12,4,Abingdon,VA,24212-0828,4,2,1,2,2,23,28700,1,5,36.698866,-82.001118,Washington County,51191
233921,Virginia Polytechnic Institute and State University,6,5,Blacksburg,VA,24061-0131,1,1,1,5,4,13,13980,1,15,37.229012,-80.423675,Montgomery County,51121
233949,Virginia Western Community College,11,4,Roanoke,VA,24015,4,2,1,3,3,13,40220,1,5,37.245029,-79.973011,Roanoke City,51770
234030,Virginia Commonwealth University,6,4,Richmond,VA,23284-2512,1,1,1,5,4,12,40060,1,15,37.54962,-77.452697,Richmond City,51760
234076,University of Virginia-Main Campus,6,5,Charlottesville,VA,22903-2628,1,1,1,5,4,22,16820,1,15,38.035665,-78.503428,Albemarle County,51003
234085,Virginia Military Institute,22,5,Lexington,VA,24450-0304,1,1,1,2,2,32,-2,-2,21,37.7896,-79.437067,Lexington City,51678
234119,Asher Institute of Hampton,-2,-2,Hampton,VA,23666,9,3,3,1,-2,21,47260,1,-2,37.026859,-76.425917,Hampton City,51650
234137,Virginia University of Lynchburg,24,2,Lynchburg,VA,24501,2,1,2,1,2,13,31340,1,23,37.395187,-79.151615,Lynchburg City,51680
234155,Virginia State University,22,4,Petersburg,VA,23806,1,1,1,3,3,21,40060,1,19,37.234692,-77.419026,Chesterfield County,51041
234164,Virginia Union University,10,4,Richmond,VA,23220,2,1,2,2,2,12,40060,1,21,37.562405,-77.450903,Richmond City,51760
234173,Virginia Wesleyan University,22,4,Virginia Beach,VA,23455,2,1,2,2,2,11,47260,1,21,36.868417,-76.18606,Virginia Beach City,51810
234207,Washington and Lee University,8,5,Lexington,VA,24450-2116,2,1,2,2,2,32,-2,-2,21,37.788939,-79.443018,Lexington City,51678
234377,Wytheville Community College,3,4,Wytheville,VA,24382-3308,4,2,1,2,2,33,-2,-2,3,36.95731,-81.071181,Wythe County,51197
234669,Bellevue College,4,4,Bellevue,WA,98007-6484,1,1,1,4,3,12,42660,1,23,47.584014,-122.150118,King County,53033
234696,Bellingham Technical College,21,6,Bellingham,WA,98225-1599,1,1,1,2,2,13,13380,1,14,48.766189,-122.51216,Whatcom County,53073
234711,Big Bend Community College,3,4,Moses Lake,WA,98837-3299,1,1,1,2,2,33,34180,2,5,47.183651,-119.325678,Grant County,53025
234827,Central Washington University,19,6,Ellensburg,WA,98926,1,1,1,4,3,32,21260,2,18,47.002687,-120.538368,Kittitas County,53037
234845,Centralia College,4,6,Centralia,WA,98531-4099,1,1,1,2,2,32,16500,2,23,46.715017,-122.960591,Lewis County,53041
234915,City University of Seattle,24,6,Seattle,WA,98121,2,1,2,2,2,11,42660,1,17,47.617381,-122.344594,King County,53033
234924,Paul Mitchell the School-Richland,-2,-2,Richland,WA,99352,9,3,3,1,-2,13,28420,1,-2,46.22626,-119.246059,Benton County,53005
234933,Clark College,2,2,Vancouver,WA,98663-3598,1,1,1,3,3,12,38900,1,14,45.636133,-122.651257,Clark County,53011
234951,Clover Park Technical College,21,2,Lakewood,WA,98499-4004,1,1,1,2,3,13,42660,1,14,47.176084,-122.497873,Pierce County,53053
234979,Columbia Basin College,4,4,Pasco,WA,99301,1,1,1,3,3,21,28420,1,23,46.25216,-119.12103,Franklin County,53021
235024,Cornish College of the Arts,23,1,Seattle,WA,98121,2,1,2,1,1,11,42660,1,30,47.618174,-122.336238,King County,53033
235088,Divers Institute of Technology,-2,-2,Seattle,WA,98103,9,3,3,1,-2,11,42660,1,-2,47.647402,-122.340894,King County,53033
235097,Eastern Washington University,7,6,Cheney,WA,99004-2496,1,1,1,4,3,31,44060,1,18,47.490667,-117.583808,Spokane County,53063
235103,Edmonds College,2,2,Lynnwood,WA,98036,1,1,1,3,3,21,42660,1,14,47.816376,-122.327598,Snohomish County,53061
235149,Everett Community College,2,2,Everett,WA,98201,1,1,1,3,3,12,42660,1,3,48.006626,-122.204736,Snohomish County,53061
235167,The Evergreen State College,22,4,Olympia,WA,98505-0001,1,1,1,2,2,22,36500,1,19,47.07382,-122.977492,Thurston County,53067
235237,Pierce College District,2,2,Lakewood,WA,98498-1999,1,1,1,3,3,13,42660,1,14,47.172082,-122.570935,Pierce County,53053
235307,Glen Dow Academy of Hair Design,-2,-2,Spokane,WA,99201,9,3,3,-2,-2,12,44060,1,-2,47.657719,-117.416526,Spokane County,53063
235316,Gonzaga University,7,5,Spokane,WA,99258-0001,2,1,2,3,3,12,44060,1,17,47.666531,-117.400625,Spokane County,53063
235334,Grays Harbor College,3,4,Aberdeen,WA,98520-7599,1,1,1,2,2,41,10140,2,14,46.953881,-123.803068,Grays Harbor County,53027
235343,Green River College,4,2,Auburn,WA,98092-3622,1,1,1,3,3,13,42660,1,23,47.313648,-122.175819,King County,53033
235352,Toni & Guy Hairdressing Academy-Shoreline,-2,-2,Shoreline,WA,98133,9,3,3,1,-2,21,42660,1,-2,47.761696,-122.344548,King County,53033
235422,Heritage University,15,4,Toppenish,WA,98948,2,1,2,1,2,41,49420,1,20,46.3748,-120.394972,Yakima County,53077
235431,Highline College,2,2,Des Moines,WA,98198-9800,1,1,1,3,3,21,42660,1,14,47.388231,-122.303064,King County,53033
235501,International Air and Hospitality Academy,-2,-2,Vancouver,WA,98661,9,3,3,1,-2,12,38900,1,-2,45.627871,-122.639759,Clark County,53011
235547,Bastyr University,29,-2,Kenmore,WA,98028-4966,2,1,2,1,2,21,42660,1,17,47.729935,-122.251708,King County,53033
235671,Bates Technical College,21,4,Tacoma,WA,98405,1,1,1,2,3,12,42660,1,9,47.251743,-122.44683,Pierce County,53053
235699,Lake Washington Institute of Technology,13,2,Kirkland,WA,98034-8506,1,1,1,2,3,21,42660,1,23,47.705077,-122.167131,King County,53033
235750,Lower Columbia College,3,4,Longview,WA,98632,1,1,1,2,2,13,31020,1,4,46.14214,-122.935928,Cowlitz County,53015
236018,BJ's Beauty & Barber College,-2,-2,Tacoma,WA,98409,9,3,3,1,-2,12,42660,1,-2,47.208428,-122.483385,Pierce County,53053
236072,North Seattle College,13,2,Seattle,WA,98103-3599,1,1,1,3,3,11,42660,1,23,47.698408,-122.333584,King County,53033
236133,Northwest University,20,4,Kirkland,WA,98083-0579,2,1,2,2,2,21,42660,1,19,47.657945,-122.192763,King County,53033
236188,Olympic College,2,4,Bremerton,WA,98337-1699,1,1,1,3,3,13,14740,1,14,47.574769,-122.635113,Kitsap County,53035
236212,Perry Technical Institute,21,6,Yakima,WA,98903-1296,5,2,2,2,2,13,49420,1,7,46.571492,-120.537976,Yakima County,53077
236230,Pacific Lutheran University,22,4,Tacoma,WA,98447-0003,2,1,2,2,2,21,42660,1,19,47.14516,-122.440421,Pierce County,53053
236258,Peninsula College,3,4,Port Angeles,WA,98362,1,1,1,2,2,33,38820,2,14,48.101295,-123.412865,Clallam County,53009
236328,University of Puget Sound,22,3,Tacoma,WA,98416,2,1,2,2,2,12,42660,1,21,47.26308,-122.478982,Pierce County,53053
236382,Renton Technical College,21,2,Renton,WA,98056-4123,1,1,1,2,3,12,42660,1,14,47.489206,-122.176303,King County,53033
236452,Saint Martin's University,5,6,Lacey,WA,98503-7500,2,1,2,2,2,13,36500,1,20,47.041068,-122.816354,Thurston County,53067
236504,South Seattle College,2,2,Seattle,WA,98106-1499,1,1,1,3,3,11,42660,1,14,47.5475,-122.352672,King County,53033
236513,Seattle Central College,11,2,Seattle,WA,98122,1,1,1,3,3,11,42660,1,14,47.616748,-122.321231,King County,53033
236577,Seattle Pacific University,8,4,Seattle,WA,98119-1997,2,1,2,2,2,11,42660,1,17,47.650214,-122.361667,King County,53033
236595,Seattle University,7,5,Seattle,WA,98122-4340,2,1,2,3,3,11,42660,1,17,47.608859,-122.318851,King County,53033
236610,Shoreline Community College,2,2,Shoreline,WA,98133-5696,1,1,1,2,3,21,42660,1,3,47.747402,-122.358626,King County,53033
236638,Skagit Valley College,2,4,Mount Vernon,WA,98273,1,1,1,2,3,13,34580,1,14,48.437194,-122.30894,Skagit County,53057
236656,South Puget Sound Community College,2,4,Olympia,WA,98512-6292,1,1,1,2,3,13,36500,1,2,47.023698,-122.929578,Thurston County,53067
236692,Spokane Community College,11,4,Spokane,WA,99217-5399,1,1,1,3,3,12,44060,1,14,47.674034,-117.360065,Spokane County,53063
236708,Spokane Falls Community College,2,4,Spokane,WA,99224-5288,1,1,1,2,3,12,44060,1,14,47.676741,-117.463538,Spokane County,53063
236744,Stylemaster College of Hair Design,-2,-2,Longview,WA,98632-3027,9,3,3,1,-2,13,31020,1,-2,46.136018,-122.934592,Cowlitz County,53015
236753,Tacoma Community College,2,2,Tacoma,WA,98466-6100,1,1,1,3,3,12,42660,1,14,47.244622,-122.524793,Pierce County,53053
236887,Walla Walla Community College,11,4,Walla Walla,WA,99362-9267,1,1,1,2,3,13,47460,1,14,46.078557,-118.276505,Walla Walla County,53071
236896,Walla Walla University,15,4,College Place,WA,99324-1198,2,1,2,2,2,23,47460,1,20,46.048088,-118.389555,Walla Walla County,53071
236939,Washington State University,6,4,Pullman,WA,99164-5910,1,1,1,5,4,32,39420,2,15,46.730448,-117.158168,Whitman County,53075
236948,University of Washington-Seattle Campus,6,5,Seattle,WA,98195-4550,1,1,1,5,5,11,42660,1,15,47.65538,-122.30514,King County,53033
236975,Wenatchee Valley College,3,4,Wenatchee,WA,98801-1799,1,1,1,2,2,13,48300,1,14,47.431234,-120.337198,Chelan County,53007
237011,Western Washington University,9,6,Bellingham,WA,98225-9008,1,1,1,4,3,13,13380,1,18,48.737812,-122.485734,Whatcom County,53073
237039,Whatcom Community College,2,4,Bellingham,WA,98226,1,1,1,2,3,13,13380,1,14,48.7939,-122.493253,Whatcom County,53073
237057,Whitman College,22,3,Walla Walla,WA,99362,2,1,2,2,2,13,47460,1,21,46.069815,-118.331546,Walla Walla County,53071
237066,Whitworth University,22,4,Spokane,WA,99251,2,1,2,2,2,21,44060,1,19,47.753358,-117.416714,Spokane County,53063
237109,Yakima Valley College,4,4,Yakima,WA,98907-2520,1,1,1,2,3,13,49420,1,14,46.586098,-120.528525,Yakima County,53077
237127,Appalachian Beauty School,-2,-2,Belfry,KY,41514,9,3,3,1,-2,43,38210,2,-2,37.624479,-82.266793,Pike County,21195
237136,Appalachian Bible College,31,-2,Mount Hope,WV,25880-9557,2,1,2,1,1,23,13220,1,24,37.853335,-81.198867,Raleigh County,54081
237145,B M Spurr School of Practical Nursing,-2,-2,Glen Dale,WV,26038,8,3,2,1,-2,31,48540,1,-2,39.946126,-80.752394,Marshall County,54051
237172,Ben Franklin Career Center,-2,-2,Dunbar,WV,25064,7,3,1,1,-2,22,16620,1,-2,38.367234,-81.75353,Kanawha County,54039
237181,Bethany College,22,4,Bethany,WV,26032,2,1,2,1,2,41,48260,1,21,40.205819,-80.560056,Brooke County,54009
237215,Bluefield State University,15,4,Bluefield,WV,24701-2198,1,1,1,2,2,32,14140,2,22,37.265732,-81.239037,Mercer County,54055
237242,Cabell County Career Technology Center,-2,-2,Huntington,WV,25705-2827,7,3,1,1,-2,22,26580,1,-2,38.403244,-82.372418,Cabell County,54011
237303,Charleston School of Beauty Culture,-2,-2,Charleston,WV,25304,6,2,3,1,-2,13,16620,1,-2,38.317676,-81.578638,Kanawha County,54039
237312,University of Charleston,24,6,Charleston,WV,25304,2,1,2,2,3,13,16620,1,17,38.333367,-81.616244,Kanawha County,54039
237321,Clarksburg Beauty Academy and School of Massage Therapy,-2,-2,Clarksburg,WV,26301,6,2,3,1,-2,32,17220,2,-2,39.279875,-80.339054,Harrison County,54033
237330,Concord University,10,4,Athens,WV,24712,1,1,1,2,2,41,14140,2,19,37.423723,-81.006696,Mercer County,54055
237358,Davis & Elkins College,15,4,Elkins,WV,26241-3996,2,1,2,1,2,33,21180,2,22,38.931232,-79.846022,Randolph County,54083
237367,Fairmont State University,14,4,Fairmont,WV,26554-2470,1,1,1,2,3,32,21900,2,20,39.483079,-80.162433,Marion County,54049
237385,Glenville State University,22,4,Glenville,WV,26351-1292,1,1,1,2,2,43,-2,-2,22,38.93547,-80.834295,Gilmer County,54021
237437,Huntington Junior College,29,2,Huntington,WV,25701,5,2,2,1,1,13,26580,1,10,38.419732,-82.443234,Cabell County,54011
237473,James Rumsey Technical Institute,-2,-2,Martinsburg,WV,25403-0259,7,3,1,1,-2,41,25180,1,-2,39.5328,-77.978583,Berkeley County,54003
237491,Ralph R Willis Career and Technical Center,-2,-2,Stollings,WV,25646,7,3,1,1,-2,41,-2,-2,-2,37.82694,-81.94289,Logan County,54045
237525,Marshall University,17,4,Huntington,WV,25755,1,1,1,4,3,13,26580,1,16,38.422482,-82.428964,Cabell County,54011
237543,Mercer County Technical Education Center,-2,-2,Princeton,WV,24740,4,2,1,1,-2,32,14140,2,-2,37.360024,-81.104647,Mercer County,54055
237561,Monongalia County Technical Education Center,-2,-2,Morgantown,WV,26501-6841,7,3,1,1,-2,13,34060,1,-2,39.611165,-79.957275,Monongalia County,54061
237570,Morgantown Beauty College Inc,-2,-2,Morgantown,WV,26505-5430,6,2,3,1,-2,13,34060,1,-2,39.628866,-79.954593,Monongalia County,54061
237686,West Virginia University at Parkersburg,13,4,Parkersburg,WV,26104,1,1,1,2,2,41,37620,1,23,39.216379,-81.506192,Wood County,54107
237701,Potomac State College of West Virginia University,4,6,Keyser,WV,26726,1,1,1,2,2,33,19060,2,23,39.438323,-78.981441,Mineral County,54057
237729,Academy of Careers and Technology,-2,-2,Beckley,WV,25801,7,3,1,1,-2,13,13220,1,-2,37.795299,-81.165435,Raleigh County,54081
237783,Salem University,24,4,Salem,WV,26426,3,1,3,2,2,42,17220,2,19,39.288632,-80.571767,Harrison County,54033
237792,Shepherd University,5,2,Shepherdstown,WV,25443,1,1,1,2,3,41,47900,1,20,39.433071,-77.804101,Jefferson County,54037
237817,Southern West Virginia Community and Technical College,12,3,Logan,WV,25601,4,2,1,2,2,32,-2,-2,7,37.851756,-82.023014,Logan County,54045
237844,Fred W Eberle Technical Center,-2,-2,Buckhannon,WV,26201,4,2,1,1,-2,33,-2,-2,-2,39.001908,-80.225278,Upshur County,54097
237880,West Virginia School of Osteopathic Medicine,27,-2,Lewisburg,WV,24901,1,1,1,1,2,32,-2,-2,25,37.804273,-80.43782,Greenbrier County,54025
237899,West Virginia State University,22,4,Institute,WV,25112-1000,1,1,1,2,3,22,16620,1,20,38.380541,-81.765034,Kanawha County,54039
237905,West Virginia University Hospital Departments of Rad Tech and Nutrition,-2,-2,Morgantown,WV,26506-8062,2,1,2,1,-2,13,34060,1,-2,39.654269,-79.957959,Monongalia County,54061
237932,West Liberty University,20,4,West Liberty,WV,26074,1,1,1,2,2,41,48540,1,19,40.164417,-80.602256,Ohio County,54069
237950,West Virginia University Institute of Technology,5,5,Beckley,WV,25801,1,1,1,2,2,13,13220,1,22,37.775924,-81.184072,Raleigh County,54081
237969,West Virginia Wesleyan College,5,4,Buckhannon,WV,26201-2994,2,1,2,2,2,33,-2,-2,22,38.990661,-80.218969,Upshur County,54097
237987,West Virginia Junior College-Charleston,21,2,Cross Lanes,WV,25313-1304,6,2,3,1,1,22,16620,1,7,38.422967,-81.789743,Kanawha County,54039
237996,West Virginia Junior College-Morgantown,29,4,Morgantown,WV,26505,3,1,3,1,2,13,34060,1,8,39.63248,-79.955006,Monongalia County,54061
238005,International Beauty School 4,-2,-2,Martinsburg,WV,25401,6,2,3,1,-2,13,25180,1,-2,39.456357,-77.965463,Berkeley County,54003
238014,West Virginia Northern Community College,12,4,Wheeling,WV,26003-3699,4,2,1,2,2,13,48540,1,8,40.063318,-80.721263,Ohio County,54069
238032,West Virginia University,6,3,Morgantown,WV,26506,1,1,1,5,4,13,34060,1,15,39.634371,-79.954391,Monongalia County,54061
238078,Wheeling University,18,6,Wheeling,WV,26003,2,1,2,1,2,13,48540,1,19,40.070873,-80.690804,Ohio County,54069
238096,Wood County Technical Center-Practical Nursing,-2,-2,Parkersburg,WV,26101,7,3,1,1,-2,13,37620,1,-2,39.242596,-81.54796,Wood County,54107
238175,VICI Beauty School,-2,-2,Greenfield,WI,53228,6,2,3,1,-2,21,33340,1,-2,42.969877,-88.049912,Milwaukee County,55079
238193,Alverno College,20,4,Milwaukee,WI,53234-3922,2,1,2,2,2,11,33340,1,18,42.982842,-87.965174,Milwaukee County,55079
238263,Madison Area Technical College,11,2,Madison,WI,53704-2599,1,1,1,4,3,11,31540,1,8,43.12183,-89.327921,Dane County,55025
238324,Bellin College,28,5,Green Bay,WI,54311,2,1,2,1,2,22,24580,1,26,44.468277,-87.921722,Brown County,55009
238333,Beloit College,22,4,Beloit,WI,53511-5595,2,1,2,2,2,13,27500,1,21,42.504022,-89.029285,Rock County,55105
238397,Blackhawk Technical College,29,2,Janesville,WI,53547-5009,4,2,1,2,2,23,27500,1,8,42.593159,-89.016254,Rock County,55105
238458,Carroll University,18,3,Waukesha,WI,53186,2,1,2,2,2,13,33340,1,18,43.004527,-88.228114,Waukesha County,55133
238476,Carthage College,15,3,Kenosha,WI,53140-1994,2,1,2,2,2,13,28450,1,20,42.622969,-87.820924,Kenosha County,55059
238616,Concordia University-Wisconsin,17,3,Mequon,WI,53097-2402,2,1,2,3,3,21,33340,1,17,43.253387,-87.91552,Ozaukee County,55089
238661,Edgewood College,18,4,Madison,WI,53711-1997,2,1,2,2,2,11,31540,1,17,43.057059,-89.422884,Dane County,55025
238722,Fox Valley Technical College,11,4,Appleton,WI,54912-2277,4,2,1,4,3,22,11540,1,9,44.283174,-88.45893,Outagamie County,55087
238759,Gateway Technical College,11,4,Kenosha,WI,53144-1690,4,2,1,4,3,13,28450,1,8,42.605677,-87.846695,Kenosha County,55059
238810,The Professional Hair Design Academy,-2,-2,Eau Claire,WI,54701-7633,6,2,3,1,-2,22,20740,1,-2,44.783374,-91.461714,Eau Claire County,55035
238980,Lakeland University,24,6,Plymouth,WI,53073,2,1,2,2,2,41,43100,1,18,43.841573,-87.883414,Sheboygan County,55117
239008,Lakeshore Technical College,11,4,Cleveland,WI,53015-1414,4,2,1,2,3,42,31820,2,9,43.924774,-87.75454,Manitowoc County,55071
239017,Lawrence University,22,3,Appleton,WI,54911,2,1,2,2,2,13,11540,1,21,44.261323,-88.397822,Outagamie County,55087
239071,Maranatha Baptist University,20,3,Watertown,WI,53094,2,1,2,1,2,31,48020,2,20,43.195013,-88.737016,Jefferson County,55055
239080,Marian University,15,4,Fond Du Lac,WI,54935-4699,2,1,2,2,2,13,22540,1,19,43.777411,-88.420638,Fond du Lac County,55039
239105,Marquette University,7,5,Milwaukee,WI,53233,2,1,2,4,3,11,33340,1,16,43.03903,-87.927961,Milwaukee County,55079
239169,Medical College of Wisconsin,27,-2,Milwaukee,WI,53226-0509,2,1,2,2,2,21,33340,1,27,43.044527,-88.022674,Milwaukee County,55079
239220,Mid-State Technical College,11,4,Wisconsin Rapids,WI,54494,4,2,1,2,3,32,49220,2,9,44.391091,-89.783785,Wood County,55141
239248,Milwaukee Area Technical College,11,2,Milwaukee,WI,53233-1443,4,2,1,4,3,11,33340,1,7,43.04359,-87.920818,Milwaukee County,55079
239309,Milwaukee Institute of Art & Design,23,2,Milwaukee,WI,53202-6003,2,1,2,1,2,11,33340,1,30,43.030917,-87.907925,Milwaukee County,55079
239318,Milwaukee School of Engineering,30,5,Milwaukee,WI,53202-3109,2,1,2,2,2,11,33340,1,19,43.045364,-87.907691,Milwaukee County,55079
239372,Moraine Park Technical College,11,4,Fond du Lac,WI,54936-1940,4,2,1,2,3,13,22540,1,8,43.785224,-88.417656,Fond du Lac County,55039
239390,Mount Mary University,20,4,Milwaukee,WI,53222-4597,2,1,2,2,2,11,33340,1,18,43.072507,-88.030732,Milwaukee County,55079
239424,Nashotah House,31,-2,Nashotah,WI,53058-9793,2,1,2,1,1,21,33340,1,24,43.082193,-88.423743,Waukesha County,55133
239442,Nicolet Area Technical College,12,2,Rhinelander,WI,54501-0518,4,2,1,2,2,41,-2,-2,8,45.609542,-89.425055,Oneida County,55085
239460,Northcentral Technical College,11,4,Wausau,WI,54401-1899,4,2,1,3,3,13,48140,1,9,44.986458,-89.646369,Marathon County,55073
239488,Northeast Wisconsin Technical College,11,4,Green Bay,WI,54307-9042,4,2,1,4,3,12,24580,1,8,44.526467,-88.105675,Brown County,55009
239512,Northland College,22,2,Ashland,WI,54806-3999,2,1,2,1,2,33,-2,-2,22,46.579087,-90.87476,Ashland County,55003
239628,Ripon College,22,4,Ripon,WI,54971-0248,2,1,2,1,2,32,22540,1,21,43.844135,-88.842333,Fond du Lac County,55039
239637,Sacred Heart Seminary and School of Theology,31,-2,Franklin,WI,53132,2,1,2,1,1,21,33340,1,24,42.910829,-88.04438,Milwaukee County,55079
239716,Saint Norbert College,22,3,De Pere,WI,54115-2099,2,1,2,2,2,22,24580,1,21,44.44483,-88.067812,Brown County,55009
239877,State College of Beauty Culture,-2,-2,Wausau,WI,54403,9,3,3,1,-2,13,48140,1,-2,44.936911,-89.618062,Marathon County,55073
239910,Southwest Wisconsin Technical College,12,4,Fennimore,WI,53809-9778,4,2,1,2,2,43,38420,2,9,42.976238,-90.637714,Grant County,55043
240107,Viterbo University,18,3,La Crosse,WI,54601-8804,2,1,2,2,2,13,29100,1,18,43.803133,-91.244297,La Crosse County,55063
240116,Chippewa Valley Technical College,11,4,Eau Claire,WI,54701-6162,4,2,1,3,3,13,20740,1,9,44.794867,-91.505675,Eau Claire County,55035
240125,Waukesha County Technical College,21,1,Pewaukee,WI,53072-4601,4,2,1,3,3,21,33340,1,9,43.071444,-88.256292,Waukesha County,55133
240170,Western Technical College,11,4,La Crosse,WI,54601,4,2,1,2,3,13,29100,1,7,43.815309,-91.246191,La Crosse County,55063
240189,University of Wisconsin-Whitewater,19,4,Whitewater,WI,53190-1790,1,1,1,4,3,32,48580,2,18,42.835563,-88.742368,Walworth County,55127
240198,Northwood Technical College,11,4,Rice Lake,WI,54868,4,2,1,2,3,33,39960,2,9,45.48131,-91.747024,Barron County,55005
240213,Wisconsin School of Professional Psychology,25,-2,Milwaukee,WI,53225-4960,2,1,2,1,1,11,33340,1,26,43.10534,-88.026735,Milwaukee County,55079
240268,University of Wisconsin-Eau Claire,19,3,Eau Claire,WI,54701,1,1,1,4,3,13,20740,1,19,44.798284,-91.501906,Eau Claire County,55035
240277,University of Wisconsin-Green Bay,22,4,Green Bay,WI,54311-7001,1,1,1,4,3,12,24580,1,19,44.532298,-87.919973,Brown County,55009
240329,University of Wisconsin-La Crosse,9,3,La Crosse,WI,54601-9959,1,1,1,4,3,13,29100,1,18,43.81568,-91.23186,La Crosse County,55063
240338,Wisconsin Lutheran College,15,3,Milwaukee,WI,53226-4699,2,1,2,2,2,11,33340,1,22,43.036943,-88.022718,Milwaukee County,55079
240365,University of Wisconsin-Oshkosh,19,4,Oshkosh,WI,54901,1,1,1,4,3,13,36780,1,17,44.026206,-88.549369,Winnebago County,55139
240374,University of Wisconsin-Parkside,9,4,Kenosha,WI,53144,1,1,1,2,3,41,28450,1,19,42.647718,-87.855231,Kenosha County,55059
240392,Herzing University-Madison,29,4,Madison,WI,53718,2,1,2,3,3,11,31540,1,18,43.14415,-89.291561,Dane County,55025
240417,University of Wisconsin-Stout,19,4,Menomonie,WI,54751,1,1,1,3,3,32,32860,2,18,44.873187,-91.926653,Dunn County,55033
240426,University of Wisconsin-Superior,20,4,Superior,WI,54880-4500,1,1,1,2,2,22,20260,1,19,46.717629,-92.091007,Douglas County,55031
240435,University of Wisconsin-System Administration,-2,-2,Madison,WI,53706,0,1,1,-2,-2,11,31540,1,-2,43.075416,-89.406536,Dane County,55025
240444,University of Wisconsin-Madison,6,5,Madison,WI,53706-1380,1,1,1,5,5,11,31540,1,15,43.075409,-89.404098,Dane County,55025
240453,University of Wisconsin-Milwaukee,6,4,Milwaukee,WI,53211,1,1,1,5,4,11,33340,1,15,43.076848,-87.880488,Milwaukee County,55079
240462,University of Wisconsin-Platteville,9,5,Platteville,WI,53818-3099,1,1,1,3,3,32,38420,2,18,42.733451,-90.48622,Grant County,55043
240471,University of Wisconsin-River Falls,14,3,River Falls,WI,54022-5001,1,1,1,3,3,32,33460,1,19,44.8534,-92.622641,Pierce County,55093
240480,University of Wisconsin-Stevens Point,9,4,Stevens Point,WI,54481-3897,1,1,1,3,3,32,44620,2,19,44.529582,-89.570934,Portage County,55097
240505,Casper College,11,4,Casper,WY,82601-4699,4,2,1,2,3,13,16220,1,5,42.832788,-106.326712,Natrona County,56025
240514,Central Wyoming College,12,2,Riverton,WY,82501,1,1,1,2,2,33,40180,2,5,43.030556,-108.426738,Fremont County,56013
240596,Eastern Wyoming College,12,2,Torrington,WY,82240-1699,4,2,1,2,2,33,-2,-2,9,42.079354,-104.190823,Goshen County,56015
240620,Laramie County Community College,11,4,Cheyenne,WY,82007-3299,1,1,1,2,3,41,16940,1,8,41.104288,-104.778789,Laramie County,56021
240657,Northwest College,12,4,Powell,WY,82435-1898,1,1,1,2,2,33,17650,2,5,44.760656,-108.761853,Park County,56029
240666,Northern Wyoming Community College District,11,2,Sheridan,WY,82801,4,2,1,2,3,33,43260,2,6,44.763926,-106.941105,Sheridan County,56033
240693,Western Wyoming Community College,12,4,Rock Springs,WY,82901,1,1,1,2,2,33,40540,2,9,41.590964,-109.237126,Sweetwater County,56037
240709,Cheeks Beauty Academy,-2,-2,Cheyenne,WY,82001-4413,9,3,3,1,-2,13,16940,1,-2,41.134123,-104.816751,Laramie County,56021
240718,WyoTech,21,6,Laramie,WY,82070-9519,6,2,3,2,2,33,29660,2,11,41.30354,-105.621161,Albany County,56001
240727,University of Wyoming,7,3,Laramie,WY,82071,1,1,1,4,3,33,29660,2,16,41.311773,-105.57931,Albany County,56001
240736,American Samoa Community College,3,-2,Pago Pago,AS,96799-2609,1,1,1,1,2,41,-2,-2,14,-14.322636,-170.742774,Western District,60050
240745,Guam Community College,12,-2,Mangilao,GU,96913,1,1,1,2,2,22,-2,-2,4,13.440649,144.808944,Guam,66010
240754,University of Guam,15,-2,Mangilao,GU,96923,1,1,1,2,2,22,-2,-2,19,13.433047,144.803978,Guam,66010
240790,Northern Marianas College,13,-2,Saipan,MP,96950-1250,1,1,1,2,2,33,-2,-2,23,15.152247,145.721733,Saipan Municipality,69110
240879,Institute of Beauty Careers,-2,-2,Arecibo,PR,00613,9,3,3,1,-2,13,11640,1,-2,18.470281,-66.721861,Arecibo Municipio,72013
241100,American University of Puerto Rico,15,-2,Bayamon,PR,00960-2037,2,1,2,-2,1,12,41980,1,22,18.407058,-66.186631,Bayamón Municipio,72021
241146,American Educational College,-2,-2,Bayamon,PR,00961,6,2,3,1,-2,12,41980,1,-2,18.397931,-66.15099,Bayamón Municipio,72021
241182,Antilles School of Technical Careers,-2,-2,San Juan,PR,00909,6,2,3,1,-2,11,41980,1,-2,18.438416,-66.059206,San Juan Municipio,72127
241191,Universidad Adventista de las Antillas,28,6,Mayaguez,PR,00680-0000,2,1,2,1,2,23,32420,1,20,18.205685,-67.111207,Mayagüez Municipio,72097
241216,Atlantic University,23,6,Guaynabo,PR,00970,2,1,2,2,2,13,41980,1,20,18.357395,-66.111714,Guaynabo Municipio,72061
241225,Universidad Central de Bayamon,15,6,Bayamón,PR,00960-1725,2,1,2,1,2,12,41980,1,20,18.398864,-66.180773,Bayamón Municipio,72021
241304,Columbia Central University-Caguas,29,6,Caguas,PR,00726,3,1,3,2,2,13,41980,1,26,18.22329,-66.022543,Caguas Municipio,72025
241331,Albizu University-San Juan,8,-2,San Juan,PR,00902-3711,2,1,2,2,2,11,41980,1,26,18.466573,-66.113908,San Juan Municipio,72127
241377,Caribbean University-Bayamon,15,6,Bayamon,PR,00960-0493,2,1,2,1,2,12,41980,1,20,18.383136,-66.168315,Bayamón Municipio,72021
241386,Caribbean University-Carolina,15,5,Carolina,PR,00985,2,1,2,1,1,21,41980,1,22,18.380193,-65.960036,Carolina Municipio,72031
241395,Pontifical Catholic University of Puerto Rico-Arecibo,8,6,Arecibo,PR,00614-4045,2,1,2,1,2,23,11640,1,17,18.446006,-66.679114,Arecibo Municipio,72013
241410,Pontifical Catholic University of Puerto Rico-Ponce,7,6,Ponce,PR,00717-9997,2,1,2,3,3,12,38660,1,17,18.00165,-66.617138,Ponce Municipio,72113
241517,CEM College-San Juan,28,6,San Juan,PR,00926-1931,3,1,3,1,1,11,41980,1,26,18.393955,-66.035797,San Juan Municipio,72127
241614,Universidad Teologica del Caribe,31,-2,Trujillo Alto,PR,00978-0901,2,1,2,1,1,21,41980,1,24,18.373928,-66.010617,Trujillo Alto Municipio,72139
241720,Colegio Universitario de San Juan,28,6,San Juan,PR,00918,1,1,1,1,2,11,41980,1,22,18.428528,-66.066529,San Juan Municipio,72127
241739,Universidad Ana G. Mendez-Cupey Campus,19,5,San Juan,PR,00928,2,1,2,3,3,11,41980,1,18,18.387183,-66.061647,San Juan Municipio,72127
241766,Puerto Rico Conservatory of Music,23,5,San Juan,PR,00907-3373,1,1,1,1,1,11,41980,1,30,18.454016,-66.078811,San Juan Municipio,72127
241793,Center for Advanced Studies On Puerto Rico and the Caribbean,25,-2,San Juan,PR,00901,2,1,2,1,1,11,41980,1,20,18.466567,-66.11841,San Juan Municipio,72127
241836,EDP University of Puerto Rico Inc-San Sebastian,28,6,San Sebastian,PR,00685,2,1,2,2,2,22,10380,1,26,18.338036,-66.992287,San Sebastián Municipio,72131
241906,Emma's Beauty Academy-Mayaguez,-2,-2,Mayaguez,PR,00680-4222,9,3,3,1,-2,13,32420,1,-2,18.201283,-67.140563,Mayagüez Municipio,72097
241951,Escuela de Artes Plasticas y Diseno de Puerto Rico,23,6,San Juan,PR,00902-1112,1,1,1,1,2,11,41980,1,30,18.46778,-66.121348,San Juan Municipio,72127
242042,Instituto Tecnologico de Puerto Rico-Recinto de Manati,21,6,Manati,PR,00674-1091,4,2,1,1,1,21,41980,1,7,18.432962,-66.472476,Manatí  Municipio,72091
242060,Sistema Universitario Ana G. Mendez,-2,-2,Rio Piedras,PR,00928-1345,0,1,2,-2,-2,11,41980,1,-2,18.387204,-66.061653,San Juan Municipio,72127
242112,Huertas College,21,6,Caguas,PR,00725,3,1,3,1,2,13,41980,1,26,18.236147,-66.025572,Caguas Municipio,72025
242121,Humacao Community College,29,6,Humacao,PR,00791,2,1,2,1,1,21,41980,1,23,18.148274,-65.826857,Humacao Municipio,72069
242130,ICPR Junior College-Arecibo,21,6,Arecibo,PR,00614-0067,6,2,3,1,1,13,11640,1,10,18.478059,-66.759324,Arecibo Municipio,72013
242149,ICPR Junior College-Mayaguez,29,6,Mayaguez,PR,00681-1108,6,2,3,1,2,13,32420,1,7,18.202277,-67.144762,Mayagüez Municipio,72097
242556,Instituto Tecnologico de Puerto Rico-Recinto de Guayama,21,6,Guayama,PR,00784-0000,4,2,1,1,1,13,25020,1,7,17.977897,-66.118728,Guayama Municipio,72057
242583,Instituto Tecnologico de Puerto Rico-Recinto de San Juan,21,5,San Juan,PR,00924,4,2,1,1,1,11,41980,1,7,18.411097,-66.016003,San Juan Municipio,72127
242617,Inter American University of Puerto Rico-San German,15,6,San German,PR,00683,2,1,2,2,2,23,32420,1,20,18.08353,-67.05082,San Germán Municipio,72125
242626,Inter American University of Puerto Rico-Aguadilla,15,6,Aguadilla,PR,00603,2,1,2,2,2,22,10380,1,20,18.467886,-67.121671,Aguadilla Municipio,72005
242635,Inter American University of Puerto Rico-Arecibo,15,6,Arecibo,PR,00614,2,1,2,2,2,13,11640,1,19,18.47509,-66.75901,Arecibo Municipio,72013
242644,Inter American University of Puerto Rico-Barranquitas,29,6,Barranquitas,PR,00794,2,1,2,2,2,21,41980,1,22,18.182777,-66.303153,Barranquitas Municipio,72019
242653,Inter American University of Puerto Rico-Metro,17,5,San Juan,PR,00919,2,1,2,2,3,11,41980,1,18,18.368988,-66.077711,San Juan Municipio,72127
242662,Inter American University of Puerto Rico-Ponce,14,6,Mercedita,PR,00715-1602,2,1,2,2,3,41,38660,1,22,18.007388,-66.578498,Ponce Municipio,72113
242671,Inter American University of Puerto Rico-Central Office,-2,-2,San Juan,PR,00928,0,1,2,-2,-2,11,41980,1,-2,18.403964,-66.069533,San Juan Municipio,72127
242680,Inter American University of Puerto Rico-Fajardo,15,6,Fajardo,PR,00738-7003,2,1,2,2,2,23,41980,1,22,18.329222,-65.648052,Fajardo Municipio,72053
242699,Inter American University of Puerto Rico-Guayama,28,6,Guayama,PR,00784,2,1,2,2,2,13,25020,1,22,17.96635,-66.108164,Guayama Municipio,72057
242705,Inter American University of Puerto Rico-Bayamon,14,6,Bayamon,PR,00957-6257,2,1,2,2,3,12,41980,1,22,18.351631,-66.182473,Bayamón Municipio,72021
242723,Inter American University of Puerto Rico-School of Law,26,-2,San Juan,PR,00936-8351,2,1,2,1,2,11,41980,1,31,18.428145,-66.072656,San Juan Municipio,72127
242820,Liceo de Arte y Tecnologia,-2,-2,San Juan,PR,00917,9,3,3,1,-2,11,41980,1,-2,18.421013,-66.056421,San Juan Municipio,72127
242945,Modern Hairstyling Institute-Bayamon,-2,-2,Bayamon,PR,00961,9,3,3,1,-2,12,41980,1,-2,18.400061,-66.155872,Bayamón Municipio,72021
242954,Modern Hairstyling Institute-Arecibo,-2,-2,Arecibo,PR,00612,9,3,3,1,-2,13,11640,1,-2,18.47582,-66.754059,Arecibo Municipio,72013
242972,NUC University,29,6,Bayamon,PR,00960,3,1,3,5,4,12,41980,1,18,18.396872,-66.157027,Bayamón Municipio,72021
243081,Ponce Health Sciences University,27,-2,Ponce,PR,00716-2347,3,1,3,1,2,12,38660,1,25,17.993201,-66.620307,Ponce Municipio,72113
243106,University of Puerto Rico-Aguadilla,15,6,Aguadilla,PR,00604-1309,1,1,1,2,2,22,10380,1,22,18.498652,-67.13793,Aguadilla Municipio,72005
243115,University of Puerto Rico-Arecibo,15,6,Arecibo,PR,00614-4010,1,1,1,2,2,13,11640,1,22,18.469199,-66.74114,Arecibo Municipio,72013
243133,University of Puerto Rico-Bayamon,15,6,Bayamon,PR,00959,1,1,1,2,2,12,41980,1,22,18.371398,-66.143541,Bayamón Municipio,72021
243142,University of Puerto Rico-Carolina,15,6,Carolina,PR,00984-4800,1,1,1,2,2,21,41980,1,22,18.392069,-65.990165,Carolina Municipio,72031
243151,University of Puerto Rico at Cayey,22,6,Cayey,PR,00737-2230,1,1,1,2,2,21,41980,1,21,18.11882,-66.162066,Cayey Municipio,72035
243160,University of Puerto Rico-Central Administration,-2,-2,San Juan,PR,00936-4984,0,1,1,-2,-2,11,41980,1,-2,18.38959,-66.056329,San Juan Municipio,72127
243179,University of Puerto Rico-Humacao,15,6,Humacao,PR,00792,1,1,1,2,2,21,41980,1,22,18.146589,-65.838602,Humacao Municipio,72069
243188,University of Puerto Rico-Utuado,13,6,Utuado,PR,00641,1,1,1,1,2,41,46580,2,23,18.254577,-66.721667,Utuado Municipio,72141
243197,University of Puerto Rico-Mayaguez,5,5,Mayaguez,PR,00681,1,1,1,4,3,13,32420,1,19,18.211142,-67.139172,Mayagüez Municipio,72097
243203,University of Puerto Rico-Medical Sciences,27,-2,San Juan,PR,00936-5067,1,1,1,2,2,11,41980,1,25,18.396548,-66.074894,San Juan Municipio,72127
243212,University of Puerto Rico at Ponce,5,6,Ponce,PR,00716-9996,1,1,1,2,2,12,38660,1,22,17.993314,-66.606215,Ponce Municipio,72113
243221,University of Puerto Rico-Rio Piedras,7,5,San Juan,PR,00931-0000,1,1,1,4,3,11,41980,1,16,18.402826,-66.050009,San Juan Municipio,72127
243346,Universidad Ana G. Mendez-Carolina Campus,19,5,Carolina,PR,00985-0985,2,1,2,3,3,21,41980,1,18,18.414805,-65.983869,Carolina Municipio,72031
243443,Universidad del Sagrado Corazon,19,5,Santurce,PR,00907,2,1,2,3,3,11,41980,1,19,18.441166,-66.059617,San Juan Municipio,72127
243498,Seminario Evangelico de Puerto Rico,31,-2,San Juan,PR,00925,2,1,2,1,1,11,41980,1,24,18.406454,-66.052655,San Juan Municipio,72127
243568,Universidad Central Del Caribe,27,-2,Bayamon,PR,00960-6032,2,1,2,1,2,12,41980,1,25,18.366171,-66.153758,Bayamón Municipio,72021
243577,Universidad Politecnica de Puerto Rico,30,5,Hato Rey,PR,00919,2,1,2,2,3,11,41980,1,19,18.422195,-66.056084,San Juan Municipio,72127
243586,Pontifical Catholic University of Puerto Rico-Mayaguez,15,6,Mayaguez,PR,00680-1713,2,1,2,1,2,13,32420,1,22,18.182375,-67.145695,Mayagüez Municipio,72097
243601,Universidad Ana G. Mendez-Gurabo Campus,17,6,Gurabo,PR,00778-3030,2,1,2,3,3,21,41980,1,17,18.239647,-66.006259,Gurabo Municipio,72063
243638,College of Micronesia-FSM,12,-2,Pohnpei,FM,96941,1,1,1,2,2,-3,-2,-2,14,6.909759,158.158189,,-2
243647,Palau Community College,12,-2,Koror,PW,96940,4,2,1,1,2,-3,-2,-2,1,7.343177,134.473744,,-2
243665,University of the Virgin Islands,15,-2,Charlotte Amalie,VI,00802-9990,1,1,1,2,2,41,-2,-2,20,18.344193,-64.972866,St. Thomas Island,78030
243744,Stanford University,6,5,Stanford,CA,94305,2,1,2,4,4,21,41940,1,15,37.429434,-122.167359,Santa Clara County,6085
243780,Purdue University-Main Campus,6,5,West Lafayette,IN,47907-2040,1,1,1,5,5,13,29200,1,15,40.428206,-86.914435,Tippecanoe County,18157
243799,Blue Hills Regional Technical School,-2,-2,Canton,MA,02021,7,3,1,1,-2,41,14460,1,-2,42.18221,-71.104081,Norfolk County,25021
243823,Parker University,29,6,Dallas,TX,75229-5668,2,1,2,2,2,11,19100,1,18,32.880335,-96.893564,Dallas County,48113
243832,EDP University of Puerto Rico Inc-San Juan,28,4,San Juan,PR,00918,2,1,2,2,2,11,41980,1,23,18.415375,-66.055403,San Juan Municipio,72127
243841,ICPR Junior College,29,6,Hato Rey,PR,00919-0304,6,2,3,1,2,11,41980,1,7,18.415291,-66.05712,San Juan Municipio,72127
244233,City College-Hollywood,21,4,Hollywood,FL,33024-4045,3,1,3,1,1,21,33100,1,23,26.025173,-80.22004,Broward County,12011
244279,Meridian College,21,4,Sarasota,FL,34240,6,2,3,1,1,13,35840,1,10,27.380724,-82.425309,Sarasota County,12115
244437,Georgia State University-Perimeter College,1,4,Atlanta,GA,30303-3083,4,2,1,4,4,11,12060,1,1,33.7527,-84.38667,Fulton County,13121
244446,Georgia Piedmont Technical College,12,2,Clarkston,GA,30021-2397,4,2,1,2,2,21,12060,1,8,33.789898,-84.234504,DeKalb County,13089
244613,ETI School of Skilled Trades,-2,-2,Willowbrook,IL,60527,9,3,3,1,-2,21,16980,1,-2,41.748334,-87.936249,DuPage County,17043
245281,Traxlers School of Hair,-2,-2,Jackson,MS,39212,9,3,3,1,-2,12,27140,1,-2,32.268023,-90.261863,Hinds County,28049
245625,Warren County Community College,3,4,Washington,NJ,07882-4343,4,2,1,1,2,41,10900,1,3,40.744812,-75.018309,Warren County,34041
245652,St. John's College,22,3,Santa Fe,NM,87505-4599,2,1,2,1,2,41,42140,1,21,35.666974,-105.912478,Santa Fe County,35049
245777,Bais Medrash Elyon,31,-2,Monsey,NY,10952,2,1,2,1,1,21,35620,1,24,41.114079,-74.069798,Rockland County,36087
245838,Antioch University-Los Angeles,25,-2,Culver City,CA,90230-7615,2,1,2,1,2,21,31080,1,18,33.988533,-118.384458,Los Angeles County,6037
245847,Antioch University-Santa Barbara,25,-2,Santa Barbara,CA,93101,2,1,2,1,1,13,42200,1,20,34.419203,-119.6958,Santa Barbara County,6083
245865,Antioch University-New England,25,-2,Keene,NH,03431,2,1,2,1,2,32,28300,2,18,42.932344,-72.293798,Cheshire County,33005
245883,Antioch University-Seattle,29,-2,Seattle,WA,98121-1814,2,1,2,1,2,11,42660,1,19,47.615916,-122.346318,King County,53033
245892,Antioch University,8,-2,Yellow Springs,OH,45387,2,1,2,1,2,41,19430,1,-2,39.80321,-83.908684,Greene County,39057
245953,Mid-America Christian University,20,4,Oklahoma City,OK,73170-9797,2,1,2,2,2,11,36420,1,19,35.347785,-97.578297,Cleveland County,40027
245962,Miller-Motte College-Tulsa,28,2,Tulsa,OK,74145,6,2,3,1,1,11,46140,1,-2,36.109468,-95.903824,Tulsa County,40143
245980,Ponca City Beauty College,-2,-2,Ponca City,OK,74601,9,3,3,1,-2,33,38620,2,-2,36.73957,-97.06801,Kay County,40071
245999,Francis Tuttle Technology Center,-2,-2,Oklahoma City,OK,73142-2789,7,3,1,2,-2,11,36420,1,-2,35.60052,-97.640672,Oklahoma County,40109
246017,Central Technology Center,-2,-2,Drumright,OK,74030,7,3,1,2,-2,42,46140,1,-2,35.994261,-96.585322,Creek County,40037
246035,Carrington College-Portland,-2,-2,Portland,OR,97232-1309,9,3,3,1,-2,11,38900,1,-2,45.532356,-122.653583,Multnomah County,41051
246071,Career Technology Center of Lackawanna County,-2,-2,Scranton,PA,18508,7,3,1,1,-2,13,42540,1,-2,41.452849,-75.652477,Lackawanna County,42069
246354,Palo Alto College,2,4,San Antonio,TX,78224-2499,1,1,1,4,3,11,41700,1,3,29.322955,-98.543468,Bexar County,48029
246415,UCAS University of Cosmetology Arts & Sciences-San Antonio 410,-2,-2,San Antonio,TX,78201,9,3,3,1,-2,21,41700,1,-2,29.493246,-98.551137,Bexar County,48029
246460,Central Texas Beauty College-Round Rock,-2,-2,Round Rock,TX,78664-4604,9,3,3,1,-2,12,12420,1,-2,30.520723,-97.685077,Williamson County,48491
246789,HJ International Graduate School for Peace and Public Leadership,31,-2,New York,NY,10036,2,1,2,1,1,11,35620,1,24,40.754309,-73.981154,New York County,36061
246813,Athens Technical College,21,4,Athens,GA,30601,4,2,1,2,3,12,12020,1,8,33.990183,-83.339598,Clarke County,13059
246895,GateWay Community College-Central City,-2,-2,Phoenix,AZ,85034-4101,7,3,1,1,-2,11,38060,1,-2,33.435686,-112.054912,Maricopa County,4013
246974,Carrington College-San Leandro Campus,21,2,San Leandro,CA,94578-3711,6,2,3,1,2,21,41860,1,13,37.699627,-122.12567,Alameda County,6001
247010,Headmasters School of Hair Design,-2,-2,Lewiston,ID,83501,9,3,3,1,-2,13,30300,1,-2,46.421026,-117.025943,Nez Perce County,16069
247047,The Salon Professional Academy-Nampa,-2,-2,Nampa,ID,83686-5104,9,3,3,1,-2,22,14260,1,-2,43.567768,-116.563413,Canyon County,16027
247065,Beckfield College-Florence,28,2,Florence,KY,41042,3,1,3,1,2,21,17140,1,26,39.017166,-84.641475,Boone County,21015
247083,University of Louisiana-System Administration,-2,-2,Baton Rouge,LA,70802,0,1,1,-2,-2,12,12940,1,-2,30.459815,-91.188679,East Baton Rouge Parish,22033
247153,Dorsey College-Wayne,-2,-2,Wayne,MI,48184,9,3,3,1,-2,21,19820,1,-2,42.28171,-83.382299,Wayne County,26163
247162,Ecumenical Theological Seminary,31,-2,Detroit,MI,48201-3035,2,1,2,1,1,11,19820,1,24,42.344129,-83.055266,Wayne County,26163
247409,Ross Medical Education Center-Saginaw,-2,-2,Saginaw,MI,48603-5227,9,3,3,1,-2,22,40980,1,-2,43.469473,-83.967884,Saginaw County,26145
247603,Sussex County Community College,3,1,Newton,NJ,07860,4,2,1,2,2,41,35620,1,2,41.067633,-74.758079,Sussex County,34037
247649,Landmark College,4,1,Putney,VT,05346,2,1,2,1,2,42,14710,2,23,42.977172,-72.512549,Windham County,50025
247737,Mississippi Community College Board,-2,-2,Jackson,MS,39211,0,2,1,-2,-2,12,27140,1,-2,32.338859,-90.144689,Hinds County,28049
247773,Yeshiva Gedolah of Greater Detroit,31,-2,Oak Park,MI,48237,2,1,2,1,1,21,19820,1,24,42.471924,-83.200754,Oakland County,26125
247834,Collin County Community College District,1,3,McKinney,TX,75069,1,1,1,5,5,21,19100,1,14,33.16241,-96.63894,Collin County,48085
247940,Owensboro Community and Technical College,2,2,Owensboro,KY,42303,4,2,1,2,3,41,36980,1,6,37.717355,-87.082861,Daviess County,21059
248192,Allure Beauty College,-2,-2,Whitesburg,KY,41858,9,3,3,1,-2,43,-2,-2,-2,37.123363,-82.838909,Letcher County,21133
248527,Cloyd's Beauty School 3 Inc,-2,-2,Monroe,LA,71201,9,3,3,1,-2,13,33740,1,-2,32.533231,-92.080603,Ouachita Parish,22073
248606,Moore Norman Technology Center,-2,-2,Norman,OK,73069-8308,4,2,1,2,-2,41,36420,1,-2,35.274434,-97.457319,Cleveland County,40027
248624,Fayette County Career & Technical Institute Practical Nursing Program,-2,-2,Uniontown,PA,15401,7,3,1,1,-2,41,38300,1,-2,39.860976,-79.741718,Fayette County,42051
248633,Franklin County Career and Technology Center,-2,-2,Chambersburg,PA,17202,7,3,1,1,-2,41,16540,1,-2,39.897693,-77.680541,Franklin County,42055
248660,Paul Mitchell the School-Knoxville,-2,-2,Powder Springs,TN,30127,9,3,3,1,-2,12,28940,1,-2,35.92271,-84.057621,Knox County,47093
248703,Ogle School Hair Skin Nails-Hurst,-2,-2,Hurst,TX,76053-4650,9,3,3,1,-2,21,19100,1,-2,32.822035,-97.201403,Tarrant County,48439
248925,Tennessee College of Applied Technology Nashville,-2,-2,Nashville,TN,37209-4515,4,2,1,2,-2,11,34980,1,-2,36.132649,-86.856335,Davidson County,47037
248934,ECPI University,21,4,Virginia Beach,VA,23462,3,1,3,4,3,11,47260,1,19,36.842526,-76.178773,Virginia Beach City,51810
249061,Ms Roberts Academy of Beauty Culture,-2,-2,Hillside,IL,60162-1121,9,3,3,1,-2,21,16980,1,-2,41.881179,-87.884693,Cook County,17031
249238,Paul Mitchell the School-Houston,-2,-2,Houston,TX,77043,9,3,3,1,-2,11,26420,1,-2,29.785868,-95.559723,Harris County,48201
249609,Fortis Institute-Forty Fort,21,2,Forty Fort,PA,18704-2936,9,3,3,1,1,21,42540,1,10,41.281911,-75.882975,Luzerne County,42079
250027,Laurel Business Institute,21,2,Uniontown,PA,15401,6,2,3,1,1,32,38300,1,7,39.90248,-79.724907,Fayette County,42051
250285,Aviation Institute of Maintenance-Philadelphia,-2,-2,Philadelphia,PA,19114-1018,6,2,3,1,-2,11,37980,1,-2,40.070184,-75.007237,Philadelphia County,42101
250744,Dorsey College-Roseville,-2,-2,Roseville,MI,48066,6,2,3,1,-2,21,19820,1,-2,42.527764,-82.915541,Macomb County,26099
250902,Moler-Pickens Beauty Academy,-2,-2,Fairfield,OH,45014,6,2,3,1,-2,21,17140,1,-2,39.317488,-84.499701,Butler County,39017
250993,Red River Technology Center,-2,-2,Duncan,OK,73533,7,3,1,1,-2,41,20340,2,-2,34.491393,-97.99029,Stephens County,40137
251260,Southern Union State Community College,2,6,Wadley,AL,36276,4,2,1,3,3,43,-2,-2,4,33.128785,-85.572382,Randolph County,1111
251312,South University-Columbia,29,4,Columbia,SC,29203,3,1,3,1,2,21,17900,1,17,34.098042,-80.961839,Richland County,45079
260336,Clinton Technical School,-2,-2,Clinton,MO,64735,7,3,1,-1,-2,33,-2,-2,-2,38.363669,-93.768459,Henry County,29083
260363,Greene County Career and Technology Center,-2,-2,Waynesburg,PA,15370-8281,7,3,1,1,-2,32,-2,-2,-2,39.893537,-80.151066,Greene County,42059
260372,Lac Courte Oreilles Ojibwe University,13,2,Hayward,WI,54843,1,1,1,1,1,43,-2,-2,33,45.942252,-91.365002,Sawyer County,55113
260664,Diesel Driving Academy-Shreveport,-2,-2,Shreveport,LA,71109-5209,9,3,3,1,-2,12,43340,1,-2,32.47617,-93.794921,Caddo Parish,22017
260691,Pima Medical Institute-Mesa,21,2,Mesa,AZ,85202,6,2,3,1,2,11,38060,1,10,33.396878,-111.87417,Maricopa County,4013
260789,Platt College-Los Angeles,21,6,Alhambra,CA,91803,3,1,3,1,2,21,31080,1,23,34.081723,-118.150013,Los Angeles County,6037
260813,Platt College-Aurora,28,6,Greenwood Village,CO,80111,3,1,3,1,1,21,19740,1,26,39.613133,-104.899235,Arapahoe County,8005
260929,Paul Mitchell the School-Boise,-2,-2,Boise,ID,83709,9,3,3,1,-2,12,14260,1,-2,43.594479,-116.286058,Ada County,16001
260965,Educators of Beauty College of Cosmetology-Rockford,-2,-2,Rockford,IL,61108,9,3,3,1,-2,12,40420,1,-2,42.268515,-88.98081,Winnebago County,17201
260992,Northwestern College,28,4,Oak Lawn,IL,60453,3,1,3,-1,2,21,16980,1,26,41.721406,-87.742567,Cook County,17031
261436,Douglas J Aveda Institute,-2,-2,East Lansing,MI,48823,6,2,3,1,-2,13,29620,1,-2,42.734606,-84.480467,Ingham County,26065
261676,Ross Medical Education Center-Brighton,-2,-2,Brighton,MI,48116-7402,9,3,3,1,-2,22,19820,1,-2,42.548468,-83.796918,Livingston County,26093
261685,Ross Medical Education Center-Ann Arbor,-2,-2,Ann Arbor,MI,48108-1301,9,3,3,1,-2,21,11460,1,-2,42.25294,-83.666667,Washtenaw County,26161
261719,Dorsey School of Beauty,-2,-2,Taylor,MI,48180-1866,9,3,3,1,-2,21,19820,1,-2,42.254745,-83.259322,Wayne County,26163
261773,Pike-Lincoln Technical Center,-2,-2,Eolia,MO,63344-0038,7,3,1,1,-2,43,-2,-2,-2,39.245484,-91.019918,Pike County,29163
262031,St Charles Community College,2,2,Cottleville,MO,63376-0975,4,2,1,3,3,21,41180,1,1,38.759703,-90.641105,St. Charles County,29183
262086,University of Massachusetts Global,7,5,Aliso Viejo,CA,92656,1,1,1,3,3,21,31080,1,17,33.582886,-117.727737,Orange County,6059
262129,New College of Florida,22,4,Sarasota,FL,34243-2109,1,1,1,1,2,13,35840,1,21,27.384925,-82.55858,Sarasota County,12115
262165,Montana Bible College,31,-2,Billings,MT,59106,2,1,2,1,1,22,13740,1,-2,45.741788,-108.615675,Yellowstone County,30111
262341,Conservatory of Recording Arts and Sciences,-2,-2,Tempe,AZ,85282-1707,9,3,3,1,-2,12,38060,1,-2,33.407853,-111.889544,Maricopa County,4013
262369,Adrian's Beauty College of Turlock,-2,-2,Turlock,CA,95380,9,3,3,1,-2,23,33700,1,-2,37.491448,-120.863784,Stanislaus County,6099
262457,San Joaquin Valley College-Fresno,21,6,Fresno,CA,93710-3616,6,2,3,1,2,11,23420,1,9,36.829907,-119.784003,Fresno County,6019
262466,Dr. Ida Rolf Institute,-2,-2,Boulder,CO,80301-0000,8,3,2,1,-2,12,14500,1,-2,40.066263,-105.203076,Boulder County,8013
362700,Aveda Institute-Fort Myers,-2,-2,Fort Myers,FL,33907,9,3,3,1,-2,13,15980,1,-2,26.596006,-81.870312,Lee County,12071
363013,Ross Medical Education Center-Port Huron,-2,-2,Port Huron,MI,48060-1530,9,3,3,1,-2,23,19820,1,-2,43.024632,-82.452984,St. Clair County,26147
363147,Raphael's School of Beauty Culture Inc-Alliance,-2,-2,Alliance,OH,44601,6,2,3,1,-2,31,15940,1,-2,40.902642,-81.152086,Stark County,39151
363165,Metro Technology Centers,-2,-2,Oklahoma City,OK,73111-5240,4,2,1,2,-2,11,36420,1,-2,35.512549,-97.478182,Oklahoma County,40109
363633,Luna Community College,12,3,Las Vegas,NM,87701,4,2,1,1,2,41,29780,2,5,35.616303,-105.250865,San Miguel County,35047
363679,Grabber School of Hair Design,-2,-2,St. Louis,MO,63126,9,3,3,1,-2,21,41180,1,-2,38.557164,-90.390799,St. Louis County,29189
363712,Yeshivah Gedolah Rabbinical College,31,-2,Miami Beach,FL,33139,2,1,2,1,1,13,33100,1,24,25.782445,-80.141334,Miami-Dade County,12086
363882,Raphael's School of Beauty Culture Inc-Brunswick,-2,-2,Brunswick,OH,44212,6,2,3,1,-2,21,17410,1,-2,41.240245,-81.806142,Medina County,39103
363907,Caribbean University-Ponce,30,6,Ponce,PR,00716-7733,2,1,2,1,2,12,38660,1,22,18.006633,-66.59425,Ponce Municipio,72113
363916,Caribbean University-Vega Baja,15,6,Vega Baja,PR,00964,2,1,2,1,1,21,41980,1,22,18.444882,-66.40315,Vega Baja Municipio,72145
363934,University of Advancing Technology,15,4,Tempe,AZ,85283,3,1,3,1,2,12,38060,1,22,33.377712,-111.976087,Maricopa County,4013
364016,Paradise Valley Community College,2,3,Phoenix,AZ,85032,1,1,1,3,3,11,38060,1,2,33.652135,-112.009865,Maricopa County,4013
364025,Chandler-Gilbert Community College,2,3,Chandler,AZ,85225-2499,4,2,1,4,3,11,38060,1,2,33.293897,-111.795922,Maricopa County,4013
364548,Great Plains Technology Center,-2,-2,Lawton,OK,73505-8399,7,3,1,1,-2,13,30020,1,-2,34.592907,-98.450321,Comanche County,40031
364575,Roane-Jackson Technical Center,-2,-2,Leroy,WV,25252-9700,4,2,1,1,-2,42,-2,-2,-2,38.82254,-81.561142,Jackson County,54035
364627,Pioneer Technology Center,-2,-2,Ponca City,OK,74601,7,3,1,1,-2,33,38620,2,-2,36.72772,-97.093516,Kay County,40071
364636,Portage Lakes Career Center,-2,-2,Uniontown,OH,44685,7,3,1,1,-2,21,10420,1,-2,40.943122,-81.472008,Summit County,39153
364760,Bell Mar Beauty College,-2,-2,Cicero,IL,60804,9,3,3,1,-2,21,16980,1,-2,41.850656,-87.767244,Cook County,17031
364946,Caddo Kiowa Technology Center,-2,-2,Fort Cobb,OK,73038-0190,7,3,1,1,-2,43,-2,-2,-2,35.108561,-98.443443,Caddo County,40015
364964,"Center for Instruction, Technology & Innovation",-2,-2,Mexico,NY,13114,7,3,1,1,-2,42,45060,1,-2,43.457841,-76.259308,Oswego County,36075
365091,International School of Skin Nailcare & Massage Therapy,-2,-2,Sandy Springs,GA,30350,9,3,3,1,-2,12,12060,1,-2,33.971309,-84.359649,Fulton County,13121
365125,Palomar Institute of Cosmetology,-2,-2,San Marcos,CA,92078,9,3,3,1,-2,21,41740,1,-2,33.13663,-117.188351,San Diego County,6073
365198,Southern Oklahoma Technology Center,-2,-2,Ardmore,OK,73401,7,3,1,1,-2,41,11620,2,-2,34.186239,-97.082971,Carter County,40019
365213,Autry Technology Center,-2,-2,Enid,OK,73703-2506,4,2,1,1,-2,13,21420,1,-2,36.419122,-97.89719,Garfield County,40047
365240,Greene County Career Center,-2,-2,Xenia,OH,45385-9545,7,3,1,1,-2,41,19430,1,-2,39.662386,-83.915659,Greene County,39057
365374,Canadian Valley Technology Center,-2,-2,El Reno,OK,73036-9117,4,2,1,2,-2,41,36420,1,-2,35.509208,-97.881967,Canadian County,40017
365383,Wilkes-Barre Area Career and Technical Center Practical Nursing,-2,-2,Wilkes Barre,PA,18705-0699,7,3,1,1,-2,21,42540,1,-2,41.262154,-75.810121,Luzerne County,42079
365480,Meridian Technology Center,-2,-2,Stillwater,OK,74074-1899,4,2,1,2,-2,32,44660,2,-2,36.106981,-97.108414,Payne County,40119
365505,Waynesville Career Center,-2,-2,Waynesville,MO,65583,7,3,1,1,-2,33,22780,2,-2,37.811315,-92.21393,Pulaski County,29169
365693,Capitol Beauty School,-2,-2,Omaha,NE,68137-2325,6,2,3,1,-2,11,36540,1,-2,41.209501,-96.082248,Douglas County,31055
365763,Morris County Vocational School District,-2,-2,Denville,NJ,07834,7,3,1,1,-2,21,35620,1,-2,40.877531,-74.479263,Morris County,34027
365824,Ross Medical Education Center-Roosevelt Park,-2,-2,Roosevelt Park,MI,49441-4188,9,3,3,1,-2,22,34740,1,-2,43.191474,-86.267098,Muskegon County,26121
365833,Ross Medical Education Center-Kentwood,-2,-2,Kentwood,MI,49508-5271,9,3,3,1,-2,13,24340,1,-2,42.880955,-85.605379,Kent County,26081
366003,South Florida Bible College and Theological Seminary,13,3,Deerfield Beach,FL,33442,2,1,2,1,1,13,33100,1,22,26.30294,-80.134508,Broward County,12011
366155,Cloyd's Barber School 2 Inc,-2,-2,Monroe,LA,71201,9,3,3,1,-2,13,33740,1,-2,32.485377,-92.090159,Ouachita Parish,22073
366191,Universal Technical Institute of Illinois Inc,-2,-2,Lisle,IL,60532-0000,6,2,3,2,-2,21,16980,1,-2,41.80697,-88.104,DuPage County,17043
366252,Pennsylvania College of Technology,21,6,Williamsport,PA,17701-5799,1,1,1,2,3,13,48700,1,23,41.234145,-77.023665,Lycoming County,42081
366261,Commonwealth Institute of Funeral Service,21,4,Houston,TX,77090-5918,5,2,2,1,1,11,26420,1,12,29.989545,-95.430153,Harris County,48201
366270,Delta College of Arts & Technology,23,2,Baton Rouge,LA,70806-1529,6,2,3,1,1,12,12940,1,12,30.463619,-91.113841,East Baton Rouge Parish,22033
366340,Stone Child College,13,4,Box Elder,MT,59521-9796,1,1,1,1,2,43,-2,-2,33,48.289808,-109.870182,Chouteau County,30015
366368,New York Academy of Art,23,-2,New York,NY,10013-2911,2,1,2,1,1,11,35620,1,30,40.718388,-74.006019,New York County,36061
366395,Suffolk County Community College,1,2,Selden,NY,11784-2899,4,2,1,4,4,21,35620,1,1,40.848963,-73.056165,Suffolk County,36103
366401,Las Positas College,2,2,Livermore,CA,94551-7650,4,2,1,3,3,13,41860,1,1,37.710873,-121.80058,Alameda County,6001
366465,Ogeechee Technical College,12,4,Statesboro,GA,30458,4,2,1,2,2,32,44340,2,8,32.395767,-81.818517,Bulloch County,13031
366535,Remington College-Mobile Campus,21,4,Mobile,AL,36609,5,2,2,1,1,12,33660,1,8,30.67173,-88.143941,Mobile County,1097
366553,Southern Technical College,29,4,Fort Myers,FL,33907-1108,6,2,3,1,2,13,15980,1,26,26.596097,-81.877644,Lee County,12071
366571,Mercy-St Luke's School of Radiologic Technology,-2,-2,Cedar Rapids,IA,52402,5,2,2,1,-2,12,16300,1,-2,41.985552,-91.660609,Linn County,19113
366623,Northwest Technology Center-Alva,-2,-2,Alva,OK,73717,7,3,1,1,-2,41,-2,-2,-2,36.786733,-98.675711,Woods County,40151
366711,California State University-San Marcos,9,4,San Marcos,CA,92096-0001,1,1,1,4,3,21,41740,1,18,33.130569,-117.159013,San Diego County,6073
367088,Tricoci University of Beauty Culture LLC-Bloomington,-2,-2,Bloomington,IN,47404,9,3,3,1,-2,13,14020,1,-2,39.181606,-86.536403,Monroe County,18105
367103,Interactive College of Technology-Newport,-2,-2,Newport,KY,41071,6,2,3,1,-2,21,17140,1,-2,39.084818,-84.479078,Campbell County,21037
367112,Miller-Motte College-McCann-Monroe,21,4,Monroe,LA,71201,6,2,3,1,1,13,33740,1,7,32.524328,-92.10098,Ouachita Parish,22073
367158,Ross Medical Education Center-Taylor,-2,-2,Taylor,MI,48180-6016,9,3,3,1,-2,21,19820,1,-2,42.194933,-83.250307,Wayne County,26163
367361,Interactive College of Technology,12,2,Houston,TX,77063,6,2,3,1,1,11,26420,1,13,29.734143,-95.539975,Harris County,48201
367431,Butler Beauty Academy-New Castle Beauty Academy,-2,-2,New Castle,PA,16101,9,3,3,1,-2,31,38300,1,-2,40.999207,-80.341891,Lawrence County,42073
367459,NorthWest Arkansas Community College,2,4,Bentonville,AR,72712-5091,4,2,1,3,3,13,22220,1,2,36.357704,-94.17289,Benton County,5007
367875,H W Brewster Technical College,-2,-2,Tampa,FL,33602,4,2,1,1,-2,11,45300,1,-2,27.96373,-82.461722,Hillsborough County,12057
367884,Hodges University,13,4,Fort Myers,FL,33966,2,1,2,1,2,13,15980,1,20,26.610865,-81.821419,Lee County,12071
367954,University of St. Augustine for Health Sciences,29,-2,San Marcos,CA,92069,3,1,3,2,3,21,41740,1,26,33.151849,-117.165964,San Diego County,6073
367972,Capital Area Career Center,-2,-2,Springfield,IL,62712-3803,7,3,1,1,-2,41,44100,1,-2,39.718311,-89.626262,Sangamon County,17167
367981,Hair Professionals Career College,-2,-2,Palos Hills,IL,60465,9,3,3,1,-2,21,16980,1,-2,41.702881,-87.816614,Cook County,17031
368230,Empire Beauty School-Bloomfield,-2,-2,Bloomfield,NJ,07003,9,3,3,1,-2,21,35620,1,-2,40.79497,-74.199706,Essex County,34013
368364,Southwest Technology Center,-2,-2,Altus,OK,73521,7,3,1,1,-2,41,11060,2,-2,34.668194,-99.341161,Jackson County,40065
368407,Western Area Career & Technology Center,-2,-2,Canonsburg,PA,15317,7,3,1,1,-2,41,38300,1,-2,40.254722,-80.246117,Washington County,42125
368452,Nossi College of Art and Design,23,2,Nashville,TN,37115,3,1,3,1,1,11,34980,1,30,36.24323,-86.738561,Davidson County,47037
368629,Pima Medical Institute-Seattle,21,2,Seattle,WA,98115,6,2,3,1,2,11,42660,1,10,47.699144,-122.326844,King County,53033
368647,Mineral County Vocational Technical Center,-2,-2,Keyser,WV,26726,7,3,1,1,-2,33,19060,2,-2,39.427976,-78.987462,Mineral County,54057
368771,Hypnosis Motivation Institute,-2,-2,Tarzana,CA,91356-4159,5,2,2,1,-2,11,31080,1,-2,34.170219,-118.538719,Los Angeles County,6037
368832,Thanh Le College School of Cosmetology,-2,-2,Garden Grove,CA,92840,9,3,3,1,-2,21,31080,1,-2,33.789713,-117.908306,Orange County,6059
368911,Southeastern Technical College,29,2,Vidalia,GA,30474,4,2,1,2,2,33,47080,2,9,32.20393,-82.365827,Toombs County,13279
369002,Massachusetts School of Law,26,-2,Andover,MA,01810,2,1,2,1,1,21,14460,1,31,42.682106,-71.19954,Essex County,25009
369400,Universal Technical Institute-Orlando,21,6,Orlando,FL,32837,6,2,3,1,2,21,36740,1,11,28.420257,-81.407041,Orange County,12095
369419,Erwin Technical College,-2,-2,Tampa,FL,33610-8299,4,2,1,1,-2,11,45300,1,-2,27.997242,-82.435933,Hillsborough County,12057
369446,Rosel School of Cosmetology,-2,-2,Niles,IL,60714,9,3,3,1,-2,21,16980,1,-2,42.050202,-87.838131,Cook County,17031
369455,Worsham College of Mortuary Science,21,-2,Wheeling,IL,60090-2646,6,2,3,1,1,21,16980,1,12,42.147858,-87.927374,Cook County,17031
369516,Bryan University,29,2,Springfield,MO,65804,3,1,3,1,1,12,44180,1,23,37.135397,-93.248107,Greene County,29077
369659,Oregon College of Oriental Medicine,29,-2,Portland,OR,97209,2,1,2,-1,1,11,38900,1,26,45.524121,-122.671099,Multnomah County,41051
369668,Central Pennsylvania Institute of Science and Technology,21,4,Pleasant Gap,PA,16823,4,2,1,1,1,41,44300,1,11,40.882168,-77.740923,Centre County,42027
369686,Northwest Educational Center,-2,-2,Houston,TX,77092,9,3,3,1,-2,11,26420,1,-2,29.813796,-95.473149,Harris County,48201
369783,PCI Health Training Center,-2,-2,Dallas,TX,75247-4720,9,3,3,1,-2,11,19100,1,-2,32.82007,-96.876316,Dallas County,48113
369950,Hamrick School,-2,-2,Medina,OH,44256,9,3,3,1,-2,41,17410,1,-2,41.135812,-81.728742,Medina County,39103
371052,Fortis College,-2,-2,Mobile,AL,36608,9,3,3,1,-2,12,33660,1,-2,30.68413,-88.205581,Mobile County,1097
371690,Downey Adult School,-2,-2,Downey,CA,90241,4,2,1,1,-2,21,31080,1,-2,33.91965,-118.115727,Los Angeles County,6037
371830,CRU Institute of Cosmetology and Barbering,-2,-2,Garden Grove,CA,92845-4321,9,3,3,1,-2,21,31080,1,-2,33.790145,-118.030758,Orange County,6059
371928,Modern Technology School,-2,-2,Fountain Valley,CA,92708,6,2,3,1,-2,13,31080,1,-2,33.723142,-117.918837,Orange County,6059
371964,National Career Education,-2,-2,Citrus Heights,CA,95610,9,3,3,1,-2,21,40900,1,10,38.679835,-121.273917,Sacramento County,6067
372028,North-West College-Glendale,-2,-2,Glendale,CA,91203,9,3,3,1,-2,12,31080,1,-2,34.148981,-118.255462,Los Angeles County,6037
372073,Fremont University,29,2,Cerritos,CA,90703,3,1,3,1,1,21,31080,1,23,33.868382,-118.097019,Los Angeles County,6037
372082,Pomona Unified School District Adult and Career Education,-2,-2,Pomona,CA,91767,7,3,1,1,-2,21,31080,1,-2,34.061736,-117.720478,Los Angeles County,6037
372240,Universal College of Beauty Inc-Los Angeles 2,-2,-2,Los Angeles,CA,90008,9,3,3,1,-2,11,31080,1,-2,34.004498,-118.332236,Los Angeles County,6037
372329,IBMC College,21,2,Fort Collins,CO,80525,6,2,3,1,2,12,22660,1,10,40.534067,-105.078989,Larimer County,8069
372356,Avalon Institute-Aurora,-2,-2,Aurora,CO,80014,9,3,3,1,-2,11,19740,1,-2,39.676308,-104.848602,Arapahoe County,8005
372462,Academy of Cosmetology,-2,-2,Merritt Island,FL,32953,9,3,3,1,-2,21,37340,1,-2,28.394053,-80.70372,Brevard County,12009
372921,Fortis College-Smyrna,21,2,Smyrna,GA,30080-1348,6,2,3,1,2,21,12060,1,10,33.900255,-84.543009,Cobb County,13067
373085,Ross College-Davenport,21,2,Davenport,IA,52807-2095,6,2,3,1,1,12,19340,1,10,41.555054,-90.550669,Scott County,19163
373216,Pivot Point Academy,-2,-2,Bloomingdale,IL,60108-0000,9,3,3,1,-2,21,16980,1,-2,41.955935,-88.076665,DuPage County,17043
373456,Blalock's Professional Beauty College,-2,-2,Shreveport,LA,71105,9,3,3,1,-2,12,43340,1,-2,32.436926,-93.716987,Caddo Parish,22017
373526,Diesel Driving Academy-Baton Rouge,-2,-2,Baton Rouge,LA,70815,9,3,3,1,-2,12,12940,1,-2,30.465289,-91.103287,East Baton Rouge Parish,22033
373678,New England Hair Academy,-2,-2,Malden,MA,02148,9,3,3,1,-2,21,14460,1,-2,42.427969,-71.067282,Middlesex County,25017
373696,Rob Roy Academy-Worcester,-2,-2,Worcester,MA,01609,9,3,3,1,-2,12,49340,1,-2,42.263673,-71.807728,Worcester County,25027
373711,Upper Cape Cod Regional Technical School,-2,-2,Bourne,MA,02532,7,3,1,1,-2,41,12700,1,-2,41.745328,-70.578837,Barnstable County,25001
373784,All-State Career-Baltimore,-2,-2,Baltimore,MD,21224,9,3,3,1,-2,11,12580,1,-2,39.264664,-76.544942,Baltimore City,24510
374024,Adler Graduate School,29,-2,Minnetonka,MN,55343,2,1,2,1,1,13,33460,1,26,44.893479,-93.410236,Hennepin County,27053
374316,Academy of Hair Design-Jackson,-2,-2,Jackson,MS,39211,9,3,3,1,-2,12,27140,1,-2,32.376376,-90.147044,Hinds County,28049
374343,KC's School of Hair Design,-2,-2,Pontotoc,MS,38863-0000,9,3,3,1,-2,43,-2,-2,-2,34.256411,-89.015947,Pontotoc County,28115
374574,Lincoln Technical Institute-Moorestown,-2,-2,Moorestown,NJ,08057,9,3,3,1,-2,21,37980,1,-2,39.94847,-74.955631,Burlington County,34005
374592,MCVSD,-2,-2,Freehold,NJ,07728-5033,7,3,1,1,-2,21,35620,1,-2,40.265559,-74.249254,Monmouth County,34025
375230,Yeshiva Gedolah Imrei Yosef D'spinka,31,-2,Brooklyn,NY,11219,2,1,2,1,1,11,35620,1,24,40.628468,-73.992328,Kings County,36047
375373,Knox County Career Center,-2,-2,Mount Vernon,OH,43050,7,3,1,1,-2,32,34540,2,-2,40.375889,-82.475117,Knox County,39083
375407,Madison Adult Career Center,-2,-2,Mansfield,OH,44905,4,2,1,1,-2,23,31900,1,-2,40.774328,-82.460912,Richland County,39139
375416,Remington College-Cleveland Campus,21,4,Cleveland,OH,44125-1957,5,2,2,1,1,21,17410,1,9,41.422951,-81.579347,Cuyahoga County,39035
375568,Brown & Clermont Adult Career Campuses,-2,-2,Bethel,OH,45106,7,3,1,1,-2,41,17140,1,-2,38.969393,-84.094071,Clermont County,39025
375656,Chisholm Trail Technology Center,-2,-2,Omega,OK,73764-6335,7,3,1,1,-2,43,-2,-2,-2,35.84221,-98.20184,Kingfisher County,40073
375683,Gordon Cooper Technology Center,-2,-2,Shawnee,OK,74804,4,2,1,1,-2,32,43060,2,-2,35.380321,-96.908013,Pottawatomie County,40125
375726,Kiamichi Technology Center-McAlester,-2,-2,McAlester,OK,74501,7,3,1,1,-2,33,32540,2,-2,34.924173,-95.745999,Pittsburg County,40121
375939,YTI Career Institute-Altoona,21,2,Altoona,PA,16601,6,2,3,1,1,23,11020,1,10,40.485879,-78.401194,Blair County,42013
375966,Eastern Center for Arts and Technology,-2,-2,Willow Grove,PA,19090,7,3,1,1,-2,21,37980,1,-2,40.158437,-75.108649,Montgomery County,42091
375984,Empire Beauty School-Center City Philadelphia,-2,-2,Philadelphia,PA,19102-2701,9,3,3,1,-2,11,37980,1,-2,39.950921,-75.166566,Philadelphia County,42101
376224,CEM College-Humacao,28,6,Humacao,PR,00791-4210,3,1,3,1,1,21,41980,1,26,18.148771,-65.821107,Humacao Municipio,72069
376242,Colegio Mayor de Tecnologia Inc,-2,-2,Arroyo,PR,00714-0270,9,3,3,1,-2,23,25020,1,-2,17.971111,-66.060409,Arroyo Municipio,72015
376288,Institucion Chaviano de Mayaguez,-2,-2,Mayaguez,PR,00680,9,3,3,1,-2,13,32420,1,-2,18.200763,-67.137002,Mayagüez Municipio,72097
376330,Liceo de Arte-Dise-O y Comercio,-2,-2,Caguas,PR,00725,9,3,3,1,-2,13,41980,1,-2,18.233122,-66.034057,Caguas Municipio,72025
376385,Universal Technology College of Puerto Rico,28,5,Aguadilla,PR,00603,2,1,2,1,1,13,10380,1,26,18.42812,-67.155628,Aguadilla Municipio,72005
376446,Academy of Hair Technology,-2,-2,Greenville,SC,29615-2363,9,3,3,1,-2,21,24860,1,-2,34.874681,-82.327426,Greenville County,45045
376631,Mr Wayne's School of Unisex Hair Design,-2,-2,Cookeville,TN,38501,9,3,3,1,-2,33,18260,2,-2,36.158772,-85.512381,Putnam County,47141
376677,Queen City College,-2,-2,Clarksville,TN,37042,9,3,3,1,-2,12,17300,1,-2,36.573521,-87.408706,Montgomery County,47125
376695,College of the Marshall Islands,13,-2,Majuro,MH,96960,1,1,1,2,2,-3,-2,-2,14,7.102688,171.378129,,-2
377111,Remington College-Fort Worth Campus,21,2,North Richland Hills,TX,76180,5,2,2,1,1,21,19100,1,14,32.847676,-97.24061,Tarrant County,48439
377193,UCAS University of Cosmetology Arts & Sciences,-2,-2,San Antonio,TX,78214,9,3,3,1,-2,11,41700,1,-2,29.354354,-98.484836,Bexar County,48029
377218,School of Automotive Machinists & Technology,21,6,Houston,TX,77055-1803,6,2,3,1,1,11,26420,1,11,29.805166,-95.476017,Harris County,48201
377272,Nuvani Institute,-2,-2,San Antonio,TX,78212-1901,9,3,3,1,-2,11,41700,1,-2,29.457062,-98.498977,Bexar County,48029
377281,Nuvani Institute,-2,-2,Eagle Pass,TX,78852-4859,9,3,3,1,-2,13,20580,1,-2,28.707864,-100.506009,Maverick County,48323
377315,Texas College of Cosmetology-Abilene,-2,-2,Abilene,TX,79605,9,3,3,1,-2,12,10180,1,-2,32.448891,-99.747159,Taylor County,48441
377449,Centura College-Newport News,-2,-2,Newport News,VA,23608,9,3,3,1,-2,12,47260,1,9,37.140484,-76.517328,Newport News City,51700
377458,Centura College-Norfolk,29,2,Norfolk,VA,23518-4833,6,2,3,1,2,12,47260,1,10,36.908434,-76.232569,Norfolk City,51710
377485,Virginia Beach City Public Schools School of Practical Nursing,-2,-2,Virginia Beach,VA,23456-2499,7,3,1,1,-2,11,47260,1,-2,36.743065,-76.074108,Virginia Beach City,51810
377546,Northwest College of Art & Design,23,2,Tacoma,WA,98402,3,1,3,1,1,12,42660,1,30,47.25249,-122.43885,Pierce County,53053
377555,University of Washington-Bothell Campus,9,4,Bothell,WA,98011-8246,1,1,1,3,3,21,42660,1,18,47.759773,-122.191293,King County,53033
377564,University of Washington-Tacoma Campus,9,4,Tacoma,WA,98402-3100,1,1,1,2,3,12,42660,1,18,47.244594,-122.438541,Pierce County,53053
377643,Huntington School of Beauty Culture,-2,-2,Huntington,WV,25705-2030,6,2,3,1,-2,22,26580,1,-2,38.410212,-82.325688,Cabell County,54011
377652,Valley College-Beckley,-2,-2,Beckley,WV,25801,6,2,3,1,-2,13,13220,1,-2,37.789287,-81.187539,Raleigh County,54081
377661,Valley College-Martinsburg,29,2,Martinsburg,WV,25404-6203,3,1,3,1,2,22,25180,1,23,39.486897,-77.959272,Berkeley County,54003
377722,Bellus Academy-Poway,-2,-2,Poway,CA,92064,6,2,3,1,-2,21,41740,1,-2,32.957184,-117.042531,San Diego County,6073
377759,Capstone College,-2,-2,Pasadena,CA,91103,9,3,3,1,-2,12,31080,1,-2,34.165741,-118.149478,Los Angeles County,6037
378105,Central Coast College,21,6,Salinas,CA,93906,6,2,3,1,2,12,41500,1,13,36.706345,-121.652394,Monterey County,6053
378576,Pacific College of Health and Science,29,2,San Diego,CA,92108-4407,3,1,3,1,2,11,41740,1,26,32.778391,-117.16073,San Diego County,6073
378886,Artistic Nails and Beauty Academy-Tampa,-2,-2,Tampa,FL,33605,9,3,3,1,-2,11,45300,1,-2,27.951358,-82.403486,Hillsborough County,12057
378956,National Aviation Academy of Tampa Bay,-2,-2,Clearwater,FL,33760,6,2,3,1,-2,21,45300,1,-2,27.89484,-82.721372,Pinellas County,12103
379621,Madison Oneida BOCES-Practical Nursing Program,-2,-2,Verona,NY,13478-0168,7,3,1,1,-2,42,46540,1,-2,43.141074,-75.560043,Oneida County,36065
379746,College of Health Care Professions,29,4,Houston,TX,77054,6,2,3,1,1,11,26420,1,-2,29.678462,-95.420012,Harris County,48201
379782,Center for Advanced Legal Studies,12,6,Houston,TX,77042-1912,3,1,3,1,1,11,26420,1,13,29.75302,-95.558831,Harris County,48201
380067,Houston Training School-Main Campus,-2,-2,Houston,TX,77029,9,3,3,1,-2,21,26420,1,-2,29.77291,-95.24417,Harris County,48201
380359,Bay Mills Community College,13,6,Brimley,MI,49715,1,1,1,1,2,42,42300,2,33,46.45482,-84.606312,Chippewa County,26033
380368,Fond du Lac Tribal and Community College,12,4,Cloquet,MN,55720-2342,1,1,1,2,2,31,20260,1,33,46.690069,-92.451326,Carlton County,27017
380377,Northwest Indian College,4,4,Bellingham,WA,98226-9217,1,1,1,1,2,22,13380,1,33,48.794131,-122.614656,Whatcom County,53073
380438,Provo College,28,4,Provo,UT,84601,3,1,3,1,2,12,39340,1,26,40.245294,-111.68431,Utah County,49049
381255,CET-Coachella,-2,-2,Coachella,CA,92236,8,3,2,1,-2,21,40140,1,-2,33.692248,-116.185875,Riverside County,6065
381282,CET-Oxnard,-2,-2,Oxnard,CA,93030,8,3,2,1,-2,12,37100,1,-2,34.194208,-119.18145,Ventura County,6111
381325,CET-Santa Maria,-2,-2,Santa Maria,CA,93458,8,3,2,1,-2,12,42200,1,-2,34.943576,-120.441978,Santa Barbara County,6083
381352,Colorado Chinese Medicine University,29,-2,Denver,CO,80206,3,1,3,1,1,11,19740,1,26,39.739437,-104.960118,Denver County,8031
381370,Michigan College of Beauty-Troy,-2,-2,Troy,MI,48083,9,3,3,1,-2,13,19820,1,-2,42.570337,-83.12734,Oakland County,26125
381404,Ogle School Hair Skin Nails-Dallas,-2,-2,Dallas,TX,75214-2389,9,3,3,1,-2,11,19100,1,-2,32.836833,-96.754693,Dallas County,48113
381459,Phoenix Seminary,31,-2,Scottsdale,AZ,85260,2,1,2,1,1,12,38060,1,24,33.581645,-111.910665,Maricopa County,4013
381486,Faust Institute of Cosmetology-Spirit Lake,-2,-2,Spirit Lake,IA,51360,9,3,3,1,-2,33,44020,2,-2,43.42141,-95.113596,Dickinson County,19059
381699,Cheeks Beauty Academy,-2,-2,Loveland,CO,80538,9,3,3,1,-2,21,22660,1,-2,40.445169,-105.078334,Larimer County,8069
381732,Colorado School of Healing Arts,-2,-2,Lakewood,CO,80226,9,3,3,1,-2,21,19740,1,-2,39.697033,-105.082406,Jefferson County,8059
382258,Mt. Diablo Adult Education-Mt. Diablo USD,-2,-2,Concord,CA,94518-1199,7,3,1,1,-2,21,41860,1,-2,37.968852,-122.026805,Contra Costa County,6013
382416,Greater Lowell Technical School,-2,-2,Tyngsboro,MA,01879,7,3,1,1,-2,21,14460,1,-2,42.653908,-71.38618,Middlesex County,25017
382461,Academy of Hair Design-Pearl,-2,-2,Pearl,MS,39208,9,3,3,1,-2,21,27140,1,-2,32.281983,-90.115129,Rankin County,28121
382780,Genesis Career College-Lebanon,-2,-2,Lebanon,TN,37087,9,3,3,1,-2,31,34980,1,-2,36.21618,-86.337952,Wilson County,47189
382911,Southwest College for the Deaf,3,2,Big Spring,TX,79720-7298,4,2,1,1,1,33,13700,2,4,32.226498,-101.50294,Howard County,48227
382957,Fortis College-Richmond,28,2,Richmond,VA,23230,6,2,3,1,2,21,40060,1,10,37.58153,-77.488437,Henrico County,51087
383020,Midwest College of Oriental Medicine-Racine,29,-2,Racine,WI,53403-9747,3,1,3,1,1,13,39540,1,26,42.678051,-87.856679,Racine County,55101
383084,Hacienda La Puente Adult Education,-2,-2,La Puente,CA,91746-0002,7,3,1,1,-2,21,31080,1,10,34.043301,-117.979139,Los Angeles County,6037
383163,La Belle Beauty Academy,-2,-2,Miami,FL,33135,9,3,3,1,-2,11,33100,1,-2,25.764817,-80.241978,Miami-Dade County,12086
383190,Hawaii Community College,3,2,Hilo,HI,96720-5096,4,2,1,2,2,33,25900,2,7,19.704756,-155.069653,Hawaii County,15001
383279,Robert Fiance Beauty Schools-North Plainfield,-2,-2,North Plainfield,NJ,07060,9,3,3,1,-2,21,35620,1,-2,40.622543,-74.427019,Somerset County,34035
383297,Long Island Beauty School-Hauppauge,-2,-2,Hauppauge,NY,11788,9,3,3,1,-2,21,35620,1,-2,40.828573,-73.200285,Suffolk County,36103
383312,Buckeye Joint Vocational School,-2,-2,New Philadelphia,OH,44663-9450,7,3,1,1,-2,41,35420,2,-2,40.470531,-81.401957,Tuscarawas County,39157
383330,Sandusky Career Center,-2,-2,Sandusky,OH,44870,7,3,1,1,-2,13,41780,1,-2,41.440957,-82.766473,Erie County,39043
383367,Greater Altoona Career & Technology Center,-2,-2,Altoona,PA,16602-3616,7,3,1,1,-2,13,11020,1,-2,40.508337,-78.398094,Blair County,42013
383464,Central Texas Beauty College-Temple,-2,-2,Temple,TX,76504-6948,9,3,3,1,-2,13,28660,1,-2,31.084871,-97.379234,Bell County,48027
383525,Erie 2 Chautauqua Cattaraugus BOCES-Practical Nursing Program,-2,-2,Angola,NY,14006,7,3,1,1,-2,32,27460,2,-2,42.117532,-79.21915,Chautauqua County,36013
383765,Empire Beauty School-Brooklyn,-2,-2,Brooklyn,NY,11214,9,3,3,1,-2,11,35620,1,-2,40.599279,-73.989884,Kings County,36047
383996,Eastern New Mexico University Ruidoso Branch Community College,3,5,Ruidoso,NM,88345,4,2,1,1,2,33,40760,2,3,33.346376,-105.677273,Lincoln County,35027
384236,UEI College-Ontario,-2,-2,Ontario,CA,91764-5574,9,3,3,2,-2,12,40140,1,-2,34.0694,-117.547733,San Bernardino County,6071
384245,UEI College-Reseda,-2,-2,Reseda,CA,91335-4631,9,3,3,2,-2,11,31080,1,-2,34.200881,-118.526784,Los Angeles County,6037
384254,Beacon College,15,-2,Leesburg,FL,34748,2,1,2,1,1,22,36740,1,22,28.811281,-81.87415,Lake County,12069
384306,Acupuncture and Integrative Medicine College-Berkeley,29,-2,Berkeley,CA,94704,2,1,2,1,1,12,41860,1,26,37.862754,-122.267636,Alameda County,6001
384333,Estrella Mountain Community College,2,4,Avondale,AZ,85392-1000,4,2,1,4,3,21,38060,1,2,33.480722,-112.343158,Maricopa County,4013
384342,Heartland Community College,2,4,Normal,IL,61761-9446,4,2,1,2,3,22,14010,1,3,40.53301,-89.014776,McLean County,17113
384412,University of the Potomac-Washington DC Campus,24,3,Washington,DC,20005,3,1,3,2,2,11,47900,1,29,38.90054,-77.032531,District of Columbia,11001
384421,Rabbi Jacob Joseph School,31,-2,Edison,NJ,08817-4494,2,1,2,1,1,21,35620,1,24,40.501001,-74.397954,Middlesex County,34023
385132,The Salon Professional Academy-Melbourne,-2,-2,Melbourne,FL,32904,9,3,3,1,-2,13,37340,1,-2,28.081445,-80.651439,Brevard County,12009
385415,Albert Einstein College of Medicine,27,-2,Bronx,NY,10461-1900,2,1,2,2,2,11,35620,1,27,40.852847,-73.846327,Bronx County,36005
385503,Fortis Institute-Scranton,21,2,Scranton,PA,18509-2903,6,2,3,1,1,13,42540,1,10,41.417104,-75.651683,Lackawanna County,42069
385619,Everglades University,20,4,Boca Raton,FL,33431,2,1,2,2,2,13,33100,1,20,26.391218,-80.108331,Palm Beach County,12099
386153,Seminar L'moros Bais Yaakov,-2,-2,Brooklyn,NY,11219,5,2,2,1,-2,11,35620,1,13,40.634863,-73.985376,Kings County,36047
386472,Herzing University-Orlando,28,4,Winter Park,FL,32792,2,1,2,1,2,21,36740,1,26,28.615784,-81.312669,Seminole County,12117
387925,Cortiva Institute,-2,-2,Pompano Beach,FL,33064,9,3,3,1,-2,13,33100,1,-2,26.275351,-80.150541,Broward County,12011
388520,College of Biblical Studies-Houston,31,-2,Houston,TX,77036-3211,2,1,2,1,1,11,26420,1,24,29.716676,-95.506559,Harris County,48201
389860,Mid-EastCTC-Adult Education,-2,-2,Zanesville,OH,43701,7,3,1,1,-2,41,49780,2,-2,39.937192,-81.976056,Muskingum County,39119
390905,Polaris Career Center,-2,-2,Middleburg Heights,OH,44130-3375,7,3,1,1,-2,21,17410,1,-2,41.3644,-81.832474,Cuyahoga County,39035
391005,P&A Scholars Beauty School,-2,-2,Detroit,MI,48204,9,3,3,1,-2,11,19820,1,-2,42.376091,-83.157878,Wayne County,26163
391759,Sharp's Academy of Hairstyling,-2,-2,Grand Blanc,MI,48439,9,3,3,1,-2,21,22420,1,-2,42.912036,-83.624526,Genesee County,26049
392257,The College of Health Care Professions-Northwest,29,2,Houston,TX,77092,3,1,3,2,3,11,26420,1,26,29.836247,-95.485204,Harris County,48201
392354,"School of Professional Horticulture, New York Botanical Garden",-2,-2,Bronx,NY,10458-5126,5,2,2,1,-2,11,35620,1,-2,40.866742,-73.878164,Bronx County,36005
392415,Fortis College,29,4,Houston,TX,77082,6,2,3,1,2,11,26420,1,10,29.732861,-95.64832,Harris County,48201
393649,UEI College-Gardena,-2,-2,Gardena,CA,90247-4201,6,2,3,2,-2,11,31080,1,-2,33.893016,-118.287234,Los Angeles County,6037
393861,Asian-American International Beauty College,-2,-2,Westminster,CA,92683,9,3,3,1,-2,21,31080,1,-2,33.759524,-117.991643,Orange County,6059
395362,Copper Mountain Community College,3,4,Joshua Tree,CA,92252,4,2,1,2,2,42,40140,1,1,34.140464,-116.213939,San Bernardino County,6071
395690,Diversified Vocational College,-2,-2,Los Angeles,CA,90017-1604,9,3,3,1,-2,11,31080,1,-2,34.056102,-118.272364,Los Angeles County,6037
397942,UEI College-Fresno,-2,-2,Fresno,CA,93726-5398,9,3,3,2,-2,11,23420,1,-2,36.782858,-119.789002,Fresno County,6019
399212,Santiago Canyon College,2,3,Orange,CA,92869-4512,4,2,1,4,3,12,31080,1,1,33.795449,-117.766762,Orange County,6059
399869,Southern California Institute of Technology,30,6,Anaheim,CA,92801-3758,3,1,3,1,2,11,31080,1,28,33.8381,-117.950661,Orange County,6059
399911,Soka University of America,22,3,Aliso Viejo,CA,92656-8081,2,1,2,1,1,21,31080,1,21,33.554546,-117.735344,Orange County,6059
400080,Summit College,-2,-2,San Bernardino,CA,92408,9,3,3,1,-2,12,40140,1,-2,34.072073,-117.26818,San Bernardino County,6071
400187,Advance Beauty College,-2,-2,Garden Grove,CA,92843,9,3,3,1,-2,21,31080,1,-2,33.759905,-117.952637,Orange County,6059
400558,Los Angeles Pacific College,23,-2,Los Angeles,CA,90010-1758,6,2,3,1,1,11,31080,1,1,34.062096,-118.295073,Los Angeles County,6037
401223,World Mission University,31,-2,Los Angeles,CA,90020,2,1,2,1,1,11,31080,1,24,34.064918,-118.289484,Los Angeles County,6037
401250,Yo San University of Traditional Chinese Medicine,29,-2,Los Angeles,CA,90066,2,1,2,1,1,21,31080,1,26,33.993287,-118.442756,Los Angeles County,6037
401764,John Amico School of Hair Design,-2,-2,Oak Forest,IL,60452-2501,9,3,3,1,-2,21,16980,1,-2,41.613957,-87.736464,Cook County,17031
402563,Delta College Inc,-2,-2,Covington,LA,70433-8947,9,3,3,1,-2,22,43640,1,-2,30.467468,-90.086695,St. Tammany Parish,22103
402800,Tri-State Cosmetology Institute,-2,-2,El Paso,TX,79935,9,3,3,1,-2,11,21340,1,-2,31.749969,-106.3372,El Paso County,48141
403469,Frontier Community College,2,4,Fairfield,IL,62837,4,2,1,-2,3,33,-2,-2,3,38.380271,-88.392194,Wayne County,17191
403478,Lincoln Trail College,3,4,Robinson,IL,62454,4,2,1,-2,2,41,-2,-2,2,39.01958,-87.689001,Crawford County,17033
403487,Wabash Valley College,2,4,Mount Carmel,IL,62863,4,2,1,-2,3,32,-2,-2,9,38.42889,-87.778448,Wabash County,17185
404055,Brookline College-Tempe,21,2,Tempe,AZ,85281,6,2,3,1,2,12,38060,1,13,33.4163,-111.961365,Maricopa County,4013
404222,Inter American University of Puerto Rico-School of Optometry,29,-2,Bayamon,PR,00957,2,1,2,1,1,12,41980,1,26,18.351631,-66.182473,Bayamón Municipio,72021
404338,Schiller International University,24,5,Tampa,FL,33602,3,1,3,1,1,11,45300,1,29,27.947866,-82.459292,Hillsborough County,12057
404426,Coconino Community College,2,5,Flagstaff,AZ,86005-2701,4,2,1,2,3,41,22380,1,2,35.171328,-111.645631,Coconino County,4005
404480,University System of Maryland-Research Centers,-2,-2,Baltimore,MD,21201,0,1,1,-2,-2,11,12580,1,-2,39.286077,-76.605479,Baltimore City,24510
404684,Emma's Beauty Academy-Juana Diaz,-2,-2,Juana Diaz,PR,00795,9,3,3,1,-2,23,38660,1,-2,18.041587,-66.504191,Juana Díaz,72075
404718,Brillare Beauty Institute,-2,-2,Cleveland,TN,37312-3862,8,3,2,1,-2,13,17420,1,-2,35.191417,-84.881446,Bradley County,47011
404912,Pima Medical Institute-Denver,21,2,Denver,CO,80221,6,2,3,1,2,21,19740,1,10,39.831679,-105.00252,Adams County,8001
405012,Ohio State School of Cosmetology-Heath,-2,-2,Heath,OH,43056,6,2,3,1,-2,23,18140,1,-2,40.03011,-82.440975,Licking County,39089
405058,Yeshivas Novominsk,31,-2,Brooklyn,NY,11204-2138,2,1,2,1,1,11,35620,1,-2,40.623395,-73.989968,Kings County,36047
405076,Southern Careers Institute-Corpus Christi,24,2,Corpus Christi,TX,78414,6,2,3,1,2,11,18580,1,-2,27.68504,-97.363145,Nueces County,48355
405854,Rabbinical College of Ohr Shimon Yisroel,31,-2,Brooklyn,NY,11211,2,1,2,1,1,11,35620,1,24,40.704389,-73.956772,Kings County,36047
405872,Carroll Community College,3,1,Westminster,MD,21157,4,2,1,2,2,31,12580,1,5,39.531805,-76.991113,Carroll County,24013
406024,Galen College of Nursing-Tampa Bay,28,6,Saint Petersburg,FL,33716,3,1,3,2,2,11,45300,1,10,27.865391,-82.648151,Pinellas County,12103
406033,Galen College of Nursing-San Antonio,28,6,San Antonio,TX,78229,3,1,3,2,2,11,41700,1,26,29.507685,-98.585653,Bexar County,48029
406149,Sarasota School of Massage Therapy,-2,-2,Sarasota,FL,34243-6130,9,3,3,1,-2,21,35840,1,-2,27.389606,-82.485901,Manatee County,12081
406325,Schuyler Steuben Chemung Tioga Allegany BOCES,-2,-2,Elmira,NY,14903,7,3,1,1,-2,41,21300,1,-2,42.148617,-76.837531,Chemung County,36015
406361,Delaware Chenango Madison Otsego BOCES-Practical Nursing Program,-2,-2,Norwich,NY,13815-3554,7,3,1,1,-2,41,-2,-2,-2,42.585293,-75.520079,Chenango County,36017
406422,Central Susquehanna Intermediate Unit LPN Career,-2,-2,Milton,PA,17847,7,3,1,1,-2,41,44980,2,-2,40.970401,-76.850178,Northumberland County,42097
406486,Myotherapy Massage College,-2,-2,Millcreek,UT,84107,9,3,3,1,-2,21,41620,1,-2,40.686411,-111.871866,Salt Lake County,49035
407090,G Skin & Beauty Institute,-2,-2,Oakbrook,IL,60523,9,3,3,1,-2,21,16980,1,-2,41.851403,-87.949684,DuPage County,17043
407142,Cosmetology Training Center,-2,-2,Lafayette,LA,70503,9,3,3,1,-2,12,29180,1,-2,30.180961,-92.073116,Lafayette Parish,22055
407151,Stage One-The Hair School,-2,-2,Lake Charles,LA,70605,9,3,3,1,-2,13,29340,1,-2,30.195982,-93.221606,Calcasieu Parish,22019
407179,Empire Beauty School-Malden,-2,-2,Malden,MA,02148,9,3,3,1,-2,21,14460,1,-2,42.427368,-71.076619,Middlesex County,25017
407355,Xenon A Stephanie Moss Academy,-2,-2,Omaha,NE,68127-3622,6,2,3,1,-2,11,36540,1,-2,41.201963,-96.044713,Douglas County,31055
407434,Orlo School of Hair Design and Cosmetology,-2,-2,Albany,NY,12206,9,3,3,1,-2,12,10580,1,-2,42.674053,-73.784587,Albany County,36001
407461,Eastland-Fairfield Career and Technical Schools,-2,-2,Groveport,OH,43125-9236,7,3,1,1,-2,21,18140,1,-2,39.88667,-82.884305,Franklin County,39049
407470,Empire Beauty School-Cincinnati,-2,-2,Cincinnati,OH,45239,9,3,3,1,-2,21,17140,1,-2,39.22325,-84.588841,Hamilton County,39061
407489,Mahoning County Career and Technical Center,-2,-2,Canfield,OH,44406-9710,7,3,1,1,-2,21,49660,1,-2,41.032696,-80.787668,Mahoning County,39099
407513,Pickaway Ross Joint Vocational School District,-2,-2,Chillicothe,OH,45601-1038,7,3,1,1,-2,32,17060,2,-2,39.362601,-83.0027,Ross County,39141
407522,Pioneer Career and Technology Center,-2,-2,Shelby,OH,44875,7,3,1,1,-2,31,31900,1,-2,40.903305,-82.670445,Richland County,39139
407568,Raphael's School of Beauty Culture Inc-Boardman,-2,-2,Boardman,OH,44512,6,2,3,1,-2,21,49660,1,-2,41.02371,-80.679801,Mahoning County,39099
407577,Scioto County Career Technical Center,-2,-2,Lucasville,OH,45648-0766,7,3,1,1,-2,42,39020,2,-2,38.854707,-82.979481,Scioto County,39145
407610,Pacific Bible College,31,-2,Medford,OR,97501,2,1,2,1,1,13,32780,1,13,42.326183,-122.880612,Jackson County,41029
407629,Lake Erie College of Osteopathic Medicine,27,-2,Erie,PA,16509-1025,2,1,2,2,3,13,21500,1,25,42.080699,-80.105969,Erie County,42049
407683,UCAS University of Cosmetology Arts & Sciences-Harlingen,-2,-2,Harlingen,TX,78550-5034,9,3,3,1,-2,13,15180,1,-2,26.199163,-97.683979,Cameron County,48061
407708,Paul Mitchell the School-Federal Way,-2,-2,Federal Way,WA,98003,9,3,3,1,-2,21,42660,1,-2,47.320505,-122.304472,King County,53033
407735,Empire Beauty School-Green Bay,-2,-2,Ashwaubenon,WI,54304-4838,9,3,3,1,-2,22,24580,1,-2,44.477375,-88.076427,Brown County,55009
407832,Warren County Career Center,-2,-2,Lebanon,OH,45036-1099,7,3,1,1,-2,41,17140,1,-2,39.488772,-84.202969,Warren County,39165
408066,Paul Mitchell the School-Wichita,-2,-2,Wichita,KS,67226-0000,9,3,3,1,-2,11,48620,1,-2,37.741502,-97.2432,Sedgwick County,20173
408163,Pinnacle Institute of Cosmetology,-2,-2,Mooresville,NC,28115,9,3,3,1,-2,13,16740,1,-2,35.596894,-80.816426,Iredell County,37097
408385,Southern Careers Institute-Pharr,24,4,Pharr,TX,78577,6,2,3,1,2,13,32580,1,-2,26.211217,-98.201038,Hidalgo County,48215
408844,Florida National University-Main Campus,29,4,Hialeah,FL,33012,3,1,3,2,3,21,33100,1,19,25.86178,-80.321846,Miami-Dade County,12086
408862,Georgia Institute of Cosmetology,-2,-2,Athens,GA,30606-3152,9,3,3,1,-2,12,12020,1,-2,33.936847,-83.454584,Clarke County,13059
409032,Nouvelle Institute,-2,-2,Miami,FL,33125,9,3,3,1,-2,11,33100,1,-2,25.779494,-80.249645,Miami-Dade County,12086
409120,Franklin Technology Center Adult Education,-2,-2,Joplin,MO,64801,7,3,1,1,-2,13,27900,1,-2,37.082409,-94.516401,Jasper County,29097
409193,Professional Technical Institution,-2,-2,Bayamon,PR,00959,9,3,3,1,-2,12,41980,1,-2,18.377668,-66.174733,Bayamón Municipio,72021
409254,Erikson Institute,25,-2,Chicago,IL,60654-4510,2,1,2,1,1,11,16980,1,19,41.890663,-87.632178,Cook County,17031
409315,South Texas College,4,6,McAllen,TX,78501,1,1,1,5,4,12,32580,1,14,26.217591,-98.253634,Hidalgo County,48215
409379,Tennessee Board of Regents,-2,-2,Nashville,TN,37214,0,2,1,-2,-2,11,34980,1,-2,36.167183,-86.690409,Davidson County,47037
409537,Pike County Joint Vocational School District,-2,-2,Piketon,OH,45661,7,3,1,1,-2,42,-2,-2,-2,39.054045,-83.007113,Pike County,39131
409591,Lorain County Joint Vocational School District,-2,-2,Oberlin,OH,44074,7,3,1,1,-2,41,17410,1,-2,41.262182,-82.213852,Lorain County,39093
409616,Roger Williams University School of Law,26,-2,Bristol,RI,02809-5171,2,1,2,1,2,21,39300,1,31,41.650974,-71.261978,Bristol County,44001
409698,California State University-Monterey Bay,9,6,Seaside,CA,93955-8001,1,1,1,3,3,22,41500,1,18,36.652397,-121.796178,Monterey County,6053
410797,Ohio Media School-Valley View,-2,-2,Valley View,OH,44125-4220,9,3,3,1,-2,21,17410,1,-2,41.393531,-81.615624,Cuyahoga County,39035
410964,EINE Inc,-2,-2,Tewksbury,MA,01876,9,3,3,1,-2,21,14460,1,-2,42.598024,-71.220396,Middlesex County,25017
411684,Marian Health Careers Center-Los Angeles Campus,-2,-2,Los Angeles,CA,90010,9,3,3,1,-2,11,31080,1,-2,34.062273,-118.295677,Los Angeles County,6037
411754,Cleveland Clinic Health System-School of Diagnostic Imaging,-2,-2,Beachwood,OH,44122,5,2,2,1,-2,21,17410,1,-2,41.470151,-81.492095,Cuyahoga County,39035
412173,Academy for Nursing and Health Occupations,28,6,West Palm Beach,FL,33417,5,2,2,1,2,21,33100,1,10,26.70653,-80.121497,Palm Beach County,12099
412535,Shawsheen Valley School of Practical Nursing,-2,-2,Billerica,MA,01821-5499,7,3,1,1,-2,21,14460,1,-2,42.546696,-71.217926,Middlesex County,25017
412544,Shear Ego International School of Hair Design,-2,-2,Rochester,NY,14617,9,3,3,1,-2,21,40380,1,-2,43.208124,-77.602821,Monroe County,36055
412599,Remington College-Memphis Campus,21,2,Memphis,TN,38132,5,2,2,1,2,11,32820,1,14,35.071403,-89.989881,Shelby County,47157
413176,Fayette Institute of Technology,-2,-2,Oak Hill,WV,25901,7,3,1,1,-2,23,13220,1,-2,37.988801,-81.146785,Fayette County,54019
413413,Capella University,28,6,Minneapolis,MN,55402-3389,3,1,3,5,5,11,33460,1,17,44.976286,-93.268796,Hennepin County,27053
413617,College of Menominee Nation,13,4,Keshena,WI,54135-1179,2,1,2,1,1,42,43020,2,33,44.859044,-88.625628,Menominee County,55078
413626,Leech Lake Tribal College,3,6,Cass Lake,MN,56633,4,2,1,1,1,42,14660,2,33,47.395686,-94.651563,Cass County,27021
413680,Spartan College of Aeronautics & Technology,21,6,Inglewood,CA,90301-2904,6,2,3,1,2,21,31080,1,11,33.956018,-118.377744,Los Angeles County,6037
413820,Yukon Beauty College Inc,-2,-2,Yukon,OK,73099,9,3,3,1,-2,21,36420,1,-2,35.508293,-97.74668,Canadian County,40017
413893,United Education Institute-Morrow,-2,-2,Morrow,GA,30260-2941,9,3,3,2,-2,21,12060,1,-2,33.574109,-84.335896,Clayton County,13063
414063,Artistic Academy of Hair Design,-2,-2,Morris Plains,NJ,07950,9,3,3,1,-2,21,35620,1,-2,40.855589,-74.486405,Morris County,34027
414124,Motoring Technical Training Institute,-2,-2,Seekonk,MA,02771,9,3,3,1,-2,21,39300,1,-2,41.791885,-71.324909,Bristol County,25005
414461,Mech-Tech College,21,6,Caguas,PR,00725-0000,6,2,3,2,2,13,41980,1,7,18.237102,-66.053276,Caguas Municipio,72025
414489,Baldwin Beauty School-North Austin,-2,-2,Austin,TX,78757-7068,9,3,3,1,-2,11,12420,1,-2,30.365855,-97.729371,Travis County,48453
414540,Jean Madeline Aveda Institute,-2,-2,Philadelphia,PA,19147,9,3,3,1,-2,11,37980,1,-2,39.940744,-75.148414,Philadelphia County,42101
414595,Pacific College of Health and Science,29,2,New York,NY,10038,3,1,3,1,2,11,35620,1,26,40.7088,-74.006721,New York County,36061
414869,Tricoci University of Beauty Culture-Indianapolis,-2,-2,Indianapolis,IN,46256,9,3,3,1,-2,21,26900,1,-2,39.928723,-86.03113,Hamilton County,18057
414878,Trine University-Regional/Non-Traditional Campuses,24,5,Angola,IN,46703,2,1,2,3,3,32,11420,2,19,41.632502,-85.008009,Steuben County,18151
414911,Pennsylvania Highlands Community College,12,4,Johnstown,PA,15904-2949,4,2,1,2,2,41,27780,1,6,40.26408,-78.837175,Cambria County,42021
414939,Nevada Career Institute,21,4,Las Vegas,NV,89130,6,2,3,1,2,11,29820,1,10,36.217975,-115.20842,Clark County,32003
414966,Phillips Theological Seminary,31,-2,Tulsa,OK,74116-5612,2,1,2,1,1,11,46140,1,24,36.167983,-95.868146,Tulsa County,40143
415039,Empire Beauty School-Hanover,-2,-2,Hanover,PA,17331,9,3,3,1,-2,13,49620,1,-2,39.818109,-76.995146,York County,42133
415057,Industrial Management Training Institute,-2,-2,Waterbury,CT,06706,9,3,3,1,-2,12,47930,1,-2,41.549618,-73.035893,Naugatuck Valley Planning Region,9140
415987,Allen School-Jamaica,-2,-2,Jamaica,NY,11432,9,3,3,1,-2,11,35620,1,-2,40.704694,-73.796295,Queens County,36081
416458,Premiere Career College,21,4,Irwindale,CA,91706-3746,6,2,3,1,1,21,31080,1,-2,34.079755,-117.990894,Los Angeles County,6037
416801,The University of Texas MD Anderson Cancer Center,29,-2,Houston,TX,77030-4009,1,1,1,1,2,11,26420,1,26,29.707016,-95.396804,Harris County,48201
417008,Paul Mitchell the School-Huntsville,-2,-2,Madison,AL,35758,9,3,3,1,-2,21,26620,1,-2,34.681465,-86.752565,Madison County,1089
417062,Estes Institute of Cosmetology Arts and Science,-2,-2,Visalia,CA,93291,9,3,3,1,-2,12,47300,1,-2,36.330422,-119.289234,Tulare County,6107
417105,Baldwin Park Adult & Community Education,-2,-2,Baldwin Park,CA,91706-4221,7,3,1,1,-2,21,31080,1,-2,34.09673,-117.959486,Los Angeles County,6037
417123,Ventura Adult and Continuing Education,-2,-2,Ventura,CA,93003-0000,7,3,1,1,-2,12,37100,1,-2,34.256061,-119.219561,Ventura County,6111
417327,City College-Altamonte Springs,21,4,Altamonte Springs,FL,32714,6,2,3,1,1,21,36740,1,10,28.663604,-81.402219,Seminole County,12117
417442,Career Center of Southern Illinois,-2,-2,Red Bud,IL,62278,7,3,1,1,-2,42,41180,1,-2,38.289727,-89.948787,Monroe County,17133
417503,Crave Beauty Academy,-2,-2,Wichita,KS,67203,9,3,3,1,-2,11,48620,1,-2,37.684374,-97.387374,Sedgwick County,20173
417600,Hastings Beauty School,-2,-2,Hastings,MN,55033,9,3,3,1,-2,31,33460,1,-2,44.744595,-92.85026,Dakota County,27037
417628,Kirksville Area Technical Center,-2,-2,Kirksville,MO,63501,7,3,1,1,-2,33,28860,2,-2,40.18649,-92.565103,Adair County,29001
417637,Southern Missouri Technical Institute,-2,-2,West Plains,MO,65775,7,3,1,1,-2,33,48460,2,-2,36.738067,-91.856803,Howell County,29091
417646,Saline County Career Center,-2,-2,Marshall,MO,65340-1698,7,3,1,1,-2,33,32180,2,-2,39.094261,-93.213659,Saline County,29195
417655,Warrensburg Area Career Center,-2,-2,Warrensburg,MO,64093,7,3,1,1,-2,32,47660,2,-2,38.761649,-93.70714,Johnson County,29101
417682,Cass Career Center,-2,-2,Harrisonville,MO,64701-2024,7,3,1,1,-2,32,28140,1,-2,38.660248,-94.333774,Cass County,29037
417716,Applied Tech,-2,-2,Sunset Hills,MO,63127,7,3,1,1,-2,21,41180,1,-2,38.542285,-90.413236,St. Louis County,29189
417725,Central College of Cosmetology,-2,-2,Saint Robert,MO,65584,9,3,3,1,-2,33,22780,2,-2,37.806945,-92.142861,Pulaski County,29169
417734,Southeast Missouri Hospital College of Nursing and Health Sciences,28,6,Cape Girardeau,MO,63703-4507,2,1,2,1,1,13,16020,1,26,37.302453,-89.54587,Cape Girardeau County,29031
417752,Messenger College,31,-2,Bedford,TX,76021,2,1,2,1,1,21,19100,1,24,32.85076,-97.161015,Tarrant County,48439
417831,Union County Vocational Technical School,-2,-2,Scotch Plains,NJ,07076,7,3,1,1,-2,21,35620,1,-2,40.616491,-74.358205,Union County,34039
417840,Prism Career Institute-Philadelphia,-2,-2,Philadelphia,PA,19152,9,3,3,1,-2,11,37980,1,-2,40.057804,-75.046375,Philadelphia County,42101
417868,Clinton Essex Warren Washington BOCES,-2,-2,Plattsburgh,NY,12901-0455,7,3,1,1,-2,32,38460,2,-2,44.693228,-73.517906,Clinton County,36019
417886,Jefferson Lewis BOCES-Practical Nursing Program,-2,-2,Watertown,NY,13601-9509,7,3,1,1,-2,41,48060,1,-2,43.970515,-75.97014,Jefferson County,36045
417910,Veeb Nassau County School of Practical Nursing,-2,-2,Hicksville,NY,11801-4302,7,3,1,1,-2,21,35620,1,-2,40.766548,-73.520569,Nassau County,36059
417983,Cattaraugus Allegany BOCES-Practical Nursing Program,-2,-2,Olean,NY,14760,7,3,1,1,-2,41,36460,2,-2,42.093196,-78.405395,Cattaraugus County,36009
417992,Orange Ulster BOCES,-2,-2,Newburgh,NY,12550,7,3,1,1,-2,13,28880,1,-2,41.501084,-74.00786,Orange County,36071
418001,Wayne Finger Lakes BOCES-Practical Nursing Program,-2,-2,Newark,NY,14513-1863,7,3,1,1,-2,32,40380,1,-2,43.038167,-77.081794,Wayne County,36117
418010,Broome Delaware Tioga BOCES-Practical Nursing Program,-2,-2,Endicott,NY,13760,7,3,1,1,-2,22,13780,1,-2,42.115372,-75.96581,Broome County,36007
418029,Washington Saratoga Warren Hamilton Essex BOCES-Practical Nursing Program,-2,-2,Hudson Falls,NY,12839,7,3,1,1,-2,23,24020,1,-2,43.32149,-73.594331,Washington County,36115
418038,Albany BOCES-Adult Practical Nursing Program,-2,-2,Albany,NY,12205,7,3,1,1,-2,21,10580,1,-2,42.744858,-73.824182,Albany County,36001
418065,Eastern Suffolk BOCES,-2,-2,Sayville,NY,11782,7,3,1,1,-2,21,35620,1,-2,40.738793,-73.086618,Suffolk County,36103
418083,Rockland County BOCES-Practical Nursing Program,-2,-2,West Nyack,NY,10994,7,3,1,1,-2,21,35620,1,-2,41.121255,-73.979871,Rockland County,36087
418126,New York College of Health Professions,29,-2,Syosset,NY,11791-4413,2,1,2,1,1,21,35620,1,26,40.811129,-73.51534,Nassau County,36059
418171,Charles Stuart School of Diamond Setting,-2,-2,Brooklyn,NY,11229,9,3,3,1,-2,11,35620,1,-2,40.608484,-73.95856,Kings County,36047
418199,Penta County Joint Vocational School,-2,-2,Perrysburg,OH,43551-4594,7,3,1,1,-2,21,45780,1,-2,41.584263,-83.571594,Wood County,39173
418205,Career and Technology Education Centers of Licking County,-2,-2,Newark,OH,43055-3399,7,3,1,1,-2,23,18140,1,-2,40.099973,-82.429175,Licking County,39089
418223,Northern Career Institute,-2,-2,Eastlake,OH,44094,7,3,1,1,-2,21,17410,1,-2,41.653845,-81.447126,Lake County,39085
418250,Washington County Career Center-Adult Technical Training,-2,-2,Marietta,OH,45750,7,3,1,1,-2,41,31930,2,-2,39.43299,-81.50106,Washington County,39167
418269,Ohio Media School-Cincinnati,-2,-2,Norwood,OH,45212,9,3,3,1,-2,21,17140,1,-2,39.158005,-84.458763,Hamilton County,39061
418278,Vantage Career Center,-2,-2,Van Wert,OH,45891,7,3,1,1,-2,32,46780,2,-2,40.882295,-84.570198,Van Wert County,39161
418296,Indian Capital Technology Center-Muskogee,-2,-2,Muskogee,OK,74403-1889,4,2,1,2,-2,32,34780,2,-2,35.774921,-95.311895,Muskogee County,40101
418302,Western Technology Center,-2,-2,Burns Flat,OK,73624-1469,7,3,1,1,-2,43,48220,2,-2,35.352842,-99.180998,Washita County,40149
418320,Mid-America Technology Center,-2,-2,Wayne,OK,73095-0210,7,3,1,2,-2,42,36420,1,-2,34.912498,-97.364174,McClain County,40087
418348,Eastern Oklahoma County Technology Center,-2,-2,Choctaw,OK,73020-9017,7,3,1,1,-2,41,36420,1,-2,35.516891,-97.266991,Oklahoma County,40109
418357,Wes Watkins Technology Center,-2,-2,Wetumka,OK,74883-6155,7,3,1,1,-2,43,-2,-2,-2,35.233305,-96.266262,Hughes County,40063
418409,York County School of Technology-Adult & Continuing Education,-2,-2,York,PA,17402-4696,7,3,1,1,-2,22,49620,1,-2,39.929887,-76.685449,York County,42133
418427,Chester County Intermediate Unit,-2,-2,Downingtown,PA,19335,7,3,1,1,-2,21,37980,1,-2,40.005793,-75.679627,Chester County,42029
418445,Jefferson County Dubois Area Vocational Technical Practical Nursing Program,-2,-2,Reynoldsville,PA,15851,7,3,1,1,-2,42,-2,-2,-2,41.109805,-78.892397,Jefferson County,42065
418454,Greater Johnstown Career and Technology Center,-2,-2,Johnstown,PA,15904-2998,7,3,1,1,-2,41,27780,1,-2,40.272734,-78.83114,Cambria County,42021
418481,Mifflin County Academy of Science and Technology,-2,-2,Lewistown,PA,17044-1697,7,3,1,1,-2,32,30380,2,-2,40.605321,-77.554092,Mifflin County,42087
418515,Lenape Technical School Practical Nursing Program,-2,-2,Ford City,PA,16226,7,3,1,1,-2,41,38300,1,-2,40.767446,-79.521054,Armstrong County,42005
418524,Venango County Area Vocational Technical School,-2,-2,Oil City,PA,16301,7,3,1,1,-2,33,36340,2,-2,41.426492,-79.687135,Venango County,42121
418533,Lancaster County Career and Technology Center,21,4,Willow Street,PA,17584,4,2,1,1,1,21,29540,1,13,39.984811,-76.266186,Lancaster County,42071
418542,Lebanon County Area Vocational Technical School,-2,-2,Lebanon,PA,17042,7,3,1,-2,-2,23,30140,1,-2,40.341562,-76.390376,Lebanon County,42075
418560,Indiana County Technology Center,-2,-2,Indiana,PA,15701-1465,7,3,1,1,-2,41,26860,2,-2,40.646071,-79.121853,Indiana County,42063
418588,Northern Tier Career Center,-2,-2,Towanda,PA,18848-9731,7,3,1,1,-2,41,42380,2,-2,41.801739,-76.487394,Bradford County,42015
418612,Hazleton Area Career Center,-2,-2,Hazle TWP.,PA,18202,7,3,1,1,-2,23,42540,1,-2,40.971393,-75.99218,Luzerne County,42079
418658,All-State Career School-Pittsburgh,-2,-2,West Mifflin,PA,15122,9,3,3,1,-2,21,38300,1,-2,40.358492,-79.93713,Allegheny County,42003
418773,D'Mart Institute,-2,-2,Barranquitas,PR,00794,9,3,3,1,-2,21,41980,1,-2,18.182628,-66.294065,Barranquitas Municipio,72019
418782,Automeca Technical College-Aguadilla,-2,-2,Aguadilla,PR,00605,9,3,3,1,-2,22,10380,1,-2,18.448502,-67.1418,Aguadilla Municipio,72005
418889,North Central Institute,21,5,Clarksville,TN,37042,6,2,3,1,1,12,17300,1,11,36.61484,-87.425177,Montgomery County,47125
418913,Pipo Academy of Hair Design,-2,-2,El Paso,TX,79903,9,3,3,1,-2,11,21340,1,-2,31.78446,-106.459711,El Paso County,48141
418968,Tint School of Makeup and Cosmetology-Dallas,-2,-2,Grand Prairie,TX,75051,9,3,3,1,-2,21,19100,1,-2,32.710362,-97.009636,Dallas County,48113
419031,United Technical Center,-2,-2,Clarksburg,WV,26301-6313,7,3,1,1,-2,32,17220,2,-2,39.310658,-80.358395,Harrison County,54033
419095,Charles H McCann Technical School,-2,-2,North Adams,MA,01247-3999,7,3,1,1,-2,41,38340,1,-2,42.664578,-73.10149,Berkshire County,25003
419183,Central California School of Continuing Education,-2,-2,San Luis Obispo,CA,93401,6,2,3,1,-2,13,42020,1,-2,35.262091,-120.64847,San Luis Obispo County,6079
419217,HCA Florida Mercy Hospital School of Practical Nursing,-2,-2,Miami,FL,33133,9,3,3,1,-2,11,33100,1,-2,25.740254,-80.213971,Miami-Dade County,12086
419226,Marion Technical College,-2,-2,Ocala,FL,34471-3172,4,2,1,1,-2,13,36100,1,-2,29.178271,-82.147877,Marion County,12083
419235,Rivertown School of Beauty Barber Skin Care and Nails,-2,-2,Columbus,GA,31909,9,3,3,1,-2,12,17980,1,-2,32.511932,-84.935823,Muscogee County,13215
419244,Atlanta Institute of Music and Media,21,2,Duluth,GA,30096,6,2,3,1,1,21,12060,1,1,33.961164,-84.105311,Gwinnett County,13135
419253,Illinois Media School,-2,-2,Chicago,IL,60631,9,3,3,1,-2,11,16980,1,-2,41.986156,-87.838707,Cook County,17031
419280,New Dimensions School of Hair Design,-2,-2,Joplin,MO,64801-5017,9,3,3,1,-2,13,27900,1,-2,37.085286,-94.509389,Jasper County,29097
419341,Jna Institute of Culinary Arts,21,2,Philadelphia,PA,19146,6,2,3,1,1,11,37980,1,12,39.935232,-75.167678,Philadelphia County,42101
419420,Putnam Career and Technical Center,-2,-2,Eleanor,WV,25070-0640,7,3,1,1,-2,22,26580,1,-2,38.535038,-81.923563,Putnam County,54079
419484,Crawford County Career and Technical Center Practical Nursing Program,-2,-2,Meadville,PA,16335,7,3,1,1,-2,32,32740,2,-2,41.633675,-80.126167,Crawford County,42039
419633,Texas College of Cosmetology-San Angelo,-2,-2,San Angelon,TX,76904,9,3,3,1,-2,13,41660,1,-2,31.420928,-100.47194,Tom Green County,48451
419703,Automeca Technical College-Bayamon,-2,-2,Bayamon,PR,00961,9,3,3,1,-2,12,41980,1,-2,18.406325,-66.180088,Bayamón Municipio,72021
419712,Automeca Technical College-Caguas,-2,-2,Caguas,PR,00725,9,3,3,1,-2,13,41980,1,-2,18.230554,-66.037144,Caguas Municipio,72025
419721,Automeca Technical College-Ponce,-2,-2,Ponce,PR,00731,9,3,3,1,-2,12,38660,1,-2,18.011516,-66.636951,Ponce Municipio,72113
420024,Centura College-Chesapeake,29,-2,Chesapeake,VA,23320,3,1,3,1,2,11,47260,1,26,36.765954,-76.227712,Chesapeake City,51550
420042,University of Phoenix-Hawaii,24,4,Kapolei,HI,96707-2082,3,1,3,1,1,21,46520,1,22,21.334103,-158.08161,Honolulu County,15003
420130,Prism Career Institute-Cherry Hill,-2,-2,Cherry Hill,NJ,08002,9,3,3,1,-2,21,37980,1,-2,39.931301,-75.051138,Camden County,34007
420246,Sonoran University of Health Sciences,29,-2,Tempe,AZ,85282,2,1,2,1,2,12,38060,1,26,33.40789,-111.89442,Maricopa County,4013
420255,Escuela de Peritos Electricistas de Isabela Inc,-2,-2,Isabela,PR,00662,9,3,3,1,-2,22,10380,1,-2,18.485146,-67.030787,Isabela Municipio,72071
420325,Yeshiva D'monsey Rabbinical College,31,-2,Monsey,NY,10952,2,1,2,1,1,21,35620,1,24,41.114173,-74.064721,Rockland County,36087
420343,Lincoln Technical Institute-Mahwah,-2,-2,Mahwah,NJ,07430,6,2,3,2,-2,21,35620,1,-2,41.083771,-74.148846,Bergen County,34003
420370,Career Technical Institute,12,2,Washington,DC,20005,6,2,3,1,2,11,47900,1,7,38.904,-77.032461,District of Columbia,11001
420398,Northwest Vista College,1,4,San Antonio,TX,78251,1,1,1,5,4,11,41700,1,2,29.471308,-98.70513,Bexar County,48029
420431,Oconee Fall Line Technical College,29,6,Sandersville,GA,31082,4,2,1,2,2,41,-2,-2,8,32.996687,-82.839621,Washington County,13303
420440,York County Community College,12,2,Wells,ME,04090,4,2,1,2,2,23,38860,1,3,43.306797,-70.590783,York County,23031
420468,Western Suffolk BOCES,-2,-2,Northport,NY,11768,4,2,1,1,-2,21,35620,1,-2,40.877083,-73.343689,Suffolk County,36103
420538,Arkansas State University-Mountain Home,12,4,Mountain Home,AR,72653,4,2,1,2,2,33,34260,2,8,36.320466,-92.388581,Baxter County,5005
420556,Columbia Gorge Community College,3,4,The Dalles,OR,97058,4,2,1,1,2,33,45520,2,3,45.590724,-121.190197,Wasco County,41065
420705,Bakke Graduate University,31,-2,Dallas,TX,75243-7039,2,1,2,1,1,11,19100,1,24,32.894605,-96.753976,Dallas County,48113
420723,Tillamook Bay Community College,3,4,Tillamook,OR,97141,4,2,1,1,2,32,-2,-2,3,45.456603,-123.813624,Tillamook County,41057
420802,Arizona Board of Regents,-2,-2,Phoenix,AZ,85004,0,1,1,-2,-2,11,38060,1,-2,33.478133,-112.074267,Maricopa County,4013
420981,Manhattan School of Computer Technology,-2,-2,Brooklyn,NY,11230-1401,5,2,2,2,-2,11,35620,1,-2,40.63473,-73.967118,Kings County,36047
421513,Ross College-Hopkinsville,21,2,Hopkinsville,KY,42240-4948,6,2,3,1,1,32,17300,1,10,36.834025,-87.474774,Christian County,21047
421610,Paul Mitchell the School-St. George,-2,-2,Saint George,UT,84770-0000,9,3,3,1,-2,12,41100,1,-2,37.083414,-113.606488,Washington County,49053
421665,Cadillac Institute of Cosmetology,-2,-2,Cadillac,MI,49601-1800,9,3,3,1,-2,32,15620,2,-2,44.251375,-85.400655,Wexford County,26165
421708,Arizona College of Nursing-Tempe,28,2,Tempe,AZ,85282-1840,3,1,3,2,2,12,38060,1,10,33.403079,-111.965808,Maricopa County,4013
421717,Vanguard-Sentinel Adult Career and Technology Center,-2,-2,Fremont,OH,43420,7,3,1,1,-2,32,23380,2,-2,41.365056,-83.128188,Sandusky County,39143
421771,Academy of Beauty Professionals,-2,-2,Raymore,MO,64083-9195,9,3,3,1,-2,21,28140,1,-2,38.812989,-94.467053,Cass County,29037
421841,New York Conservatory for Dramatic Arts,23,2,New York,NY,10011-4225,6,2,3,1,1,11,35620,1,12,40.740148,-73.993388,New York County,36061
421878,Eastern International College-Jersey City,21,4,Jersey City,NJ,07306,3,1,3,1,2,11,35620,1,26,40.735178,-74.060452,Hudson County,34017
421896,Academia Serrant Inc,-2,-2,Ponce,PR,00717-1250,9,3,3,1,-2,12,38660,1,-2,18.009658,-66.61529,Ponce Municipio,72113
422020,San Joaquin Valley College-Trades Education Center,21,4,Fresno,CA,93727-1501,6,2,3,1,1,11,23420,1,11,36.776798,-119.72824,Fresno County,6019
422695,Pacific College,28,6,Costa Mesa,CA,92626-3402,3,1,3,1,2,12,31080,1,26,33.680043,-117.873382,Orange County,6059
422835,American College of Healthcare and Technology,-2,-2,Riverside,CA,92505,6,2,3,1,-2,11,40140,1,-2,33.901581,-117.493507,Riverside County,6065
423120,Compu-Med Vocational Careers Corp,28,2,Hialeah,FL,33012-4861,3,1,3,1,2,21,33100,1,-2,25.848446,-80.306915,Miami-Dade County,12086
423397,Advantage Technical College,-2,-2,Manati,PR,00674,9,3,3,1,-2,21,41980,1,-2,18.427879,-66.493759,Manatí  Municipio,72091
423412,Mid Cities Barber College,-2,-2,Grand Prairie,TX,75051-4892,9,3,3,1,-2,21,19100,1,-2,32.710329,-97.006955,Dallas County,48113
423643,Midwestern University-Glendale,27,-2,Glendale,AZ,85308,2,1,2,2,3,21,38060,1,25,33.663853,-112.183633,Maricopa County,4013
423652,Oregon Coast Community College,12,-2,Newport,OR,97366,4,2,1,1,2,32,35440,2,6,44.603136,-124.046973,Lincoln County,41041
425250,Gwinnett College-Sandy Springs,29,2,Sandy Springs,GA,30328,6,2,3,1,1,12,12060,1,-2,33.937705,-84.378704,Fulton County,13121
425986,Mildred Elley-Pittsfield Campus,-2,-2,Pittsfield,MA,01201-5300,9,3,3,1,-2,13,38340,1,-2,42.4491,-73.256461,Berkshire County,25003
426314,Embry-Riddle Aeronautical University-Worldwide,19,5,Daytona Beach,FL,32114-3900,2,1,2,4,3,13,19660,1,18,29.189903,-81.048367,Volusia County,12127
427308,Merkaz Bnos-Business School,-2,-2,Brooklyn,NY,11214,5,2,2,1,-2,11,35620,1,-2,40.601511,-73.997176,Kings County,36047
427335,Lia Schorr Institute of Cosmetic Skin Care Training,-2,-2,New York,NY,10019,9,3,3,1,-2,11,35620,1,-2,40.764401,-73.976807,New York County,36061
427894,CET-Alexandria,-2,-2,Alexandria,VA,22312,8,3,2,1,-2,21,47900,1,-2,38.802702,-77.142637,Fairfax County,51059
427973,Aviation Institute of Maintenance-Norfolk,-2,-2,Norfolk,VA,23518,6,2,3,1,-2,12,47260,1,-2,36.914293,-76.216995,Norfolk City,51710
427982,Centura College-Richmond Main,-2,-2,North Chesterfield,VA,23235-5250,9,3,3,-2,-2,21,40060,1,-2,37.499343,-77.543157,Chesterfield County,51041
427991,Osceola Technical College,-2,-2,Kissimmee,FL,34744,7,3,1,2,-2,21,36740,1,-2,28.298648,-81.349696,Osceola County,12097
428000,Miami Ad School,-2,-2,Miami,FL,33137,6,2,3,1,-2,11,33100,1,-2,25.808818,-80.190728,Miami-Dade County,12086
428019,Green Country Technology Center,-2,-2,Okmulgee,OK,74447-1217,7,3,1,1,-2,41,46140,1,-2,35.63293,-95.9365,Okmulgee County,40111
428055,Nova College de Puerto Rico,-2,-2,Bayamon,PR,00960,6,2,3,1,-2,12,41980,1,-2,18.398358,-66.160559,Bayamón Municipio,72021
428125,John Wesley International Barber and Beauty College,-2,-2,Long Beach,CA,90813,9,3,3,1,-2,11,31080,1,-2,33.778235,-118.18469,Los Angeles County,6037
428170,Southeastern College-West Palm Beach,21,4,West Palm Beach,FL,33409,3,1,3,1,2,21,33100,1,10,26.702216,-80.085966,Palm Beach County,12099
428259,Ottawa University-Milwaukee,15,-2,Brookfield,WI,53005,2,1,2,1,1,21,33340,1,22,43.02963,-88.115185,Waukesha County,55133
428392,Klamath Community College,12,4,Klamath Falls,OR,97603-7121,4,2,1,2,2,33,28900,2,3,42.195028,-121.698855,Klamath County,41035
428426,San Bernardino Community College District,-2,-2,San Bernardino,CA,92408,0,2,1,-2,-2,12,40140,1,-2,34.067005,-117.273664,San Bernardino County,6071
428453,Minnesota State Colleges and Universities System Office,-2,-2,ST PAUL,MN,55101,0,1,1,-2,-2,11,33460,1,-2,44.94796,-93.09568,Ramsey County,27123
429085,American College of Acupuncture and Oriental Med,29,-2,Houston,TX,77063-4104,3,1,3,1,1,11,26420,1,26,29.735747,-95.524765,Harris County,48201
429094,AOMA Graduate School of Integrative Medicine,29,-2,Austin,TX,78745,3,1,3,-1,1,11,12420,1,26,30.228551,-97.800643,Travis County,48453
429128,Urban College of Boston,12,2,Boston,MA,02116,5,2,2,1,2,11,14460,1,13,42.352922,-71.0642,Suffolk County,25025
430184,Strayer University-Maryland,24,2,Suitland,MD,20746,3,1,3,2,2,21,47900,1,29,38.827438,-76.918039,Prince George's County,24033
430227,Empire Beauty School-Monroeville,-2,-2,Monroeville,PA,15146-2229,9,3,3,1,-2,21,38300,1,-2,40.434651,-79.785227,Allegheny County,42003
430245,Southern Careers Institute-San Antonio,24,2,San Antonio,TX,78221,6,2,3,1,2,11,41700,1,-2,29.355774,-98.494238,Bexar County,48029
430306,Cayce/Reilly School of Massage,-2,-2,Virginia Beach,VA,23451,8,3,2,1,-2,11,47260,1,-2,36.892698,-75.990945,Virginia Beach City,51810
430403,Prism Career Institute-West Atlantic City,-2,-2,West  Atlantic City,NJ,08232,9,3,3,1,-2,21,12100,1,-2,39.377288,-74.493112,Atlantic County,34001
430564,Studio Jewelers,-2,-2,New York,NY,10016-4112,9,3,3,1,-2,11,35620,1,-2,40.745464,-73.983774,New York County,36061
430582,Praxis Institute,-2,-2,Miami,FL,33135,9,3,3,1,-2,21,33100,1,-2,25.756567,-80.36778,Miami-Dade County,12086
430670,San Juan Bautista School of Medicine,27,-2,Caguas,PR,00725-4968,2,1,2,1,1,13,41980,1,25,18.220528,-66.050389,Caguas Municipio,72025
430704,Texas Health and Science University,29,-2,Austin,TX,78704,3,1,3,1,1,11,12420,1,26,30.233143,-97.785289,Travis County,48453
430795,Carver Career Center,-2,-2,Charleston,WV,25306-6397,4,2,1,1,-2,22,16620,1,10,38.289708,-81.562988,Kanawha County,54039
430883,Cayuga Onondaga BOCES-Practical Nursing Program,-2,-2,Auburn,NY,13021,7,3,1,1,-2,32,12180,2,-2,42.9419,-76.587981,Cayuga County,36011
430908,Clearfield County Career and Technology Center,-2,-2,Clearfield,PA,16830,7,3,1,1,-2,41,20180,2,-2,41.030572,-78.418679,Clearfield County,42033
430935,Colegio de Cinematografía Artes y Television,21,6,Bayamon,PR,00961,6,2,3,1,2,12,41980,1,4,18.399507,-66.155509,Bayamón Municipio,72021
430971,Delaware County Technical School-Practical Nursing Program,-2,-2,Broomall,PA,19008,7,3,1,1,-2,21,37980,1,-2,39.988428,-75.367229,Delaware County,42045
431017,Mid-Del Technology Center,-2,-2,Midwest City,OK,73110-4825,7,3,1,1,-2,21,36420,1,-2,35.455237,-97.402578,Oklahoma County,40109
431071,New York Institute of Massage Inc,-2,-2,Williamsville,NY,14221,9,3,3,1,-2,21,15380,1,-2,42.976035,-78.695815,Erie County,36029
431105,Dutchess BOCES-Practical Nursing Program,-2,-2,Poughkeepsie,NY,12601-6599,7,3,1,1,-2,41,28880,1,-2,41.743538,-73.866875,Dutchess County,36027
431123,Escuela Tecnica de Electricidad,-2,-2,Ponce,PR,00730-4875,9,3,3,1,-2,12,38660,1,-2,18.010451,-66.619944,Ponce Municipio,72113
431141,Institute of Technology,21,3,Clovis,CA,93612,6,2,3,2,2,21,23420,1,8,36.83679,-119.723249,Fresno County,6019
431196,Genesee Valley BOCES-Practical Nursing Program,-2,-2,Batavia,NY,14020,7,3,1,1,-2,32,12860,2,-2,43.014665,-78.182909,Genesee County,36037
431266,Henrico County-Saint Marys Hospital School of Practical Nursing,-2,-2,Richmond,VA,23229,7,3,1,1,-2,21,40060,1,-2,37.601392,-77.568129,Henrico County,51087
431275,Herkimer County BOCES-Practical Nursing Program,-2,-2,Herkimer,NY,13350,7,3,1,1,-2,31,46540,1,-2,43.03504,-74.986641,Herkimer County,36043
431284,Graduate America College,-2,-2,Garland,TX,75040-3294,9,3,3,1,-2,21,19100,1,-2,32.945805,-96.645638,Dallas County,48113
431558,Cape Coral Technical College,-2,-2,Cape Coral,FL,33993-2479,7,3,1,1,-2,12,15980,1,-2,26.658582,-81.976156,Lee County,12071
431600,UPMC Mercy School of Nursing,-2,-2,Pittsburgh,PA,15219-5166,5,2,2,1,-2,11,38300,1,-2,40.435584,-79.986445,Allegheny County,42003
431716,Ocean County Vocational-Technical School,-2,-2,Toms River,NJ,08753,7,3,1,1,-2,21,35620,1,-2,39.985095,-74.195622,Ocean County,34029
431983,Yeshiva of the Telshe Alumni,31,-2,Riverdale,NY,10471-2897,2,1,2,1,1,11,35620,1,24,40.896668,-73.911096,Bronx County,36005
432117,Kenneth Shuler School of Cosmetology-Rock Hill,-2,-2,Rock Hill,SC,29732,9,3,3,1,-2,13,16740,1,-2,34.969958,-80.995498,York County,45091
432144,South Orange County Community College District,-2,-2,Mission Viejo,CA,92692-6399,0,2,1,-2,-2,21,31080,1,-2,33.553346,-117.665584,Orange County,6059
432269,CET-El Paso,-2,-2,El Paso,TX,79907,8,3,2,1,-2,11,21340,1,-2,31.696199,-106.323115,El Paso County,48141
432348,Appalachian School of Law,26,-2,Grundy,VA,24614,2,1,2,1,1,43,-2,-2,31,37.277669,-82.095648,Buchanan County,51027
432384,Platt College-Ontario,21,6,Ontario,CA,91764,3,1,3,1,2,12,40140,1,23,34.068595,-117.571744,San Bernardino County,6071
432524,Delaware College of Art and Design,23,2,Wilmington,DE,19801-3007,5,2,2,-2,1,13,37980,1,12,39.741947,-75.549882,New Castle County,10003
433004,American University of Health Sciences,28,6,Signal Hill,CA,90755-3612,3,1,3,1,2,21,31080,1,26,33.796849,-118.171366,Los Angeles County,6037
433013,Career Networks Institute,28,6,Santa Ana,CA,92705,3,1,3,2,2,11,31080,1,26,33.721058,-117.8478,Orange County,6059
433040,Monty Tech,-2,-2,Fitchburg,MA,01420,7,3,1,1,-2,22,49340,1,-2,42.560648,-71.860827,Worcester County,25027
433068,Okaloosa Technical College,-2,-2,Fort Walton Beach,FL,32547,7,3,1,1,-2,13,18880,1,-2,30.46866,-86.614844,Okaloosa County,12091
433101,Lincoln Technical Institute-Lincoln,-2,-2,Lincoln,RI,02865,6,2,3,1,-2,21,39300,1,-2,41.9385,-71.47748,Providence County,44007
433138,Wayne County Schools Career Center,-2,-2,Smithville,OH,44677,7,3,1,1,-2,32,49300,2,-2,40.863781,-81.868927,Wayne County,39169
433174,Carolinas College of Health Sciences,28,5,Charlotte,NC,28217,1,1,1,1,2,11,16740,1,26,35.181863,-80.927508,Mecklenburg County,37119
433387,Western Governors University,19,6,Salt Lake City,UT,84107,2,1,2,5,5,21,41620,1,18,40.68481,-111.869752,Salt Lake County,49035
433420,California Aeronautical University,15,4,Bakersfield,CA,93308,3,1,3,1,1,21,12540,1,28,35.434905,-119.049264,Kern County,6029
433536,Herzing University-New Orleans,29,6,Metairie,LA,70002,2,1,2,1,2,12,35380,1,23,30.019252,-90.155851,Jefferson Parish,22051
433660,Florida Gulf Coast University,9,4,Fort Myers,FL,33965-6565,1,1,1,4,3,21,15980,1,17,26.463638,-81.7726,Lee County,12071
434016,Little Priest Tribal College,3,6,Winnebago,NE,68071-0270,4,2,1,1,1,42,-2,-2,33,42.234983,-96.467881,Thurston County,31173
434061,South Louisiana Community College,11,4,Lafayette,LA,70506-4109,4,2,1,3,3,12,29180,1,7,30.218616,-92.050933,Lafayette Parish,22055
434140,Pima Medical Institute-Chula Vista,21,2,Chula Vista,CA,91910,6,2,3,1,2,11,41740,1,10,32.619858,-117.093388,San Diego County,6073
434159,Lincoln College of Technology-Marietta,21,2,Marietta,GA,30067,6,2,3,1,2,21,12060,1,11,33.904619,-84.483943,Cobb County,13067
434274,Academy of Hair Design-Lufkin,-2,-2,Lufkin,TX,75904,9,3,3,1,-2,33,31260,2,-2,31.330724,-94.718704,Angelina County,48005
434283,Pathway Vocational Academy,-2,-2,Beaumont,TX,77701-4650,9,3,3,-1,-2,12,13140,1,-2,30.067103,-94.122709,Jefferson County,48245
434308,Cortiva Institute,-2,-2,Linthicum,MD,21090,9,3,3,1,-2,21,12580,1,-2,39.215919,-76.672532,Anne Arundel County,24003
434344,COLLECTIV Academy-Worcester,-2,-2,Worcester,MA,01605-2213,9,3,3,1,-2,12,49340,1,-2,42.284822,-71.808255,Worcester County,25027
434362,Northwest HVAC/R Training Center,-2,-2,Spokane,WA,99207,8,3,2,1,-2,12,44060,1,-2,47.67364,-117.407702,Spokane County,53063
434432,Myotherapy Institute,29,2,Lincoln,NE,68510,6,2,3,1,1,11,30700,1,10,40.811958,-96.607025,Lancaster County,31109
434441,Florida College of Integrative Medicine,29,-2,Orlando,FL,32809-5721,3,1,3,1,1,21,36740,1,26,28.46359,-81.401757,Orange County,12095
434469,New Professions Technical Institute,28,2,Miami,FL,33134,6,2,3,1,1,11,33100,1,-2,25.771488,-80.261873,Miami-Dade County,12086
434496,Strand College of Hair Design,-2,-2,Myrtle Beach,SC,29572,9,3,3,1,-2,13,34820,1,-2,33.748079,-78.815961,Horry County,45051
434584,Ilisagvik College,12,4,Barrow,AK,99723,1,1,1,1,1,43,-2,-2,33,71.324702,-156.679486,North Slope Borough,2185
434672,Community College of Baltimore County,11,2,Baltimore,MD,21237,4,2,1,4,4,21,12580,1,4,39.352647,-76.48211,Baltimore County,24005
434751,White Earth Tribal and Community College,3,6,Mahnomen,MN,56557,5,2,2,1,1,43,-2,-2,33,47.3175,-95.953099,Mahnomen County,27087
434821,Blue Cliff College-Metairie,-2,-2,Metairie,LA,70002-5714,9,3,3,1,-2,12,35380,1,-2,30.002779,-90.172771,Jefferson Parish,22051
434830,Creative Images Institute of Cosmetology-North Dayton,-2,-2,Dayton,OH,45414,6,2,3,1,-2,21,19430,1,-2,39.855992,-84.188407,Montgomery County,39113
434900,Dewey University-Carolina,29,6,Carolina,PR,00986,2,1,2,1,2,21,41980,1,23,18.376596,-65.958397,Carolina Municipio,72031
434937,Yeshiva College of the Nations Capital,31,-2,Silver  Spring,MD,20902,2,1,2,1,1,21,47900,1,24,39.042404,-77.030566,Montgomery County,24031
435000,Louisiana State University Health Sciences Center-Shreveport,27,-2,Shreveport,LA,71103,1,1,1,2,2,12,43340,1,25,32.480683,-93.761018,Caddo Parish,22017
436030,Hair Academy II,-2,-2,Hillcrest Heights,MD,20748-1401,9,3,3,1,-2,21,47900,1,-2,38.839246,-76.948572,Prince George's County,24033
436304,River Parishes Community College,21,2,Gonzales,LA,70737,4,2,1,2,2,41,12940,1,5,30.191006,-90.930804,Ascension Parish,22005
436429,Los Angeles Film School,23,2,Hollywood,CA,90028,3,1,3,3,3,11,31080,1,30,34.098338,-118.3284,Los Angeles County,6037
436553,Century College,-2,-2,San Juan,PR,00918,9,3,3,1,-2,11,41980,1,-2,18.40919,-66.06559,San Juan Municipio,72127
436599,FINE Mortuary College,21,-2,Norwood,MA,02062,6,2,3,1,1,21,14460,1,12,42.181479,-71.19293,Norfolk County,25021
436614,International Baptist College and Seminary,31,-2,Chandler,AZ,85286,2,1,2,1,1,11,38060,1,24,33.273788,-111.879629,Maricopa County,4013
436632,Gwinnett College,-2,-2,Raleigh,NC,27616,9,3,3,1,-2,11,39580,1,-2,35.854605,-78.586818,Wake County,37183
436650,Medical Training College,-2,-2,Baton Rouge,LA,70816-5820,9,3,3,1,-2,12,12940,1,-2,30.427312,-91.069449,East Baton Rouge Parish,22033
436775,Toni & Guy Hairdressing Academy-Plano,-2,-2,Plano,TX,75093,9,3,3,-2,-2,11,19100,1,-2,33.026159,-96.797544,Collin County,48085
436818,University of Connecticut-Waterbury Campus,-2,-2,Waterbury,CT,06702,1,1,1,1,-2,12,47930,1,-2,41.555617,-73.039242,Naugatuck Valley Planning Region,9140
436827,University of Connecticut-Avery Point,-2,-2,Groton,CT,06340-6097,1,1,1,1,-2,22,35980,1,-2,41.316419,-72.065336,Southeastern Connecticut Planning Region,9180
436836,University of Connecticut-Stamford,-2,-2,Stamford,CT,06901-2315,1,1,1,2,-2,12,14860,1,-2,41.056081,-73.542206,Western Connecticut Planning Region,9190
437097,University of Management and Technology,24,5,Arlington,VA,22209-1609,3,1,3,1,2,12,47900,1,17,38.89743,-77.072001,Arlington County,51013
437103,Baton Rouge Community College,11,4,Baton Rouge,LA,70806,4,2,1,4,3,12,12940,1,4,30.448276,-91.137935,East Baton Rouge Parish,22033
437237,IYRS School of Technology & Trades,-2,-2,Newport,RI,02840,5,2,2,1,-2,21,39300,1,-2,41.480948,-71.314724,Newport County,44005
437556,Midwest Technical Institute-Illinois,-2,-2,Springfield,IL,62707,9,3,3,2,-2,12,44100,1,-2,39.840996,-89.595331,Sangamon County,17167
437608,Advanced Barber College and Hair Design,-2,-2,Weslaco,TX,78596,9,3,3,1,-2,21,32580,1,-2,26.131543,-97.958247,Hidalgo County,48215
437635,The College of Health Care Professions-Austin,21,2,Austin,TX,78723,6,2,3,1,2,11,12420,1,10,30.322978,-97.699064,Travis County,48453
437723,New Community Career & Technical Institute,-2,-2,Newark,NJ,07103-2419,8,3,2,1,-2,11,35620,1,-2,40.739017,-74.19585,Essex County,34013
437732,The Chicago School-College of Nursing,28,6,Richardson,TX,75080,5,2,2,1,1,12,19100,1,26,32.979753,-96.75721,Dallas County,48113
437750,Professional Golfers Career College,12,3,Temecula,CA,92591,6,2,3,1,1,12,40140,1,13,33.528952,-117.163739,Riverside County,6065
437769,Chester Career College,21,2,CHESTER,VA,23836,6,2,3,1,1,21,40060,1,10,37.348882,-77.374112,Chesterfield County,51041
437778,Milan Institute-San Antonio Ingram,-2,-2,San Antonio,TX,78238,9,3,3,1,-2,11,41700,1,-2,29.463767,-98.624719,Bexar County,48029
437857,Rudae's School of Beauty Culture-Ft Wayne,-2,-2,Fort Wayne,IN,46825-5444,9,3,3,1,-2,11,23060,1,-2,41.128125,-85.139946,Allen County,18003
437936,Carrington College-San Jose,21,2,San Jose,CA,95138,6,2,3,1,2,11,41940,1,10,37.248411,-121.777062,Santa Clara County,6085
438179,Brookline College-Tucson,21,4,Tucson,AZ,85711,3,1,3,1,1,11,46060,1,7,32.217799,-110.875869,Pima County,4019
438221,Miller-Motte College-Berks Technical Institute-Lewisburg,12,-2,Lewisburg,PA,17837,6,2,3,1,1,32,30260,2,7,40.98239,-76.885311,Union County,42119
438258,Carrington College-Pleasant Hill Campus,21,2,Pleasant Hill,CA,94523-1984,6,2,3,1,2,21,41860,1,10,37.962649,-122.072153,Contra Costa County,6013
438285,Cortiva Institute,-2,-2,Maitland,FL,32751,9,3,3,1,-2,21,36740,1,-2,28.629921,-81.397179,Orange County,12095
438337,Modern Hairstyling Institute-Carolina,-2,-2,Carolina,PR,00985,9,3,3,1,-2,21,41980,1,-2,18.379812,-65.963611,Carolina Municipio,72031
438504,Universal Technical Institute of California Inc,21,6,Rancho Cucamonga,CA,91730-0000,6,2,3,2,2,21,40140,1,11,34.082782,-117.576366,San Bernardino County,6071
438586,American InterContinental University-Atlanta,24,4,Atlanta,GA,30328,3,1,3,1,2,12,12060,1,19,33.938779,-84.354907,Fulton County,13121
438665,Rancho Santiago Community College District Office,-2,-2,Santa Ana,CA,92706-1640,0,1,1,-2,-2,11,31080,1,-2,33.767331,-117.868261,Orange County,6059
438674,The Academy of Hair Design Six,-2,-2,Hattiesburg,MS,39401-7569,9,3,3,1,-2,13,25620,1,-2,31.310341,-89.31781,Forrest County,28035
438708,Eastern West Virginia Community and Technical College,3,4,Moorefield,WV,26836-0000,4,2,1,1,1,43,-2,-2,5,39.075562,-78.932546,Hardy County,54031
438735,Aviation Institute of Maintenance-Indianapolis,21,4,Indianapolis,IN,46241,6,2,3,1,1,11,26900,1,-2,39.753062,-86.288273,Marion County,18097
438984,IVAEM College,-2,-2,Caguas,PR,00725-0000,9,3,3,1,-2,13,41980,1,-2,18.23502,-66.033732,Caguas Municipio,72025
439020,Midwest College of Oriental Medicine-Skokie,29,-2,Skokie,IL,60077,3,1,3,1,1,13,16980,1,26,42.044312,-87.754597,Cook County,17031
439118,Carrington College-Spokane,29,4,Spokane,WA,99206-4187,6,2,3,1,2,12,44060,1,10,47.675918,-117.268126,Spokane County,53063
439154,Texas Tech University System Administration,-2,-2,Lubbock,TX,79409-2013,0,1,1,-2,-2,11,31180,1,-2,33.581169,-101.892826,Lubbock County,48303
439190,Cascadia College,3,4,Bothell,WA,98011-8205,1,1,1,2,2,21,42660,1,14,47.760915,-122.191572,King County,53033
439367,CBD College,21,4,Los Angeles,CA,90010,2,1,2,2,2,11,31080,1,10,34.06231,-118.306221,Los Angeles County,6037
439394,East West College of Natural Medicine,29,-2,Sarasota,FL,34234-0000,3,1,3,1,1,13,35840,1,26,27.368451,-82.551571,Sarasota County,12115
439446,Atlantic Institute of Oriental Medicine,29,-2,Fort Lauderdale,FL,33301-3510,2,1,2,1,1,12,33100,1,26,26.121964,-80.142235,Broward County,12011
439455,MDT College of Health Sciences,-2,-2,Chicago,IL,60602,9,3,3,1,-2,11,16980,1,-2,41.882931,-87.626495,Cook County,17031
439473,Bennett Career Institute,-2,-2,Washington,DC,20017,9,3,3,1,-2,11,47900,1,-2,38.93264,-76.995965,District of Columbia,11001
439491,Blue Cliff College-Lafayette,-2,-2,Lafayette,LA,70508,9,3,3,1,-2,12,29180,1,-2,30.18811,-92.011131,Lafayette Parish,22055
439570,Community Care College,29,2,Tulsa,OK,74145,5,2,2,1,2,11,46140,1,8,36.101615,-95.905178,Tulsa County,40143
439622,Erie 1 BOCES,-2,-2,West Seneca,NY,14224,7,3,1,1,-2,21,15380,1,-2,42.851567,-78.78642,Erie County,36029
439668,HDS Truck Driving Institute,-2,-2,Tucson,AZ,85756,9,3,3,1,-2,41,46060,1,-2,32.13887,-110.856474,Pima County,4019
439686,International Training Careers,-2,-2,Miami,FL,33155,8,3,2,-2,-2,21,33100,1,-2,25.746905,-80.314727,Miami-Dade County,12086
439701,The King's University,31,-2,Southlake,TX,76092,2,1,2,1,2,21,19100,1,24,32.93973,-97.121526,Tarrant County,48439
439738,Fortis College-Baton Rouge,21,4,Baton Rouge,LA,70817,6,2,3,1,2,21,12940,1,10,30.366448,-91.024833,East Baton Rouge Parish,22033
439747,My Le's Beauty College,-2,-2,Sacramento,CA,95823-2513,9,3,3,1,-2,21,40900,1,-2,38.494851,-121.452325,Sacramento County,6067
439774,New Concept Massage and Beauty School,-2,-2,Miami,FL,33144,9,3,3,1,-2,21,33100,1,-2,25.759873,-80.304747,Miami-Dade County,12086
439783,New York College of Traditional Chinese Medicine,29,-2,Mineola,NY,11501,2,1,2,1,1,21,35620,1,26,40.73945,-73.638911,Nassau County,36059
439792,Fortis College-Orange Park,28,2,Orange Park,FL,32065,6,2,3,1,2,21,27260,1,10,30.148278,-81.759035,Clay County,12019
439817,Northeastern Seminary,31,-2,Rochester,NY,14624,2,1,2,1,1,21,40380,1,24,43.122873,-77.8007,Monroe County,36055
439844,Omega Institute of Cosmetology,-2,-2,Houma,LA,70360-2716,9,3,3,1,-2,13,26380,1,-2,29.602712,-90.752356,Terrebonne Parish,22109
439862,Pacific Islands University,22,-2,Mangilao,GU,96913-5917,2,1,2,1,1,22,-2,-2,21,13.465046,144.835821,Guam,66010
439871,PCI College,21,2,Cerritos,CA,90703,3,1,3,1,1,21,31080,1,26,33.87475,-118.100169,Los Angeles County,6037
439899,Rosedale Bible College,31,-2,Irwin,OH,43029,5,2,2,1,1,42,18140,1,13,40.077583,-83.456645,Madison County,39097
439914,Seattle Institute of East Asian Medicine,29,-2,Seattle,WA,98108,2,1,2,1,1,11,42660,1,26,47.544948,-122.325399,King County,53033
439932,Shawnee Beauty College,-2,-2,Shawnee,OK,74801,9,3,3,1,-2,32,43060,2,-2,35.356032,-96.912574,Pottawatomie County,40125
439969,Acupuncture and Massage College,29,2,Miami,FL,33176,3,1,3,-2,1,13,33100,1,26,25.686382,-80.364141,Miami-Dade County,12086
440004,Upper Valley Educators Institute,-2,-2,Lebanon,NH,03766-1358,2,1,2,1,-2,33,30150,2,-2,43.637595,-72.230822,Grafton County,33009
440031,Keck Graduate Institute,30,-2,Claremont,CA,91711,2,1,2,1,2,21,31080,1,18,34.093329,-117.72351,Los Angeles County,6037
440059,Aviation Institute of Maintenance-Atlanta,21,6,Duluth,GA,30096,6,2,3,1,2,21,12060,1,-2,33.948914,-84.147864,Gwinnett County,13135
440101,Empire Beauty School-Kennesaw,-2,-2,Kennesaw,GA,30144,9,3,3,1,-2,21,12060,1,-2,34.012704,-84.56688,Cobb County,13067
440138,Antioch University-System Administration,-2,-2,Yellow Springs,OH,45387,0,1,2,-2,-2,41,19430,1,-2,39.80321,-83.908684,Greene County,39057
440262,New York Automotive and Diesel Institute,21,4,Jamaica,NY,11433-1433,6,2,3,1,2,11,35620,1,11,40.705073,-73.780592,Queens County,36081
440271,Remington College-Baton Rouge Campus,21,2,Baton Rouge,LA,70816,5,2,2,1,1,12,12940,1,11,30.411857,-91.052999,East Baton Rouge Parish,22033
440396,New Saint Andrews College,22,-2,Moscow,ID,83843-1525,2,1,2,1,1,32,34140,2,21,46.731422,-117.001804,Latah County,16057
440402,Arkansas State University-Newport,11,6,Newport,AR,72112,4,2,1,2,3,41,-2,-2,9,35.640492,-91.190594,Jackson County,5067
440651,Atenas University,29,6,Manati,PR,00674-0000,2,1,2,1,2,21,41980,1,26,18.429776,-66.488422,Manatí  Municipio,72091
440730,Onondaga Cortland Madison BOCES,-2,-2,Liverpool,NY,13088,7,3,1,1,-2,21,45060,1,-2,43.096302,-76.174381,Onondaga County,36067
440776,Interactive College of Technology,24,2,Pasadena,TX,77502,6,2,3,1,1,12,26420,1,8,29.690435,-95.213765,Harris County,48201
440794,Pillar College,4,4,Newark,NJ,07102,2,1,2,1,2,11,35620,1,21,40.738539,-74.169153,Essex County,34013
440819,Miami Ad School-San Francisco,-2,-2,San Francisco,CA,94111,6,2,3,1,-2,11,41860,1,-2,37.795155,-122.401198,San Francisco County,6075
440828,Oregon State University-Cascades Campus,-2,-2,Bend,OR,97702,1,1,1,2,-2,12,13460,1,-2,44.042795,-121.333703,Deschutes County,41017
440855,Milan Institute-Amarillo,-2,-2,Amarillo,TX,79106,9,3,3,1,-2,12,11100,1,-2,35.185278,-101.916984,Potter County,48375
440916,Southern University Law Center,-2,-2,Baton Rouge,LA,70813,1,1,1,1,-2,12,12940,1,31,30.523898,-91.194417,East Baton Rouge Parish,22033
440989,Texas Barber College,-2,-2,Houston,TX,77036,9,3,3,1,-2,11,26420,1,-2,29.69036,-95.532975,Harris County,48201
441025,Miller-Motte College-Charleston,24,2,Charleston,SC,29406,6,2,3,1,1,12,16700,1,7,32.953274,-80.044585,Charleston County,45019
441052,American Career College-Anaheim,21,4,Anaheim,CA,92801-0000,6,2,3,2,2,11,31080,1,10,33.849912,-117.975599,Orange County,6059
441070,Saginaw Chippewa Tribal College,3,4,Mount Pleasant,MI,48858,4,2,1,1,1,32,34380,2,33,43.612084,-84.731121,Isabella County,26073
441104,Richmont Graduate University,25,-2,Chattanooga,TN,37404,2,1,2,1,1,12,16860,1,26,35.036337,-85.274642,Hamilton County,47065
441131,The Seattle School of Theology & Psychology,25,-2,Seattle,WA,98144,2,1,2,1,1,11,42660,1,26,47.613373,-122.350945,King County,53033
441210,East Valley Institute of Technology,-2,-2,Mesa,AZ,85201,7,3,1,1,-2,11,38060,1,-2,33.412268,-111.863966,Maricopa County,4013
441229,Smith Chason College,21,6,Los Angeles,CA,90010,3,1,3,2,2,11,31080,1,26,34.061409,-118.302836,Los Angeles County,6037
441256,Design's School of Cosmetology,-2,-2,Paso Robles,CA,93446,9,3,3,1,-2,13,42020,1,-2,35.648459,-120.672526,San Luis Obispo County,6079
441371,Ultimate Medical Academy,29,2,Clearwater,FL,33755-4933,5,2,2,3,4,12,45300,1,10,27.965294,-82.78558,Pinellas County,12103
441380,Florida Barber Academy,-2,-2,Plantation,FL,33317,9,3,3,1,-2,21,33100,1,-2,26.122056,-80.203691,Broward County,12011
441414,M-DCPS The English Center,-2,-2,Miami,FL,33133-2703,7,3,1,1,-2,11,33100,1,-2,25.74027,-80.25167,Miami-Dade County,12086
441423,Florida Education Institute,29,2,Miami,FL,33144,6,2,3,1,2,21,33100,1,-2,25.76325,-80.290496,Miami-Dade County,12086
441487,Texas County Technical College,28,5,Houston,MO,65483,6,2,3,1,1,43,-2,-2,10,37.300967,-91.964963,Texas County,29215
441496,Aviation Institute of Maintenance-Kansas City,-2,-2,Kansas City,MO,64129,6,2,3,1,-2,11,28140,1,-2,39.049869,-94.498289,Jackson County,29095
441502,Blue Cliff College-Gulfport,-2,-2,Gulfport,MS,39503,6,2,3,1,-2,13,25060,1,-2,30.442482,-89.039348,Harrison County,28047
441575,Metropolitan Learning Institute,-2,-2,Rego Park,NY,11374,8,3,2,1,-2,11,35620,1,-2,40.72921,-73.858441,Queens County,36081
441593,Orleans Niagara BOCES-Practical Nursing Program,-2,-2,Lockport,NY,14094,7,3,1,1,-2,31,15380,1,-2,43.169631,-78.692579,Niagara County,36063
441609,Yeshiva Shaarei Torah of Rockland,31,-2,Suffern,NY,10901-4003,2,1,2,1,1,21,35620,1,24,41.12362,-74.090159,Rockland County,36087
441618,Leon Studio One School of Beauty Knowledge,-2,-2,Williamsville,NY,14221,9,3,3,1,-2,21,15380,1,-2,42.961017,-78.752161,Erie County,36029
441636,American Institute of Alternative Medicine,28,4,Columbus,OH,43229,3,1,3,1,2,11,18140,1,26,40.102442,-82.988733,Franklin County,39049
441645,Brown Aveda Institute-Mentor,-2,-2,Mentor,OH,44060,6,2,3,1,-2,21,17410,1,-2,41.672002,-81.324318,Lake County,39085
441663,Institute of Technology,-2,-2,Salem,OR,97305,6,2,3,1,-2,21,41420,1,-2,44.969198,-122.967715,Marion County,41047
441672,Susquehanna County Career and Technology Center,-2,-2,Springville,PA,18844,7,3,1,1,-2,42,-2,-2,-2,41.7386,-75.9558,Susquehanna County,42115
441690,Universidad Pentecostal Mizpa,31,-2,Rio Piedras,PR,00928,2,1,2,1,1,11,41980,1,24,18.358258,-66.085117,San Juan Municipio,72127
441706,Caribbean Forensic and Technical College,-2,-2,San Juan,PR,00907,9,3,3,1,-2,11,41980,1,-2,18.45115,-66.074402,San Juan Municipio,72127
441742,Concorde Career College-Grand Prairie,21,4,Grand Prairie,TX,75052-3831,6,2,3,1,2,21,19100,1,10,32.675369,-97.05498,Tarrant County,48439
441760,Lamar Institute of Technology,21,6,Beaumont,TX,77705,4,2,1,3,3,12,13140,1,7,30.047885,-94.077126,Jefferson County,48245
441788,Aviation Institute of Maintenance-Dallas,-2,-2,Irving,TX,75061,6,2,3,1,-2,11,19100,1,-2,32.836068,-96.941822,Dallas County,48113
441830,Healing Mountain Massage School,-2,-2,Salt Lake City,UT,84102-4002,9,3,3,1,-2,12,41620,1,-2,40.761391,-111.876409,Salt Lake County,49035
441858,Eastern Virginia Career College,28,2,Fredericksburg,VA,22408,6,2,3,1,1,22,47900,1,10,38.24116,-77.495581,Spotsylvania County,51177
441876,"Rudy & Kelly Academy, A Paul Mitchell Partner School",-2,-2,Virginia Beach,VA,23464,9,3,3,1,-2,11,47260,1,-2,36.779382,-76.189382,Virginia Beach City,51810
441900,Nevada State University,14,4,Henderson,NV,89002,1,1,1,3,3,41,29820,1,22,35.982345,-114.938044,Clark County,32003
441937,California State University-Channel Islands,22,6,Camarillo,CA,93012,1,1,1,3,3,41,37100,1,20,34.162949,-119.04356,Ventura County,6111
441982,Franklin W Olin College of Engineering,30,5,Needham,MA,02492-1200,2,1,2,1,1,21,14460,1,28,42.293527,-71.263378,Norfolk County,25021
442064,Won Institute of Graduate Studies,29,-2,Warminster,PA,18974,2,1,2,1,1,21,37980,1,26,40.201117,-75.078944,Bucks County,42017
442073,Lincoln Technical Institute-Paramus,-2,-2,Paramus,NJ,07652-5002,9,3,3,1,-2,21,35620,1,-2,40.915145,-74.057574,Bergen County,34003
442134,Pima Medical Institute-Colorado Springs,21,4,Colorado Springs,CO,80919,6,2,3,1,2,11,17820,1,10,38.914019,-104.820989,El Paso County,8041
442240,Paul Mitchell the School-Costa Mesa,-2,-2,Costa Mesa,CA,92626,9,3,3,1,-2,12,31080,1,-2,33.695103,-117.927468,Orange County,6059
442295,Ave Maria School of Law,26,-2,Naples,FL,34119,2,1,2,1,1,21,34940,1,31,26.242138,-81.731358,Collier County,12021
442329,Tulsa Welding School-Jacksonville,-2,-2,Jacksonville,FL,32216,9,3,3,1,-2,11,27260,1,-2,30.282647,-81.560428,Duval County,12031
442356,Saint Joseph's University - Lancaster,28,6,Lancaster,PA,17601,2,1,2,2,2,41,29540,1,26,40.060419,-76.247035,Lancaster County,42071
442383,West Virginia Junior College-Bridgeport,21,2,Bridgeport,WV,26330,6,2,3,1,1,32,17220,2,10,39.284512,-80.271826,Harrison County,54033
442426,St Louis College of Health Careers-Fenton,29,2,Fenton,MO,63026,3,1,3,1,2,21,41180,1,26,38.544635,-90.470904,St. Louis County,29189
442435,Interactive College of Technology-Gainesville,21,2,Gainesville,GA,30504,6,2,3,1,1,13,23580,1,13,34.276597,-83.855524,Hall County,13139
442444,San Joaquin Valley College-Ontario,21,4,Ontario,CA,91764-5107,6,2,3,1,2,12,40140,1,9,34.068584,-117.55038,San Bernardino County,6071
442523,Alaska Christian College,3,2,Soldotna,AK,99669,5,2,2,1,1,41,-2,-2,1,60.490459,-151.136005,Kenai Peninsula Borough,2122
442569,University of Arkansas Grantham,19,4,LIttle Rock,AR,72207,1,1,1,3,3,12,30780,1,18,34.775996,-92.343582,Pulaski County,5119
442602,Carrington College-Albuquerque,28,4,Albuquerque,NM,87107-1642,6,2,3,1,2,11,10740,1,10,35.110048,-106.633361,Bernalillo County,35001
442611,NASCAR Technical Institute,21,6,Mooresville,NC,28117,6,2,3,2,2,13,16740,1,-2,35.605305,-80.855128,Iredell County,37097
442639,University of the Potomac-VA Campus,24,1,FALLS CHURCH,VA,22043-2536,3,1,3,1,2,21,47900,1,29,38.906944,-77.216062,Fairfax County,51059
442657,Milan Institute-Palm Desert,-2,-2,Palm Desert,CA,92211,9,3,3,1,-2,13,40140,1,-2,33.783343,-116.353268,Riverside County,6065
442781,Tohono O'odham Community College,12,6,Sells,AZ,85634-3129,4,2,1,2,2,43,46060,1,33,31.989869,-111.715445,Pima County,4019
442806,Edward Via College of Osteopathic Medicine,27,-2,Blacksburg,VA,24060,2,1,2,2,2,13,13980,1,25,37.199747,-80.406089,Montgomery County,51121
442842,Pacific College of Health and Science,29,2,Chicago,IL,60601,3,1,3,1,1,11,16980,1,26,41.886588,-87.625488,Cook County,17031
442879,Southwest Institute of Healing Arts,29,2,Tempe,AZ,85282,6,2,3,1,2,12,38060,1,10,33.39428,-111.913584,Maricopa County,4013
442888,InterCoast Colleges-Riverside,-2,-2,Riverside,CA,92508,9,3,3,1,-2,21,40140,1,-2,33.888511,-117.281383,Riverside County,6065
442930,University of Antelope Valley,15,-2,Lancaster,CA,93534,3,1,3,-2,2,21,31080,1,22,34.683587,-118.134968,Los Angeles County,6037
442976,Brighton Center's Center for Employment Training,-2,-2,Newport,KY,41071-1968,8,3,2,1,-2,21,17140,1,-2,39.092904,-84.490096,Campbell County,21037
442985,California Healing Arts College,-2,-2,Carson,CA,90746-7323,9,3,3,1,-2,13,31080,1,-2,33.844718,-118.265919,Los Angeles County,6037
443021,Dallas Barber & Stylist College,-2,-2,Dallas,TX,75243,9,3,3,1,-2,11,19100,1,-2,32.909891,-96.737009,Dallas County,48113
443030,NorthShore University HealthSystem School of Nurse Anesthesia,-2,-2,Evanston,IL,60201-1718,2,1,2,1,-2,13,16980,1,-2,42.065549,-87.684445,Cook County,17031
443049,Faith International University,15,4,Tacoma,WA,98407-2607,2,1,2,1,1,12,42660,1,20,47.280168,-122.51687,Pierce County,53053
443058,Family of Faith Christian University,31,-2,Shawnee,OK,74804,2,1,2,1,1,42,43060,2,24,35.462234,-96.901413,Pottawatomie County,40125
443076,Hood Theological Seminary,31,-2,Salisbury,NC,28144,2,1,2,1,1,21,16740,1,24,35.644603,-80.480643,Rowan County,37159
443100,Colegio Educativo Tecnologico Industrial Inc,-2,-2,Arecibo,PR,00612-0000,8,3,2,1,-2,13,11640,1,-2,18.471007,-66.714906,Arecibo Municipio,72013
443137,Irene's Myomassology Institute,-2,-2,Southfield,MI,48033,9,3,3,1,-2,13,19820,1,-2,42.480113,-83.287169,Oakland County,26125
443146,Jay's Technical Institute,-2,-2,Houston,TX,77071,9,3,3,1,-2,11,26420,1,-2,29.64877,-95.525281,Harris County,48201
443207,NTMA Machinist Career College,-2,-2,Santa Fe Springs,CA,90670,8,3,2,1,-2,21,31080,1,-2,33.94302,-118.074231,Los Angeles County,6037
443216,P C Age-Jersey City,-2,-2,Jersey City,NJ,07306,9,3,3,1,-2,11,35620,1,-2,40.732114,-74.06691,Hudson County,34017
443225,PC AGE-Metropark,-2,-2,Iselin,NJ,08830,9,3,3,1,-2,21,35620,1,-2,40.561771,-74.325692,Middlesex County,34023
443234,Hollywood Institute,-2,-2,Margate,FL,33063,9,3,3,1,-2,21,33100,1,-2,26.243429,-80.199738,Broward County,12011
443252,South Florida Institute of Technology,-2,-2,Miami,FL,33125,9,3,3,3,-2,11,33100,1,-2,25.780018,-80.239586,Miami-Dade County,12086
443261,Southeastern College-Charleston,21,2,North Charleston,SC,29406,6,2,3,1,1,12,16700,1,10,32.900527,-80.027313,Charleston County,45019
443289,Tigi Hairdressing Academy-Colorado Springs,-2,-2,Colorado Springs,CO,80918,9,3,3,1,-2,11,17820,1,-2,38.905898,-104.777572,El Paso County,8041
443298,Trend Barber College,-2,-2,Houston,TX,77071-2202,9,3,3,1,-2,11,26420,1,-2,29.65621,-95.522116,Harris County,48201
443322,Valley Grande Institute for Academic Studies,-2,-2,Weslaco,TX,78596,8,3,2,1,-2,21,32580,1,-2,26.158256,-97.990391,Hidalgo County,48215
443331,West Coast University-Los Angeles,28,6,North Hollywood,CA,91606,3,1,3,2,2,11,31080,1,26,34.187134,-118.39941,Los Angeles County,6037
443340,Williamson Christian College,24,-2,Franklin,TN,37067,2,1,2,1,1,13,34980,1,29,35.95616,-86.828311,Williamson County,47187
443368,Illinois Eastern Community College-System Office,-2,-2,Olney,IL,62450,0,2,1,-2,-2,33,-2,-2,-2,38.729684,-88.081976,Richland County,17159
443377,Triangle Tech Inc-Sunbury,21,6,Sunbury,PA,17801,6,2,3,1,1,41,44980,2,7,40.855276,-76.765478,Northumberland County,42097
443410,DigiPen Institute of Technology,23,5,Redmond,WA,98052,3,1,3,2,2,13,42660,1,22,47.68871,-122.150603,King County,53033
443492,Pierpont Community and Technical College,21,2,Fairmont,WV,26554,4,2,1,2,2,32,21900,2,7,39.432199,-80.192304,Marion County,54049
443562,Dewey University-Hato Rey,29,6,Hato Rey,PR,00910,2,1,2,1,2,11,41980,1,26,18.417614,-66.043033,San Juan Municipio,72127
443571,InterCoast Colleges-West Covina,29,4,West Covina,CA,91791,3,1,3,1,2,21,31080,1,-2,34.073357,-117.897148,Los Angeles County,6037
443599,American College of Healthcare Sciences,29,2,Portland,OR,97239,3,1,3,2,2,11,38900,1,26,45.486902,-122.675858,Multnomah County,41051
443632,Colorado Media School,-2,-2,Denver,CO,80237,9,3,3,1,-2,11,19740,1,-2,39.637456,-104.898784,Denver County,8031
443641,Paul Mitchell the School-Rhode Island,-2,-2,Cranston,RI,02920,9,3,3,1,-2,21,39300,1,-2,41.755208,-71.459056,Providence County,44007
443650,Miller-Motte College-Chattanooga,29,2,Chattanooga,TN,37421,3,1,3,2,2,12,16860,1,7,35.034287,-85.181925,Hamilton County,47065
443669,Milan Institute-Sparks,-2,-2,Sparks,NV,89431,9,3,3,1,-2,21,39900,1,-2,39.524564,-119.757909,Washoe County,32031
443696,Interactive College of Technology,24,2,Houston,TX,77060-2303,6,2,3,1,1,11,26420,1,13,29.945555,-95.403559,Harris County,48201
443702,"Bexley Hall Seabury Western Theological Seminary Federation, Inc.",31,-2,Chicago,IL,60637,2,1,2,1,1,11,16980,1,24,41.785701,-87.591178,Cook County,17031
443711,University of North Texas System,-2,-2,Dallas,TX,75201,0,1,1,-2,-2,11,19100,1,-2,32.78176,-96.795217,Dallas County,48113
443766,Strayer University-Tennessee,24,6,Memphis,TN,38118,3,1,3,2,3,11,32820,1,29,35.076643,-89.901042,Shelby County,47157
443784,Strayer University-Pennsylvania,24,4,Trevose,PA,19053,3,1,3,2,2,21,37980,1,20,40.13955,-74.962991,Bucks County,42017
443951,Charlie's Guard-Detective Bureau and Academy Inc,-2,-2,Aguadilla,PR,00603,9,3,3,1,-2,22,10380,1,-2,18.469662,-67.153612,Aguadilla Municipio,72005
443979,PCI Academy-Plymouth,-2,-2,Plymouth,MN,55446,9,3,3,1,-2,13,33460,1,-2,45.033765,-93.508453,Hennepin County,27053
444051,Creative Images Institute of Cosmetology-South Dayton,-2,-2,Dayton,OH,45459,6,2,3,1,-2,21,19430,1,-2,39.627019,-84.174179,Montgomery County,39113
444088,Brookline College-Albuquerque,28,4,Albuquerque,NM,87102,3,1,3,1,2,11,10740,1,26,35.0894,-106.649835,Bernalillo County,35001
444103,Byzantine Catholic Seminary of Saints Cyril and Methodius,31,-2,Pittsburgh,PA,15214-2229,2,1,2,1,1,11,38300,1,24,40.484409,-80.015825,Allegheny County,42003
444130,Northcentral University,25,-2,San Diego,CA,92123,2,1,2,3,3,11,41740,1,17,32.829299,-117.127296,San Diego County,6073
444194,Bayamon Community College,-2,-2,Bayamon,PR,00961,9,3,3,1,-2,12,41980,1,-2,18.398313,-66.155908,Bayamón Municipio,72021
444219,Folsom Lake College,2,3,Folsom,CA,95630,4,2,1,4,3,13,40900,1,2,38.661372,-121.127486,Sacramento County,6067
444228,LeGrand Institute of Cosmetology Inc,-2,-2,Camden,SC,29020,9,3,3,1,-2,31,17900,1,-2,34.271931,-80.609117,Kershaw County,45055
444264,Cambridge Technical Institute,-2,-2,Caguas,PR,00705,9,3,3,1,-2,13,41980,1,-2,18.248604,-66.019673,Caguas Municipio,72025
444282,Empire Beauty School-Midlothian,-2,-2,Midlothian,VA,23112,9,3,3,1,-2,21,40060,1,-2,37.43843,-77.593651,Chesterfield County,51041
444291,Empire Beauty School-Owings Mills,-2,-2,Owings Mills,MD,21117,9,3,3,1,-2,21,12580,1,-2,39.403672,-76.761993,Baltimore County,24005
444307,Empire Beauty School-West Mifflin,-2,-2,West Mifflin,PA,15122,9,3,3,1,-2,21,38300,1,-2,40.344669,-79.946147,Allegheny County,42003
444325,ATI College-Whittier,29,4,Whitter,CA,90603-0000,3,1,3,1,1,21,31080,1,-2,33.948364,-118.003687,Los Angeles County,6037
444334,Advance Science International College,28,2,Miami Lakes,FL,33014,6,2,3,1,1,21,33100,1,10,25.924708,-80.284567,Miami-Dade County,12086
444361,ATA College,21,2,El Cajon,CA,92020,6,2,3,1,1,21,41740,1,7,32.819023,-116.981781,San Diego County,6073
444370,American Advanced Technicians Institute,-2,-2,Hialeah,FL,33014,9,3,3,1,-2,21,33100,1,-2,25.884901,-80.323025,Miami-Dade County,12086
444398,Baptist University of the Americas,22,4,San Antonio,TX,78224-1443,2,1,2,1,1,11,41700,1,22,29.342919,-98.541223,Bexar County,48029
444404,The Beauty Institute,-2,-2,West  Palm Beach,FL,33409,9,3,3,1,-2,21,33100,1,-2,26.710119,-80.111689,Palm Beach County,12099
444413,Beis Medrash Heichal Dovid,31,-2,Far Rockaway,NY,11691-4433,2,1,2,1,1,11,35620,1,24,40.596845,-73.751633,Queens County,36081
444440,Blue Cliff Career College,-2,-2,Mobile,AL,36606,9,3,3,1,-2,12,33660,1,-2,30.670281,-88.114952,Mobile County,1097
444468,Lawrenceburg Technical College,-2,-2,Lawrenceburg,TN,38464,9,3,3,1,-2,32,29980,2,-2,35.239905,-87.335851,Lawrence County,47099
444486,Paul Mitchell the School-Charlotte,-2,-2,Charlotte,NC,28204,9,3,3,1,-2,11,16740,1,-2,35.214191,-80.827602,Mecklenburg County,37119
444510,CES College,-2,-2,Burbank,CA,91502-2750,8,3,2,1,-2,12,31080,1,-2,34.180401,-118.303297,Los Angeles County,6037
444529,Stellar Career College,-2,-2,Modesto,CA,95356,9,3,3,1,-2,21,33700,1,-2,37.701963,-121.071015,Stanislaus County,6099
444556,Auguste Escoffier School of Culinary Arts-Austin,21,2,Austin,TX,78752,6,2,3,1,2,11,12420,1,12,30.326455,-97.717865,Travis County,48453
444565,Culinary Institute Inc,21,2,Houston,TX,77022-4322,6,2,3,1,2,11,26420,1,12,29.823623,-95.378633,Harris County,48201
444583,Escuela Hotelera de San Juan,-2,-2,Hato Rey,PR,00917,9,3,3,1,-2,11,41980,1,-2,18.417008,-66.046598,San Juan Municipio,72127
444635,Orion Institute,-2,-2,Perrysburg,OH,43551,9,3,3,1,-2,21,45780,1,-2,41.556265,-83.598514,Wood County,39173
444662,Moore Career College,-2,-2,Baton Rouge,LA,70817,9,3,3,-1,-2,21,12940,1,-2,30.367301,-91.024786,East Baton Rouge Parish,22033
444671,Industrial Technical College,-2,-2,Humacao,PR,00791,9,3,3,1,-2,21,41980,1,-2,18.149582,-65.828111,Humacao Municipio,72069
444699,Institute of Clinical Acupuncture & Oriental Medicine,29,-2,Honolulu,HI,96817,3,1,3,1,1,11,46520,1,26,21.313602,-157.86111,Honolulu County,15003
444714,Gwinnett College-Marietta Campus,29,2,Marietta,GA,30067,6,2,3,1,1,13,12060,1,10,33.928592,-84.479102,Cobb County,13067
444732,Leston College,-2,-2,Bayamon,PR,00961,9,3,3,1,-2,12,41980,1,-2,18.399291,-66.154995,Bayamón Municipio,72021
444778,Charlotte Christian College and Theological Seminary,31,-2,Charlotte,NC,28227-9446,2,1,2,1,1,11,16740,1,24,35.159664,-80.737194,Mecklenburg County,37119
444787,Nightingale College,28,-2,Salt Lake City,UT,84111,3,1,3,3,2,12,41620,1,26,40.767465,-111.887917,Salt Lake County,49035
444811,PITC Institute,28,6,Wyncote,PA,19095,6,2,3,1,2,21,37980,1,-2,40.097592,-75.145122,Montgomery County,42091
444857,Skinworks School of Advanced Skincare,-2,-2,Salt Lake City,UT,84115,9,3,3,1,-2,21,41620,1,-2,40.724925,-111.884177,Salt Lake County,49035
444866,Southeastern College-Columbia,21,2,Columbia,SC,29223,6,2,3,1,1,21,17900,1,10,34.062946,-80.962083,Richland County,45079
444936,Turning Point Beauty College,-2,-2,Chandler,AZ,85225-4775,9,3,3,1,-2,41,38060,1,-2,32.87795,-111.689601,Pinal County,4021
444945,Unitech Training Academy-Lafayette,-2,-2,Lafayette,LA,70506,9,3,3,1,-2,12,29180,1,-2,30.182982,-92.074298,Lafayette Parish,22055
444954,Mountwest Community and Technical College,12,2,Huntington,WV,25701,4,2,1,2,2,22,26580,1,8,38.392635,-82.458186,Cabell County,54011
445027,American InterContinental University System,24,4,Chandler,AZ,85286,3,1,3,4,4,11,38060,1,18,33.278816,-111.804036,Maricopa County,4013
445054,Toyota Technological Institute at Chicago,30,-2,Chicago,IL,60637,2,1,2,1,1,11,16980,1,28,41.784721,-87.592682,Cook County,17031
445133,American InterContinental University-Houston,24,4,Houston,TX,77042,3,1,3,1,1,11,26420,1,20,29.728216,-95.548302,Harris County,48201
445188,University of California-Merced,5,6,Merced,CA,95343-5603,1,1,1,3,3,22,32900,1,16,37.366237,-120.424944,Merced County,6047
445203,Remington College-North Houston Campus,21,2,Houston,TX,77067,5,2,2,1,1,11,26420,1,8,29.946769,-95.424881,Harris County,48201
445212,Paul Mitchell the School-Orlando,-2,-2,Oviedo,FL,32765,9,3,3,1,-2,21,36740,1,-2,28.663679,-81.234215,Seminole County,12117
445230,Pima Medical Institute-Las Vegas,21,4,Las Vegas,NV,89121,6,2,3,1,2,12,29820,1,10,36.114105,-115.102238,Clark County,32003
445249,Remington College-Nashville Campus,21,2,Nashville,TN,37214,5,2,2,1,2,11,34980,1,10,36.152337,-86.665629,Davidson County,47037
445267,Central Methodist University-College of Graduate and Extended Studies,14,-2,Fayette,MO,65248-1198,2,1,2,2,3,42,17860,1,20,39.150497,-92.685253,Howard County,29089
445364,North-West College-Riverside,-2,-2,Riverside,CA,92503,6,2,3,1,-2,11,40140,1,-2,33.9145,-117.485881,Riverside County,6065
445498,Colegio Tecnico de Electricidad Galloza,-2,-2,Aguada,PR,00602,9,3,3,1,-2,22,10380,1,-2,18.354438,-67.176343,Aguada Municipio,72003
445540,Arthur's Beauty College,-2,-2,Conway,AR,72032,9,3,3,1,-2,13,30780,1,-2,35.109764,-92.445479,Faulkner County,5045
445647,Spa Tech Institute-Westboro,-2,-2,Westborough,MA,01581,9,3,3,1,-2,21,49340,1,-2,42.285984,-71.635686,Worcester County,25027
445656,Spa Tech Institute-Plymouth,-2,-2,Plymouth,MA,02360,9,3,3,1,-2,21,14460,1,-2,41.958481,-70.704453,Plymouth County,25023
445692,Neumont College of Computer Science,15,6,Salt Lake City,UT,84111-1917,3,1,3,1,2,12,41620,1,28,40.766096,-111.890573,Salt Lake County,49035
445708,Johnson & Wales University-Charlotte,21,4,Charlotte,NC,28202,2,1,2,2,2,11,16740,1,22,35.233502,-80.851208,Mecklenburg County,37119
445735,Roseman University of Health Sciences,27,-2,Henderson,NV,89014,2,1,2,2,2,11,29820,1,26,36.073182,-115.064633,Clark County,32003
445744,Fortis Institute-Port Saint Lucie,28,4,Port Saint Lucie,FL,34952,6,2,3,1,2,12,38940,1,10,27.3016,-80.303751,St. Lucie County,12111
445762,Aviation Institute of Maintenance-Manassas,-2,-2,Manassas,VA,20109,6,2,3,1,-2,21,47900,1,-2,38.794493,-77.514594,Prince William County,51153
445780,Cosmetology School of Arts & Sciences,-2,-2,Burley,ID,83318,9,3,3,1,-2,32,15420,2,-2,42.561068,-113.78718,Minidoka County,16067
445799,Universal Technical Institute of Pennsylvania Inc,21,4,Exton,PA,19341,6,2,3,1,2,21,37980,1,-2,40.070513,-75.685133,Chester County,42029
445841,Kenneth Shuler School of Cosmetology-Spartanburg,-2,-2,Spartanburg,SC,29301,9,3,3,1,-2,13,43900,1,-2,34.923366,-81.972727,Spartanburg County,45083
445850,Kenneth Shuler School of Cosmetology-Columbia,-2,-2,Columbia,SC,29209,9,3,3,1,-2,12,17900,1,-2,33.964545,-80.942005,Richland County,45079
445869,Divine Mercy University,25,-2,Sterling,VA,20166,2,1,2,1,2,21,47900,1,26,38.979728,-77.437576,Loudoun County,51107
445911,Lincoln Technical Institute-Shelton,-2,-2,Shelton,CT,06484,9,3,3,1,-2,13,47930,1,-2,41.271974,-73.132014,Naugatuck Valley Planning Region,9140
445948,Northwest Career College,12,2,Las Vegas,NV,89128,6,2,3,2,2,11,29820,1,8,36.203875,-115.255585,Clark County,32003
445957,Soma Institute-The National School of Clinical Massage Therapy,-2,-2,Chicago,IL,60604-4110,9,3,3,1,-2,11,16980,1,-2,41.878063,-87.62572,Cook County,17031
446002,American Academy of Health and Wellness,29,-2,Roseville,MN,55113,3,1,3,1,1,21,33460,1,26,45.008212,-93.157929,Ramsey County,27123
446039,Arizona School of Acupuncture and Oriental Medicine,29,-2,Tucson,AZ,85716-1518,3,1,3,1,1,11,46060,1,26,32.264559,-110.929118,Pima County,4019
446048,Ave Maria University,5,3,Ave Maria,FL,34142-9505,2,1,2,2,2,42,34940,1,21,26.335983,-81.438945,Collier County,12021
446084,CALC Institute of Technology,-2,-2,Alton,IL,62002,9,3,3,1,-2,23,41180,1,-2,38.927494,-90.175979,Madison County,17119
446093,Sutter County Career Training Center,-2,-2,Yuba City,CA,95993,7,3,1,1,-2,13,49700,1,-2,39.139961,-121.652275,Sutter County,6101
446109,Cambridge College of Healthcare & Technology,21,4,Altamonte Springs,FL,32701,3,1,3,1,2,21,36740,1,10,28.66306,-81.375722,Seminole County,12117
446118,Career Care Institute,28,4,Lancaster,CA,93534,6,2,3,1,2,21,31080,1,10,34.678236,-118.15638,Los Angeles County,6037
446127,ATA Career Education,28,2,Spring Hill,FL,34606,3,1,3,1,1,22,45300,1,10,28.452699,-82.595376,Hernando County,12053
446163,Community Christian College,3,4,Quartzsite,AZ,85346,5,2,2,1,2,13,40140,1,3,34.068664,-117.217101,San Bernardino County,6071
446206,Culpeper Cosmetology Training Center,-2,-2,Culpeper,VA,22701-1055,7,3,1,1,-2,32,47900,1,-2,38.471182,-77.994727,Culpeper County,51047
446224,Eastern School of Acupuncture and Traditional Medicine,29,-2,Bloomfield,NJ,07003-3551,3,1,3,1,1,21,35620,1,26,40.79361,-74.19716,Essex County,34013
446233,Ecclesia College,15,4,Springdale,AR,72762,2,1,2,1,1,41,22220,1,22,36.2141,-94.236643,Benton County,5007
446242,Employment Solutions-College for Technical Education,-2,-2,Lexington,KY,40517,8,3,2,1,-2,11,30460,1,-2,37.982131,-84.483346,Fayette County,21067
446251,Estelle Medical Academy,-2,-2,Skokie,IL,60077,9,3,3,1,-2,13,16980,1,-2,42.059097,-87.74816,Cook County,17031
446260,Evergreen Beauty and Barber College-Everett,-2,-2,Everett,WA,98208,9,3,3,2,-2,12,42660,1,-2,47.909189,-122.221962,Snohomish County,53061
446288,Paul Mitchell the School-Great Lakes,-2,-2,Port Huron,MI,48060,9,3,3,1,-2,23,19820,1,-2,42.978839,-82.458848,St. Clair County,26147
446303,Healthcare Training Institute,-2,-2,Union,NJ,07083,6,2,3,1,-2,21,35620,1,-2,40.696519,-74.268253,Union County,34039
446349,John D Rockefeller IV Career Center,-2,-2,New Cumberland,WV,26047,7,3,1,1,-2,41,48260,1,-2,40.53276,-80.620719,Hancock County,54029
446385,Los Angeles College of Music,23,1,Pasadena,CA,91105,3,1,3,1,1,12,31080,1,30,34.139293,-118.150113,Los Angeles County,6037
446516,Rosslyn Training Academy of Cosmetology,-2,-2,Aguada,PR,00602,9,3,3,1,-2,22,10380,1,-2,18.37922,-67.18791,Aguada Municipio,72003
446525,SAE Institute of Technology-Nashville,21,2,Nashville,TN,37203,3,1,3,2,2,11,34980,1,30,36.15039,-86.790448,Davidson County,47037
446552,Southern Technical College,21,2,Orlando,FL,32809,6,2,3,2,2,21,36740,1,7,28.44862,-81.399661,Orange County,12095
446561,Stanbridge University,21,6,Irvine,CA,92612,3,1,3,2,2,11,31080,1,26,33.678879,-117.857636,Orange County,6059
446598,Universal College of Healing Arts,29,2,Omaha,NE,68112-1810,6,2,3,1,1,11,36540,1,10,41.339162,-95.961539,Douglas County,31055
446604,Uta Mesivta of Kiryas Joel,31,-2,Monroe,NY,10950,2,1,2,2,2,13,28880,1,24,41.333864,-74.161179,Orange County,36071
446640,Harrisburg University of Science and Technology,30,4,Harrisburg,PA,17101-2208,2,1,2,2,3,13,25420,1,18,40.26193,-76.880261,Dauphin County,42043
446774,Blue Ridge Community and Technical College,11,2,Martinsburg,WV,25403,4,2,1,2,3,41,25180,1,3,39.43529,-78.001918,Berkeley County,54003
446978,Colorado State University-System Office,-2,-2,Denver,CO,80202,0,1,1,-2,-2,11,19740,1,-2,39.745405,-104.989255,Denver County,8031
447014,Daytona College,28,2,Ormond Beach,FL,32174-8445,3,1,3,1,1,13,19660,1,10,29.270088,-81.080155,Volusia County,12127
447023,Delta Technical College-Mississippi,-2,-2,Horn Lake,MS,38637,9,3,3,2,-2,21,32820,1,-2,34.955269,-89.99937,DeSoto County,28033
447050,United States University,28,-2,San Diego,CA,92108,3,1,3,2,2,11,41740,1,26,32.761148,-117.162166,San Diego County,6073
447148,Empire Beauty School-Avondale,-2,-2,Avondale,AZ,85323,9,3,3,1,-2,21,38060,1,-2,33.463388,-112.274477,Maricopa County,4013
447166,Empire Beauty School-Littleton,-2,-2,Littleton,CO,80123,9,3,3,1,-2,21,19740,1,-2,39.608128,-105.097089,Jefferson County,8059
447175,Empire Beauty School-Aurora,-2,-2,Aurora,CO,80017,9,3,3,1,-2,11,19740,1,-2,39.695935,-104.792572,Arapahoe County,8005
447263,Joyce University of Nursing and Health Sciences,28,2,Draper,UT,84020-6545,3,1,3,2,2,21,41620,1,26,40.527932,-111.892792,Salt Lake County,49035
447351,San Joaquin Valley College-Modesto,21,4,Salida,CA,95368-9090,6,2,3,1,2,21,33700,1,9,37.717403,-121.092991,Stanislaus County,6099
447421,Eagle Gate College-Layton,28,4,Layton,UT,84041,3,1,3,1,1,21,36260,1,26,41.073374,-111.973885,Davis County,49011
447449,Academy of Hair Design-Jasper,-2,-2,Jasper,TX,75951,9,3,3,1,-2,33,-2,-2,-2,30.908648,-94.004879,Jasper County,48241
447467,Unitech Training Academy-West Monroe,-2,-2,West Monroe,LA,71291,9,3,3,1,-2,22,33740,1,-2,32.506463,-92.129419,Ouachita Parish,22073
447582,New River Community and Technical College,12,4,Beaver,WV,25813-8987,4,2,1,2,2,41,13220,1,7,37.76767,-81.136085,Raleigh County,54081
447591,The College of Health Care Professions-Southwest Houston,29,4,Houston,TX,77074,6,2,3,1,2,11,26420,1,11,29.701897,-95.517146,Harris County,48201
447607,UEI College-Chula Vista,-2,-2,Chula Vista,CA,91911-3262,9,3,3,2,-2,11,41740,1,-2,32.608605,-117.065355,San Diego County,6073
447616,UEI College-West Covina,-2,-2,West Covina,CA,91731-2806,9,3,3,1,-2,21,31080,1,-2,34.075984,-117.90946,Los Angeles County,6037
447689,Georgia Gwinnett College,5,4,Lawrenceville,GA,30043,1,1,1,4,3,21,12060,1,22,33.979409,-84.00459,Gwinnett County,13135
447698,Phoenix Institute of Herbal Medicine & Acupuncture,29,-2,Phoenix,AZ,85012,3,1,3,1,1,11,38060,1,26,33.52289,-112.068783,Maricopa County,4013
447704,Tucson College of Beauty,-2,-2,Tucson,AZ,85705,9,3,3,1,-2,11,46060,1,-2,32.278944,-110.996047,Pima County,4019
447713,California Career College,28,-2,Canoga Park,CA,91303-2006,3,1,3,1,1,11,31080,1,10,34.197566,-118.601794,Los Angeles County,6037
447722,Palladium Technical Academy Inc,-2,-2,Temple City,CA,91780,9,3,3,1,-2,21,31080,1,-2,34.091838,-118.04358,Los Angeles County,6037
447731,Los Angeles College of Aesthetics,-2,-2,Los Angeles,CA,90006,9,3,3,1,-2,11,31080,1,-2,34.044739,-118.309491,Los Angeles County,6037
447759,National Polytechnic College,21,4,Lakewood,CA,90712,6,2,3,1,1,21,31080,1,10,33.860528,-118.143809,Los Angeles County,6037
447768,American Career College-Ontario,21,6,Ontario,CA,91764,6,2,3,2,2,12,40140,1,10,34.068204,-117.583814,San Bernardino County,6071
447777,Asher College,21,4,Sacramento,CA,95825,6,2,3,1,2,21,40900,1,7,38.587784,-121.415767,Sacramento County,6067
447795,American Institute of Massage Therapy,-2,-2,Santa Ana,CA,92705-5411,9,3,3,1,-2,11,31080,1,-2,33.713238,-117.847971,Orange County,6059
447801,University of East-West Medicine,29,-2,Sunnyvale,CA,94085-3922,3,1,3,1,1,12,41940,1,26,37.3864,-121.997011,Santa Clara County,6085
447810,Blake Austin College,-2,-2,Vacaville,CA,95688,6,2,3,1,-2,22,46700,1,-2,38.353851,-121.983781,Solano County,6095
447847,Aviator College of Aeronautical Science and Technology,21,6,Fort Pierce,FL,34946,6,2,3,1,1,21,38940,1,11,27.48718,-80.367303,St. Lucie County,12111
447865,Trendsetters School of Beauty & Barbering,-2,-2,Jacksonville,FL,32205,9,3,3,1,-2,11,27260,1,-2,30.30832,-81.741549,Duval County,12031
447883,American Institute of Beauty,-2,-2,Largo,FL,33771,9,3,3,1,-2,21,45300,1,-2,27.915072,-82.749094,Pinellas County,12103
447892,North Florida Cosmetology Institute,-2,-2,Tallahassee,FL,32312,9,3,3,1,-2,12,45220,1,-2,30.476972,-84.294583,Leon County,12073
447908,Florida Academy of Health & Beauty,-2,-2,Oakland Park,FL,33311,9,3,3,1,-2,21,33100,1,-2,26.16627,-80.181569,Broward County,12011
447917,Augusta School of Massage,-2,-2,Evans,GA,30809,9,3,3,1,-2,21,12260,1,-2,33.529159,-82.135503,Columbia County,13073
447935,ATA College,28,2,Louisville,KY,40223,6,2,3,1,1,21,31140,1,10,38.223667,-85.563365,Jefferson County,21111
447953,SUM Bible College and Theological Seminary,31,-2,El Dorado Hills,CA,95762,2,1,2,1,2,21,40900,1,24,38.620833,-121.054758,El Dorado County,6017
447962,Compass Career College,-2,-2,Hammond,LA,70403,9,3,3,1,-2,23,25220,1,-2,30.476327,-90.479356,Tangipahoa Parish,22105
447971,Hair Expressions Academy,-2,-2,Rockville,MD,20852,9,3,3,1,-2,13,47900,1,-2,39.061372,-77.115852,Montgomery County,24031
447980,Nuvo College of Cosmetology,-2,-2,Norton Shores,MI,49441,9,3,3,1,-2,13,34740,1,-2,43.190304,-86.266315,Muskegon County,26121
447999,WellSpring School of Allied Health-Kansas City,29,2,Kansas City,MO,64114-3313,6,2,3,1,1,11,28140,1,10,38.963226,-94.604997,Jackson County,29095
448026,The Salon Professional Academy-Fargo,-2,-2,Fargo,ND,58103,9,3,3,1,-2,12,22020,1,-2,46.859013,-96.858729,Cass County,38017
448071,Aveda Arts & Sciences Institute-New York,-2,-2,New York,NY,10013,9,3,3,1,-2,11,35620,1,-2,40.725861,-74.00497,New York County,36061
448123,MyrAngel Beauty Institute,-2,-2,San Lorenzo,PR,00754,9,3,3,1,-2,21,41980,1,-2,18.188811,-65.961757,San Lorenzo Municipio,72129
448196,Texas Health School,-2,-2,Houston,TX,77079,6,2,3,1,-2,11,26420,1,-2,29.783709,-95.586269,Harris County,48201
448220,Paul Mitchell the School-Logan,-2,-2,Logan,UT,84341,9,3,3,1,-2,13,30860,1,-2,41.754419,-111.83008,Cache County,49005
448239,Careers Unlimited,29,-2,Orem,UT,84058,3,1,3,1,1,13,39340,1,26,40.275775,-111.731006,Utah County,49049
448248,Mountainland Technical College,-2,-2,Lehi,UT,84043,7,3,1,2,-2,13,39340,1,-2,40.419941,-111.886031,Utah County,49049
448257,Avi Career Training,-2,-2,Great Falls,VA,22066,9,3,3,1,-2,21,47900,1,-2,38.974295,-77.296823,Fairfax County,51059
448275,Mountain State School of Massage,-2,-2,Charleston,WV,25304,9,3,3,1,-2,13,16620,1,-2,38.317659,-81.579417,Kanawha County,54039
448336,Arkansas State University System,-2,-2,Little Rock,AR,72201,0,1,1,-2,-2,12,30780,1,-2,34.74582,-92.28758,Pulaski County,5119
448372,San Joaquin Valley College-Rancho Cordova,21,2,Rancho Cordova,CA,95670-5642,6,2,3,1,1,13,40900,1,10,38.595187,-121.28191,Sacramento County,6067
448381,San Joaquin Valley College-Central Administrative Office,-2,-2,Visalia,CA,93277,0,1,3,-2,-2,12,47300,1,-2,36.298938,-119.333362,Tulare County,6107
448424,Broken Arrow Beauty College,-2,-2,Broken Arrow,OK,74012,9,3,3,1,-2,21,46140,1,-2,36.029773,-95.797013,Tulsa County,40143
448433,Universal Technical Institute of Northern California Inc,21,6,Sacramento,CA,95834,6,2,3,2,2,11,40900,1,11,38.64575,-121.529503,Sacramento County,6067
448594,Lemoore College,2,4,Lemoore,CA,93245,4,2,1,2,3,41,25260,1,2,36.292431,-119.823866,Kings County,6031
448600,Stautzenberger College-Brecksville,21,2,Brecksville,OH,44141,6,2,3,1,1,21,17410,1,8,41.288862,-81.645056,Cuyahoga County,39035
448637,West Hills Community College District,-2,-2,Coalinga,CA,93210,0,2,1,-2,-2,33,23420,1,-2,36.153306,-120.351047,Fresno County,6019
448646,Unitech Training Academy-Houma,-2,-2,Houma,LA,70364,9,3,3,1,-2,13,26380,1,-2,29.633202,-90.75482,Terrebonne Parish,22109
448673,Rasmussen University-Illinois,28,6,Rockford,IL,61108-2513,6,2,3,2,3,12,40420,1,14,42.267628,-88.998854,Winnebago County,17201
448691,International Institute for Restorative Practices,25,-2,Bethlehem,PA,18018,2,1,2,1,1,13,10900,1,32,40.621324,-75.382203,Northampton County,42095
448770,Automotive Training Center-Warminster,-2,-2,Warminster,PA,18974,6,2,3,1,-2,21,37980,1,-2,40.200656,-75.075375,Bucks County,42017
448798,Empire Beauty School-Milwaukee,-2,-2,Milwaukee,WI,53221,9,3,3,1,-2,11,33340,1,-2,42.94256,-87.950452,Milwaukee County,55079
448859,Triangle Tech Inc-Bethlehem,21,6,Bethlehem,PA,18017,6,2,3,1,1,13,10900,1,11,40.65445,-75.428281,Lehigh County,42077
448895,Milan Institute-Clovis,-2,-2,Clovis,CA,93612,9,3,3,1,-2,21,23420,1,-2,36.810625,-119.725573,Fresno County,6019
449038,Strayer University-Florida,24,4,Tampa,FL,33610,3,1,3,2,2,21,45300,1,19,27.997442,-82.35991,Hillsborough County,12057
449074,Pima Medical Institute-Renton,21,2,Renton,WA,98057,6,2,3,1,2,12,42660,1,10,47.469017,-122.211383,King County,53033
449083,CBT Technology Institute-Main Campus,21,4,Miami,FL,33144,6,2,3,1,1,21,33100,1,7,25.769052,-80.329161,Miami-Dade County,12086
449092,CBT Technology Institute-Hialeah,21,4,Hialeah,FL,33012,6,2,3,1,1,21,33100,1,9,25.867003,-80.302213,Miami-Dade County,12086
449135,Dewey University-Juana Díaz,29,6,Juana Diaz,PR,00910,2,1,2,1,1,23,38660,1,26,18.057023,-66.509285,Juana Díaz,72075
449250,The College of Health Care Professions-San Antonio,21,2,San Antonio,TX,78229,6,2,3,1,2,11,41700,1,10,29.488876,-98.576627,Bexar County,48029
449311,Brittany Beauty Academy,-2,-2,Bronx,NY,10458,9,3,3,1,-2,11,35620,1,-2,40.860976,-73.897121,Bronx County,36005
449320,Lincoln Technical Institute-Whitestone,-2,-2,Whitestone,NY,11357,9,3,3,2,-2,11,35620,1,-2,40.784113,-73.82885,Queens County,36081
449339,American Public University System,19,2,Charles Town,WV,25414,3,1,3,5,5,31,47900,1,18,39.287826,-77.860121,Jefferson County,54037
449348,Huntsville Bible College,31,-2,Huntsville,AL,35811,2,1,2,1,1,12,26620,1,24,34.750363,-86.594888,Madison County,1089
449357,Beaumont Adult School,-2,-2,Beaumont,CA,92223,7,3,1,1,-2,21,40140,1,-2,33.951365,-116.964728,Riverside County,6065
449384,Gnomon,23,5,North Hollywood,CA,91606-3324,3,1,3,1,2,11,31080,1,30,34.181916,-118.394477,Los Angeles County,6037
449393,Coachella Valley Beauty College,-2,-2,La Quinta,CA,92253,9,3,3,1,-2,21,40140,1,-2,33.708193,-116.278254,Riverside County,6065
449445,Valley College of Medical Careers,21,4,West Hills,CA,91304,6,2,3,1,1,11,31080,1,10,34.221839,-118.606731,Los Angeles County,6037
449454,Academy of Natural Therapy Inc,-2,-2,Greeley,CO,80631-9441,9,3,3,1,-2,12,24540,1,-2,40.426259,-104.691075,Weld County,8123
449463,Academy Di Capelli-School of Cosmetology,-2,-2,Wallingford,CT,06492,9,3,3,1,-2,21,35300,1,-2,41.490402,-72.806335,South Central Connecticut Planning Region,9170
449472,Delaware Learning Institute of Cosmetology,-2,-2,Dagsboro,DE,19939,9,3,3,1,-2,32,42580,2,-2,38.541187,-75.256051,Sussex County,10005
449481,Dragon Rises College of Oriental Medicine,29,-2,Bradenton,FL,34207,2,1,2,1,1,21,35840,1,26,27.419641,-82.575135,Manatee County,12081
449490,Palm Beach Academy of Health & Beauty,-2,-2,West Palm Beach,FL,33415-2904,9,3,3,1,-2,21,33100,1,-2,26.63948,-80.115507,Palm Beach County,12099
449506,SABER College,21,6,Miami,FL,33134,5,2,2,1,1,11,33100,1,10,25.771518,-80.261299,Miami-Dade County,12086
449524,Taylor College,28,6,Ocala,FL,34470,6,2,3,1,1,13,36100,1,10,29.189031,-82.102824,Marion County,12083
449533,Pensacola School of Massage Therapy & Health Careers,-2,-2,Pensacola,FL,32504,9,3,3,1,-2,13,37860,1,-2,30.494755,-87.195529,Escambia County,12033
449597,Ideal Beauty Academy,-2,-2,Jeffersonville,IN,47130,9,3,3,-2,-2,21,31140,1,-2,38.288401,-85.730456,Clark County,18019
449603,Denmark College,-2,-2,Merrillville,IN,46410,9,3,3,1,-2,21,16980,1,-2,41.469921,-87.357915,Lake County,18089
449612,Louisiana Culinary Institute,21,2,Baton Rouge,LA,70816,6,2,3,1,1,21,12940,1,12,30.409979,-91.066085,East Baton Rouge Parish,22033
449658,Bais Medrash Toras Chesed,31,-2,Lakewood,NJ,08701,2,1,2,1,1,13,35620,1,24,40.099704,-74.21127,Ocean County,34029
449676,Ace Institute of Technology,-2,-2,New York,NY,10018,6,2,3,1,-2,11,35620,1,-2,40.753658,-73.993385,New York County,36061
449685,New Age Training,-2,-2,New York,NY,10001-4034,9,3,3,1,-2,11,35620,1,-2,40.748345,-73.991591,New York County,36061
449700,Dayton School of Medical Massage,-2,-2,Dayton,OH,45429,9,3,3,1,-2,13,19430,1,-2,39.682932,-84.168901,Montgomery County,39113
449728,ATA College,21,6,Tulsa,OK,74146,6,2,3,1,1,11,46140,1,-2,36.097005,-95.853281,Tulsa County,40143
449764,Visible Music College,23,2,Memphis,TN,38103,2,1,2,1,1,11,32820,1,30,35.144586,-90.049381,Shelby County,47157
449773,CCI Training Center-Arlington,-2,-2,Arlington,TX,76011,9,3,3,1,-2,11,19100,1,-2,32.755006,-97.101289,Tarrant County,48439
449782,Champion Beauty College,-2,-2,Houston,TX,77069,9,3,3,1,-2,21,26420,1,-2,29.99352,-95.489161,Harris County,48201
449807,Southeast Texas Career Institute,-2,-2,Silsbee,TX,77656,9,3,3,1,-2,31,13140,1,-2,30.341896,-94.169885,Hardin County,48199
449816,Southwest Technical College,-2,-2,Cedar City,UT,84720,7,3,1,1,-2,33,16260,2,-2,37.664147,-113.069916,Iron County,49021
449834,Virginia Beach Theological Seminary,31,-2,Virginia Beach,VA,23464-6847,2,1,2,1,1,11,47260,1,24,36.765993,-76.189475,Virginia Beach City,51810
449861,Milwaukee Career College,21,2,Milwaukee,WI,53222,6,2,3,1,1,21,33340,1,8,43.074192,-88.048714,Milwaukee County,55079
449870,University of the West,22,2,Rosemead,CA,91770,2,1,2,1,1,21,31080,1,21,34.045985,-118.082964,Los Angeles County,6037
449889,American College of Education,25,-2,Indianapolis,IN,46204,3,1,3,4,3,11,26900,1,32,39.76975,-86.160161,Marion County,18097
449898,South University-Tampa,28,4,Tampa,FL,33614-7095,3,1,3,1,2,11,45300,1,26,27.982269,-82.500357,Hillsborough County,12057
449904,Milan Institute of Cosmetology-San Antonio Military,-2,-2,San Antonio,TX,78221,9,3,3,1,-2,11,41700,1,-2,29.358241,-98.500738,Bexar County,48029
449922,Appalachian College of Pharmacy,29,-2,Oakwood,VA,24631,2,1,2,1,1,42,-2,-2,26,37.211629,-82.006195,Buchanan County,51027
449959,Paul Mitchell the School-Tampa,-2,-2,Tampa,FL,33625,9,3,3,1,-2,21,45300,1,-2,28.06864,-82.574571,Hillsborough County,12057
449968,Paul Mitchell the School-San Diego,-2,-2,San Diego,CA,92101,9,3,3,1,-2,11,41740,1,-2,32.719128,-117.160838,San Diego County,6073
449977,Paul Mitchell the School-Michigan,-2,-2,Sterling Heights,MI,48313,9,3,3,1,-2,21,19820,1,-2,42.593439,-83.028804,Macomb County,26099
449986,Paul Mitchell the School-Sherman Oaks,-2,-2,Sherman Oaks,CA,91403,9,3,3,1,-2,11,31080,1,-2,34.154315,-118.467289,Los Angeles County,6037
449995,Paul Mitchell the School-Tysons Corner,-2,-2,McLean,VA,22102,9,3,3,1,-2,21,47900,1,-2,38.916957,-77.222536,Fairfax County,51059
450058,Fortis College-Columbus,28,2,Westerville,OH,43081,6,2,3,1,2,21,18140,1,10,40.083063,-82.900188,Franklin County,39049
450067,Fortis College-Cincinnati,28,4,Cincinnati,OH,45246,6,2,3,1,2,21,17140,1,10,39.283312,-84.444969,Hamilton County,39061
450128,Blue Cliff College-Alexandria,21,2,Alexandria,LA,71301,6,2,3,1,2,13,10780,1,10,31.276699,-92.475371,Rapides Parish,22079
450298,Strayer University-Delaware,24,-2,Wilmington,DE,19801,3,1,3,1,1,13,37980,1,29,39.743357,-75.547914,New Castle County,10003
450304,Brite Divinity School,31,-2,Fort Worth,TX,76129,2,1,2,1,1,11,19100,1,24,32.710145,-97.359137,Tarrant County,48439
450377,Strayer University-Alabama,24,6,Birmingham,AL,35203,3,1,3,2,2,12,13820,1,20,33.513375,-86.80574,Jefferson County,1073
450395,Brown Aveda Institute-Strongsville,-2,-2,Strongsville,OH,44136,6,2,3,1,-2,21,17410,1,-2,41.312522,-81.826226,Cuyahoga County,39035
450401,Clary Sage College,23,2,Tulsa,OK,74145,5,2,2,1,2,11,46140,1,-2,36.117058,-95.903835,Tulsa County,40143
450571,Rasmussen University-Wisconsin,28,4,Green Bay,WI,54303-2349,3,1,3,1,2,12,24580,1,23,44.526244,-88.080783,Brown County,55009
450599,Empire Beauty School-Richmond,-2,-2,Richmond,VA,23294,9,3,3,1,-2,21,40060,1,-2,37.634052,-77.550607,Henrico County,51087
450605,Empire Beauty School-North Hills,-2,-2,Pittsburgh,PA,15237,9,3,3,1,-2,21,38300,1,-2,40.51987,-80.004389,Allegheny County,42003
450614,Empire Beauty School-Concord,-2,-2,Concord,NC,28027,9,3,3,1,-2,12,16740,1,-2,35.364022,-80.712059,Cabarrus County,37025
450632,Lexington Healing Arts Academy,-2,-2,Lexington,KY,40503,9,3,3,1,-2,11,30460,1,-2,38.013756,-84.522938,Fayette County,21067
450641,Empire Beauty School-Hooksett,-2,-2,Hooksett,NH,03106,9,3,3,1,-2,22,18180,2,-2,43.054992,-71.44412,Merrimack County,33013
450650,The Institute of Beauty and Wellness,-2,-2,Milwaukee,WI,53202-0000,9,3,3,1,-2,11,33340,1,-2,43.03494,-87.906535,Milwaukee County,55079
450696,Carrington College-Stockton,21,4,Stockton,CA,95207-5509,6,2,3,1,2,11,44700,1,13,37.998992,-121.323199,San Joaquin County,6077
450711,Trend Barber College,-2,-2,Houston,TX,77090,9,3,3,1,-2,11,26420,1,-2,29.982205,-95.435485,Harris County,48201
450720,Euphoria Institute of Beauty Arts & Sciences-Summerlin,-2,-2,Las Vegas,NV,89117,9,3,3,1,-2,11,29820,1,-2,36.147552,-115.298988,Clark County,32003
450933,Columbia Southern University,16,5,Orange Beach,AL,36561-9000,3,1,3,4,4,31,19300,1,18,30.329288,-87.653162,Baldwin County,1003
450951,Arizona Culinary Institute,-2,-2,Scottsdale,AZ,85259,9,3,3,1,-2,12,38060,1,-2,33.581935,-111.831237,Maricopa County,4013
450960,Healthcare Career College,29,2,Paramount,CA,90723-5258,6,2,3,1,2,21,31080,1,10,33.889719,-118.149645,Los Angeles County,6037
450988,Coastline Beauty College,-2,-2,Fountain Valley,CA,92708,9,3,3,1,-2,13,31080,1,-2,33.728821,-117.921471,Orange County,6059
451042,Branford Academy of Hair & Cosmetology,-2,-2,Branford,CT,06405,9,3,3,1,-2,21,35300,1,-2,41.277187,-72.8537,South Central Connecticut Planning Region,9170
451051,Academy of Massage and Bodywork,-2,-2,Bear,DE,19701,9,3,3,1,-2,21,37980,1,-2,39.628779,-75.666786,New Castle County,10003
451079,Academy for Five Element Acupuncture,29,-2,Gainesville,FL,32601,2,1,2,1,1,12,23540,1,26,29.650094,-82.321806,Alachua County,12001
451097,Academy of Career Training,-2,-2,Kissimmee,FL,34741,9,3,3,1,-2,13,36740,1,-2,28.306092,-81.439569,Osceola County,12097
451103,Miami Regional University,28,4,Miami Springs,FL,33166,3,1,3,1,2,21,33100,1,26,25.810667,-80.267007,Miami-Dade County,12086
451121,Paul Mitchell the School-Miami,-2,-2,Miami,FL,33156,9,3,3,-2,-2,13,33100,1,-2,25.68739,-80.313201,Miami-Dade County,12086
451149,Aveda Institute-South Florida,-2,-2,Davie,FL,33328,9,3,3,1,-2,21,33100,1,-2,26.070447,-80.251766,Broward County,12011
451158,Aveda Institute-Tallahassee,-2,-2,Clearwater,FL,33761-2622,9,3,3,1,-2,21,45300,1,-2,28.029221,-82.739008,Pinellas County,12103
451167,Shear Excellence Hair Academy,-2,-2,Tampa,FL,33614,9,3,3,1,-2,21,45300,1,-2,28.027145,-82.503396,Hillsborough County,12057
451194,Carlson College of Massage Therapy,-2,-2,Anamosa,IA,52205,9,3,3,1,-2,42,16300,1,-2,42.103743,-91.356125,Jones County,19105
451228,MyComputerCareer at Indianapolis,-2,-2,Indianapolis,IN,46241,6,2,3,2,-2,11,26900,1,-2,39.729314,-86.25478,Marion County,18097
451237,Z Hair Academy,-2,-2,Overland Park,KS,66223,9,3,3,1,-2,12,28140,1,-2,38.867002,-94.666351,Johnson County,20091
451255,DiGrigoli School of Cosmetology,-2,-2,West Springfield,MA,01089,9,3,3,1,-2,21,44140,1,-2,42.146311,-72.630272,Hampden County,25013
451282,Elevate Salon Institute,-2,-2,Royal Oak,MI,48073,9,3,3,1,-2,21,19820,1,-2,42.525165,-83.164514,Oakland County,26125
451291,Lakewood School of Therapeutic Massage,-2,-2,Port Huron,MI,48060,9,3,3,1,-2,23,19820,1,-2,42.97236,-82.425714,St. Clair County,26147
451307,The Salon Professional Academy-Battle Creek,-2,-2,Battle Creek,MI,49015,9,3,3,1,-2,13,12980,1,-2,42.297776,-85.224127,Calhoun County,26025
451316,Trend Setters School,-2,-2,Cape Girardeau,MO,63703-7607,9,3,3,1,-2,13,16020,1,-2,37.285482,-89.556451,Cape Girardeau County,29031
451334,Academy of Hair Design-Springfield,-2,-2,Springfield,MO,65804,9,3,3,1,-2,12,44180,1,-2,37.180584,-93.261354,Greene County,29077
451343,Corinth Academy of Cosmetology,-2,-2,Corinth,MS,38834,9,3,3,1,-2,33,18420,2,-2,34.934036,-88.520546,Alcorn County,28003
451352,Southeastern College-Charlotte,21,2,Charlotte,NC,28217,6,2,3,1,2,11,16740,1,-2,35.152455,-80.894622,Mecklenburg County,37119
451370,Yeshivas Be'er Yitzchok,31,-2,Elizabeth,NJ,07208,2,1,2,1,1,21,35620,1,24,40.682465,-74.213255,Union County,34039
451398,Yeshiva Toras Chaim,31,-2,Lakewood,NJ,08701,2,1,2,1,1,21,35620,1,24,40.098692,-74.182143,Ocean County,34029
451404,Talmudical Seminary of Bobov,31,-2,Brooklyn,NY,11219,2,1,2,1,1,11,35620,1,24,40.634485,-73.995378,Kings County,36047
451413,Center for Allied Health Education,-2,-2,Brooklyn,NY,11229,6,2,3,1,-2,11,35620,1,-2,40.608783,-73.958977,Kings County,36047
451468,Aveda Fredric's Institute-Cincinnati,-2,-2,West Chester,OH,45069,9,3,3,1,-2,21,17140,1,-2,39.35541,-84.361091,Butler County,39017
451477,MyComputerCareer at Columbus,21,6,Columbus,OH,43219,6,2,3,1,2,11,18140,1,11,40.047771,-82.911015,Franklin County,39049
451495,CDE Career Institute,-2,-2,Tannersville,PA,18372,9,3,3,1,-2,41,20700,2,-2,41.033423,-75.303611,Monroe County,42089
451501,Instituto Educativo Premier,-2,-2,Ponce,PR,00730,9,3,3,1,-2,12,38660,1,-2,18.010734,-66.61498,Ponce Municipio,72113
451510,Charleston School of Law,26,-2,Charleston,SC,29403,3,1,3,1,2,12,16700,1,31,32.790942,-79.937382,Charleston County,45019
451529,Elite College of Cosmetology,-2,-2,Lexington,TN,38351,9,3,3,1,-2,32,-2,-2,-2,35.657876,-88.409149,Henderson County,47077
451547,Manuel and Theresa's School of Hair Design-Bryan,-2,-2,Bryan,TX,77803,9,3,3,1,-2,13,17780,1,-2,30.667077,-96.370573,Brazos County,48041
451556,Southwest University at El Paso,21,4,El Paso,TX,79925,3,1,3,2,2,11,21340,1,26,31.786859,-106.411867,El Paso County,48141
451565,Paul Mitchell the School-Austin,-2,-2,Austin,TX,78759,9,3,3,1,-2,11,12420,1,-2,30.386375,-97.740293,Travis County,48453
451574,Aveda Institute-Provo,-2,-2,Provo,UT,84601,9,3,3,1,-2,12,39340,1,-2,40.236621,-111.658335,Utah County,49049
451583,Dixie Technical College,-2,-2,Saint George,UT,84770,7,3,1,2,-2,12,41100,1,-2,37.098418,-113.591475,Washington County,49053
451626,Victoria's Academy of Cosmetology,-2,-2,Kennewick,WA,99336,9,3,3,1,-2,13,28420,1,-2,46.206992,-119.118142,Benton County,53005
451714,Paul Mitchell the School-San Antonio,-2,-2,San Antonio,TX,78259,9,3,3,1,-2,11,41700,1,-2,29.610611,-98.465779,Bexar County,48029
451750,Bryant & Stratton College-Wauwatosa,28,2,Wauwatosa,WI,53226,2,1,2,2,2,21,33340,1,23,43.043215,-88.050983,Milwaukee County,55079
451857,Remington College-Houston Southeast Campus,21,2,League City,TX,77573,5,2,2,1,1,21,26420,1,7,29.501276,-95.118946,Galveston County,48167
451866,Remington College-Shreveport Campus,13,4,Shreveport,LA,71118,2,1,2,1,2,12,43340,1,14,32.403166,-93.793578,Caddo Parish,22017
451918,TC Beauty,-2,-2,Johnson City,TN,37601-4626,9,3,3,1,-2,13,27740,1,-2,36.32439,-82.354566,Washington County,47179
451927,Patrick Henry College,22,-2,Purcellville,VA,20132,2,1,2,1,1,31,47900,1,21,39.138687,-77.690939,Loudoun County,51107
452009,The Hair Academy,-2,-2,Bismarck,ND,58501,6,2,3,1,-2,13,13900,1,-2,46.805857,-100.76032,Burleigh County,38015
452072,Ross Medical Education Center-New Baltimore,-2,-2,New Baltimore,MI,48047-1581,9,3,3,1,-2,21,19820,1,-2,42.677429,-82.751334,Macomb County,26099
452081,Ross College-Sylvania,21,2,Sylvania,OH,43560-2265,6,2,3,2,2,21,45780,1,10,41.714006,-83.680536,Lucas County,39095
452106,Escuela De Troqueleria Y Herramentaje,-2,-2,Bayamon,PR,00959,4,2,1,1,-2,12,41980,1,-2,18.374732,-66.143939,Bayamón Municipio,72021
452124,Fortis Institute-Nashville,21,2,Nashville,TN,37211,6,2,3,1,2,11,34980,1,10,36.084542,-86.696299,Davidson County,47037
452373,ATA College-Cincinnati,28,2,Cincinnati,OH,45246,3,1,3,1,2,21,17140,1,10,39.29671,-84.478867,Hamilton County,39061
452771,Dental Assistant Pro LLC-Columbus,-2,-2,Westerville,OH,43081,9,3,3,1,-2,21,18140,1,-2,40.109752,-82.932055,Franklin County,39049
452780,Dental Assistant Pro-Lebanon,-2,-2,Lebanon,OH,45036,9,3,3,1,-2,21,17140,1,-2,39.445803,-84.190385,Warren County,39165
452887,Elite Welding Academy LLC,-2,-2,Cincinnati,OH,45246-1013,9,3,3,1,-2,21,17140,1,-2,39.313738,-84.468434,Butler County,39017
452948,Galen College of Nursing-Cincinnati,28,6,Cincinnati,OH,45241,3,1,3,1,2,21,17140,1,10,39.283693,-84.365946,Hamilton County,39061
453163,Strayer University-North Carolina,24,4,Greensboro,NC,27407-2638,3,1,3,2,3,11,24660,1,18,36.051694,-79.882713,Guilford County,37081
453215,Strayer University-New Jersey,24,-2,Piscataway,NJ,08854,3,1,3,1,2,21,35620,1,-2,40.554506,-74.474974,Middlesex County,34023
453297,International Culinary Arts and Sciences Institute,-2,-2,Chesterland,OH,44026,9,3,3,1,-2,41,17410,1,-2,41.523821,-81.331711,Geauga County,39055
453756,Ohio Media School-Columbus,-2,-2,Columbus,OH,43213,9,3,3,1,-2,21,18140,1,-2,39.955294,-82.8554,Franklin County,39049
453792,Ohio Medical Career College,28,-2,Dayton,OH,45417,6,2,3,1,1,12,19430,1,-2,39.742339,-84.195816,Montgomery County,39113
454218,Chamberlain University-Administrative Office,-2,-2,Chicago,IL,60661,0,1,3,-2,-2,11,16980,1,-2,41.880848,-87.640164,Cook County,17031
454227,Chamberlain University-Illinois,28,6,Addison,IL,60101,3,1,3,5,5,21,16980,1,26,41.949727,-88.038558,DuPage County,17043
454236,Chamberlain University-Ohio,28,6,Columbus,OH,43219,3,1,3,1,2,11,18140,1,26,40.054055,-82.912163,Franklin County,39049
454245,Chamberlain University-Arizona,28,6,Phoenix,AZ,85027,3,1,3,1,2,11,38060,1,26,33.670583,-112.100547,Maricopa County,4013
454537,The Salon Professional Academy-Appleton,-2,-2,Appleton,WI,54914,6,2,3,1,-2,22,11540,1,-2,44.26019,-88.457898,Outagamie County,55087
454546,Milan Institute of Cosmetology-Vacaville,-2,-2,Vacaville,CA,95688,9,3,3,1,-2,22,46700,1,-2,38.370051,-121.960688,Solano County,6095
454555,Milan Institute of Cosmetology-Reno,-2,-2,Reno,NV,89502,9,3,3,1,-2,11,39900,1,-2,39.485964,-119.788456,Washoe County,32031
454582,Ottawa University-Online,20,-2,Overland Park,KS,66211,2,1,2,1,2,12,28140,1,22,38.932055,-94.635461,Johnson County,20091
454607,Paul Mitchell the School-Esani,-2,-2,Roswell,GA,30076,9,3,3,1,-2,13,12060,1,-2,34.042224,-84.333674,Fulton County,13121
454652,Paul Mitchell the School-Birmingham,-2,-2,Hoover,AL,35216,9,3,3,1,-2,21,13820,1,-2,33.388978,-86.808018,Jefferson County,1073
454689,Taft University System,25,-2,Denver,CO,80222,3,1,3,1,2,11,19740,1,17,39.692532,-104.941215,Denver County,8031
454698,Mayfield College,-2,-2,Cathedral City,CA,92234,9,3,3,1,-2,21,40140,1,-2,33.790822,-116.458827,Riverside County,6065
454722,Academy of Esthetics and Cosmetology,-2,-2,San Fernando,CA,91340-3212,9,3,3,1,-2,21,31080,1,-2,34.285043,-118.444228,Los Angeles County,6037
454759,Borner's Barber College,-2,-2,Los Angeles,CA,90047,9,3,3,1,-2,11,31080,1,-2,33.95588,-118.309291,Los Angeles County,6037
454768,Paul Mitchell the School-Pasadena,-2,-2,Pasadena,CA,91101,9,3,3,1,-2,12,31080,1,-2,34.144765,-118.133403,Los Angeles County,6037
454777,San Francisco Institute of Esthetics & Cosmetology Inc,-2,-2,San Francisco,CA,94103,9,3,3,1,-2,11,41860,1,-2,37.777043,-122.407083,San Francisco County,6075
454786,Laurus College,13,4,San Luis Obispo,CA,93401,3,1,3,2,2,13,42020,1,14,35.2682,-120.669519,San Luis Obispo County,6079
454795,Healing Hands School of Holistic Health,-2,-2,Escondido,CA,92025,9,3,3,1,-2,21,41740,1,-2,33.124571,-117.078694,San Diego County,6073
454801,Career Development Institute Inc,-2,-2,Los Angeles,CA,90035,9,3,3,1,-2,11,31080,1,-2,34.045817,-118.386067,Los Angeles County,6037
454810,Auguste Escoffier School of Culinary Arts-Boulder,21,2,Boulder,CO,80305,6,2,3,3,3,12,14500,1,12,39.983475,-105.250075,Boulder County,8013
454829,Aspen University,28,5,Phoenix,AZ,85040,3,1,3,2,3,11,38060,1,26,33.412164,-111.981317,Maricopa County,4013
454838,Institute of Taoist Education and Acupuncture,29,-2,Louisville,CO,80027,2,1,2,1,1,23,14500,1,26,39.987676,-105.139431,Boulder County,8013
454856,Denver College of Nursing,28,-2,Denver,CO,80202,3,1,3,1,2,11,19740,1,26,39.75303,-104.994725,Denver County,8031
454865,Cambridge College of Healthcare & Technology,21,6,Delray Beach,FL,33484,3,1,3,2,2,13,33100,1,10,26.438379,-80.123788,Palm Beach County,12099
454874,Cozmo Beauty School,-2,-2,Bonita Springs,FL,34135,9,3,3,1,-2,21,15980,1,-2,26.330412,-81.7803,Lee County,12071
454917,Celebrity School of Beauty,-2,-2,Miami,FL,33144,9,3,3,1,-2,21,33100,1,-2,25.761658,-80.323333,Miami-Dade County,12086
454926,Paul Mitchell the School-Atlanta,-2,-2,Atlanta,GA,30318,9,3,3,1,-2,11,12060,1,-2,33.781326,-84.414967,Fulton County,13121
454935,Evans Hairstyling College-Rexburg,-2,-2,Rexburg,ID,83440,6,2,3,1,-2,32,39940,2,-2,43.824716,-111.812372,Madison County,16065
454944,Paul Mitchell the School-Rexburg,-2,-2,Rexburg,ID,83440,9,3,3,1,-2,32,39940,2,-2,43.814348,-111.803591,Madison County,16065
454953,University of Aesthetics & Cosmetology,-2,-2,Chicago,IL,60622-2151,9,3,3,1,-2,11,16980,1,-2,41.906602,-87.671255,Cook County,17031
454962,The University of Aesthetics & Cosmetology,-2,-2,Downers Grove,IL,60515,9,3,3,1,-2,13,16980,1,-2,41.79354,-88.011242,DuPage County,17043
454971,Tricoci University of Beauty Culture-Chicago NW,-2,-2,Chicago,IL,60656,9,3,3,1,-2,11,16980,1,-2,41.97766,-87.806767,Cook County,17031
454980,Tricoci University of Beauty Culture-Glendale Heights,-2,-2,Glendale Heights,IL,60139,9,3,3,1,-2,21,16980,1,-2,41.90467,-88.065213,DuPage County,17043
454999,Tricoci University of Beauty Culture-Peoria,-2,-2,Peoria,IL,61614,9,3,3,1,-2,12,37900,1,-2,40.746311,-89.601356,Peoria County,17143
455008,Tricoci University of Beauty Culture-Rockford,-2,-2,Rockford,IL,61108,9,3,3,1,-2,12,40420,1,-2,42.263898,-89.009435,Winnebago County,17201
455026,Omega Studios' School of Applied Recording Arts & Sciences,-2,-2,Rockville,MD,20852,9,3,3,1,-2,13,47900,1,-2,39.06427,-77.113268,Montgomery County,24031
455062,French Academy of Cosmetology,-2,-2,Spring Lake,MI,49456,9,3,3,1,-2,22,24340,1,-2,43.075898,-86.198004,Ottawa County,26139
455071,Healing Arts Center,-2,-2,St. Louis,MO,63122,9,3,3,1,-2,21,41180,1,-2,38.603239,-90.387718,St. Louis County,29189
455080,Paul Mitchell the School-Springfield,-2,-2,Springfield,MO,65807,9,3,3,1,-2,12,44180,1,-2,37.159135,-93.31815,Greene County,29077
455099,Urshan Graduate School of Theology,31,-2,Wentzville,MO,63385,2,1,2,1,1,21,41180,1,24,38.808034,-90.830252,St. Charles County,29183
455105,Mississippi Institute of Aesthetics Nails & Cosmetology,-2,-2,Clinton,MS,39056,9,3,3,1,-2,21,27140,1,-2,32.330039,-90.327649,Hinds County,28049
455114,College of Western Idaho,11,4,Nampa,ID,83687,4,2,1,4,4,41,14260,1,3,43.614106,-116.507314,Canyon County,16027
455141,Aveda Institute-Chapel Hill,-2,-2,Chapel Hill,NC,27514-7001,9,3,3,1,-2,13,20500,1,-2,35.927944,-79.026769,Orange County,37135
455178,Daoist Traditions College of Chinese Medical Arts,29,-2,Asheville,NC,28801,3,1,3,1,1,13,11700,1,26,35.606831,-82.568537,Buncombe County,37021
455187,Total Image Beauty Academy,-2,-2,Union City,NJ,07087,9,3,3,1,-2,21,35620,1,-2,40.77578,-74.026091,Hudson County,34017
455196,Jersey College,28,6,Teterboro,NJ,07608,6,2,3,2,3,21,35620,1,10,40.862137,-74.057936,Bergen County,34003
455202,American Institute of Medical Sciences & Education,-2,-2,Piscataway,NJ,08854,6,2,3,1,-2,21,35620,1,-2,40.56114,-74.437251,Middlesex County,34023
455211,Casal Institute of Nevada,-2,-2,Las Vegas,NV,89119,9,3,3,1,-2,12,29820,1,-2,36.101143,-115.117387,Clark County,32003
455220,Career School of NY,-2,-2,Staten Island,NY,10301,8,3,2,1,-2,11,35620,1,-2,40.641352,-74.078168,Richmond County,36085
455257,Yeshiva of Machzikai Hadas,31,-2,Brooklyn,NY,11219-1408,2,1,2,1,1,11,35620,1,24,40.636104,-73.990592,Kings County,36047
455275,Aveda Institute-Columbus,-2,-2,Columbus,OH,43214,9,3,3,1,-2,11,18140,1,-2,40.062719,-83.043021,Franklin County,39049
455284,Paul Mitchell the School-Cincinnati,-2,-2,Cincinnati,OH,45241,9,3,3,1,-2,21,17140,1,-2,39.291618,-84.392501,Hamilton County,39061
455327,Hands on Therapy,-2,-2,Mesquite,TX,75149,9,3,3,1,-2,21,19100,1,-2,32.787719,-96.60627,Dallas County,48113
455336,MediaTech Institute-Dallas,21,2,Dallas,TX,75234,6,2,3,1,1,21,19100,1,12,32.92427,-96.902721,Dallas County,48113
455354,Aveda Arts & Sciences Institute-San Antonio,-2,-2,San Antonio,TX,78259-2792,9,3,3,1,-2,11,41700,1,-2,29.637354,-98.452126,Bexar County,48029
455381,Skin Science Institute,-2,-2,Sandy,UT,84094,9,3,3,1,-2,21,41620,1,-2,40.564549,-111.851628,Salt Lake County,49035
455406,Pacific Northwest University of Health Sciences,27,-2,Yakima,WA,98901,2,1,2,1,2,22,49420,1,25,46.602872,-120.45598,Yakima County,53077
455433,The Chicago School at Anaheim,25,-2,Anaheim,CA,92806,2,1,2,1,2,11,31080,1,26,33.804604,-117.882312,Orange County,6059
455460,Fortis College-Dothan,-2,-2,Dothan,AL,36303,9,3,3,1,-2,13,20020,1,-2,31.243014,-85.37446,Houston County,1069
455479,Fortis Institute-Pensacola,28,2,Pensacola,FL,32514,6,2,3,1,2,13,37860,1,10,30.510415,-87.183112,Escambia County,12033
455488,Fortis College-Montgomery,-2,-2,Montgomery,AL,36109,9,3,3,1,-2,12,33860,1,-2,32.384006,-86.252163,Montgomery County,1101
455512,Woodland Community College,2,4,Woodland,CA,95776,4,2,1,2,3,23,40900,1,9,38.660392,-121.73533,Yolo County,6113
455628,Fortis Institute-Birmingham,21,4,Birmingham,AL,35211,6,2,3,1,2,12,13820,1,10,33.442921,-86.862659,Jefferson County,1073
455664,The Chicago School at Los Angeles,25,-2,Los Angeles,CA,90017,2,1,2,2,3,11,31080,1,26,34.049478,-118.257045,Los Angeles County,6037
455707,Cardiac and Vascular Institute of Ultrasound,-2,-2,Mobile,AL,36606,6,2,3,1,-2,12,33660,1,-2,30.650045,-88.112324,Mobile County,1097
455725,Studio Academy of Beauty,-2,-2,Chandler,AZ,85224,9,3,3,1,-2,11,38060,1,-2,33.314894,-111.860316,Maricopa County,4013
455734,California Nurses Educational Institute,-2,-2,Rancho Mirage,CA,92270,6,2,3,1,-2,21,40140,1,-2,33.80042,-116.393371,Riverside County,6065
455761,Paul Mitchell the School-Sacramento,-2,-2,Sacramento,CA,95825,9,3,3,1,-2,21,40900,1,-2,38.594752,-121.41594,Sacramento County,6067
455770,Providence Christian College,22,-2,Pasadena,CA,91101,2,1,2,1,1,12,31080,1,21,34.149327,-118.141062,Los Angeles County,6037
455798,Oxford Academy of Hair Design Inc,-2,-2,Seymour,CT,06483,9,3,3,1,-2,21,47930,1,-2,41.397798,-73.061063,Naugatuck Valley Planning Region,9140
455804,Institute of World Politics,25,-2,Washington,DC,20036,2,1,2,1,1,11,47900,1,32,38.910537,-77.036112,District of Columbia,11001
455813,Pontifical John Paul II Institute for Studies on Marriage and Family,31,-2,Washington,DC,20064-9997,2,1,2,1,1,11,47900,1,24,38.933246,-76.998606,District of Columbia,11001
455831,Medical Institute of Palm Beach,-2,-2,Greenacres,FL,33463,9,3,3,1,-2,21,33100,1,-2,26.620478,-80.134959,Palm Beach County,12099
455859,Oliver Finley Academy of Cosmetology,-2,-2,Boise,ID,83714,9,3,3,1,-2,21,14260,1,-2,43.667102,-116.281478,Ada County,16001
455868,National Career College,29,4,Panorama City,CA,91402,6,2,3,1,2,11,31080,1,8,34.22245,-118.446211,Los Angeles County,6037
455877,The Aveda Institute of Beauty and Wellness Chicago,-2,-2,Chicago,IL,60657,9,3,3,1,-2,11,16980,1,-2,41.933493,-87.645838,Cook County,17031
455886,Tricoci University of Beauty Culture-Libertyville,-2,-2,Libertyville,IL,60048,9,3,3,1,-2,21,16980,1,-2,42.28167,-87.942702,Lake County,17097
455895,Tricoci University of Beauty Culture-Bridgeview,-2,-2,Bridgeview,IL,60455,9,3,3,1,-2,21,16980,1,-2,41.734829,-87.80309,Cook County,17031
455901,The Temple-A Paul Mitchell Partner School,-2,-2,Frederick,MD,21701,9,3,3,1,-2,13,47900,1,-2,39.415249,-77.411651,Frederick County,24021
455910,Center for Massage,-2,-2,Asheville,NC,28801,9,3,3,1,-2,13,11700,1,-2,35.593919,-82.55114,Buncombe County,37021
455929,The Academy of Hair Design LLC,-2,-2,Oklahoma City,OK,73134-8055,9,3,3,1,-2,11,36420,1,-2,35.612955,-97.557189,Oklahoma County,40109
455965,COLLECTIV Academy-Cranston,-2,-2,Cranston,RI,02920,9,3,3,1,-2,21,39300,1,-2,41.734598,-71.478386,Providence County,44007
455974,South Texas Training Center,-2,-2,Pharr,TX,78577,9,3,3,1,-2,13,32580,1,-2,26.211808,-98.177752,Hidalgo County,48215
455983,Columbia College,12,1,Vienna,VA,22182,6,2,3,1,1,21,47900,1,2,38.928425,-77.249152,Fairfax County,51059
455992,Vermont College of Fine Arts,25,-2,Montpelier,VT,05602,2,1,2,1,1,32,12740,2,19,44.25521,-72.567616,Washington County,50023
456001,Advanced Welding Institute,-2,-2,South Burlington,VT,05403,9,3,3,1,-2,13,15540,1,-2,44.45588,-73.139437,Chittenden County,50007
456029,Paul Mitchell the School-Memphis,-2,-2,Memphis,TN,38111,9,3,3,1,-2,11,32820,1,-2,35.129595,-89.947956,Shelby County,47157
456038,Pima Medical Institute-East Valley,21,2,Mesa,AZ,85209,6,2,3,1,2,11,38060,1,10,33.376378,-111.689497,Maricopa County,4013
456065,Paul Mitchell the School-Cleveland,-2,-2,Twinsburg,OH,44087,9,3,3,1,-2,21,10420,1,-2,41.330927,-81.463033,Summit County,39153
456074,Paul Mitchell the School-Columbus,-2,-2,Columbus,OH,43231,9,3,3,1,-2,11,18140,1,-2,40.059575,-82.938765,Franklin County,39049
456135,Empire Beauty School-Spring Lake Park,-2,-2,Spring Lake Park,MN,55432,9,3,3,1,-2,21,33460,1,-2,45.117185,-93.26237,Anoka County,27003
456153,MediaTech Institute-Houston,21,2,Houston,TX,77042,6,2,3,1,1,11,26420,1,12,29.724809,-95.568341,Harris County,48201
456205,Miller-Motte College-Raleigh,21,2,Raleigh,NC,27604-6072,6,2,3,1,1,11,39580,1,10,35.834569,-78.585676,Wake County,37183
456214,Lamson Institute,-2,-2,San Antonio,TX,78238,6,2,3,1,-2,11,41700,1,-2,29.481426,-98.607504,Bexar County,48029
456287,College of Hair Design-East Campus,-2,-2,Lincoln,NE,68526,6,2,3,1,-2,11,30700,1,-2,40.732974,-96.596462,Lancaster County,31109
456454,Fortis College-Salt Lake City,28,2,Salt Lake City,UT,84107,6,2,3,1,2,21,41620,1,10,40.685819,-111.870502,Salt Lake County,49035
456481,Polytechnic University of Puerto Rico-Miami,24,6,Miami,FL,33166,2,1,2,1,1,13,33100,1,22,25.80915,-80.328482,Miami-Dade County,12086
456490,Polytechnic University of Puerto Rico-Orlando,30,4,Orlando,FL,32825,2,1,2,1,1,21,36740,1,22,28.55158,-81.253943,Orange County,12095
456506,Ross Medical Education Center-Fort Wayne,-2,-2,Fort Wayne,IN,46805-1046,6,2,3,1,-2,11,23060,1,-2,41.115114,-85.14454,Allen County,18003
456515,Ross Medical Education Center-Battle Creek,-2,-2,Battle Creek,MI,49015-9393,9,3,3,1,-2,13,12980,1,-2,42.247801,-85.20031,Calhoun County,26025
456542,Geisinger Commonwealth School of Medicine,27,-2,Scranton,PA,18509,2,1,2,1,2,13,42540,1,25,41.413415,-75.655478,Lackawanna County,42069
456551,"Josef's School of Hair, Skin & Body-Fargo",-2,-2,Fargo,ND,58103,9,3,3,1,-2,12,22020,1,-2,46.86216,-96.83183,Cass County,38017
456579,Miller-Motte College-Berks Technical Institute-Allentown,21,-2,Allentown,PA,18109,6,2,3,1,1,21,10900,1,7,40.64006,-75.448981,Lehigh County,42077
456588,Salon Success Academy-Fontana,-2,-2,Fontana,CA,92335,9,3,3,1,-2,21,40140,1,-2,34.099087,-117.437904,San Bernardino County,6071
456597,Salon Success Academy-Redlands,-2,-2,Redlands,CA,92373,9,3,3,1,-2,13,40140,1,-2,34.062342,-117.218933,San Bernardino County,6071
456621,Strayer University-West Virginia,24,-2,Scott Depot,WV,25560,3,1,3,1,1,22,26580,1,29,38.454588,-81.92619,Putnam County,54079
456825,Paul Mitchell the School-Baton Rouge,-2,-2,Baton Rouge,LA,70816,9,3,3,1,-2,12,12940,1,-2,30.41107,-91.044491,East Baton Rouge Parish,22033
456852,San Joaquin Valley College-Hesperia,21,4,Hesperia,CA,92344-8086,6,2,3,1,2,21,40140,1,9,34.420693,-117.383116,San Bernardino County,6071
456922,South Texas Vocational Technical Institute-Brownsville,-2,-2,Brownsville,TX,78521,9,3,3,1,-2,12,15180,1,-2,25.944046,-97.502052,Cameron County,48061
456931,Miller-Motte College-STVT-Corpus Christi,-2,-2,Corpus Christi,TX,78416,9,3,3,1,-2,11,18580,1,-2,27.739649,-97.433269,Nueces County,48355
456959,University of Minnesota-Rochester,29,6,Rochester,MN,55904,1,1,1,1,2,12,40340,1,26,44.022339,-92.463471,Olmsted County,27109
456968,Health And Style Institute,-2,-2,Greensboro,NC,27407,6,2,3,2,-2,11,24660,1,-2,36.037762,-79.840799,Guilford County,37081
456977,CBT Technology Institute-Cutler Bay,-2,-2,Cutler Bay,FL,33157,9,3,3,1,-2,21,33100,1,13,25.590468,-80.356565,Miami-Dade County,12086
457031,Capri Beauty College,-2,-2,New Lenox,IL,60451,9,3,3,1,-2,21,16980,1,-2,41.509958,-87.927816,Will County,17197
457077,Milan Institute-Bakersfield,-2,-2,Bakersfield,CA,93301,9,3,3,1,-2,11,12540,1,-2,35.385513,-119.023088,Kern County,6029
457086,Homestead Schools,-2,-2,Torrance,CA,90505,2,1,2,1,-2,12,31080,1,26,33.809096,-118.35009,Los Angeles County,6037
457101,Carrington College-Las Vegas,21,4,Las Vegas,NV,89119,6,2,3,1,2,12,29820,1,10,36.08486,-115.118231,Clark County,32003
457110,Carrington College-Reno,28,2,Reno,NV,89511,6,2,3,1,2,11,39900,1,10,39.463165,-119.786947,Washoe County,32031
457129,Chamberlain University-Florida,28,6,Jacksonville,FL,32256,3,1,3,1,2,11,27260,1,26,30.243517,-81.586421,Duval County,12031
457192,Washington Barber College Inc,-2,-2,Little Rock,AR,72209-3820,9,3,3,1,-2,12,30780,1,-2,34.69065,-92.335352,Pulaski County,5119
457208,InterCoast Colleges-Rancho Cordova,-2,-2,Rancho Cordova,CA,95827,9,3,3,1,-2,13,40900,1,-2,38.561309,-121.334243,Sacramento County,6067
457226,Horizon University,31,-2,Indianapolis,IN,46236-2622,2,1,2,1,1,21,26900,1,24,39.894654,-85.986809,Marion County,18097
457253,Beyond 21st Century Beauty Academy,-2,-2,Santa Fe Springs,CA,90670,9,3,3,1,-2,21,31080,1,-2,33.916443,-118.041477,Los Angeles County,6037
457271,Academy for Jewish Religion California,31,-2,Los Angeles,CA,90045,2,1,2,1,1,11,31080,1,24,33.97085,-118.415744,Los Angeles County,6037
457299,Angeles College,29,6,Los Angeles,CA,90010,3,1,3,1,1,11,31080,1,26,34.061223,-118.29903,Los Angeles County,6037
457314,Angeles Institute,-2,-2,ARTESIA,CA,90701-2713,9,3,3,1,-2,21,31080,1,-2,33.875772,-118.080741,Los Angeles County,6037
457323,Paul Mitchell the School-Temecula,-2,-2,Temecula,CA,92591,9,3,3,1,-2,12,40140,1,-2,33.507316,-117.146674,Riverside County,6065
457332,TIGI Hairdressing Academy Guilford,-2,-2,Guilford,CT,06437,9,3,3,1,-2,21,35300,1,-2,41.28773,-72.677612,South Central Connecticut Planning Region,9170
457341,International Institute of Cosmetology,-2,-2,Wethersfield,CT,06109,9,3,3,1,-2,21,25540,1,-2,41.707932,-72.661782,Capitol Planning Region,9110
457350,Florida School of Traditional Midwifery,-2,-2,Gainesville,FL,32601,5,2,2,1,-2,12,23540,1,-2,29.652269,-82.31585,Alachua County,12001
457378,Emerald Coast Technical College,-2,-2,DeFuniak Springs,FL,32433,7,3,1,1,-2,32,18880,1,-2,30.73209,-86.128061,Walton County,12131
457387,Immokalee Technical College,-2,-2,Immokalee,FL,34142,4,2,1,1,-2,32,34940,1,-2,26.426526,-81.425148,Collier County,12021
457396,American Academy of Cosmetology,-2,-2,Orange Park,FL,32065,9,3,3,1,-2,21,27260,1,-2,30.123757,-81.798803,Clay County,12019
457402,University of Fort Lauderdale,24,-2,Lauderhill,FL,33313,2,1,2,1,1,21,33100,1,32,26.147098,-80.204938,Broward County,12011
457411,Aviation Institute of Maintenance-Orlando,-2,-2,Casselberry,FL,32707,6,2,3,1,-2,21,36740,1,-2,28.680653,-81.334196,Seminole County,12117
457420,Summit Salon Academy,-2,-2,Tampa,FL,33624,9,3,3,1,-2,21,45300,1,-2,28.051825,-82.525411,Hillsborough County,12057
457439,Summit Salon Academy-Gainesville,-2,-2,Gainesville,FL,32607,9,3,3,1,-2,22,23540,1,-2,29.654808,-82.416921,Alachua County,12001
457448,Tenaj Salon Institute,-2,-2,The Villages,FL,32162,9,3,3,1,-2,13,48680,1,-2,28.929944,-82.028094,Sumter County,12119
457466,Profile Institute of Barber-Styling,-2,-2,Atlanta,GA,30315,9,3,3,1,-2,11,12060,1,-2,33.680654,-84.392992,Fulton County,13121
457475,Keune Academy by 124,-2,-2,Lawrenceville,GA,30043,9,3,3,1,-2,21,12060,1,-2,33.96488,-84.02253,Gwinnett County,13135
457484,Pacific Rim Christian University,31,-2,Honolulu,HI,96819-2228,2,1,2,1,1,11,46520,1,22,21.328198,-157.888379,Honolulu County,15003
457493,Paul Mitchell the School-Twin Falls,-2,-2,TWIN FALLS,ID,83301,9,3,3,1,-2,13,46300,1,-2,42.555761,-114.469533,Twin Falls County,16083
457527,Ambria College of Nursing,28,-2,Hoffman Estates,IL,60192,3,1,3,1,1,21,16980,1,26,42.075628,-88.2109,Cook County,17031
457536,Midwestern Career College,21,4,Chicago,IL,60601,6,2,3,1,2,11,16980,1,10,41.886233,-87.632009,Cook County,17031
457545,Paul Mitchell the School-Normal,-2,-2,Normal,IL,61761,9,3,3,1,-2,22,14010,1,-2,40.50938,-88.959619,McLean County,17113
457563,Aveda Fredric's Institute-Indianapolis,-2,-2,Carmel,IN,46032,9,3,3,1,-2,12,26900,1,-2,39.959878,-86.117678,Hamilton County,18057
457572,Summit Salon Academy,-2,-2,Anderson,IN,46013,9,3,3,1,-2,13,26900,1,-2,40.063021,-85.654184,Madison County,18095
457581,Eric Fisher Academy,-2,-2,Wichita,KS,67212,9,3,3,1,-2,11,48620,1,-2,37.693713,-97.422011,Sedgwick County,20173
457606,My Le's Beauty College,-2,-2,Gretna,LA,70056,9,3,3,1,-2,21,35380,1,-2,29.902428,-90.029931,Jefferson Parish,22051
457615,Blackstone Valley Vocational Regional School District,-2,-2,Upton,MA,01568-1499,7,3,1,1,-2,21,49340,1,-2,42.16382,-71.616243,Worcester County,25027
457624,Southern Worcester County Regional Vocational School District,-2,-2,Charlton,MA,01507-1331,7,3,1,1,-2,41,49340,1,-2,42.133623,-71.957564,Worcester County,25027
457633,L'esprit Academy,-2,-2,Canton,MI,48187-3669,9,3,3,1,-2,21,19820,1,-2,42.321904,-83.457386,Wayne County,26163
457642,Marketti Academy of Cosmetology,-2,-2,Waterford,MI,48329,9,3,3,1,-2,21,19820,1,-2,42.683352,-83.374733,Oakland County,26125
457679,Avalon School of Cosmetology,-2,-2,Worthington,MN,56187,6,2,3,1,-2,33,49380,2,-2,43.631842,-95.602503,Nobles County,27105
457697,City Vision University,15,4,Kansas City,MO,64106-3028,2,1,2,1,1,11,28140,1,22,39.101164,-94.569475,Jackson County,29095
457749,Montana Academy of Salons,-2,-2,Great Falls,MT,59405,9,3,3,1,-2,13,24500,1,-2,47.49941,-111.303922,Cascade County,30013
457767,National Career Institute,-2,-2,East Orange,NJ,07018,9,3,3,1,-2,21,35620,1,-2,40.76137,-74.222091,Essex County,34013
457776,Paul Mitchell the School-Albuquerque,-2,-2,Albuquerque,NM,87110,9,3,3,1,-2,11,10740,1,-2,35.102306,-106.566537,Bernalillo County,35001
457785,International Academy of Style,-2,-2,Reno,NV,89502-1559,9,3,3,1,-2,11,39900,1,-2,39.516281,-119.783208,Washoe County,32031
457794,EDP School,-2,-2,Brooklyn,NY,11235,8,3,2,1,-2,11,35620,1,-2,40.58605,-73.952901,Kings County,36047
457800,New York Medical Career Training Center,-2,-2,Flushing,NY,11354,6,2,3,1,-2,11,35620,1,-2,40.7608,-73.829753,Queens County,36081
457819,Institute of Culinary Education,-2,-2,New York,NY,10281,9,3,3,1,-2,11,35620,1,-2,40.712449,-74.015637,New York County,36061
457837,The Salon Professional Academy-Tonawanda,-2,-2,Tonawanda,NY,14150,9,3,3,1,-2,21,15380,1,-2,42.981584,-78.824364,Erie County,36029
457855,Paul Mitchell the School-NYC,-2,-2,Staten Island,NY,10306,9,3,3,1,-2,11,35620,1,-2,40.573227,-74.114517,Richmond County,36085
457873,Four County Career Center,-2,-2,Archbold,OH,43502,7,3,1,1,-2,42,-2,-2,-2,41.452808,-84.303115,Henry County,39069
457916,Summit Salon Academy-Perrysburg,-2,-2,Perrysburg,OH,43551,6,2,3,1,-2,21,45780,1,-2,41.54424,-83.620281,Wood County,39173
457925,Portland Actors Conservatory,-2,-2,Portland,OR,97205,5,2,2,1,-2,11,38900,1,-2,45.520964,-122.686647,Multnomah County,41051
457943,Somerset County Technology Center,-2,-2,Somerset,PA,15501-4309,7,3,1,1,-2,41,43740,2,-2,40.00475,-79.029641,Somerset County,42111
457952,Metro Beauty Academy,-2,-2,Allentown,PA,18106,9,3,3,1,-2,21,10900,1,-2,40.56865,-75.555591,Lehigh County,42077
457989,Academy for Careers and Technology,-2,-2,Mullins,SC,29574,7,3,1,1,-2,32,-2,-2,-2,34.186433,-79.340157,Marion County,45067
458007,Love Beauty School Inc,-2,-2,Manchester,TN,37355,9,3,3,1,-2,32,46100,2,-2,35.488524,-86.093863,Coffee County,47031
458034,Houston International College Cardiotech Ultrasound School,-2,-2,Houston,TX,77099,6,2,3,-1,-2,11,26420,1,10,29.675203,-95.592909,Harris County,48201
458043,DuVall's School of Cosmetology,-2,-2,Bedford,TX,76021,9,3,3,1,-2,21,19100,1,-2,32.852275,-97.168105,Tarrant County,48439
458061,Texas Beauty College,-2,-2,Haltom city,TX,76117,9,3,3,1,-2,21,19100,1,-2,32.826045,-97.265311,Tarrant County,48439
458070,Avenue Five Institute,-2,-2,Austin,TX,78757,9,3,3,1,-2,11,12420,1,-2,30.369503,-97.728961,Travis County,48453
458098,The Salon Professional Academy-Lewisville,-2,-2,Lewisville,TX,75067,9,3,3,1,-2,21,19100,1,-2,33.005024,-96.964907,Denton County,48121
458104,Renaissance Academie,-2,-2,Provo,UT,84604,9,3,3,1,-2,12,39340,1,-2,40.25395,-111.665961,Utah County,49049
458113,Ascent College,31,-2,Gainesville,VA,20155,2,1,2,1,1,21,47900,1,24,38.805988,-77.624657,Prince William County,51153
458122,Institute of Advanced Medical Esthetics,-2,-2,Ashland,VA,23005-2111,9,3,3,1,-2,21,40060,1,-2,37.758005,-77.475904,Hanover County,51085
458131,Aveda Arts & Sciences Institute Seattle,-2,-2,Seattle,WA,98122,9,3,3,1,-2,11,42660,1,-2,47.614403,-122.321762,King County,53033
458140,Northwest School of Wooden Boat Building,21,3,Port Hadlock,WA,98339,5,2,2,1,1,41,39040,2,11,48.03413,-122.752588,Jefferson County,53031
458168,The Salon Professional Academy-Onalaska,-2,-2,Onalaska,WI,54650,6,2,3,1,-2,13,29100,1,-2,43.87382,-91.19732,La Crosse County,55063
458210,West Coast University-Orange County,28,6,Anaheim,CA,92802-2905,3,1,3,2,3,11,31080,1,26,33.81104,-117.911811,Orange County,6059
458229,West Coast University-Ontario,28,6,Ontario,CA,91761-7698,3,1,3,2,2,12,40140,1,26,34.066591,-117.590035,San Bernardino County,6071
458274,Paul Mitchell the School-Chicago,-2,-2,Chicago,IL,60607,9,3,3,1,-2,11,16980,1,-2,41.866213,-87.646644,Cook County,17031
458405,Miller-Motte College-Fayetteville,3,4,Fayetteville,NC,28311,6,2,3,1,1,12,22180,1,10,35.11096,-78.88167,Cumberland County,37051
458423,European Massage Therapy School-Las Vegas,-2,-2,Las Vegas,NV,89117,9,3,3,1,-2,11,29820,1,-2,36.145445,-115.300577,Clark County,32003
458441,Miller-Motte College-Columbus,12,4,Columbus,GA,31907,6,2,3,1,2,12,17980,1,7,32.479997,-84.935912,Muscogee County,13215
458681,Fortis College-Indianapolis,28,2,Indianapolis,IN,46268,6,2,3,1,1,11,26900,1,10,39.9184,-86.223181,Marion County,18097
458803,Empire Beauty School-E Memphis,-2,-2,Memphis,TN,38117,9,3,3,1,-2,11,32820,1,-2,35.115499,-89.90197,Shelby County,47157
458812,Empire Beauty School-Nashville,-2,-2,Brentwood,TN,37027,9,3,3,1,-2,21,34980,1,-2,35.967868,-86.814676,Williamson County,47187
458821,Empire Beauty School-Jackson,-2,-2,Jackson,TN,38301,9,3,3,1,-2,13,27180,1,-2,35.63694,-88.847611,Madison County,47113
458830,Empire Beauty School-Springfield,-2,-2,Springfield,PA,19064,9,3,3,1,-2,21,37980,1,-2,39.93765,-75.349771,Delaware County,42045
458858,Empire Beauty School-Speedway,-2,-2,Speedway,IN,46224,9,3,3,1,-2,21,26900,1,-2,39.80055,-86.261512,Marion County,18097
458867,Empire Beauty School-Morrow,-2,-2,Morrow,GA,30260,9,3,3,1,-2,21,12060,1,-2,33.564936,-84.32568,Clayton County,13063
458885,Strayer University-Arkansas,24,-2,Little Rock,AR,72201,3,1,3,1,2,12,30780,1,22,34.745489,-92.271192,Pulaski County,5119
458919,Strayer University-Georgia,24,6,Chamblee,GA,30341,3,1,3,2,3,21,12060,1,29,33.870686,-84.267177,DeKalb County,13089
458955,Strayer University-Mississippi,24,-2,Jackson,MS,39201,3,1,3,1,2,12,27140,1,29,32.300562,-90.188097,Hinds County,28049
458964,Strayer University-South Carolina,24,6,Greenville,SC,29601,3,1,3,2,2,13,24860,1,29,34.839766,-82.399535,Greenville County,45045
458973,Strayer University-Texas,24,4,Farmers Branch,TX,75234,3,1,3,2,3,21,19100,1,29,32.910744,-96.887509,Dallas County,48113
459019,Empire Beauty School-Charlotte,-2,-2,Charlotte,NC,28213,9,3,3,1,-2,11,16740,1,-2,35.25855,-80.7837,Mecklenburg County,37119
459046,Empire Beauty School-Winston-Salem,-2,-2,Winston-Salem,NC,27106,9,3,3,1,-2,11,49180,1,-2,36.152612,-80.282751,Forsyth County,37067
459055,Empire Beauty School-West Palm,-2,-2,West Palm Beach,FL,33409,9,3,3,1,-2,21,33100,1,-2,26.705541,-80.107401,Palm Beach County,12099
459064,Empire Beauty School-Pineville,-2,-2,Charlotte,NC,28226,9,3,3,1,-2,21,16740,1,-2,35.089864,-80.865367,Mecklenburg County,37119
459116,Paul Mitchell the School-Phoenix,-2,-2,Phoenix,AZ,85017,9,3,3,1,-2,11,38060,1,-2,33.523667,-112.133047,Maricopa County,4013
459170,Paul Mitchell the School-Modesto,-2,-2,Modesto,CA,95350,9,3,3,1,-2,12,33700,1,-2,37.68301,-120.993745,Stanislaus County,6099
459198,Paul Mitchell the School-Fresno,-2,-2,Fresno,CA,93710,9,3,3,1,-2,11,23420,1,-2,36.809778,-119.782437,Fresno County,6019
459204,Unitek College,28,4,Fremont,CA,94538,3,1,3,3,3,12,41860,1,26,37.50904,-121.961761,Alameda County,6001
459213,Gurnick Academy of Medical Arts,28,4,San Jose,CA,95112,3,1,3,2,2,11,41940,1,26,37.364294,-121.912991,Santa Clara County,6085
459231,Paul Mitchell the School-East Bay,-2,-2,Pleasant Hill,CA,94523,9,3,3,1,-2,21,41860,1,-2,37.94492,-122.061226,Contra Costa County,6013
459259,South University-Richmond,28,2,Glen Allen,VA,23060,3,1,3,1,2,21,40060,1,26,37.64706,-77.599967,Henrico County,51087
459268,South University-Virginia Beach,29,2,Virginia Beach,VA,23452,3,1,3,1,2,11,47260,1,22,36.8336,-76.124288,Virginia Beach City,51810
459277,Aveda Institute-Denver,-2,-2,Denver,CO,80204,9,3,3,1,-2,11,19740,1,-2,39.729146,-105.000615,Denver County,8031
459286,Paul Mitchell the School-Colorado Springs,-2,-2,Colorado Springs,CO,80903,9,3,3,1,-2,11,17820,1,-2,38.832889,-104.828339,El Paso County,8041
459295,The Salon Professional Academy-Colorado Springs,-2,-2,Colorado Springs,CO,80918,9,3,3,1,-2,11,17820,1,-2,38.896966,-104.750884,El Paso County,8041
459301,Paul Mitchell the School-Delaware,-2,-2,Newark,DE,19702,9,3,3,1,-2,21,37980,1,-2,39.62274,-75.680231,New Castle County,10003
459329,Fred K Marchman Technical College,-2,-2,New Port Richey,FL,34653,4,2,1,1,-2,21,45300,1,-2,28.271196,-82.691779,Pasco County,12101
459347,The Salon Professional Academy-Ft Myers,-2,-2,Fort Myers,FL,33907,9,3,3,1,-2,13,15980,1,-2,26.595568,-81.887326,Lee County,12071
459374,Universal Spa Training Academy,-2,-2,Downers Grove,IL,60515,9,3,3,1,-2,13,16980,1,-2,41.796008,-87.99384,DuPage County,17043
459392,The Salon Professional Academy-Evansville,-2,-2,Evansville,IN,47715,9,3,3,1,-2,12,21780,1,-2,37.98732,-87.483521,Vanderburgh County,18163
459408,Tri County Regional Vocational Technical High School,-2,-2,Franklin,MA,02038,7,3,1,1,-2,21,14460,1,-2,42.094957,-71.421577,Norfolk County,25021
459426,Nova Academy of Cosmetology,-2,-2,Rochester,MN,55901,9,3,3,1,-2,12,40340,1,-2,44.08537,-92.509748,Olmsted County,27109
459499,Sage School of Massage & Esthetics,-2,-2,Bend,OR,97703,9,3,3,-2,-2,12,13460,1,-2,44.058731,-121.358102,Deschutes County,41017
459514,Peloton College,12,2,Dallas,TX,75231,6,2,3,1,1,11,19100,1,7,32.89622,-96.768104,Dallas County,48113
459523,ABC Beauty Academy,-2,-2,Richardson,TX,75081,9,3,3,1,-2,12,19100,1,-2,32.931698,-96.685333,Dallas County,48113
459532,Salon & Spa Institute,-2,-2,Brownsville,TX,78520-8809,9,3,3,1,-2,12,15180,1,-2,25.938911,-97.508606,Cameron County,48061
459541,American Beauty Academy,-2,-2,Payson,UT,84651,9,3,3,1,-2,31,39340,1,-2,40.034634,-111.733488,Utah County,49049
459550,Summit Salon Academy,-2,-2,Tacoma,WA,98409,6,2,3,1,-2,12,42660,1,-2,47.223485,-122.472325,Pierce County,53053
459578,Paul Mitchell the School-Milwaukee,-2,-2,Wauwatosa,WI,53222,9,3,3,1,-2,21,33340,1,-2,43.074156,-88.055994,Milwaukee County,55079
459727,Touro University Worldwide,18,4,Los Alamitos,CA,90720,2,1,2,2,2,21,31080,1,18,33.808683,-118.057754,Orange County,6059
459736,Touro University California,27,-2,Vallejo,CA,94592,2,1,2,2,2,12,46700,1,25,38.085479,-122.263949,Solano County,6095
459745,The Chicago School at Washington DC,25,-2,Washington,DC,20005,2,1,2,1,2,11,47900,1,26,38.90163,-77.033071,District of Columbia,11001
459824,Touro University Nevada,27,-2,Henderson,NV,89014,2,1,2,2,2,11,29820,1,25,36.043189,-115.024012,Clark County,32003
459842,Herzing University-Kenosha,28,2,Kenosha,WI,53140,2,1,2,1,2,13,28450,1,26,42.582628,-87.820105,Kenosha County,55059
459851,Herzing University-Brookfield,28,4,Brookfield,WI,53005,2,1,2,1,2,21,33340,1,26,43.035738,-88.110994,Waukesha County,55133
459949,Texas A&M University-San Antonio,22,-2,San Antonio,TX,78224,1,1,1,3,3,11,41700,1,18,29.304762,-98.52417,Bexar County,48029
459958,Fortis Institute,29,4,Houston,TX,77060,6,2,3,1,2,11,26420,1,10,29.93744,-95.395051,Harris County,48201
459967,Southern Careers Institute-Brownsville,24,4,Brownsville,TX,78520,6,2,3,1,2,12,15180,1,-2,25.936988,-97.501124,Cameron County,48061
459985,Southern Careers Institute-Harlingen,24,4,Harlingen,TX,78550,6,2,3,1,2,13,15180,1,-2,26.20385,-97.675281,Cameron County,48061
459994,Strayer University-Global Region,24,4,Washington,DC,20005,3,1,3,4,3,11,47900,1,29,38.904881,-77.034133,District of Columbia,11001
460011,Kenneth Shuler School of Cosmetology-Florence,-2,-2,Florence,SC,29501,9,3,3,1,-2,41,22500,1,-2,34.238425,-79.80945,Florence County,45041
460020,Fortis College-Columbia,28,4,Columbia,SC,29210,6,2,3,1,2,12,17900,1,10,34.01512,-81.081809,Richland County,45079
460093,Ross Medical Education Center-Davison,-2,-2,Davison,MI,48423-1751,9,3,3,1,-2,21,22420,1,-2,43.021829,-83.516551,Genesee County,26049
460109,Ross Medical Education Center-Granger,-2,-2,Granger,IN,46530-4479,9,3,3,1,-2,13,43780,1,10,41.717835,-86.174277,St. Joseph County,18141
460118,Ross Medical Education Center-Niles,-2,-2,Niles,OH,44446-4810,9,3,3,1,-2,21,49660,1,-2,41.212037,-80.746465,Trumbull County,39155
460127,Ross Medical Education Center-Canton,-2,-2,Canton,MI,48187-5071,9,3,3,1,-2,21,19820,1,-2,42.324442,-83.482675,Wayne County,26163
460136,Pima Medical Institute-Houston,21,4,Houston,TX,77041,6,2,3,2,2,11,26420,1,10,29.838306,-95.562287,Harris County,48201
460145,Illinois Media School-Chicago Campus,-2,-2,Chicago,IL,60605,9,3,3,1,-2,11,16980,1,-2,41.883062,-87.62851,Cook County,17031
460172,Miller-Motte College-STVT-San Antonio,-2,-2,San Antonio,TX,78214,9,3,3,1,-2,11,41700,1,-2,29.35599,-98.4891,Bexar County,48029
460181,Concorde Career College-Dallas,21,4,Dallas,TX,75243,6,2,3,1,2,11,19100,1,10,32.91856,-96.741711,Dallas County,48113
460190,Concorde Career Institute-Orlando,21,4,Orlando,FL,32803,6,2,3,1,2,11,36740,1,10,28.55984,-81.340421,Orange County,12095
460206,Concorde Career College-San Antonio,21,4,San Antonio,TX,78229,6,2,3,1,2,11,41700,1,10,29.49003,-98.582351,Bexar County,48029
460349,Johnson & Wales University-Online,24,-2,Providence,RI,02903,2,1,2,2,2,12,39300,1,18,41.819956,-71.41277,Providence County,44007
460394,Moreno Valley College,2,3,Moreno Valley,CA,92551,4,2,1,4,3,21,40140,1,2,33.88744,-117.20271,Riverside County,6065
460464,Norco College,2,5,Norco,CA,92860,4,2,1,4,3,21,40140,1,2,33.917387,-117.570212,Riverside County,6065
460482,Dorsey College-Saginaw,-2,-2,Saginaw,MI,48603,9,3,3,1,-2,22,40980,1,-2,43.47055,-83.973056,Saginaw County,26145
460534,Milan Institute of Cosmetology-El Paso,-2,-2,El Paso,TX,79936,9,3,3,1,-2,11,21340,1,-2,31.749325,-106.300156,El Paso County,48141
460543,Universal Technical Institute-Dallas Fort Worth,21,6,Irving,TX,75063,6,2,3,2,2,11,19100,1,11,32.93806,-97.012741,Dallas County,48113
460677,ICPR Junior College,12,6,Manati,PR,00674,6,2,3,1,2,21,41980,1,7,18.429025,-66.493841,Manatí  Municipio,72091
460701,Artistic Nails and Beauty Academy-Lakeland,-2,-2,Lakeland,FL,33801,9,3,3,1,-2,12,29460,1,-2,28.053634,-81.94718,Polk County,12105
460756,Hawaii Medical College,21,4,Honolulu,HI,96814-3518,6,2,3,1,2,11,46520,1,10,21.295164,-157.847652,Honolulu County,15003
460765,Carolina College of Hair Design Inc,-2,-2,Asheville,NC,28806-2711,9,3,3,1,-2,13,11700,1,-2,35.584088,-82.601533,Buncombe County,37021
460808,Integrated Massage Therapy Services,-2,-2,Blackfoot,ID,83221,9,3,3,1,-2,32,13940,2,-2,43.200889,-112.335853,Bingham County,16011
460817,Miller-Motte College-Jacksonville,24,2,Jacksonville,NC,28546,6,2,3,1,1,13,27340,1,13,34.797826,-77.432163,Onslow County,37133
460826,Miller-Motte College-Augusta,12,4,Augusta,GA,30906,6,2,3,1,2,12,12260,1,8,33.423915,-82.055083,Richmond County,13245
460835,Miller-Motte College-Conway,24,4,Conway,SC,29526-9508,6,2,3,1,2,13,34820,1,7,33.788822,-78.993461,Horry County,45051
460862,Aveda Institute-Portland,-2,-2,Portland,OR,97209-3144,6,2,3,1,-2,11,38900,1,-2,45.525507,-122.68474,Multnomah County,41051
460871,Chamberlain University-Virginia,28,6,Vienna,VA,22182,3,1,3,1,2,21,47900,1,26,38.910459,-77.220505,Fairfax County,51059
460914,Penrose Academy,-2,-2,Scottsdale,AZ,85254-4065,9,3,3,1,-2,11,38060,1,-2,33.608309,-111.927617,Maricopa County,4013
460932,Skin Institute,-2,-2,Saint Louis,MO,63126,9,3,3,1,-2,21,41180,1,-2,38.527717,-90.364232,St. Louis County,29189
460969,Beauty Academy of South Florida,-2,-2,Hialeah Gardens,FL,33016-2421,9,3,3,1,-2,21,33100,1,-2,25.86289,-80.323571,Miami-Dade County,12086
460978,Ogle School Hair Skin Nails-North Dallas,-2,-2,Dallas,TX,75248-1216,9,3,3,1,-2,11,19100,1,-2,32.984161,-96.803615,Dallas County,48113
460987,The Salon Professional Academy,-2,-2,Sherwood,AR,72120,9,3,3,1,-2,41,30780,1,-2,34.858161,-92.20198,Pulaski County,5119
460996,The Salon Professional Academy-St Charles,-2,-2,St. Charles,MO,63301-1021,9,3,3,1,-2,21,41180,1,-2,38.788891,-90.538719,St. Charles County,29183
461014,Mildred Elley-New York Campus,21,2,New York,NY,10004-1010,6,2,3,1,2,11,35620,1,10,40.70563,-74.013948,New York County,36061
461023,Crestpoint University,13,4,Phoenix,AZ,85014-1561,3,1,3,1,2,11,38060,1,31,33.530663,-112.064275,Maricopa County,4013
461032,Carolina College of Biblical Studies,31,-2,Fayetteville,NC,28303-5157,2,1,2,1,1,12,22180,1,24,35.05141,-78.939514,Cumberland County,37051
461087,Northeast Technology Center,-2,-2,Pryor,OK,74361,7,3,1,2,-2,32,-2,-2,-2,36.294408,-95.309265,Mayes County,40097
461111,Allstate Hairstyling & Barber College,-2,-2,Cleveland,OH,44113-3413,6,2,3,1,-2,11,17410,1,-2,41.484002,-81.704403,Cuyahoga County,39035
461120,Omega Graduate School,31,-2,Dayton,TN,37321-6736,2,1,2,1,1,41,-2,-2,20,35.468142,-85.053774,Rhea County,47143
461139,Jung Tao School of Classical Chinese Medicine,29,-2,Sugar Grove,NC,28679-9657,2,1,2,1,1,42,14380,2,26,36.263233,-81.785303,Watauga County,37189
461148,New York Film Academy,23,2,Burbank,CA,91505,3,1,3,2,2,12,31080,1,30,34.152076,-118.335567,Los Angeles County,6037
461175,International College of Cosmetology,-2,-2,Oakland,CA,94601-3525,9,3,3,1,-2,11,41860,1,-2,37.774887,-122.220803,Alameda County,6001
461193,Bella Capelli Academy,-2,-2,Monroeville,PA,15146-2388,9,3,3,1,-2,21,38300,1,-2,40.432534,-79.781557,Allegheny County,42003
461218,Institute of Medical Careers,29,2,Pittsburgh,PA,15235-3718,6,2,3,1,2,21,38300,1,10,40.465286,-79.823825,Allegheny County,42003
461245,Flagler Technical College,-2,-2,Palm Coast,FL,32164,4,2,1,1,-2,21,19660,1,-2,29.47629,-81.211337,Flagler County,12035
461254,Galaxy Medical College,29,2,North Hollywood,CA,91606-1593,6,2,3,1,1,11,31080,1,-2,34.186976,-118.396209,Los Angeles County,6037
461263,American Medical Sciences Center,21,2,Glendale,CA,91204-5108,3,1,3,1,1,12,31080,1,10,34.147117,-118.256991,Los Angeles County,6037
461272,Mandalyn Academy,-2,-2,American Fork,UT,84003-2161,9,3,3,1,-2,21,39340,1,-2,40.371763,-111.78129,Utah County,49049
461281,Jose Maria Vargas University,13,-2,Pembroke Pines,FL,33026,3,1,3,1,1,21,33100,1,32,26.009656,-80.281548,Broward County,12011
461306,D A Dorsey Technical College,-2,-2,Miami,FL,33147-6304,7,3,1,1,-2,21,33100,1,-2,25.839575,-80.225732,Miami-Dade County,12086
461315,Keweenaw Bay Ojibwa Community College,3,2,LAnse,MI,49946-0000,4,2,1,1,1,43,-2,-2,33,46.764477,-88.447052,Baraga County,26013
461324,Meridian Institute of Surgical Assisting,21,-2,Nashville,TN,37218,6,2,3,1,2,11,34980,1,10,36.187738,-86.842536,Davidson County,47037
461333,Mauna Loa Helicopters,-2,-2,Kailua Kona,HI,96740-2650,9,3,3,1,-2,33,25900,2,-2,19.729107,-156.041847,Hawaii County,15001
461342,Acaydia School of Aesthetics,-2,-2,Provo,UT,84601-0000,9,3,3,1,-2,12,39340,1,-2,40.234627,-111.65823,Utah County,49049
461379,Holistic Massage Training Institute,-2,-2,Baltimore,MD,21218,9,3,3,1,-2,11,12580,1,-2,39.322479,-76.603096,Baltimore City,24510
461388,Diamonds College,-2,-2,Sherman,TX,75090-2657,9,3,3,1,-2,13,43300,1,-2,33.673442,-96.606125,Grayson County,48181
461412,Northern Virginia School of Therapeutic Massage,-2,-2,Falls Church,VA,22042-4302,9,3,3,1,-2,21,47900,1,-2,38.873422,-77.160302,Fairfax County,51059
461421,Paul Mitchell the School-St Louis,-2,-2,St. Louis,MO,63108-1554,9,3,3,1,-2,11,41180,1,-2,38.64474,-90.262731,St. Louis City,29510
461430,Advanced Training Institute,-2,-2,Las Vegas,NV,89118-1519,9,3,3,1,-2,12,29820,1,-2,36.09589,-115.206821,Clark County,32003
461485,Shepherds Theological Seminary,31,-2,Cary,NC,27518-9316,2,1,2,1,1,12,39580,1,24,35.744334,-78.742623,Wake County,37183
461494,Taylor Andrews Academy of Hair Design-West Jordan,-2,-2,West Jordan,UT,84088-6577,9,3,3,1,-2,21,41620,1,-2,40.586803,-111.934309,Salt Lake County,49035
461500,Santa Ana Beauty Academy,-2,-2,Santa Ana,CA,92705-7820,9,3,3,1,-2,11,31080,1,-2,33.766402,-117.835205,Orange County,6059
461528,Manna University,31,-2,Fayetteville,NC,28314-2343,2,1,2,1,1,12,22180,1,22,35.058616,-78.961305,Cumberland County,37051
461537,Evolve Beauty Academy,-2,-2,Washing,MO,63090,9,3,3,1,-2,32,41180,1,-2,38.551723,-91.013977,Franklin County,29071
461555,Aveda Institute-New Mexico,-2,-2,Albuquerque,NM,87104-1160,9,3,3,1,-2,11,10740,1,-2,35.091873,-106.667464,Bernalillo County,35001
461573,American Trade School,-2,-2,Saint Ann,MO,63074-1807,6,2,3,1,-2,21,41180,1,11,38.72876,-90.380141,St. Louis County,29189
461582,Estelle Skin Care and Spa Institute,-2,-2,Skokie,IL,60077-9945,9,3,3,1,-2,13,16980,1,-2,42.06358,-87.747041,Cook County,17031
461607,Elite Cosmetology School,-2,-2,PALM DESERT,CA,92260,9,3,3,1,-2,13,40140,1,-2,33.723624,-116.394724,Riverside County,6065
461625,American Technical Institute,-2,-2,Bayamon,PR,00957-0000,9,3,3,1,-2,12,41980,1,-2,18.379307,-66.184489,Bayamón Municipio,72021
461652,Aveda Institute-Boise,-2,-2,Boise,ID,83704-4406,9,3,3,1,-2,12,14260,1,-2,43.620545,-116.309994,Ada County,16001
461689,Pima Medical Institute-Aurora,21,2,Aurora,CO,80012-0000,6,2,3,1,2,11,19740,1,10,39.6956,-104.831481,Arapahoe County,8005
461704,Capilo School of Hair Design,-2,-2,Augusta,ME,04330-0000,9,3,3,1,-2,32,12300,2,-2,44.317693,-69.777717,Kennebec County,23011
461713,Pure Aesthetics Natural Skincare School,-2,-2,Tucson,AZ,85716-3823,9,3,3,1,-2,11,46060,1,-2,32.23572,-110.929841,Pima County,4019
461722,Lindsey Institute of Cosmetology,-2,-2,Bowling Green,KY,42103-8036,9,3,3,1,-2,13,14540,1,-2,36.947279,-86.420808,Warren County,21227
461740,Buckner Barber School,-2,-2,Dallas,TX,75217-1775,9,3,3,1,-2,11,19100,1,-2,32.737175,-96.684709,Dallas County,48113
461759,Simmons College of Kentucky,22,2,Louisville,KY,40203-3322,2,1,2,1,1,11,31140,1,21,38.239519,-85.764811,Jefferson County,21111
461768,Atelier Esthetique Institute of Esthetics,-2,-2,New York,NY,10001,9,3,3,1,-2,11,35620,1,-2,40.746376,-73.995669,New York County,36061
461786,Advanced College of Cosmetology,-2,-2,Waupun,WI,53963-0000,9,3,3,1,-2,32,13180,2,-2,43.632848,-88.736198,Dodge County,55027
461795,North American University,25,-2,Stafford,TX,77477-0000,2,1,2,1,2,21,26420,1,19,29.646303,-95.588338,Fort Bend County,48157
461810,United Beauty College,-2,-2,Denver,CO,80219,9,3,3,1,-2,11,19740,1,-2,39.68573,-105.025463,Denver County,8031
461829,Cinta Aveda Institute,-2,-2,San Francisco,CA,94108-3204,9,3,3,1,-2,11,41860,1,-2,37.790935,-122.404307,San Francisco County,6075
461838,Long Island Nail Skin & Hair Institute,-2,-2,Bethpage,NY,11714,9,3,3,1,-2,21,35620,1,-2,40.759423,-73.489818,Nassau County,36059
461847,Keser Torah-Mayan Hatalmud,31,-2,Lakewood,NJ,08701-2758,2,1,2,1,1,21,35620,1,24,40.098369,-74.17029,Ocean County,34029
461856,Southern California Health Institute,-2,-2,North Hollywood,CA,91601,6,2,3,1,-2,11,31080,1,-2,34.173485,-118.370014,Los Angeles County,6037
461865,Best Care College,28,6,East Orange,NJ,07018-1703,6,2,3,1,1,21,35620,1,-2,40.765332,-74.221116,Essex County,34013
461874,First Class Cosmetology School,-2,-2,Beloit,WI,53511-0000,9,3,3,1,-2,13,27500,1,-2,42.49901,-89.036231,Rock County,55105
461883,Millennia Atlantic University,24,-2,Doral,FL,33178,3,1,3,1,1,13,33100,1,29,25.808134,-80.352717,Miami-Dade County,12086
461892,Abcott Institute,-2,-2,Southfield,MI,48075-5227,9,3,3,1,-2,13,19820,1,-2,42.446331,-83.210617,Oakland County,26125
461908,The Salon Professional Academy-Kenosha,-2,-2,Kenosha,WI,53142-4950,9,3,3,1,-2,13,28450,1,-2,42.55804,-87.853088,Kenosha County,55059
461917,Paul Mitchell the School-Indianapolis,-2,-2,Indianapolis,IN,46227-6252,9,3,3,1,-2,11,26900,1,-2,39.640007,-86.127361,Marion County,18097
461926,Taylor Andrews Academy-St George,-2,-2,St. George,UT,84790,9,3,3,1,-2,12,41100,1,-2,37.101706,-113.534004,Washington County,49053
461944,Protege Academy,-2,-2,East Lansing,MI,48823-8660,9,3,3,1,-2,21,29620,1,-2,42.724862,-84.452903,Ingham County,26065
461953,Colorado Academy of Veterinary Technology,21,2,Colorado Springs,CO,80906-4944,6,2,3,1,1,11,17820,1,10,38.794277,-104.790429,El Paso County,8041
461962,Northeast Technical Institute,-2,-2,Scarborough,ME,04074-0000,9,3,3,1,-2,22,38860,1,-2,43.608171,-70.314892,Cumberland County,23005
461999,Elite School of Cosmetology,-2,-2,Norwalk,OH,44857-2714,6,2,3,1,-2,31,35940,2,-2,41.233614,-82.60795,Huron County,39077
462008,Paul Mitchell the School-Las Vegas,-2,-2,Las Vegas,NV,89123-8014,9,3,3,1,-2,11,29820,1,-2,36.016734,-115.117034,Clark County,32003
462017,Summit Salon Academy-Kokomo,-2,-2,Kokomo,IN,46901-6248,9,3,3,1,-2,13,29020,1,-2,40.474971,-86.106111,Howard County,18067
462035,Florida Academy,-2,-2,Fort Myers,FL,33966-1155,9,3,3,1,-2,13,15980,1,-2,26.608576,-81.825149,Lee County,12071
462044,Institute for Doctoral Studies in the Visual Arts,25,-2,Portland,ME,04101-0000,2,1,2,1,1,13,38860,1,20,43.661402,-70.251742,Cumberland County,23005
462053,State Career College,-2,-2,Gurnee,IL,60061,9,3,3,1,-2,21,16980,1,-2,42.370223,-87.889232,Lake County,17097
462062,Academy for Salon Professionals,-2,-2,Northridge,CA,91324,9,3,3,1,-2,11,31080,1,-2,34.23396,-118.558215,Los Angeles County,6037
462071,Paul Mitchell the School-Spokane,-2,-2,Spokane Valley,WA,99037-5041,9,3,3,1,-2,12,44060,1,-2,47.658368,-117.19893,Spokane County,53063
462336,International College of Beauty Arts & Sciences,-2,-2,Los Angeles,CA,90039-1012,9,3,3,1,-2,11,31080,1,-2,34.148057,-118.273227,Los Angeles County,6037
462354,John Paul the Great Catholic University,22,2,Escondido,CA,92025,2,1,2,1,1,21,41740,1,22,33.12085,-117.082401,San Diego County,6073
463056,University of Connecticut-Hartford Campus,-2,-2,Hartford,CT,06103,1,1,1,2,-2,12,25540,1,-2,41.762673,-72.672175,Capitol Planning Region,9110
464226,Ottawa University-Surprise,15,-2,Surprise,AZ,85374,2,1,2,1,2,21,38060,1,22,33.628923,-112.368233,Maricopa County,4013
466921,Chamberlain University-Missouri,28,6,St. Louis,MO,63146,3,1,3,1,2,21,41180,1,26,38.701907,-90.436283,St. Louis County,29189
466930,Chamberlain University-Texas,28,6,Houston,TX,77041,3,1,3,2,2,11,26420,1,26,29.838386,-95.560414,Harris County,48201
467094,Continental School of Beauty Culture-Mattydale,-2,-2,Mattydale,NY,13211-1003,9,3,3,1,-2,21,45060,1,-2,43.105938,-76.147295,Onondaga County,36067
467863,Paul Mitchell the School-Columbia,-2,-2,West Columbia,SC,29169,9,3,3,1,-2,21,17900,1,-2,33.990955,-81.070249,Lexington County,45063
467872,Paul Mitchell the School-Charleston,-2,-2,North Charleston,SC,29418-6993,9,3,3,1,-2,12,16700,1,-2,32.874611,-80.022852,Charleston County,45019
467906,Kenneth Shuler School of Cosmetology-Greenville,-2,-2,Greenville,SC,29611-7553,9,3,3,1,-2,21,24860,1,-2,34.791087,-82.484519,Anderson County,45007
468246,Northwest College-Eugene,-2,-2,Springfield,OR,97477,6,2,3,1,-2,13,21660,1,-2,44.078014,-123.046328,Lane County,41039
468255,Northwest College-Tualatin,-2,-2,Tualatin,OR,97062-9462,6,2,3,1,-2,21,38900,1,-2,45.382946,-122.762464,Washington County,41067
468769,CET-Soledad,-2,-2,Soledad,CA,93960-2996,8,3,2,1,-2,32,41500,1,-2,36.41456,-121.316599,Monterey County,6053
468848,UEI College-Oceanside,-2,-2,Oceanside,CA,92058-2321,9,3,3,1,-2,21,41740,1,-2,33.204442,-117.36182,San Diego County,6073
468893,Paul Mitchell the School-New Orleans,-2,-2,Metairie,LA,70002-4705,9,3,3,1,-2,12,35380,1,-2,30.004827,-90.163276,Jefferson Parish,22051
468909,UEI College-Garden Grove,-2,-2,Garden Grove,CA,92840-2409,9,3,3,2,-2,21,31080,1,-2,33.801877,-117.943701,Orange County,6059
468963,New England Tractor Trailer Training School of Massachusetts,-2,-2,North Andover,MA,01845-1048,9,3,3,1,-2,21,14460,1,-2,42.7307,-71.116853,Essex County,25009
469416,Dewey University-Manati,28,6,Manati,PR,00674-0000,2,1,2,1,1,21,41980,1,26,18.433307,-66.487333,Manatí  Municipio,72091
469610,Allen School-Phoenix,-2,-2,Phoenix,AZ,85053-4064,9,3,3,1,-2,11,38060,1,-2,33.629635,-112.11743,Maricopa County,4013
469629,Oklahoma Technical College,21,2,Tulsa,OK,74145,5,2,2,1,1,11,46140,1,-2,36.098687,-95.905011,Tulsa County,40143
469911,Unitech Training Academy-Alexandria,-2,-2,Alexandria,LA,71301,9,3,3,1,-2,13,10780,1,-2,31.265718,-92.460375,Rapides Parish,22079
470038,UEI College-Riverside,-2,-2,Riverside,CA,92507-5344,9,3,3,2,-2,11,40140,1,-2,33.975392,-117.351755,Riverside County,6065
470047,WellSpring School of Allied Health-Lawrence,29,4,Lawrence,KS,66045-3073,6,2,3,1,1,13,29940,1,10,38.965848,-95.235123,Douglas County,20045
470296,Manuel and Theresa's School of Hair Design-Victoria,-2,-2,Victoria,TX,77902-7076,9,3,3,1,-2,13,47020,1,-2,28.799901,-96.991589,Victoria County,48469
470393,Tricoci University of Beauty Culture-Chicago NE,-2,-2,Chicago,IL,60626-5232,9,3,3,1,-2,11,16980,1,-2,41.999802,-87.660911,Cook County,17031
474863,Los Angeles Pacific University,15,-2,San Dimas,CA,91773-1741,2,1,2,2,2,21,31080,1,19,34.110723,-117.827484,Los Angeles County,6037
474915,Avalon Institute-Phoenix,-2,-2,Phoenix,AZ,85022,9,3,3,1,-2,11,38060,1,-2,33.641828,-112.068527,Maricopa County,4013
474924,Avalon Institute-Layton,-2,-2,Layton,UT,84041,9,3,3,1,-2,21,36260,1,-2,41.089919,-112.003639,Davis County,49011
475015,Aveda Institute-Des Moines,-2,-2,West Des Moines,IA,50266,9,3,3,1,-2,13,19780,1,-2,41.562675,-93.802586,Dallas County,19049
475024,Fortis Institute-Lawrenceville,-2,-2,Lawrenceville,NJ,08648,9,3,3,1,-2,21,45940,1,-2,40.260811,-74.719102,Mercer County,34021
475033,Relay Graduate School of Education,25,-2,New York,NY,10004,2,1,2,2,3,11,35620,1,32,40.70563,-74.013948,New York County,36061
475060,Miller-Motte College-Macon,24,4,Macon,GA,31210,6,2,3,1,1,12,31420,1,13,32.897821,-83.687065,Bibb County,13021
475121,South University-Savannah Online,29,2,Savannah,GA,31406,3,1,3,3,3,12,42340,1,17,31.999481,-81.105531,Chatham County,13051
475176,San Joaquin Valley College-Temecula,21,4,Temecula,CA,92590-5678,6,2,3,1,2,12,40140,1,9,33.525983,-117.166502,Riverside County,6065
475200,Whitworth University-Adult Degree Programs,22,-2,Spokane,WA,99251,2,1,2,1,1,21,44060,1,22,47.751642,-117.411568,Spokane County,53063
475228,The Colleges of Law at Santa Barbara,26,-2,Santa Barbara,CA,93101,2,1,2,1,1,13,42200,1,31,34.424542,-119.70516,Santa Barbara County,6083
475237,The University of America,-2,-2,Temecula,CA,92590,2,1,2,-1,-2,12,40140,1,-2,33.519293,-117.167871,Riverside County,6065
475273,"Springfield College-Regional, Online, and Continuing Education",20,-2,Springfield,MA,01109-3739,2,1,2,1,2,12,44140,1,20,42.1022,-72.556647,Hampden County,25013
475282,Marian Health Careers Center-Van Nuys Campus,-2,-2,Van Nuys,CA,91411,9,3,3,1,-2,11,31080,1,-2,34.177483,-118.465561,Los Angeles County,6037
475325,Milan Institute-Las Vegas,-2,-2,Las Vegas,NV,89102-4456,9,3,3,1,-2,11,29820,1,-2,36.14671,-115.171498,Clark County,32003
475398,Catholic International University,31,-2,Charles Town,WV,25414,2,1,2,1,1,31,47900,1,24,39.287311,-77.859242,Jefferson County,54037
475404,New York School of Esthetics & Day Spa,-2,-2,white plains,NY,10606-1207,9,3,3,1,-2,13,35620,1,-2,41.035422,-73.781183,Westchester County,36119
475422,Finger Lakes Health College of Nursing & Health Sciences,28,-2,Geneva,NY,14456-1651,5,2,2,1,1,32,40380,1,10,42.876429,-76.987844,Ontario County,36069
475431,ASI Career Institute,-2,-2,Turnersville,NJ,08012-1043,9,3,3,1,-2,21,37980,1,-2,39.756604,-75.045442,Gloucester County,34015
475468,Christine Valmy International School of Esthetics & Cosmetology,-2,-2,Wayne,NJ,07470,9,3,3,1,-2,21,35620,1,-2,40.885499,-74.255794,Passaic County,34031
475477,City College-Hollywood,-2,-2,Hollywood,FL,33024-4045,3,1,3,-1,-2,21,33100,1,8,26.025173,-80.22004,Broward County,12011
475486,Paul Mitchell the School-Arlington,-2,-2,Arlington,TX,76018-6032,9,3,3,1,-2,11,19100,1,-2,32.680899,-97.107997,Tarrant County,48439
475495,Rocky Mountain University of Health Professions,29,-2,Provo,UT,84606,3,1,3,2,2,12,39340,1,26,40.21033,-111.655651,Utah County,49049
475547,Paul Mitchell the School-Fort Myers,-2,-2,Fort Myers,FL,33913,9,3,3,1,-2,41,15980,1,-2,26.495581,-81.792422,Lee County,12071
475556,Paul Mitchell the School-Raleigh,-2,-2,Raleigh,NC,27612-7358,9,3,3,1,-2,11,39580,1,-2,35.882566,-78.740471,Wake County,37183
475565,CUNY Stella and Charles Guttman Community College,3,2,New York,NY,10018-2602,4,2,1,2,2,11,35620,1,1,40.75281,-73.984131,New York County,36061
475574,Lil Lou's Beauty and Barber College,-2,-2,Gary,IN,46409-2404,9,3,3,1,-2,21,16980,1,-2,41.53025,-87.335811,Lake County,18089
475608,Criswell College,31,-2,Dallas,TX,75246-1537,2,1,2,1,1,11,19100,1,22,32.793513,-96.77669,Dallas County,48113
475653,Reflections Academy of Beauty,-2,-2,Decatur,IL,62526,9,3,3,1,-2,13,19500,1,-2,39.879619,-88.952037,Macon County,17115
475662,UCAS University of Cosmetology Arts & Sciences-La Joya,-2,-2,La Joya,TX,78560-4018,9,3,3,1,-2,21,32580,1,-2,26.24605,-98.468021,Hidalgo County,48215
475705,Annenberg School of Nursing,-2,-2,Reseda,CA,91335-5426,8,3,2,1,-2,11,31080,1,-2,34.200825,-118.553851,Los Angeles County,6037
475714,American Medical Academy,21,5,Miami,FL,33186-4830,3,1,3,1,2,21,33100,1,10,25.66273,-80.393361,Miami-Dade County,12086
475723,Tooele Technical College,-2,-2,Tooele,UT,84074-2093,7,3,1,1,-2,32,41620,1,-2,40.527752,-112.325714,Tooele County,49045
475732,Chamberlain University-Georgia,28,6,Sandy Springs,GA,30342,3,1,3,2,2,12,12060,1,26,33.911943,-84.351949,Fulton County,13121
475741,Chamberlain University-Indiana,28,6,Indianapolis,IN,46240,3,1,3,1,1,11,26900,1,26,39.91916,-86.111061,Marion County,18097
475839,Sessions College for Professional Design,23,-2,Tempe,AZ,85281,3,1,3,1,1,12,38060,1,12,33.426822,-111.940811,Maricopa County,4013
476063,Tulsa Welding School-Jacksonville,-2,-2,Jacksonville,FL,32216-3634,9,3,3,1,-2,11,27260,1,-2,30.313564,-81.56007,Duval County,12031
476179,Empire Beauty School-Virginia Beach,-2,-2,Virginia Beach,VA,23462-6779,9,3,3,1,-2,11,47260,1,-2,36.838455,-76.135548,Virginia Beach City,51810
476230,Ross College-Morgantown,-2,-2,Morgantown,WV,26505-5884,9,3,3,1,-2,13,34060,1,-2,39.628002,-79.928764,Monongalia County,54061
476355,Miami Ad School-New York,-2,-2,Astoria,NY,11106,6,2,3,1,-2,11,35620,1,-2,40.755046,-73.925071,Queens County,36081
476489,Larry's Barber College,-2,-2,Chicago,IL,60628-2322,9,3,3,1,-2,11,16980,1,-2,41.703711,-87.643207,Cook County,17031
476498,Futura Career Institute,-2,-2,Hialeah,FL,33012-3325,9,3,3,1,-2,21,33100,1,-2,25.863128,-80.306991,Miami-Dade County,12086
476540,Vogue College of Cosmetology-San Antonio Fredericksburg,-2,-2,San Antonio,TX,78201-5035,9,3,3,1,-2,11,41700,1,-2,29.462345,-98.523455,Bexar County,48029
476559,Vogue College of Cosmetology,-2,-2,San Antonio,TX,78238-4402,9,3,3,1,-2,11,41700,1,-2,29.465563,-98.602991,Bexar County,48029
476568,Tomorrow's Image Barber And Beauty Academy of Virginia,-2,-2,Newport News,VA,23608-5532,9,3,3,1,-2,12,47260,1,-2,37.133072,-76.529229,Newport News City,51700
476595,Medical Allied Career Center,-2,-2,Santa Fe Springs,CA,90670-4710,9,3,3,1,-2,21,31080,1,-2,33.91871,-118.062402,Los Angeles County,6037
476601,Bais HaMedrash and Mesivta of Baltimore,31,-2,Baltimore,MD,21209-1613,2,1,2,1,1,21,12580,1,24,39.379528,-76.674414,Baltimore County,24005
476610,Barber & Beauty Institute of New York,-2,-2,Hempstead,NY,11550-6317,9,3,3,1,-2,21,35620,1,-2,40.69983,-73.615341,Nassau County,36059
476629,Salon Institute-Toledo Campus,-2,-2,Toledo,OH,43615-1731,6,2,3,1,-2,21,45780,1,-2,41.674855,-83.696989,Lucas County,39095
476683,Athena Career Academy,12,6,Toledo,OH,43615,6,2,3,1,1,11,45780,1,13,41.614633,-83.665339,Lucas County,39095
476692,Yeshiva Gedolah Zichron Leyma,31,-2,Union,NJ,07083-3618,2,1,2,1,1,21,35620,1,24,40.6992,-74.268351,Union County,34039
476708,The Barber School,-2,-2,Midvale,UT,84047-3723,9,3,3,1,-2,21,41620,1,-2,40.621415,-111.891446,Salt Lake County,49035
476717,Be'er Yaakov Talmudic Seminary,31,-2,Spring Valley,NY,10977,2,1,2,1,2,21,35620,1,24,41.138206,-74.029573,Rockland County,36087
476726,Rio Grande Valley College,28,6,Pharr,TX,78577-2106,6,2,3,1,2,13,32580,1,10,26.24215,-98.177978,Hidalgo County,48215
476735,Alexander Academy,-2,-2,Lunenburg,MA,01462-0000,9,3,3,1,-2,22,49340,1,-2,42.587705,-71.769406,Worcester County,25027
476753,Aveda Institute-Tucson,-2,-2,Tucson,AZ,85701,9,3,3,1,-2,11,46060,1,-2,32.220141,-110.968361,Pima County,4019
476780,Diamond Beauty College,-2,-2,South El Monte,CA,91733-2180,9,3,3,1,-2,21,31080,1,-2,34.063052,-118.0467,Los Angeles County,6037
476799,Unitek College,-2,-2,South San Francisco,CA,94080-1005,9,3,3,1,-2,13,41860,1,-2,37.65642,-122.455603,San Mateo County,6081
476805,University Academy of Hair Design,-2,-2,Tuscaloosa,AL,35401-5621,9,3,3,1,-2,12,46220,1,-2,33.19105,-87.559744,Tuscaloosa County,1125
476814,Florida Institute of Recording Sound and Technology,-2,-2,Orlando,FL,32810,9,3,3,1,-2,21,36740,1,-2,28.625257,-81.401029,Orange County,12095
476841,Paul Mitchell the School-Reno,-2,-2,Reno,NV,89502,9,3,3,1,-2,11,39900,1,-2,39.509232,-119.803848,Washoe County,32031
476850,Boise Barber College,-2,-2,Boise,ID,83709,9,3,3,1,-2,12,14260,1,-2,43.588823,-116.278054,Ada County,16001
476869,Austin Kade Academy,-2,-2,Idaho Falls,ID,83404-5540,9,3,3,1,-2,13,26820,1,-2,43.482859,-112.001128,Bonneville County,16019
476878,Aesthetic Science Institute,-2,-2,Latham,NY,12110-1095,9,3,3,1,-2,21,10580,1,-2,42.76194,-73.794947,Albany County,36001
476887,Elaine Sterling Institute,-2,-2,Atlanta,GA,30326-2633,9,3,3,1,-2,11,12060,1,-2,33.846647,-84.363266,Fulton County,13121
476896,Wade Gordon Hairdressing Academy,-2,-2,Amarillo,TX,79109,9,3,3,1,-2,12,11100,1,-2,35.186494,-101.873963,Potter County,48375
476902,Mitsu Sato Hair Academy,-2,-2,Overland Park,KS,66212-1457,9,3,3,1,-2,12,28140,1,-2,38.964694,-94.670149,Johnson County,20091
476939,FVI School of Nursing and Technology,28,2,Miami,FL,33144,6,2,3,1,2,21,33100,1,-2,25.773542,-80.321789,Miami-Dade County,12086
476975,Colorado State University Global,24,-2,Denver,CO,80202-0000,1,1,1,4,3,11,19740,1,18,39.745405,-104.989255,Denver County,8031
476984,Paul Mitchell the School-Overland Park,-2,-2,Overland Park,KS,66212,9,3,3,1,-2,12,28140,1,-2,38.955861,-94.688051,Johnson County,20091
476993,Medspa Academies,-2,-2,South Jordan,UT,84095-3519,9,3,3,1,-2,21,41620,1,-2,40.55681,-111.912821,Salt Lake County,49035
477002,Brighton Institute of Cosmetology,-2,-2,Brighton,MI,48116-8360,9,3,3,1,-2,22,19820,1,-2,42.521018,-83.743486,Livingston County,26093
477039,West Coast University-Texas,28,6,Richardson,TX,75080-2712,3,1,3,2,2,12,19100,1,26,32.98221,-96.716284,Dallas County,48113
477233,Evangel University-James River Assembly of God Church,24,-2,Ozark,MO,65721-6694,5,2,2,1,1,21,44180,1,-2,37.075963,-93.227055,Christian County,29043
478582,Empire Beauty School-Savannah,-2,-2,Savannah,GA,31406-2455,9,3,3,1,-2,12,42340,1,-2,32.008498,-81.110045,Chatham County,13051
478591,Ogle School Hair Skin Nails-Denton,-2,-2,Denton,TX,76205-7534,9,3,3,1,-2,12,19100,1,-2,33.192334,-97.113213,Denton County,48121
478616,Empire Beauty School-West Greensboro,-2,-2,Greensboro,NC,27407-2693,9,3,3,1,-2,11,24660,1,-2,36.051588,-79.90432,Guilford County,37081
478917,Hays Academy of Hair Design,-2,-2,Salina,KS,67401-0000,9,3,3,1,-2,33,41460,2,-2,38.8398,-97.607551,Saline County,20169
478953,Bellus Academy,-2,-2,Manhattan,KS,66502-2838,9,3,3,1,-2,13,31740,1,-2,39.191749,-96.60827,Riley County,20161
479062,MotoRing Technical Training Institute,-2,-2,East Providence,RI,02914-5022,9,3,3,1,-2,21,39300,1,-2,41.81866,-71.384761,Providence County,44007
479424,Unitek College,-2,-2,Hayward,CA,94541-7026,9,3,3,1,-2,21,41860,1,-2,37.661039,-122.116059,Alameda County,6001
479956,Pennsylvania State University-World Campus,19,6,University Park,PA,16802-1503,1,1,1,4,3,13,44300,1,-2,40.7965,-77.862848,Centre County,42027
479965,MCI Institute of NJ,-2,-2,Ocean,NJ,07712,6,2,3,1,-2,21,35620,1,-2,40.263786,-74.046322,Monmouth County,34025
479974,Advance Beauty Techs Academy,-2,-2,San Jacinto,CA,92583-6572,9,3,3,1,-2,12,40140,1,-2,33.884074,-117.517655,Riverside County,6065
479992,Brand College,-2,-2,Glendale,CA,91203,9,3,3,1,-2,12,31080,1,-2,34.15799,-118.265551,Los Angeles County,6037
480000,Hinton Barber and Beauty College,-2,-2,Vallejo,CA,94590,9,3,3,1,-2,12,46700,1,-2,38.109629,-122.245384,Solano County,6095
480019,Advanced Career Institute,-2,-2,Visalia,CA,93291,9,3,3,1,-2,12,47300,1,-2,36.34084,-119.377615,Tulare County,6107
480028,Digital Film Academy,12,-2,New York,NY,10036,6,2,3,-2,1,11,35620,1,-2,40.760073,-73.991082,New York County,36061
480037,MyComputerCareer at Raleigh,21,6,Raleigh,NC,27606,6,2,3,2,2,11,39580,1,-2,35.767841,-78.727186,Wake County,37183
480073,South University-Austin,29,2,Round Rock,TX,78681-2300,3,1,3,1,2,12,12420,1,22,30.479474,-97.689972,Williamson County,48491
480091,Bryant & Stratton College-Online,13,2,Orchard Park,NY,14127,2,1,2,4,3,21,15380,1,23,42.790174,-78.770363,Erie County,36029
480125,Ogle School Hair Skin Nails-San Antonio,-2,-2,San Antonio,TX,78216,9,3,3,1,-2,11,41700,1,-2,29.518311,-98.503686,Bexar County,48029
480161,Ideal Beauty Academy,-2,-2,Louisville,KY,40223,9,3,3,1,-2,21,31140,1,-2,38.225024,-85.568052,Jefferson County,21111
480198,Warner Pacific University Professional and Graduate Studies,20,4,Portland,OR,97215,2,1,2,1,1,11,38900,1,22,45.506265,-122.592498,Multnomah County,41051
480204,Platt College-Riverside,21,6,Riverside,CA,92507,3,1,3,1,2,11,40140,1,23,33.932923,-117.298365,Riverside County,6065
480310,Empire Beauty School-Glen Burnie,-2,-2,Glen Burnie,MD,21061,9,3,3,1,-2,21,12580,1,-2,39.203264,-76.616551,Anne Arundel County,24003
480471,UEI College-Stockton,-2,-2,Stockton,CA,95207-0000,9,3,3,1,-2,11,44700,1,-2,37.99756,-121.308461,San Joaquin County,6077
480523,Ross Medical Education Center-Dayton,-2,-2,Fairborn,OH,45324-6337,9,3,3,1,-2,21,19430,1,-2,39.788147,-83.998213,Greene County,39057
480532,Ross Medical Education Center-Ontario,-2,-2,Ontario,OH,44906-1246,9,3,3,1,-2,23,31900,1,-2,40.77421,-82.591867,Richland County,39139
480550,Ross Medical Education Center-Bowling Green,-2,-2,Bowling Green,KY,42104-5840,9,3,3,1,-2,13,14540,1,-2,36.965672,-86.440649,Warren County,21227
480569,Florida Institute of Technology-Online,20,-2,Melbourne,FL,32901-6975,2,1,2,1,2,13,37340,1,18,28.065773,-80.623123,Brevard County,12009
480657,Rasmussen University-Kansas,28,-2,Topeka,KS,66609,3,1,3,1,2,12,45820,1,23,38.998726,-95.704151,Shawnee County,20177
480727,School of Missionary Aviation Technology,-2,-2,Ionia,MI,48846,5,2,2,1,-2,41,24340,1,-2,42.941371,-85.07224,Ionia County,26067
480781,California Miramar University,24,-2,San Diego,CA,92108-1739,3,1,3,1,1,11,41740,1,29,32.77942,-117.11851,San Diego County,6073
480790,Rocky Vista University,27,-2,Parker,CO,80112,3,1,3,2,2,21,19740,1,25,39.563516,-104.815034,Douglas County,8035
480824,The College of Health Care Professions-Dallas,29,-2,Dallas,TX,75247,6,2,3,1,2,11,19100,1,10,32.830186,-96.875021,Dallas County,48113
480833,The College of Health Care Professions-Fort Worth,21,-2,Fort Worth,TX,76137-5021,6,2,3,2,2,11,19100,1,10,32.816901,-97.311645,Tarrant County,48439
480842,Shear Finesse Beauty Academy,-2,-2,Jacksonville,FL,32208,9,3,3,1,-2,11,27260,1,-2,30.371475,-81.66738,Duval County,12031
480851,Miami Media School,12,-2,Doral,FL,33126,6,2,3,1,1,13,33100,1,12,25.783576,-80.325673,Miami-Dade County,12086
480879,Academy of Salon Professionals,-2,-2,Sedalia,MO,65301,9,3,3,1,-2,33,42740,2,-2,38.690729,-93.251559,Pettis County,29159
480888,CyberTex Institute of Technology,-2,-2,Austin,TX,78752,9,3,3,1,-2,11,12420,1,-2,30.324403,-97.70303,Travis County,48453
480903,New England Tractor Trailer Training School of CT-Bridgeport,-2,-2,Bridgeport,CT,06608,9,3,3,1,-2,12,14860,1,-2,41.186706,-73.179406,Greater Bridgeport Planning Region,9120
480921,Designer Barber & Stylist School,-2,-2,Fort Smith,AR,72903-3753,9,3,3,1,-2,13,22900,1,-2,35.367673,-94.378849,Sebastian County,5131
480930,Paul Mitchell the School-Woodbridge,-2,-2,Woodbridge,VA,22192,9,3,3,1,-2,21,47900,1,-2,38.635367,-77.293304,Prince William County,51153
480967,College of the Muscogee Nation,3,-2,Okmulgee,OK,74447-0917,4,2,1,1,1,41,46140,1,33,35.635288,-95.936439,Okmulgee County,40111
480976,The Salon Professional Academy-Huntsville,-2,-2,Huntsville,AL,35816,9,3,3,1,-2,12,26620,1,-2,34.736145,-86.655724,Madison County,1089
480985,Midwives College of Utah,29,-2,Salt Lake City,UT,84106,2,1,2,1,1,12,41620,1,26,40.71089,-111.857036,Salt Lake County,49035
480994,Aspen Beauty Academy of Laurel,-2,-2,Laurel,MD,20724,9,3,3,1,-2,21,12580,1,-2,39.099633,-76.822219,Anne Arundel County,24003
481003,M T Training Center,-2,-2,Grand Prairie,TX,75051,9,3,3,1,-2,21,19100,1,-2,32.72,-97.042564,Tarrant County,48439
481021,Berks Career & Technology Center,-2,-2,Leesport,PA,19533-9112,7,3,1,1,-2,21,39740,1,-2,40.388341,-76.000808,Berks County,42011
481030,Future Generations University,25,-2,Franklin,WV,26807-0000,2,1,2,1,1,43,-2,-2,32,38.70907,-79.405423,Pendleton County,54071
481049,Carthage R9 School District-Carthage Technical Center,-2,-2,Carthage,MO,64836-1332,7,3,1,1,-2,31,27900,1,-2,37.173927,-94.30087,Jasper County,29097
481058,Grace Mission University,31,-2,Fullerton,CA,92833-3860,2,1,2,1,1,21,31080,1,24,33.867663,-117.958208,Orange County,6059
481067,World A Cuts Barber Institute,-2,-2,York,PA,17401-1105,9,3,3,1,-2,13,49620,1,-2,39.964504,-76.72854,York County,42133
481085,Verve College,-2,-2,Oak Brook,IL,60523,9,3,3,1,-2,21,16980,1,-2,41.84402,-87.984611,DuPage County,17043
481094,Sotheby's Institute of Art-NY,23,-2,New York,NY,10022-6717,3,1,3,1,1,11,35620,1,30,40.756988,-73.972232,New York County,36061
481100,Top Nails & Hair Beauty School,-2,-2,Taylorsville,UT,84118-0000,9,3,3,1,-2,21,41620,1,-2,40.652683,-111.940452,Salt Lake County,49035
481128,Santa Ana Beauty College,-2,-2,Santa Ana,CA,92706-2321,9,3,3,1,-2,11,31080,1,-2,33.759423,-117.895913,Orange County,6059
481137,Shepherds College,-2,-2,Union Grove,WI,53182,5,2,2,-1,-2,31,39540,1,-2,42.680369,-88.062268,Racine County,55101
481146,Woodruff Medical and Wellness Training,-2,-2,Tucker,GA,30084,9,3,3,1,-2,21,12060,1,-2,33.839432,-84.238614,DeKalb County,13089
481155,Helms College,21,-2,Augusta,GA,30907,5,2,2,1,1,12,12260,1,12,33.515346,-82.057866,Richmond County,13245
481182,Ukiah Adult School,-2,-2,Ukiah,CA,95482-3865,7,3,1,1,-2,33,46380,2,-2,39.160947,-123.215034,Mendocino County,6045
481191,Riverside County Office of Education-School of Career Education,-2,-2,Riverside,CA,92508,7,3,1,1,-2,41,40140,1,-2,33.91733,-117.294699,Riverside County,6065
481207,Institute of Health Sciences,-2,-2,Hunt Valley,MD,21031-1408,9,3,3,1,-2,21,12580,1,-2,39.487379,-76.656295,Baltimore County,24005
481225,Mid-South Christian College,31,-2,Memphis,TN,38118-3151,2,1,2,1,1,11,32820,1,24,35.064172,-89.911799,Shelby County,47157
481243,New York Institute of Beauty,-2,-2,Islandia,NY,11749-1479,9,3,3,1,-2,21,35620,1,-2,40.80235,-73.189261,Suffolk County,36103
481252,Ultrasound Medical Institute,28,-2,Royal Palm Beach,FL,33411,6,2,3,1,1,21,33100,1,10,26.68295,-80.22826,Palm Beach County,12099
481289,Xavier College School of Nursing,28,-2,Stockton,CA,95202-1017,6,2,3,1,1,11,44700,1,-2,37.966315,-121.293267,San Joaquin County,6077
481298,Lawrence & Company College of Cosmetology,-2,-2,Hanford,CA,93230-4102,9,3,3,1,-2,13,25260,1,-2,36.33339,-119.637371,Kings County,6031
481313,Kaizen Beauty Academy,-2,-2,Pembroke Pines,FL,33024-6609,9,3,3,1,-2,21,33100,1,-2,26.01028,-80.255473,Broward County,12011
481331,Sharp Edgez Barber Institute,-2,-2,Rochester,NY,14615-0000,9,3,3,1,-2,12,40380,1,-2,43.200074,-77.637278,Monroe County,36055
481340,The Salon Professional Academy-Nashville,-2,-2,Nashville,TN,37214-2163,9,3,3,1,-2,11,34980,1,-2,36.170543,-86.667242,Davidson County,47037
481368,Prestige Health & Beauty Sciences Academy,-2,-2,Hallandale Beach,FL,33009,9,3,3,1,-2,21,33100,1,-2,25.985267,-80.135621,Broward County,12011
481386,California Career Institute,-2,-2,Anaheim,CA,92806,6,2,3,1,-2,11,31080,1,-2,33.816691,-117.887923,Orange County,6059
481401,Grace School of Theology,31,-2,Conroe,TX,77384-4894,2,1,2,1,2,12,26420,1,24,30.205731,-95.472493,Montgomery County,48339
481410,Yeshiva Gedolah Kesser Torah,31,-2,Monsey,NY,10952-2127,2,1,2,1,1,21,35620,1,24,41.124819,-74.068553,Rockland County,36087
481429,Universal Training Institute,-2,-2,Perth Amboy,NJ,08861-4106,9,3,3,1,-2,21,35620,1,-2,40.51034,-74.269901,Middlesex County,34023
481438,Yeshiva Yesodei Hatorah,31,-2,Lakewood,NJ,08701-4946,2,1,2,1,1,21,35620,1,24,40.065908,-74.202016,Ocean County,34029
481447,Center for the Healing Arts,-2,-2,Voorhees,NJ,08043-1911,9,3,3,1,-2,21,37980,1,-2,39.851623,-75.0,Camden County,34007
481456,Bonnie Joseph Academy of Cosmetology & Barbering,-2,-2,Heber City,UT,84032-2044,9,3,3,1,-2,32,25720,2,-2,40.508476,-111.412014,Wasatch County,49051
481465,Healthcare Training Institute,-2,-2,Kenner,LA,70062-7630,6,2,3,1,-2,21,35380,1,-2,30.001705,-90.239271,Jefferson Parish,22051
481474,J D Academy of Salon and Spa,-2,-2,Danville,CA,94526,9,3,3,1,-2,21,41860,1,-2,37.818164,-121.995828,Contra Costa County,6013
481483,Boca Beauty Academy,-2,-2,Boca Raton,FL,33434-4178,9,3,3,1,-2,21,33100,1,-2,26.366888,-80.167216,Palm Beach County,12099
481517,SPBK Enterprises Inc,-2,-2,Webb City,MO,64870-2502,9,3,3,1,-2,23,27900,1,-2,37.140007,-94.473433,Jasper County,29097
481526,The Chrysm Institute of Esthetics,-2,-2,Virginia Beach,VA,23452,9,3,3,1,-2,11,47260,1,-2,36.831342,-76.070962,Virginia Beach City,51810
481535,Sanford Burnham Prebys Medical Discovery Institute,25,-2,La Jolla,CA,92037-1005,2,1,2,1,1,11,41740,1,26,32.900056,-117.241748,San Diego County,6073
481571,Belle Academy of Cosmetology LLC,-2,-2,Waterbury,CT,06704-1035,9,3,3,1,-2,41,47930,1,-2,41.59749,-73.055819,Naugatuck Valley Planning Region,9140
481678,Empire Beauty School-Augusta,-2,-2,Augusta,GA,30907-4122,9,3,3,1,-2,12,12260,1,-2,33.516811,-82.066289,Richmond County,13245
481720,South University-High Point,28,-2,High Point,NC,27265-8320,3,1,3,1,1,12,24660,1,26,36.040441,-79.963547,Guilford County,37081
481739,Empire Beauty School-Vernon Hills,-2,-2,Vernon Hills,IL,60061-1519,9,3,3,1,-2,21,16980,1,-2,42.241767,-87.958698,Lake County,17097
481748,Empire Beauty School-Stone Park,-2,-2,Stone Park,IL,60165-1010,9,3,3,1,-2,21,16980,1,-2,41.907282,-87.871263,Cook County,17031
481775,San Joaquin Valley College-Lancaster,21,-2,Lancaster,CA,93534-7018,6,2,3,1,1,21,31080,1,13,34.648563,-118.148431,Los Angeles County,6037
481845,Empire Beauty School-Rochester,-2,-2,Rochester,NY,14626-3461,9,3,3,1,-2,21,40380,1,-2,43.216013,-77.726297,Monroe County,36055
481863,Ross Medical Education Center-Kokomo,-2,-2,Kokomo,IN,46902-3650,9,3,3,1,-2,13,29020,1,-2,40.444807,-86.129996,Howard County,18067
481890,Ross Medical Education Center-Erlanger,-2,-2,Erlanger,KY,41018-1279,9,3,3,1,-2,21,17140,1,-2,39.030899,-84.615734,Kenton County,21117
481906,Ross Medical Education Center-Charleston,-2,-2,Charleston,WV,25304-2816,9,3,3,1,-2,13,16620,1,-2,38.310312,-81.567573,Kanawha County,54039
481960,InterCoast Colleges-Fairfield,-2,-2,Fairfield,CA,94534,9,3,3,1,-2,22,46700,1,-2,38.230786,-122.124609,Solano County,6095
482015,Southern Careers Institute-San Antonio,24,-2,San Antonio,TX,78238-4114,6,2,3,2,2,11,41700,1,-2,29.4585,-98.627397,Bexar County,48029
482060,Milan Institute-Merced,-2,-2,Merced,CA,95340-2626,9,3,3,1,-2,13,32900,1,-2,37.322518,-120.481067,Merced County,6047
482097,Midwest Technical Institute-Missouri,-2,-2,Springfield,MO,65804-4414,9,3,3,1,-2,12,44180,1,-2,37.147663,-93.256356,Greene County,29077
482149,Augusta University,17,-2,Augusta,GA,30912,1,1,1,4,3,12,12260,1,16,33.47037,-81.989071,Richmond County,13245
482158,Middle Georgia State University,14,-2,Macon,GA,31206,1,1,1,3,3,12,31420,1,19,32.808092,-83.732058,Bibb County,13021
482167,Trenz Beauty Academy,-2,-2,Calumet City,IL,60409,9,3,3,1,-2,21,16980,1,-2,41.615676,-87.529507,Cook County,17031
482176,Paul Mitchell the School-Denver,-2,-2,Lakewood,CO,80226,9,3,3,1,-2,21,19740,1,-2,39.70898,-105.077283,Jefferson County,8059
482185,Academy of Interactive Entertainment,-2,-2,Seattle,WA,98109-4623,5,2,2,1,-2,11,42660,1,-2,47.621224,-122.351158,King County,53033
482194,Arrojo Cosmetology School,-2,-2,New York,NY,10014,9,3,3,1,-2,11,35620,1,-2,40.72765,-74.005007,New York County,36061
482200,Cosmetology Academy of Texarkana,-2,-2,Texarkana,TX,75503,9,3,3,1,-2,13,45500,1,-2,33.457096,-94.132583,Bowie County,48037
482228,Veritas Baptist College,31,-2,Lawrenceburg,IN,47025,2,1,2,1,1,31,17140,1,24,39.093747,-84.848698,Dearborn County,18029
482246,Lynnes Welding Training,-2,-2,Fargo,ND,58102,9,3,3,1,-2,12,22020,1,-2,46.879868,-96.823617,Cass County,38017
482255,Aviation Institute of Maintenance-Las Vegas,-2,-2,Las Vegas,NV,89119,6,2,3,1,-2,12,29820,1,-2,36.083117,-115.118122,Clark County,32003
482291,UEI College-Bakersfield,-2,-2,Bakersfield,CA,93308-0000,9,3,3,2,-2,11,12540,1,-2,35.381617,-119.049925,Kern County,6029
482413,DeVry College of New York,24,-2,New York,NY,10016,3,1,3,1,2,11,35620,1,29,40.747747,-73.983492,New York County,36061
482422,DeVry University-Arizona,15,-2,Phoenix,AZ,85021,3,1,3,1,1,11,38060,1,22,33.565758,-112.104601,Maricopa County,4013
482431,DeVry University-California,24,-2,Ontario,CA,91764,3,1,3,2,2,12,40140,1,19,34.068481,-117.5876,San Bernardino County,6071
482459,DeVry University-Florida,24,-2,Orlando,FL,32801,3,1,3,1,2,11,36740,1,29,28.53732,-81.379188,Orange County,12095
482468,DeVry University-Georgia,24,-2,Decatur,GA,30030,3,1,3,1,2,21,12060,1,29,33.775112,-84.297316,DeKalb County,13089
482477,DeVry University-Illinois,19,-2,Lisle,IL,60532,3,1,3,5,4,21,16980,1,18,41.807204,-88.116625,DuPage County,17043
482547,DeVry University-Nevada,24,-2,Henderson,NV,89074,3,1,3,1,1,11,29820,1,29,36.020266,-115.096601,Clark County,32003
482556,DeVry University-New Jersey,15,-2,Iselin,NJ,08830,3,1,3,1,1,21,35620,1,22,40.557503,-74.311372,Middlesex County,34023
482574,DeVry University-Ohio,24,-2,Columbus,OH,43219,3,1,3,1,1,11,18140,1,22,40.046679,-82.906219,Franklin County,39049
482635,DeVry University-Texas,13,-2,Irving,TX,75063,3,1,3,1,1,11,19100,1,29,32.934524,-97.012494,Dallas County,48113
482653,DeVry University-Virginia,24,-2,Arlington,VA,22202,3,1,3,1,1,12,47900,1,29,38.861096,-77.049759,Arlington County,51013
482680,University of North Georgia,9,-2,Dahlonega,GA,30597,1,1,1,4,4,32,12060,1,18,34.530219,-83.985694,Lumpkin County,13187
482699,South Georgia State College,4,-2,Douglas,GA,31533,1,1,1,2,2,33,20060,2,23,31.495903,-82.855231,Coffee County,13069
482705,Northeastern University Professional Programs,29,-2,Boston,MA,02115,2,1,2,3,3,11,14460,1,17,42.339992,-71.088782,Suffolk County,25025
482936,Florida Polytechnic University,30,-2,Lakeland,FL,33805-8531,1,1,1,2,2,41,29460,1,22,28.150149,-81.845995,Polk County,12105
482963,American Institute-Toms River,-2,-2,Toms River,NJ,08755,6,2,3,1,-2,21,35620,1,-2,40.044556,-74.220894,Ocean County,34029
482981,Alamo City Barber College,-2,-2,San Antonio,TX,78250-3227,9,3,3,1,-2,11,41700,1,-2,29.52717,-98.639532,Bexar County,48029
482990,Arizona College-Mesa,29,-2,Mesa,AZ,85201,9,3,3,1,2,11,38060,1,10,33.418374,-111.873428,Maricopa County,4013
483009,American College of Healthcare and Technology,-2,-2,Huntington Park,CA,90255,9,3,3,1,-2,21,31080,1,-2,33.98271,-118.224752,Los Angeles County,6037
483018,Antioch College,22,-2,Yellow Springs,OH,45387,2,1,2,1,1,41,19430,1,21,39.799806,-83.888077,Greene County,39057
483036,Texas A&M University-Central Texas,5,-2,Killeen,TX,76549,1,1,1,2,2,41,28660,1,19,31.053407,-97.775182,Bell County,48027
483045,Central Georgia Technical College,21,-2,Warner Robins,GA,31088,4,2,1,4,3,13,47580,1,8,32.545341,-83.66765,Houston County,13153
483054,Barber School of Pittsburgh,-2,-2,Pittsburgh,PA,15216,9,3,3,1,-2,11,38300,1,-2,40.418425,-80.029439,Allegheny County,42003
483106,Innovate Salon Academy,-2,-2,South Plainfield,NJ,07080,9,3,3,1,-2,21,35620,1,-2,40.550944,-74.426739,Middlesex County,34023
483124,Arizona State University Digital Immersion,6,6,Scottsdale,AZ,85257,1,1,1,5,5,12,38060,1,16,33.463517,-111.924487,Maricopa County,4013
483212,Louisiana Delta Community College,11,-2,Monroe,LA,71203,4,2,1,2,3,13,33740,1,7,32.49637,-92.032664,Ouachita Parish,22073
483221,Learnet Academy Inc,21,-2,Los Angeles,CA,90020,3,1,3,1,1,11,31080,1,13,34.063934,-118.293165,Los Angeles County,6037
483230,The Fab School,-2,-2,Rancho Cucamonga,CA,91730,9,3,3,1,-2,21,40140,1,-2,34.079866,-117.555168,San Bernardino County,6071
483258,Networks Barber College,-2,-2,Calumet City,IL,60409,9,3,3,1,-2,21,16980,1,-2,41.621587,-87.539813,Cook County,17031
483276,JB's Hair Design and Barber College,-2,-2,Oklahoma City,OK,73139,9,3,3,1,-2,11,36420,1,-2,35.405519,-97.52838,Oklahoma County,40109
483328,Paul Mitchell the School-Lombard,-2,-2,Lombard,IL,60148,9,3,3,1,-2,21,16980,1,-2,41.839535,-88.008159,DuPage County,17043
483337,Paul Mitchell the School-Greenville,-2,-2,Greenville,SC,29607,9,3,3,1,-2,22,24860,1,-2,34.824899,-82.288377,Greenville County,45045
483346,Barber and Beauty Academy of Pennsylvania,-2,-2,Harrisburg,PA,17110,9,3,3,1,-2,21,25420,1,-2,40.318324,-76.855569,Dauphin County,42043
483355,Delta College of Arts & Technology-Lafayette Campus,-2,-2,Lafayette,LA,70508,9,3,3,1,-2,12,29180,1,-2,30.158184,-92.041847,Lafayette Parish,22055
483364,Delta College-Slidell Campus,-2,-2,Slidell,LA,70460-2624,9,3,3,1,-2,13,43640,1,-2,30.286052,-89.78043,St. Tammany Parish,22103
483373,Integrity College of Health,28,-2,Pasadena,CA,91104,3,1,3,1,1,12,31080,1,-2,34.171252,-118.131722,Los Angeles County,6037
483382,Electrical and HVAC/R Training Center,-2,-2,Copiague,NY,11726,9,3,3,1,-2,21,35620,1,-2,40.680471,-73.404943,Suffolk County,36103
483425,Alexander Paul Institute of Hair Design,-2,-2,Greenville,NC,27858-3344,9,3,3,1,-2,13,24780,1,-2,35.604962,-77.371696,Pitt County,37147
483470,More Tech Institute,-2,-2,Hialeah,FL,33012,9,3,3,1,-2,21,33100,1,-2,25.8659,-80.30405,Miami-Dade County,12086
483504,Dorsey College-Dearborn,-2,-2,Detroit,MI,48228,6,2,3,1,-2,11,19820,1,-2,42.330658,-83.219356,Wayne County,26163
483513,Neecee's Barber College,-2,-2,Abilene,TX,79602,9,3,3,1,-2,12,10180,1,-2,32.400984,-99.745008,Taylor County,48441
483559,Bella Cosmetology and Barber College,-2,-2,Greenville,TX,75402,9,3,3,1,-2,32,19100,1,-2,33.119725,-96.107802,Hunt County,48231
483577,Franklin Hair Academy School of Cosmetology,-2,-2,Franklin,TN,37064-2126,9,3,3,1,-2,13,34980,1,-2,35.932691,-86.880233,Williamson County,47187
483595,Ana G. Mendez University,19,-2,Orlando,FL,32822,2,1,2,3,3,11,36740,1,32,28.482195,-81.30843,Orange County,12095
483647,Ohio Institute of Allied Health,28,-2,Huber Heights,OH,45424-3646,5,2,2,1,1,21,19430,1,-2,39.84549,-84.14076,Montgomery County,39113
483708,Access Careers,-2,-2,Hempstead,NY,11550-0000,9,3,3,1,-2,21,35620,1,-2,40.709502,-73.61531,Nassau County,36059
483726,Luckes Beauty Academy LLC,-2,-2,Newport  News,VA,23601-1303,9,3,3,1,-2,12,47260,1,-2,37.08367,-76.457022,Newport News City,51700
483735,Total Transformation Institute of Cosmetology,-2,-2,San Marcos,TX,78666-8115,9,3,3,1,-2,13,12420,1,-2,29.882696,-97.920002,Hays County,48209
483744,Vibe Barber College,-2,-2,Memphis,TN,38107-2538,9,3,3,1,-2,11,32820,1,-2,35.165189,-90.036149,Shelby County,47157
483753,Champ's Barber School,-2,-2,Lancaster,PA,17602-3809,9,3,3,1,-2,13,29540,1,-2,40.037616,-76.307594,Lancaster County,42071
483780,Washington University of Science and Technology,30,-2,Alexandria,VA,22314-5202,3,1,3,2,2,12,47900,1,19,38.801865,-77.082968,Alexandria City,51510
483799,East-West Healing Arts Institute,-2,-2,Madison,WI,53719-1133,9,3,3,1,-2,11,31540,1,-2,43.056,-89.491041,Dane County,55025
483814,Standard Healthcare Services-College of Nursing,28,-2,Falls Church,VA,22043,6,2,3,1,2,21,47900,1,10,38.907703,-77.207364,Fairfax County,51059
483823,Philadelphia Technician Training,-2,-2,Philadelphia,PA,19138-1324,8,3,2,1,-2,11,37980,1,-2,40.068722,-75.157038,Philadelphia County,42101
483841,Grace International Beauty School,-2,-2,Flushing,NY,11355-2446,9,3,3,1,-2,11,35620,1,-2,40.75904,-73.828461,Queens County,36081
483850,Alliance Computing Solutions,-2,-2,Flushing,NY,11354-6507,9,3,3,1,-2,11,35620,1,-2,40.76156,-73.831481,Queens County,36081
483869,InterAmerican Technical Institute,-2,-2,Miami,FL,33174-2950,9,3,3,1,-2,21,33100,1,-2,25.760656,-80.350943,Miami-Dade County,12086
483878,Bay Area Medical Academy,-2,-2,San Francisco,CA,94108-3623,9,3,3,1,-2,11,41860,1,-2,37.790775,-122.406318,San Francisco County,6075
483887,Mind Body Institute,-2,-2,Madison,TN,37115-2120,9,3,3,1,-2,11,34980,1,-2,36.29177,-86.706249,Davidson County,47037
483896,Parisian Spa Institute,-2,-2,Jacksonville,FL,32204-4127,9,3,3,1,-2,11,27260,1,-2,30.31314,-81.677501,Duval County,12031
483911,Creative Touch Cosmetology School,-2,-2,Waterloo,IL,62298-1609,9,3,3,1,-2,31,41180,1,-2,38.335231,-90.146194,Monroe County,17133
483920,LaBarberia Institute of Hair,-2,-2,Mayfield Hts,OH,44124,6,2,3,1,-2,21,17410,1,-2,41.5161,-81.450649,Cuyahoga County,39035
483948,Bos-Man's Barber College,-2,-2,Shreveport,LA,71108,9,3,3,1,-2,12,43340,1,-2,32.442955,-93.782849,Caddo Parish,22017
483957,Lawrence & Company College of Cosmetology,-2,-2,Selma,CA,93662-3509,9,3,3,1,-2,31,23420,1,-2,36.570318,-119.611752,Fresno County,6019
483975,Alabama College of Osteopathic Medicine,27,-2,Dothan,AL,36303-2251,2,1,2,1,2,13,20020,1,25,31.206294,-85.340805,Houston County,1069
484002,High Desert Medical College,21,-2,Lancaster,CA,93534,6,2,3,2,2,21,31080,1,10,34.67613,-118.144328,Los Angeles County,6037
484011,Paul Mitchell the School-Schenectady,-2,-2,Schenectady,NY,12305-2303,9,3,3,1,-2,13,10580,1,-2,42.813241,-73.941968,Schenectady County,36093
484020,Beyond Measure Barbering Institute,-2,-2,Mebane,NC,27302-2323,9,3,3,1,-2,22,15500,1,-2,36.098405,-79.276539,Alamance County,37001
484048,Barber Institute of Texas,-2,-2,Longview,TX,75602-3456,9,3,3,1,-2,13,30980,1,-2,32.46297,-94.732635,Gregg County,48183
484057,Jupiter Beauty Academy,-2,-2,Boston,MA,02122-2834,9,3,3,1,-2,11,14460,1,-2,42.305343,-71.057468,Suffolk County,25025
484066,MedQuest College,21,-2,Louisville,KY,40223-1882,6,2,3,1,2,21,31140,1,10,38.224517,-85.560651,Jefferson County,21111
484075,First Coast Barber Academy,-2,-2,Jacksonville,FL,32202,9,3,3,1,-2,11,27260,1,-2,30.33211,-81.660201,Duval County,12031
484084,Debutantes School of Cosmetology and Nail Technology,-2,-2,Dekalb,IL,60115-3301,9,3,3,1,-2,23,16980,1,-2,41.93057,-88.751471,DeKalb County,17037
484093,Paul Mitchell the School-Farmington Hills,-2,-2,Farmington Hills,MI,48334-1300,9,3,3,1,-2,13,19820,1,-2,42.498205,-83.357682,Oakland County,26125
484109,Paul Mitchell the School-Merrillville,-2,-2,Merrillville,IN,46410-5540,9,3,3,1,-2,21,16980,1,-2,41.47368,-87.336518,Lake County,18089
484127,TIGI Hairdressing Academy Newtown,-2,-2,Newtown,CT,06470-0000,9,3,3,1,-2,22,14860,1,-2,41.392938,-73.290525,Western Connecticut Planning Region,9190
484136,Yahweh Beauty Academy,-2,-2,Killeen,TX,76543-4153,9,3,3,1,-2,12,28660,1,-2,31.112893,-97.700269,Bell County,48027
484163,Arizona School of Integrative Studies,-2,-2,Mesa,AZ,85201,9,3,3,1,-2,11,38060,1,-2,33.41482,-111.837249,Maricopa County,4013
484172,Lee Professional Institute,-2,-2,Fort Myers,FL,33916-9320,9,3,3,1,-2,13,15980,1,-2,26.60411,-81.851331,Lee County,12071
484190,Park Place Premier Barber School,-2,-2,New Orleans,LA,70122-3808,9,3,3,1,-2,11,35380,1,-2,29.997288,-90.061019,Orleans Parish,22071
484206,The Salon Professional Academy-San Jose,-2,-2,San Jose,CA,95129-5101,9,3,3,1,-2,11,41940,1,-2,37.292025,-121.989475,Santa Clara County,6085
484233,Tri-Community Adult Education,-2,-2,Covina,CA,91722-3925,4,2,1,1,-2,21,31080,1,-2,34.104391,-117.887096,Los Angeles County,6037
484330,Ross Medical Education Center-Owensboro,-2,-2,Owensboro,KY,42303-7757,9,3,3,1,-2,13,36980,1,-2,37.72084,-87.119243,Daviess County,21059
484349,Ross Medical Education Center-Evansville,-2,-2,Evansville,IN,47715-2405,9,3,3,1,-2,12,21780,1,-2,37.978574,-87.490569,Vanderburgh County,18163
484358,Ross Medical Education Center-Johnson City,-2,-2,Johnson City,TN,37601-1526,9,3,3,1,-2,13,27740,1,-2,36.35971,-82.383171,Washington County,47179
484367,North-West College-Anaheim,-2,-2,Anaheim,CA,92801,6,2,3,1,-2,11,31080,1,-2,33.839313,-117.959766,Orange County,6059
484376,North-West College-Long Beach,-2,-2,Long Beach,CA,90815-1770,6,2,3,1,-2,11,31080,1,-2,33.801894,-118.14854,Los Angeles County,6037
484394,Taylor Andrews Academy of Hair Design-Provo,-2,-2,Provo,UT,84604,9,3,3,1,-2,12,39340,1,-2,40.261578,-111.669298,Utah County,49049
484473,University of Florida-Online,14,-2,Gainesville,FL,32611,1,1,1,3,3,12,23540,1,22,29.649413,-82.339848,Alachua County,12001
484604,Ogle School Hair Skin Nails-Stafford,-2,-2,Stafford,TX,77477,9,3,3,1,-2,21,26420,1,-2,29.63502,-95.588371,Fort Bend County,48157
484613,University of Phoenix-Arizona,24,-2,Phoenix,AZ,85040,3,1,3,5,5,11,38060,1,17,33.41128,-112.012761,Maricopa County,4013
484631,University of Phoenix-California,24,-2,Ontario,CA,91761,3,1,3,1,2,12,40140,1,18,34.065748,-117.58377,San Bernardino County,6071
484710,University of Phoenix-Nevada,24,-2,Las Vegas,NV,89135,3,1,3,-2,1,21,29820,1,22,36.12164,-115.322506,Clark County,32003
484756,University of Phoenix-Texas,24,-2,Dallas,TX,75251-2004,3,1,3,1,1,11,19100,1,29,32.917551,-96.768673,Dallas County,48113
484844,Minerva University,5,-2,San Francisco,CA,94103,2,1,2,1,2,11,41860,1,-2,37.782711,-122.408039,San Francisco County,6075
484862,University of West Los Angeles,26,-2,Inglewood,CA,90301,3,1,3,1,1,21,31080,1,31,33.947341,-118.36957,Los Angeles County,6037
484871,Rabbinical College Ohr Yisroel,31,-2,Brooklyn,NY,11236,2,1,2,1,1,11,35620,1,24,40.629707,-73.896524,Kings County,36047
484899,Aveda Institute-Phoenix,-2,-2,Tempe,AZ,85284,9,3,3,1,-2,12,38060,1,-2,33.338893,-111.968721,Maricopa County,4013
484905,University of North Texas at Dallas,7,-2,Dallas,TX,75241,1,1,1,2,3,11,19100,1,18,32.659588,-96.803446,Dallas County,48113
484923,Dermal Science International Aesthetics and Nail Academy,-2,-2,Reston,VA,20190,9,3,3,1,-2,13,47900,1,-2,38.952045,-77.337967,Fairfax County,51059
484932,BridgeValley Community & Technical College,21,-2,South  Charleston,WV,25136,4,2,1,2,2,22,16620,1,7,38.353846,-81.6983,Kanawha County,54039
484950,Northwest College-Medford,-2,-2,Medford,OR,97504-9998,6,2,3,1,-2,13,32780,1,-2,42.369051,-122.852524,Jackson County,41029
484996,Houston Training Schools-Gessner,-2,-2,Houston,TX,77063-0000,9,3,3,1,-2,11,26420,1,-2,29.72401,-95.540324,Harris County,48201
485014,Empire Beauty School-Buffalo,-2,-2,Cheektowaga,NY,14225-5177,9,3,3,1,-2,13,15380,1,-2,42.908206,-78.755118,Erie County,36029
485032,Paul Mitchell the School-Toledo,-2,-2,Sylvania,OH,43560-2539,9,3,3,1,-2,21,45780,1,-2,41.706636,-83.668124,Lucas County,39095
485111,Georgia Military College,11,-2,Milledgeville,GA,31061,1,1,1,3,3,32,33300,2,14,33.07944,-83.224211,Baldwin County,13009
485166,Beau Monde Academy of Barbering and Cosmetology,-2,-2,Portland,OR,97232-1315,9,3,3,1,-2,11,38900,1,-2,45.531839,-122.65456,Multnomah County,41051
485236,Fountain of Youth Academy of Cosmetology,-2,-2,Pittsburgh,PA,15217,9,3,3,1,-2,11,38300,1,-2,40.437815,-79.921895,Allegheny County,42003
485272,West Coast University-Miami,28,-2,Doral,FL,33178-2775,3,1,3,1,2,13,33100,1,26,25.81071,-80.347651,Miami-Dade County,12086
485342,Aparicio-Levy Technical College,-2,-2,Tampa,FL,33610,7,3,1,1,-2,21,45300,1,-2,27.990625,-82.332285,Hillsborough County,12057
485360,The Vocational Nursing Institute Inc,-2,-2,Houston,TX,77070,8,3,2,1,-2,11,26420,1,-2,29.903883,-95.587085,Harris County,48201
485379,Hollywood Institute of Beauty Careers-West Palm Beach,-2,-2,West Palm Beach,FL,33405-4813,9,3,3,1,-2,12,33100,1,-2,26.649613,-80.057435,Palm Beach County,12099
485388,Hollywood Institute of Beauty Careers-Casselberry,-2,-2,Casselberry,FL,32707-7103,9,3,3,1,-2,21,36740,1,-2,28.633003,-81.321511,Seminole County,12117
485397,Empire Beauty School-Cheltenham,-2,-2,Wyncote,PA,19095,9,3,3,1,-2,21,37980,1,-2,40.082265,-75.16864,Montgomery County,42091
485403,High Tech High Graduate School of Education,25,-2,San Diego,CA,92106,2,1,2,1,1,11,41740,1,32,32.732001,-117.217661,San Diego County,6073
485412,Coachella Valley Beauty College-Hemet,-2,-2,Hemet,CA,92545,9,3,3,1,-2,22,40140,1,-2,33.745675,-117.010783,Riverside County,6065
485458,Coastal Pines Technical College,11,-2,Waycross,GA,31503,4,2,1,2,3,33,48180,2,9,31.212781,-82.3821,Ware County,13299
485467,Carrington College-Administrative Office,-2,-2,Sacramento,CA,95826,0,1,3,-2,-2,21,40900,1,-2,38.556104,-121.371383,Sacramento County,6067
485476,Studio Beauty School,-2,-2,Spokane Valley,WA,99206,9,3,3,1,-2,12,44060,1,-2,47.657655,-117.270239,Spokane County,53063
485485,Latin Beauty Academy,-2,-2,greenacres,FL,33415-6104,9,3,3,1,-2,21,33100,1,-2,26.64951,-80.143681,Palm Beach County,12099
485494,Associated Barber College of San Diego,-2,-2,San Diego,CA,92101-4210,9,3,3,1,-2,11,41740,1,-2,32.719318,-117.159908,San Diego County,6073
485500,ABCO Technology,-2,-2,Los Angeles,CA,90043-1551,6,2,3,1,-2,11,31080,1,-2,33.988685,-118.350978,Los Angeles County,6037
485519,Lionel University,21,-2,Carpinteria,CA,93013-2912,3,1,3,1,2,22,42200,1,13,34.38768,-119.486417,Santa Barbara County,6083
485546,California Intercontinental University,24,-2,Sioux Falls,SD,57103,3,1,3,1,2,12,43620,1,17,43.547576,-96.723619,Minnehaha County,46099
485564,Infinity College,29,-2,Lafayette,LA,70501-8833,6,2,3,1,1,12,29180,1,-2,30.250488,-91.999354,Lafayette Parish,22055
485573,Universal Healthcare Careers College,-2,-2,Los Angeles,CA,90015-3811,9,3,3,1,-2,11,31080,1,-2,34.0499,-118.274771,Los Angeles County,6037
485591,New Beginnings Beauty Academy,-2,-2,Pine Bluff,AR,71603,9,3,3,1,-2,32,38220,2,-2,34.203735,-92.019193,Jefferson County,5069
485607,Dolce The Academy,-2,-2,Waterbury,CT,06705,9,3,3,1,-2,12,47930,1,-2,41.540983,-72.991263,Naugatuck Valley Planning Region,9140
485698,American College of the Building Arts,15,-2,Charleston,SC,29403-4223,2,1,2,1,1,12,16700,1,32,32.805094,-79.946888,Charleston County,45019
485704,River Valley School of Massage,-2,-2,Russellville,AR,72802,9,3,3,-1,-2,33,40780,2,-2,35.28311,-93.110811,Pope County,5115
485768,Atlantis University,29,-2,Miami,FL,33136,3,1,3,1,2,11,33100,1,19,25.786495,-80.211287,Miami-Dade County,12086
485801,Westchester School for Medical & Dental Assistants,-2,-2,Ardsley,NY,10502,9,3,3,1,-2,21,35620,1,-2,41.023908,-73.842769,Westchester County,36119
485856,Studio Incamminati,-2,-2,Philadelphia,PA,19148-2384,5,2,2,1,-2,11,37980,1,-2,39.925181,-75.160105,Philadelphia County,42101
485874,Salon Boutique Academy,-2,-2,Addison,TX,75001-4399,9,3,3,1,-2,21,19100,1,-2,32.954908,-96.841676,Dallas County,48113
485926,GA Beauty & Barber School,-2,-2,McAllen,TX,78501-3309,9,3,3,1,-2,12,32580,1,-2,26.237585,-98.257166,Hidalgo County,48215
485953,The Recording Conservatory of Austin,21,-2,Austin,TX,78730-3004,6,2,3,1,1,41,12420,1,-2,30.360236,-97.831161,Travis County,48453
485962,VH Barber & Styling Academy,-2,-2,Bossier City,LA,71111-4409,9,3,3,1,-2,13,43340,1,-2,32.517057,-93.717542,Bossier Parish,22015
485999,Bet Medrash Gadol Ateret Torah,31,-2,Brooklyn,NY,11223-1933,2,1,2,1,1,11,35620,1,24,40.607809,-73.969945,Kings County,36047
486017,Yeshiva Ohr Yisrael,31,-2,Brooklyn,NY,11229-1817,2,1,2,1,1,11,35620,1,24,40.61359,-73.944041,Kings County,36047
486026,Yeshiva Sholom Shachna,31,-2,Brooklyn,NY,11230,2,1,2,1,1,11,35620,1,24,40.6275,-73.973431,Kings County,36047
486053,Bethlehem College & Seminary,31,-2,Minneapolis,MN,55415-1793,2,1,2,1,1,11,33460,1,24,44.968872,-93.255399,Hennepin County,27053
486080,Elmezzi Graduate School of Molecular Medicine,30,-2,Manhasset,NY,11030-3816,2,1,2,1,1,21,35620,1,26,40.775582,-73.702257,Nassau County,36059
486123,Theatre of Arts,23,-2,Hollywood,CA,90028,6,2,3,1,1,11,31080,1,12,34.101265,-118.337582,Los Angeles County,6037
486141,Westchester College of Nursing & Allied Health,-2,-2,Los Angeles,CA,90045-3647,9,3,3,1,-2,11,31080,1,-2,33.95487,-118.396511,Los Angeles County,6037
486150,Treasure Coast Technical College,-2,-2,Vero Beach,FL,32967-3527,7,3,1,1,-2,22,42680,1,-2,27.678049,-80.413849,Indian River County,12061
486169,American College of Barbering,-2,-2,Louisville,KY,40229-2862,9,3,3,1,-2,11,31140,1,-2,38.084678,-85.670147,Jefferson County,21111
486196,Beth Medrash Meor Yitzchok,31,-2,Monsey,NY,10952-4023,2,1,2,1,1,21,35620,1,24,41.100906,-74.060843,Rockland County,36087
486202,Mingo Extended Learning Center,-2,-2,Delbarton,WV,25670,7,3,1,1,-2,43,-2,-2,-2,37.677016,-82.176972,Mingo County,54059
486239,San Ignacio University,24,-2,Doral,FL,33178-2350,3,1,3,1,1,13,33100,1,29,25.81067,-80.367975,Miami-Dade County,12086
486248,ZMS The Academy,-2,-2,Los Angeles,CA,90033-4231,9,3,3,1,-2,11,31080,1,-2,34.047305,-118.209424,Los Angeles County,6037
486257,Valor Christian College,31,-2,Canal Winchester,OH,43110,2,1,2,1,1,11,18140,1,13,39.891571,-82.829696,Franklin County,39049
486284,Bethany Global University,31,-2,Bloomington,MN,55438-2849,2,1,2,1,1,13,33460,1,24,44.795501,-93.371754,Hennepin County,27053
486345,HVAC Technical Institute,-2,-2,Chicago,IL,60632-4457,9,3,3,1,-2,11,16980,1,-2,41.809897,-87.733452,Cook County,17031
486354,United International College,24,-2,Dania Beach,FL,33004,3,1,3,1,1,21,33100,1,29,26.047675,-80.143309,Broward County,12011
486372,San Francisco Film School,23,-2,San Francisco,CA,94104-2835,6,2,3,1,1,11,41860,1,12,37.791643,-122.401124,San Francisco County,6075
486381,Center for Ultrasound Research & Education,-2,-2,White Plains,NY,10604,6,2,3,1,-2,13,35620,1,-2,41.028851,-73.746486,Westchester County,36119
486390,Culinary Tech Center,-2,-2,White Plains,NY,10601,9,3,3,-1,-2,13,35620,1,-2,41.027933,-73.770954,Westchester County,36119
486406,Randolph Technical Center,-2,-2,Elkins,WV,26241-9527,7,3,1,1,-2,33,21180,2,-2,38.890857,-79.852118,Randolph County,54083
486415,AMG School of Nursing,28,-2,Brooklyn,NY,11201-1728,6,2,3,1,1,11,35620,1,-2,40.701286,-73.985092,Kings County,36047
486424,Saint Michael College of Allied Health,28,-2,Washington,DC,20002,6,2,3,1,1,11,47900,1,10,38.904414,-76.980916,District of Columbia,11001
486433,Presidio Graduate School,25,-2,San Anselmo,CA,94960,2,1,2,1,1,21,41860,1,29,37.969625,-122.565018,Marin County,6041
486442,Sandra Academy of Salon Services,-2,-2,New Tazewell,TN,37825-7239,9,3,3,1,-2,32,-2,-2,-2,36.444823,-83.586525,Claiborne County,47025
486488,California Jazz Conservatory,23,-2,Berkeley,CA,94704-1268,2,1,2,1,1,12,41860,1,30,37.871235,-122.268878,Alameda County,6001
486497,California Barber and Beauty College,-2,-2,San Diego,CA,92115-4730,9,3,3,1,-2,11,41740,1,-2,32.757282,-117.0814,San Diego County,6073
486503,Laredo CHI Academy Beauty School,-2,-2,Laredo,TX,78041-6540,9,3,3,1,-2,11,29700,1,-2,27.575732,-99.467036,Webb County,48479
486512,Florida International Training Institute,-2,-2,Miami,FL,33122-1707,9,3,3,1,-2,21,33100,1,-2,25.797851,-80.314681,Miami-Dade County,12086
486530,Gould's Academy,-2,-2,Memphis,TN,38119-5317,9,3,3,1,-2,11,32820,1,-2,35.098298,-89.860578,Shelby County,47157
486558,Aviation Institute of Maintenance-Fremont,-2,-2,Fremont,CA,94539,6,2,3,1,-2,12,41860,1,-2,37.468594,-121.92135,Alameda County,6001
486567,Paul Mitchell the School-Tulsa,-2,-2,Tulsa,OK,74134-1410,9,3,3,1,-2,11,46140,1,-2,36.132259,-95.82023,Tulsa County,40143
486576,PPG Technical College,-2,-2,Caguas,PR,00726-3164,9,3,3,1,-2,13,41980,1,-2,18.247316,-66.037771,Caguas Municipio,72025
486619,Academy of Professional Cosmetology,-2,-2,Rogers,AR,72756-2028,9,3,3,1,-2,13,22220,1,-2,36.35541,-94.157411,Benton County,5007
486691,Empire Beauty School-Northlake,-2,-2,Atlanta,GA,30345-3762,9,3,3,1,-2,21,12060,1,-2,33.847741,-84.256996,DeKalb County,13089
486707,Ross Medical Education Center-Huntsville,-2,-2,Huntsville,AL,35806-2509,9,3,3,1,-2,12,26620,1,-2,34.736871,-86.661349,Madison County,1089
486716,Ross Medical Education Center-Knoxville,-2,-2,Knoxville,TN,37922-2367,9,3,3,1,-2,12,28940,1,-2,35.912854,-84.096882,Knox County,47093
486752,Ross Medical Education Center-Muncie,-2,-2,Muncie,IN,47303-6413,9,3,3,1,-2,13,34620,1,-2,40.23238,-85.390811,Delaware County,18035
486770,Cortiva Institute-Arlington,-2,-2,Arlington,TX,76017-5818,9,3,3,1,-2,11,19100,1,-2,32.6769,-97.119031,Tarrant County,48439
486798,Tulsa Welding School-Houston,-2,-2,Houston,TX,77060-2100,9,3,3,2,-2,11,26420,1,-2,29.950897,-95.413192,Harris County,48201
486813,Pima Medical Institute-El Paso,21,-2,El Paso,TX,79915-1525,6,2,3,1,2,11,21340,1,10,31.773629,-106.383883,El Paso County,48141
486822,Pima Medical Institute-Phoenix,21,-2,Phoenix,AZ,85029-4929,6,2,3,1,2,11,38060,1,8,33.608723,-112.118075,Maricopa County,4013
486840,Kennesaw State University,9,-2,Kennesaw,GA,30144,1,1,1,5,5,21,12060,1,16,34.038807,-84.583052,Cobb County,13067
486859,Entourage Institute of Beauty and Esthetics,-2,-2,Lincoln,NE,68516-2306,6,2,3,1,-2,11,30700,1,-2,40.756017,-96.641266,Lancaster County,31109
486877,Eastern Suffolk BOCES,-2,-2,Riverhead,NY,11901-2763,7,3,1,1,-2,23,35620,1,-2,40.927928,-72.671895,Suffolk County,36103
486886,Eastern Suffolk BOCES,-2,-2,Oakdale,NY,11769-1650,7,3,1,1,-2,21,35620,1,-2,40.745531,-73.109752,Suffolk County,36103
486901,Milligan University,20,-2,Milligan,TN,37682,2,1,2,2,2,22,27740,1,19,36.300147,-82.29407,Carter County,47019
486938,Chamberlain University-Nevada,28,-2,Las Vegas,NV,89144,3,1,3,1,2,11,29820,1,26,36.185176,-115.313525,Clark County,32003
486947,Chamberlain University-Michigan,28,-2,Troy,MI,48084,3,1,3,1,2,13,19820,1,26,42.557063,-83.150571,Oakland County,26125
486956,Chamberlain University-New Jersey,28,-2,North Brunswick,NJ,08902,3,1,3,2,2,21,35620,1,26,40.465934,-74.438877,Middlesex County,34023
486983,Paul Mitchell the School-Madison,-2,-2,Madison,WI,53717,9,3,3,1,-2,11,31540,1,-2,43.064984,-89.503169,Dane County,55025
487010,The University of Tennessee Health Science Center,27,-2,Memphis,TN,38163,1,1,1,2,2,11,32820,1,27,35.138847,-90.033196,Shelby County,47157
487047,Unitech Training Academy-New Orleans,-2,-2,New Orleans,LA,70123-0000,9,3,3,1,-2,21,35380,1,-2,29.948535,-90.183521,Jefferson Parish,22051
487065,Wade Gordon Hairdressing Academy-Lubbock,-2,-2,Lubbock,TX,79423-2125,9,3,3,1,-2,11,31180,1,-2,33.524818,-101.869638,Lubbock County,48303
487083,Protege Academy,-2,-2,Mt. Pleasant,MI,48858-2058,9,3,3,1,-2,32,34380,2,-2,43.61137,-84.751095,Isabella County,26073
487092,Emory University-Oxford College,3,-2,Oxford,GA,30054,5,2,2,1,2,21,12060,1,1,33.6191,-83.871141,Newton County,13217
487153,The Chicago School at Xavier University of Louisiana,25,-2,New Orleans,LA,70125-1056,2,1,2,1,1,11,35380,1,-2,29.964162,-90.107307,Orleans Parish,22071
487162,Southern Regional Technical College,11,-2,Thomasville,GA,31792,4,2,1,3,3,32,45620,2,8,30.863799,-83.9514,Thomas County,13275
487232,Texas College of Cosmetology-Lubbock,-2,-2,Lubbock,TX,79414-2532,9,3,3,1,-2,11,31180,1,-2,33.561435,-101.924031,Lubbock County,48303
487302,Fortis College-Cuyahoga Falls,28,-2,Cuyahoga Falls,OH,44221,6,2,3,1,2,21,10420,1,10,41.143856,-81.470433,Summit County,39153
487311,Jones Technical Institute,21,-2,Jacksonville,FL,32256-0367,5,2,2,1,2,11,27260,1,9,30.20813,-81.561491,Duval County,12031
487320,Texas State Technical College,21,-2,Waco,TX,76705,4,2,1,4,3,12,47380,1,7,31.639295,-97.08471,McLennan County,48309
487348,Aveda Institute Portland-Vancouver Campus,-2,-2,Vancouver,WA,98661-7264,9,3,3,1,-2,12,38900,1,-2,45.643767,-122.603849,Clark County,53011
487375,Arizona College of Nursing-Las Vegas,28,-2,Las Vegas,NV,89113,3,1,3,2,2,21,29820,1,26,36.067353,-115.274149,Clark County,32003
487384,Florida Career College-Pembroke Pines,-2,-2,Pembroke Pines,FL,33024-6916,9,3,3,-1,-2,21,33100,1,10,26.010968,-80.246116,Broward County,12011
487393,Florida Career College-West Palm Beach,-2,-2,West Palm Beach,FL,33417-4326,6,2,3,-1,-2,21,33100,1,-2,26.705217,-80.136749,Palm Beach County,12099
487409,Florida Career College-Hialeah,29,-2,Hialeah,FL,33012-7028,6,2,3,-1,2,21,33100,1,10,25.855552,-80.319292,Miami-Dade County,12086
487418,Florida Career College-Lauderdale Lakes,29,-2,Lauderdale Lakes,FL,33319-5617,6,2,3,-1,2,21,33100,1,10,26.16574,-80.205267,Broward County,12011
487436,Florida Career College-Jacksonville,-2,-2,Jacksonville,FL,32244-6663,9,3,3,-1,-2,11,27260,1,-2,30.19576,-81.751361,Duval County,12031
487445,Florida Career College-Boynton Beach,29,-2,Boynton Beach,FL,33426-8205,6,2,3,-1,2,21,33100,1,10,26.54289,-80.092161,Palm Beach County,12099
487454,Florida Career College-Margate,29,-2,Margate,FL,33063-7011,6,2,3,-1,2,21,33100,1,-2,26.270878,-80.203455,Broward County,12011
487472,Florida Career College-Orlando,-2,-2,Orlando,FL,32807-3528,9,3,3,-1,-2,21,36740,1,-2,28.56052,-81.309471,Orange County,12095
487481,UEI College-Phoenix,-2,-2,Phoenix,AZ,85021-2718,9,3,3,2,-2,11,38060,1,-2,33.57026,-112.116121,Maricopa County,4013
487490,Florida Career College-Houston,29,-2,Houston,TX,77090-1111,6,2,3,-1,2,11,26420,1,10,30.022309,-95.431325,Harris County,48201
487506,Aveda Institute-Madison,-2,-2,Madison,WI,53715-0000,9,3,3,1,-2,11,31540,1,-2,43.072676,-89.398711,Dane County,55025
487524,Husson University,18,-2,Bangor,ME,04401-2929,2,1,2,2,2,13,12620,1,17,44.829002,-68.791476,Penobscot County,23019
487533,Tricoci University of Beauty Culture-Elgin,-2,-2,Elgin,IL,60123-9412,9,3,3,1,-2,12,16980,1,-2,42.026819,-88.341498,Kane County,17089
487588,Concorde Career College-Southaven,21,-2,Southaven,MS,38671,6,2,3,1,2,21,32820,1,-2,34.976181,-89.988876,DeSoto County,28033
487597,Universal Technical Institute-Southern California,21,-2,Long Beach,CA,90808-1789,6,2,3,2,2,11,31080,1,11,33.826017,-118.145393,Los Angeles County,6037
487603,Northwest University-Center for Online and Extended Education,20,-2,Kirkland,WA,98033,2,1,2,2,2,21,42660,1,22,47.657502,-122.195774,King County,53033
487621,Celebrity Barber School,-2,-2,Monroe,LA,71201-5133,9,3,3,1,-2,13,33740,1,-2,32.521718,-92.083641,Ouachita Parish,22073
487649,California Institute of Advanced Management,24,-2,Alhambra,CA,91803,2,1,2,1,1,21,31080,1,29,34.082467,-118.15055,Los Angeles County,6037
487658,Academy of Interactive Entertainment,23,-2,Lafayette,LA,70506-4293,5,2,2,1,1,12,29180,1,-2,30.220037,-92.043315,Lafayette Parish,22055
487676,The Temple Annapolis-A Paul Mitchell Partner School,-2,-2,Annapolis,MD,21401-3833,9,3,3,1,-2,21,12580,1,-2,38.980115,-76.543104,Anne Arundel County,24003
487746,Yeshiva Zichron Aryeh,31,-2,Far Rockaway,NY,11691-0000,2,1,2,1,1,11,35620,1,24,40.606105,-73.764423,Queens County,36081
487773,Butte County Regional Occupational Program,-2,-2,Chico,CA,95928-7191,7,3,1,1,-2,12,17020,1,-2,39.715283,-121.804024,Butte County,6007
487791,Arclabs,-2,-2,Piedmont,SC,29673,9,3,3,1,-2,21,24860,1,-2,34.77072,-82.461311,Anderson County,45007
487807,Top of the Line Barber College,-2,-2,Charleston,SC,29403-2228,9,3,3,1,-2,12,16700,1,-2,32.795805,-79.937096,Charleston County,45019
487816,Midfield Institute of Cosmetology,-2,-2,Midfield,AL,35228-2233,8,3,2,1,-2,21,13820,1,-2,33.463987,-86.908933,Jefferson County,1073
487852,American Institute of Alternative Medicine,-2,-2,East Brunswick,NJ,08816,9,3,3,1,-2,21,35620,1,-2,40.433916,-74.386999,Middlesex County,34023
487861,Felbry College,28,-2,Columbus,OH,43231-2256,3,1,3,1,1,11,18140,1,10,40.09578,-82.951066,Franklin County,39049
487889,Regional Center for Border Health,-2,-2,Somerton,AZ,85350,8,3,2,1,-2,31,49740,1,-2,32.596919,-114.711558,Yuma County,4027
487904,Kentucky Horseshoeing School,-2,-2,Richmond,KY,40475-1810,9,3,3,1,-2,32,40080,2,-2,37.875066,-84.340899,Madison County,21151
487922,Image Maker Beauty Institute,-2,-2,Hendersonville,TN,37075-4488,9,3,3,1,-2,21,34980,1,-2,36.304927,-86.601706,Sumner County,47165
487959,Dalton Institute of Esthetics and Cosmetology,-2,-2,Dalton,GA,30720,9,3,3,1,-2,13,19140,1,-2,34.762636,-84.970455,Whitfield County,13313
487968,CAAN Academy of Nursing,28,-2,Matteson,IL,60443-3821,5,2,2,1,1,21,16980,1,-2,41.505272,-87.731726,Cook County,17031
487977,Martinsburg College,29,-2,Martinsburg,WV,25404-6204,3,1,3,2,2,22,25180,1,10,39.487035,-77.959662,Berkeley County,54003
487995,Alhambra Medical University,29,-2,Alhambra,CA,91803,3,1,3,1,1,21,31080,1,26,34.080181,-118.148684,Los Angeles County,6037
488004,Central Yeshiva Beth Joseph,31,-2,Brooklyn,NY,11230-6043,2,1,2,1,1,11,35620,1,24,40.615411,-73.959386,Kings County,36047
488013,Garden State Science and Technology Institute,-2,-2,Jersey City,NJ,07306-2714,9,3,3,1,-2,11,35620,1,-2,40.734746,-74.059669,Hudson County,34017
488022,Barber Tech Academy,-2,-2,Orangeburg,SC,29115-6069,9,3,3,1,-2,32,36700,2,-2,33.492394,-80.856946,Orangeburg County,45075
488031,Abraham Lincoln University,26,-2,Glendale,CA,91210,3,1,3,1,1,12,31080,1,31,34.146294,-118.256726,Los Angeles County,6037
488059,Med College,21,-2,Hialeah,FL,33018-4937,6,2,3,1,1,21,33100,1,10,25.89821,-80.35256,Miami-Dade County,12086
488077,Sonoran Desert Institute,21,-2,Tempe,AZ,85281,6,2,3,3,3,12,38060,1,11,33.420286,-111.964106,Maricopa County,4013
488110,Natural Images Beauty College,-2,-2,Clute,TX,77531-3603,9,3,3,1,-2,23,26420,1,-2,29.026275,-95.400805,Brazoria County,48039
488129,Textures Institute of Cosmetology,-2,-2,Indianapolis,IN,46268-3635,9,3,3,1,-2,11,26900,1,-2,39.906649,-86.218117,Marion County,18097
488138,Williams Technical College,-2,-2,Houma,LA,70360-2816,9,3,3,1,-2,13,26380,1,-2,29.598445,-90.74457,Terrebonne Parish,22109
488147,PiBerry Institute,-2,-2,Homestead,FL,33033-3215,9,3,3,-2,-2,21,33100,1,-2,25.48663,-80.463557,Miami-Dade County,12086
488174,Ea La Mar's Cosmetology & Barber College,-2,-2,Kansas City,MO,64127-1912,9,3,3,1,-2,11,28140,1,-2,39.094285,-94.551962,Jackson County,29095
488183,Regina Webb Academy,-2,-2,Bowling Green,KY,42104-4457,9,3,3,1,-2,13,14540,1,-2,36.952887,-86.427834,Warren County,21227
488192,DeHart Technical School,-2,-2,Modesto,CA,95356-9292,9,3,3,1,-2,21,33700,1,-2,37.71339,-120.997781,Stanislaus County,6099
488217,Medical Career & Technical College,-2,-2,Richmond,KY,40475-2614,9,3,3,1,-2,32,40080,2,-2,37.734796,-84.309012,Madison County,21151
488226,Center for Neurosomatic Studies,-2,-2,Clearwater,FL,33760,9,3,3,1,-2,13,45300,1,-2,27.898475,-82.714351,Pinellas County,12103
488253,Focus Personal Training Institute,-2,-2,New York,NY,10001-6217,9,3,3,1,-2,11,35620,1,-2,40.745926,-73.991731,New York County,36061
488262,Hair Academy School of Barbering & Beauty,-2,-2,Newark,DE,19713-2305,9,3,3,1,-2,21,37980,1,-2,39.65906,-75.73689,New Castle County,10003
488271,Fosbre Academy of Hair Design,-2,-2,Olympia,WA,98502,9,3,3,-2,-2,13,36500,1,-2,47.039503,-122.935367,Thurston County,53067
488280,National Personal Training Institute,-2,-2,Orlando,FL,32817-1481,9,3,3,1,-2,21,36740,1,-2,28.599067,-81.219818,Orange County,12095
488299,Mission Beauty Institute,-2,-2,Mission,TX,78572-4404,9,3,3,1,-2,13,32580,1,-2,26.213855,-98.31205,Hidalgo County,48215
488305,Elim Bible Institute and College,31,-2,Lima,NY,14485-9704,2,1,2,1,1,42,40380,1,13,42.909692,-77.615151,Livingston County,36051
488314,Beth Medrash of Asbury Park,31,-2,Lakewood,NJ,08701-5842,2,1,2,1,1,21,35620,1,24,40.043705,-74.210816,Ocean County,34029
488332,Hope College of Arts and Sciences,28,-2,Pompano Beach,FL,33069-3240,6,2,3,1,1,12,33100,1,10,26.226156,-80.139671,Broward County,12011
488350,Yeshiva Gedolah Shaarei Shmuel,31,-2,Lakewood,NJ,08701-3623,2,1,2,1,1,13,35620,1,24,40.091,-74.197596,Ocean County,34029
488369,Premier Barber Institute,-2,-2,Norristown,PA,19401-5163,9,3,3,1,-2,21,37980,1,-2,40.11065,-75.333151,Montgomery County,42091
488378,International Beauty Education Center,-2,-2,Airway Heights,WA,99001-0000,9,3,3,1,-2,21,44060,1,-2,47.643215,-117.58908,Spokane County,53063
488387,Claremont Lincoln University,24,-2,Claremont,CA,91711-4744,2,1,2,1,1,21,31080,1,29,34.094273,-117.716117,Los Angeles County,6037
488396,Phipps Academy of Barbering,-2,-2,Richton Park,IL,60471-1404,9,3,3,1,-2,21,16980,1,-2,41.485005,-87.705681,Cook County,17031
488411,Hoss Lee Academy,-2,-2,Roseville,CA,95661-5233,9,3,3,1,-2,21,40900,1,-2,38.721897,-121.289487,Placer County,6061
488420,Indiana Wellness College,-2,-2,Carmel,IN,46290,9,3,3,1,-2,12,26900,1,-2,39.940821,-86.156579,Hamilton County,18057
488439,Kenny's Academy of Barbering,-2,-2,Indianapolis,IN,46222-2327,9,3,3,1,-2,11,26900,1,-2,39.79644,-86.207551,Marion County,18097
488448,Seattle Film Institute,23,-2,Seattle,WA,98119-1707,3,1,3,1,1,11,42660,1,30,47.64894,-122.377121,King County,53033
488527,Arkansas Colleges of Health Education,27,-2,Fort Smith,AR,72916-0366,2,1,2,1,2,13,22900,1,25,35.317421,-94.319084,Sebastian County,5131
488554,Burrell College of Osteopathic Medicine,27,-2,Las Cruces,NM,88001,3,1,3,1,2,22,29740,1,25,32.278068,-106.737787,Dona Ana County,35013
488563,California College of Music,-2,-2,Pasadena,CA,91106-2403,6,2,3,1,-2,12,31080,1,-2,34.145103,-118.128935,Los Angeles County,6037
488572,California Health Sciences University,27,-2,Clovis,CA,93612,3,1,3,1,1,21,23420,1,26,36.832466,-119.701977,Fresno County,6019
488590,Christian Culinary Academy,-2,-2,Cannon Beach,OR,97110-1484,8,3,2,1,-2,42,11820,2,-2,45.89961,-123.959303,Clatsop County,41007
488651,Glitz School of Cosmetology,-2,-2,Las Cruces,NM,88011,9,3,3,1,-2,12,29740,1,-2,32.305919,-106.740388,Dona Ana County,35013
488679,Indiana Wesleyan University-National & Global,17,-2,Marion,IN,46953,2,1,2,4,3,41,31980,2,17,40.510655,-85.677641,Grant County,18053
488721,NationsUniversity,31,-2,New Orleans,LA,70130,2,1,2,2,2,11,35380,1,-2,29.949155,-90.070207,Orleans Parish,22071
488730,Northeast Lakeview College,2,-2,Universal City,TX,78145,4,2,1,3,3,21,41700,1,2,29.545802,-98.323246,Bexar County,48029
488749,Paul Mitchell the School-Jessup,-2,-2,Jessup,MD,20794,9,3,3,1,-2,21,12580,1,-2,39.169191,-76.786097,Howard County,24027
488776,John Patrick University of Health and Applied Sciences,21,-2,South Bend,IN,46601-2352,3,1,3,1,1,12,43780,1,26,41.67338,-86.24973,St. Joseph County,18141
488785,University of Saint Katherine,15,-2,San Marcos,CA,92069,2,1,2,-2,1,21,41740,1,22,33.138387,-117.160766,San Diego County,6073
488800,Teachers College of San Joaquin,25,-2,Stockton,CA,95206,1,1,1,1,2,11,44700,1,32,37.908696,-121.231507,San Joaquin County,6077
488837,U.S. Truck Driver Training School,-2,-2,Sterling Heights,MI,48312-4518,9,3,3,1,-2,21,19820,1,-2,42.550239,-83.042997,Macomb County,26099
488846,University of the People,19,-2,Pasadena,CA,91101,2,1,2,5,5,12,31080,1,18,34.146167,-118.138047,Los Angeles County,6037
488891,South Dade Technical College-South Dade Skills Center Campus,-2,-2,HOMESTEAD,FL,33033-1412,7,3,1,1,-2,21,33100,1,-2,25.50406,-80.437371,Miami-Dade County,12086
488907,Wongu University of Oriental Medicine,29,-2,Las Vegas,NV,89123-2836,2,1,2,1,1,12,29820,1,26,36.03274,-115.117581,Clark County,32003
488916,Alabama School of Nail Technology & Cosmetology,-2,-2,Jackson,AL,36545-2718,9,3,3,1,-2,43,-2,-2,-2,31.50997,-87.893386,Clarke County,1025
488934,Tulsa Technology Center,-2,-2,Tulsa,OK,74145,4,2,1,2,-2,11,46140,1,-2,36.113428,-95.887481,Tulsa County,40143
488952,Ross Medical Education Center-Elyria,-2,-2,Elyria,OH,44035-2885,9,3,3,1,-2,22,17410,1,-2,41.386445,-82.105702,Lorain County,39093
488961,Ross Medical Education Center-Lafayette,-2,-2,Lafayette,IN,47905-5159,9,3,3,1,-2,13,29200,1,-2,40.38849,-86.845131,Tippecanoe County,18157
488970,Ross Medical Education Center-Midland,-2,-2,Midland,MI,48640-2690,9,3,3,1,-2,13,33220,1,-2,43.641877,-84.258017,Midland County,26111
488989,Paul Mitchell the School-Clear Lake,-2,-2,Webster,TX,77598-0000,9,3,3,1,-2,21,26420,1,-2,29.527723,-95.126497,Harris County,48201
488998,Paul Mitchell the School-Nampa,-2,-2,Nampa,ID,83687-0000,9,3,3,1,-2,22,14260,1,-2,43.613794,-116.594823,Canyon County,16027
489122,Academy of Beauty Professionals,-2,-2,Madison,WI,53719,9,3,3,1,-2,11,31540,1,-2,43.05541,-89.490781,Dane County,55025
489131,Academy of Beauty Professionals,-2,-2,Appleton,WI,54914-5780,9,3,3,1,-2,22,11540,1,-2,44.266271,-88.461527,Outagamie County,55087
489140,Academy of Beauty Professionals,-2,-2,Green Bay,WI,54303-4838,9,3,3,1,-2,12,24580,1,-2,44.52349,-88.097926,Brown County,55009
489159,Kenneth Shuler School of Cosmetology-Goose Creek,-2,-2,Goose Creek,SC,29445-6694,9,3,3,1,-2,21,16700,1,-2,33.035472,-80.065725,Berkeley County,45015
489201,Clovis Community College,2,-2,Fresno,CA,93730,4,2,1,4,3,11,23420,1,3,36.88686,-119.731261,Fresno County,6019
489238,Boca Beauty Academy-Parkland,-2,-2,Parkland,FL,33073-4526,9,3,3,1,-2,21,33100,1,-2,26.321755,-80.203872,Broward County,12011
489247,American Beauty Academy-West Valley Campus,-2,-2,West Valley City,UT,84119,9,3,3,1,-2,21,41620,1,-2,40.692128,-111.938189,Salt Lake County,49035
489256,Caribbean Aviation Training Institute Inc,-2,-2,Carolina,PR,00979,9,3,3,1,-2,21,41980,1,-2,18.439873,-65.997043,Carolina Municipio,72031
489283,The College of Health Care Professions-McAllen Campus,21,-2,McAllen,TX,78504-4398,6,2,3,1,2,12,32580,1,10,26.239856,-98.234872,Hidalgo County,48215
489335,Institute of Buddhist Studies,31,-2,Berkeley,CA,94704,2,1,2,1,1,12,41860,1,-2,37.866732,-122.266105,Alameda County,6001
489344,Chamberlain University-North Carolina,28,-2,Charlotte,NC,28273,3,1,3,1,1,11,16740,1,26,35.13766,-80.931971,Mecklenburg County,37119
489353,Chamberlain University-California,28,-2,Rancho Cordova,CA,95670,3,1,3,1,2,13,40900,1,26,38.596193,-121.278258,Sacramento County,6067
489371,Spartan College of Aeronautics and Technology,-2,-2,Riverside,CA,92509-8716,6,2,3,1,-2,21,40140,1,-2,33.990127,-117.408335,Riverside County,6065
489779,Purdue University Global,16,-2,West Lafayette,IN,47906,1,1,1,5,5,13,29200,1,17,40.45655,-86.928449,Tippecanoe County,18157
489812,Pima Medical Institute-Dillon,21,-2,Dillon,MT,59725,6,2,3,1,1,33,-2,-2,10,45.208156,-112.641211,Beaverhead County,30001
489830,Arthur's Beauty College,-2,-2,Jonesboro,AR,72401,9,3,3,1,-2,13,27860,1,-2,35.817823,-90.68152,Craighead County,5031
489858,West Coast University-Center for Graduate Studies,29,-2,Los Angeles,CA,90004-2115,3,1,3,1,2,11,31080,1,26,34.081505,-118.29131,Los Angeles County,6037
489937,Carolina University,8,-2,Winston-Salem,NC,27101,2,1,2,1,2,11,49180,1,20,36.087962,-80.250153,Forsyth County,37067
490018,National Personal Training Institute-Tampa,-2,-2,Tampa,FL,33634,9,3,3,1,-2,21,45300,1,-2,28.02675,-82.528321,Hillsborough County,12057
490045,Presbyterian Theological Seminary in America,31,-2,Santa Fe Springs,CA,90670-5611,2,1,2,1,1,21,31080,1,24,33.88856,-118.047065,Los Angeles County,6037
490054,HCI College,28,-2,West Palm Beach,FL,33409-1042,6,2,3,1,2,21,33100,1,26,26.702663,-80.085147,Palm Beach County,12099
490081,America Evangelical University,25,-2,Gardena,CA,90247-4432,2,1,2,1,1,13,31080,1,24,33.883102,-118.295931,Los Angeles County,6037
490090,Gadsden Technical College,-2,-2,Quincy,FL,32351-4415,7,3,1,1,-2,41,45220,1,-2,30.577656,-84.578905,Gadsden County,12039
490106,Virginia University of Integrative Medicine,29,-2,Vienna,VA,22182-5310,2,1,2,1,2,21,47900,1,26,38.91009,-77.22432,Fairfax County,51059
490115,Nashville Film Institute,-2,-2,Nashville,TN,37210-4225,6,2,3,1,-2,11,34980,1,-2,36.135712,-86.748045,Davidson County,47037
490124,Los Angeles Academy of Figurative Art,-2,-2,Van Nuys,CA,91406-2127,3,1,3,1,-2,11,31080,1,30,34.208209,-118.5021,Los Angeles County,6037
490133,Westcliff University,24,-2,Irvine,CA,92614,3,1,3,3,3,11,31080,1,29,33.685537,-117.847973,Orange County,6059
490142,World Class Academy of Beauty Careers,-2,-2,Tallahassee,FL,32310-6831,9,3,3,1,-2,12,45220,1,-2,30.412845,-84.2909,Leon County,12073
490151,Allied Health Careers Institute,-2,-2,Murfreesboro,TN,37130-5996,9,3,3,1,-2,12,34980,1,-2,35.827799,-86.391495,Rutherford County,47149
490160,Sacramento Ultrasound Institute,21,-2,Sacramento,CA,95815,6,2,3,1,1,11,40900,1,-2,38.597487,-121.426335,Sacramento County,6067
490197,Regan Career Institute,-2,-2,El Monte,CA,91733-3254,9,3,3,1,-2,21,31080,1,-2,34.065527,-118.042311,Los Angeles County,6037
490203,Bolivar Technical College,28,-2,Bolivar,MO,65613-8095,2,1,2,1,1,32,44180,1,10,37.623766,-93.421572,Polk County,29167
490221,MAK Beauty Institute,-2,-2,Cumming,GA,30040-2783,9,3,3,1,-2,21,12060,1,-2,34.186371,-84.143912,Forsyth County,13117
490230,Reformed University,24,-2,Lawrenceville,GA,30043-5604,2,1,2,1,1,21,12060,1,24,33.971966,-84.07814,Gwinnett County,13135
490249,Mobile Technical Training,-2,-2,South Hackensack,NJ,07606-0000,9,3,3,1,-2,21,35620,1,-2,40.857008,-74.04968,Bergen County,34003
490258,American Barber and Beauty Academy,-2,-2,Reading,PA,19607-1602,9,3,3,1,-2,13,39740,1,-2,40.316547,-75.939691,Berks County,42011
490267,Master's Barber & Styling College,-2,-2,Old Hickory,TN,37138-4676,9,3,3,1,-2,21,34980,1,-2,36.219691,-86.571436,Wilson County,47189
490276,Yeshiva Shaar Ephraim,31,-2,Monsey,NY,10952-2732,2,1,2,1,1,21,35620,1,24,41.116935,-74.060858,Rockland County,36087
490285,California Institute of Arts & Technology,21,-2,National City,CA,91950,3,1,3,2,2,21,41740,1,11,32.661577,-117.106076,San Diego County,6073
490294,"Elite Cosmetology, Barber & Spa Academy",-2,-2,Yakima,WA,98902-5105,9,3,3,1,-2,13,49420,1,-2,46.584032,-120.54382,Yakima County,53077
490300,Cutting Edge Academy,-2,-2,Succasunna,NJ,07876-1311,9,3,3,1,-2,21,35620,1,-2,40.86887,-74.644718,Morris County,34027
490319,Yeshiva Bais Aharon,-2,-2,Lakewood,NJ,08701-2053,2,1,2,1,-2,13,35620,1,24,40.101002,-74.203094,Ocean County,34029
490328,Mechon L'hoyroa,31,-2,Monsey,NY,10952-2710,2,1,2,1,1,21,35620,1,24,41.117029,-74.058177,Rockland County,36087
490346,Elyon College,31,-2,Brooklyn,NY,11204-4801,5,2,2,1,1,11,35620,1,13,40.611081,-73.980593,Kings County,36047
490373,Western Michigan University Homer Stryker M.D. School of Medicine,27,-2,Kalamazoo,MI,49007,2,1,2,1,1,13,28020,1,25,42.289571,-85.57943,Kalamazoo County,26077
490382,Harmony Health Care Institute,-2,-2,Merrimack,NH,03054-0000,9,3,3,1,-2,22,31700,1,-2,42.804167,-71.488336,Hillsborough County,33011
490391,American Beauty and Trade School,-2,-2,Miami,FL,33144-0000,9,3,3,1,-2,21,33100,1,-2,25.761572,-80.327707,Miami-Dade County,12086
490407,Hogan Institute of Cosmetology and Esthetics,-2,-2,Lilburn,GA,30047-3717,9,3,3,1,-2,21,12060,1,-2,33.896591,-84.141162,Gwinnett County,13135
490416,J's Barber College,-2,-2,New Iberia,LA,70560-6138,9,3,3,1,-2,31,35340,2,-2,29.993445,-91.829017,Iberia Parish,22045
490425,Ann Webb Skin Institute,-2,-2,Austin,TX,78759-3936,9,3,3,1,-2,11,12420,1,-2,30.419687,-97.751895,Travis County,48453
490434,Apex Academy Hair Skin Nails School of Cosmetology,-2,-2,Ontario,OH,44906-1793,9,3,3,1,-2,23,31900,1,-2,40.771672,-82.577702,Richland County,39139
490443,The Esthetic Institute,-2,-2,Vienna,VA,22182-3818,9,3,3,1,-2,21,47900,1,-2,38.914385,-77.234171,Fairfax County,51059
490470,Massage Institute of Memphis,-2,-2,Memphis,TN,38104-4138,9,3,3,1,-2,11,32820,1,-2,35.134871,-89.992526,Shelby County,47157
490489,Metro Detroit Barber College,-2,-2,Detroit,MI,48221-2650,5,2,2,1,-2,11,19820,1,-2,42.416931,-83.145979,Wayne County,26163
490498,Digital Media Institute,23,-2,Shreveport,LA,71103-3600,5,2,2,1,1,12,43340,1,-2,32.480613,-93.771686,Caddo Parish,22017
490504,Yeshiva Ohr Naftoli,31,-2,New Windsor,NY,12553-8006,2,1,2,1,1,21,28880,1,24,41.456984,-74.046291,Orange County,36071
490513,Bais Medrash Mayan Hatorah,31,-2,Lakewood,NJ,08701,2,1,2,1,1,13,35620,1,24,40.107414,-74.204332,Ocean County,34029
490522,Allgood Beauty Institute,-2,-2,Frisco,TX,75034,9,3,3,1,-2,21,19100,1,-2,33.140645,-96.812793,Collin County,48085
490531,Ray J's College of Hair,-2,-2,Baton Rouge,LA,70806-1522,9,3,3,1,-2,12,12940,1,-2,30.464941,-91.111011,East Baton Rouge Parish,22033
490674,Manuel and Theresa's School of Hair Design,-2,-2,Brenham,TX,77833-3033,9,3,3,1,-2,32,14780,2,-2,30.176143,-96.387591,Washington County,48477
490692,Cincinnati School of Barbering & Hair Design,-2,-2,Cincinnati,OH,45239,6,2,3,1,-2,21,17140,1,-2,39.206754,-84.582563,Hamilton County,39061
490717,L Makeup Institute,-2,-2,Las Vegas,NV,89145,9,3,3,1,-2,11,29820,1,-2,36.166597,-115.286321,Clark County,32003
490735,Peloton College,-2,-2,Arlington,TX,76011-9998,9,3,3,1,-2,11,19100,1,-2,32.758912,-97.093191,Tarrant County,48439
490744,Northern Technical College,-2,-2,Pine Bluff,AR,71601,9,3,3,1,-2,32,38220,2,-2,34.214189,-91.979767,Jefferson County,5069
490753,Maine Media College,23,-2,Rockport,ME,04856-5952,2,1,2,1,1,33,-2,-2,30,44.193709,-69.076508,Knox County,23013
490805,Purdue University Northwest,19,-2,Hammond,IN,46323,1,1,1,3,3,21,16980,1,18,41.584324,-87.474236,Lake County,18089
490814,Ross Medical Education Center-Portage,-2,-2,Portage,MI,49002-2813,9,3,3,1,-2,13,28020,1,-2,42.226549,-85.588596,Kalamazoo County,26077
490832,Ross College-Canton,28,-2,Canton,OH,44718-3674,6,2,3,1,1,21,15940,1,7,40.844938,-81.429021,Stark County,39151
490841,Ross College-Grand Rapids North,-2,-2,Grand Rapids,MI,49525-2767,6,2,3,1,-2,21,24340,1,-2,43.026716,-85.630252,Kent County,26081
490869,American Institute-Somerset,-2,-2,Somerset,NJ,08873-1100,6,2,3,1,-2,21,35620,1,-2,40.55089,-74.544122,Somerset County,34035
490878,Platt College-Anaheim,21,-2,Anaheim,CA,92806-5949,3,1,3,1,2,11,31080,1,23,33.809417,-117.878211,Orange County,6059
490896,Advantage Career Institute,-2,-2,Eatontown,NJ,07724,9,3,3,1,-2,21,35620,1,-2,40.306828,-74.050804,Monmouth County,34025
490948,Bull City Durham Beauty and Barber College,-2,-2,Durham,NC,27701,9,3,3,1,-2,11,20500,1,-2,35.989115,-78.889993,Durham County,37063
490975,Fortis College-Cutler Bay,28,-2,Cutler Bay,FL,33157-7693,6,2,3,1,2,21,33100,1,10,25.585653,-80.363995,Miami-Dade County,12086
491057,Yeshiva Kollel Tifereth Elizer,31,-2,Brooklyn,NY,11219,2,1,2,1,1,11,35620,1,24,40.637096,-73.992171,Kings County,36047
491066,Strand Institute of Beauty & Esthetics,-2,-2,Corpus Christi,TX,78409,9,3,3,1,-2,11,18580,1,-2,27.82204,-97.524344,Nueces County,48355
491075,Arkansas Welding Academy,-2,-2,Jacksonville,AR,72076,9,3,3,1,-2,21,30780,1,-2,34.883474,-92.139911,Pulaski County,5119
491084,Unitech Training Academy-Baton Rouge,-2,-2,Baton Rouge,LA,70816,9,3,3,1,-2,12,12940,1,-2,30.414021,-91.052775,East Baton Rouge Parish,22033
491136,Empire Beauty School-Tampa,-2,-2,Tampa,FL,33619-2619,9,3,3,1,-2,21,45300,1,-2,27.941959,-82.338274,Hillsborough County,12057
491145,Empire Beauty School-Lakeland,-2,-2,Lakeland,FL,33809-0514,9,3,3,1,-2,12,29460,1,-2,28.108318,-81.973025,Polk County,12105
491181,Galen College of Nursing-ARH,28,-2,Hazard,KY,41701-9519,6,2,3,1,2,33,-2,-2,10,37.285896,-83.205298,Perry County,21193
491190,The Chicago School at San Diego,25,-2,San Diego,CA,92101-7903,2,1,2,1,1,11,41740,1,26,32.718575,-117.167054,San Diego County,6073
491215,Commercial Divers International,-2,-2,Goodyear,AZ,85338-3693,9,3,3,1,-2,21,38060,1,-2,33.409576,-112.408598,Maricopa County,4013
491224,Tricoci University of Beauty Culture-Janesville,-2,-2,Janesville,WI,53548,9,3,3,1,-2,13,27500,1,-2,42.679712,-89.04895,Rock County,55105
491233,Unlimited Cosmetology School,-2,-2,Hattiesburg,MS,39401,9,3,3,1,-2,13,25620,1,-2,31.325283,-89.304277,Forrest County,28035
491242,Johnny Matthew's Hairdressing Training School,-2,-2,Salem,OR,97301,9,3,3,1,-2,12,41420,1,-2,44.941812,-123.038361,Marion County,41047
491251,The Culinary School of Fort Worth,-2,-2,Fort Worth,TX,76116,9,3,3,1,-2,11,19100,1,-2,32.724044,-97.428672,Tarrant County,48439
491260,Centralia Beauty College,-2,-2,Centralia,WA,98531,9,3,3,1,-2,32,16500,2,-2,46.714769,-122.955164,Lewis County,53041
491288,University of Wisconsin-Milwaukee Flex,29,-2,Milwaukee,WI,53201,1,1,1,1,2,11,33340,1,22,43.076848,-87.880488,Milwaukee County,55079
491297,University of Wisconsin-Parkside Flex,24,-2,Kenosha,WI,53141,1,1,1,1,1,41,28450,1,29,42.645603,-87.855007,Kenosha County,55059
491394,Miller-Motte College-STVT-Arlington,-2,-2,Arlington,TX,76010,9,3,3,1,-2,11,19100,1,-2,32.708476,-97.060733,Tarrant County,48439
491446,Bnos Zion Of Bobov Seminary,12,-2,Brooklyn,NY,11219-3621,5,2,2,1,1,11,35620,1,13,40.633353,-73.991157,Kings County,36047
491464,ABC Adult School,-2,-2,Cerritos,CA,90703-2801,7,3,1,1,-2,21,31080,1,-2,33.878179,-118.070114,Los Angeles County,6037
491473,Polytech Adult Education,-2,-2,Woodside,DE,19980-0000,7,3,1,1,-2,22,20100,1,-2,39.07213,-75.545942,Kent County,10001
491507,California Institute of Medical Science,-2,-2,Clovis,CA,93612-0000,9,3,3,1,-2,21,23420,1,-2,36.810031,-119.694271,Fresno County,6019
491525,Union Bible College,31,-2,Westfield,IN,46074-0900,2,1,2,1,1,21,26900,1,24,40.038757,-86.126025,Hamilton County,18057
491534,Pets Playground Grooming School,-2,-2,Pompano Beach,FL,33062-3705,9,3,3,1,-2,12,33100,1,-2,26.248045,-80.100676,Broward County,12011
491543,San Bernardino Beauty College,-2,-2,San Bernardino,CA,92410-4414,9,3,3,1,-2,12,40140,1,-2,34.110518,-117.285521,San Bernardino County,6071
491552,Christina and Company Education Center,-2,-2,Lafayette,IN,47905-4633,9,3,3,1,-2,13,29200,1,-2,40.414052,-86.815349,Tippecanoe County,18157
491570,Institute of Medical Ultrasound,-2,-2,Atlanta,GA,30303-3030,9,3,3,1,-2,11,12060,1,-2,33.759937,-84.386472,Fulton County,13121
491589,Mystros Barber Academy,-2,-2,Houston,TX,77090,8,3,2,1,-2,11,26420,1,-2,30.014,-95.453049,Harris County,48201
491598,European Medical School of Massage,-2,-2,Sinking Spring,PA,19608-1680,9,3,3,1,-2,21,39740,1,-2,40.319684,-76.008531,Berks County,42011
491613,Yeshiva Gedolah Tiferes Boruch,31,-2,North Plainfield,NJ,07060-0000,2,1,2,1,1,21,35620,1,-2,40.619593,-74.4346,Somerset County,34035
491622,Yeshiva Chemdas Hatorah,31,-2,Lakewood,NJ,08701-4618,2,1,2,1,1,21,35620,1,24,40.063509,-74.229304,Ocean County,34029
491631,Women's Institute of Torah Seminary and College,31,-2,Baltimore,MD,21215-3009,2,1,2,1,1,11,12580,1,24,39.361349,-76.699496,Baltimore City,24510
491640,Yeshiva Gedolah Keren Hatorah,31,-2,Lakewood,NJ,08701-1239,2,1,2,1,1,13,35620,1,13,40.109281,-74.184418,Ocean County,34029
491659,ICOHS College,-2,-2,San Diego,CA,92101,5,2,2,1,-2,11,41740,1,-2,32.723881,-117.16145,San Diego County,6073
491668,Neo-Esthetique European Institute,-2,-2,San Juan,PR,00926-0000,9,3,3,1,-2,11,41980,1,-2,18.363811,-66.057521,San Juan Municipio,72127
491677,Lehigh Valley Barber School,-2,-2,Bethlehem,PA,18018-3906,9,3,3,1,-2,13,10900,1,-2,40.639992,-75.346918,Northampton County,42095
491686,International Barber College,-2,-2,Chandler,AZ,85226-3205,9,3,3,1,-2,11,38060,1,-2,33.306101,-111.966375,Maricopa County,4013
491695,Brown Beauty Barber School,-2,-2,Bessemer,AL,35020-5016,9,3,3,1,-2,21,13820,1,-2,33.399873,-86.953134,Jefferson County,1073
491701,Rexburg College of Massage Therapy,-2,-2,Rexburg,ID,83440-3873,9,3,3,1,-2,32,39940,2,-2,43.812616,-111.80319,Madison County,16065
491710,Yeshiva Gedolah of Cliffwood,31,-2,Keyport,NJ,07735-5105,2,1,2,1,1,21,35620,1,24,40.442213,-74.224235,Monmouth County,34025
491729,Goshen School of Cosmetology,-2,-2,Cleveland,MS,38732-0000,9,3,3,-2,-2,33,17380,2,-2,33.755417,-90.713781,Bolivar County,28011
491738,IBS School of Cosmetology and Massage,-2,-2,Kahului,HI,96732-2118,6,2,3,1,-2,13,27980,1,-2,20.892857,-156.462848,Maui County,15009
491747,UR Beauty & Barber Academy,-2,-2,Sebring,FL,33870-2128,9,3,3,1,-2,13,42700,1,-2,27.463851,-81.432006,Highlands County,12055
491756,Urban Barber College,-2,-2,Concord,CA,94520-2522,9,3,3,1,-2,21,41860,1,-2,37.974933,-122.03935,Contra Costa County,6013
491765,Yeshivas Emek Hatorah,31,-2,Howell,NJ,07731-2444,2,1,2,1,1,41,35620,1,-2,40.112501,-74.232083,Monmouth County,34025
491774,Transitions Career Institute School of Nursing,-2,-2,College Point,NY,11356-1964,9,3,3,1,-2,11,35620,1,-2,40.783208,-73.835811,Queens County,36081
491783,Wilton Simpson Technical College,-2,-2,Brooksville,FL,34604-0683,7,3,1,1,-2,22,45300,1,-2,28.488302,-82.463419,Hernando County,12053
491792,Stacey James Institute,-2,-2,Parker,CO,80134-3358,9,3,3,1,-2,21,19740,1,-2,39.533193,-104.794689,Douglas County,8035
491808,Meridian University,25,-2,Petaluma,CA,94952-3092,3,1,3,1,1,13,42220,1,26,38.230878,-122.640029,Sonoma County,6097
491817,Seminary Bnos Chaim,31,-2,Lakewood,NJ,08701-2336,5,2,2,1,1,13,35620,1,13,40.085639,-74.200969,Ocean County,34029
491826,"Avenue Academy, A Cosmetology Institute",-2,-2,Albuquerque,NM,87112-3449,9,3,3,1,-2,11,10740,1,-2,35.096452,-106.531872,Bernalillo County,35001
491835,Salon Professional Academy of San Antonio,-2,-2,San Antonio,TX,78232-2242,9,3,3,1,-2,11,41700,1,-2,29.59369,-98.47,Bexar County,48029
491844,Red Lake Nation College,3,-2,Red Lake,MN,56671-0000,4,2,1,1,1,43,13420,2,33,47.880085,-95.009828,Beltrami County,27007
491853,Princess Institute of Beauty,-2,-2,Reedley,CA,93654-2455,9,3,3,1,-2,32,23420,1,-2,36.603678,-119.431745,Fresno County,6019
491871,Vogue International Academy,-2,-2,Houston,TX,77082,9,3,3,1,-2,11,26420,1,-2,29.73076,-95.641271,Harris County,48201
491880,Independent Training & Apprenticeship Program,-2,-2,Sacramento,CA,95827-1741,9,3,3,1,-2,13,40900,1,-2,38.572171,-121.327728,Sacramento County,6067
491899,Victory Career College,-2,-2,Carson,CA,90746,9,3,3,1,-2,13,31080,1,-2,33.846375,-118.266052,Los Angeles County,6037
491905,Winonah's International School of Cosmetology,-2,-2,Hoover,AL,35244-7310,9,3,3,1,-2,21,13820,1,-2,33.370224,-86.801546,Jefferson County,1073
491914,Yeshiva Gedola Tiferes Yerachmiel,31,-2,Lakewood,NJ,08701-0000,2,1,2,1,1,13,35620,1,13,40.1037,-74.194376,Ocean County,34029
491923,Southeastern Esthetics Institute,-2,-2,Elgin,SC,29045-0000,9,3,3,1,-2,12,17900,1,-2,34.111013,-80.835302,Richland County,45079
491932,Installer Institute,-2,-2,Holly Hill,FL,32117-2220,9,3,3,-2,-2,21,19660,1,-2,29.254565,-81.046805,Volusia County,12127
491941,Caris College,21,-2,Jeffersonville,IN,47130-8293,6,2,3,1,1,21,31140,1,10,38.326417,-85.710165,Clark County,18019
491950,Contra Costa Medical Career College,21,-2,Antioch,CA,94581-6208,6,2,3,1,2,21,41860,1,-2,37.976815,-121.801607,Contra Costa County,6013
491978,Another Level Barbering and Cosmetology School,-2,-2,Petersburg,VA,23803-3245,9,3,3,1,-2,21,40060,1,-2,37.228645,-77.403817,Petersburg City,51730
491996,The Salon Professional Academy-Georgetown,-2,-2,Georgetown,TX,78626-5470,9,3,3,1,-2,13,12420,1,-2,30.635778,-97.688068,Williamson County,48491
492005,Elite Academy of Hair Design,-2,-2,Bridgeport,OH,43912-2513,9,3,3,1,-2,23,48540,1,-2,40.066604,-80.769323,Belmont County,39013
492023,Americare Technical School,-2,-2,Park Ridge,IL,60068-3143,9,3,3,1,-2,21,16980,1,-2,42.017062,-87.841982,Cook County,17031
492069,Champion Christian College,22,-2,Hot Springs,AR,71913,2,1,2,1,1,13,26300,1,23,34.499589,-93.065945,Garland County,5051
492078,Chicago Professional Center,-2,-2,Prospect Heights,IL,60090,9,3,3,1,-2,21,16980,1,-2,42.10833,-87.905673,Cook County,17031
492096,D&S School of Cosmetology,-2,-2,Waterford,MI,48328,9,3,3,1,-2,21,19820,1,-2,42.639596,-83.369697,Oakland County,26125
492139,DSDT,-2,-2,Detroit,MI,48216,9,3,3,1,-2,11,19820,1,-2,42.325621,-83.081501,Wayne County,26163
492148,Elite Beauty College,-2,-2,Muskogee,OK,74401-2104,9,3,3,1,-2,32,34780,2,-2,35.75706,-95.403011,Muskogee County,40101
492209,Reiss-Davis Graduate School,25,-2,Los Angeles,CA,90034,2,1,2,1,1,11,31080,1,-2,34.030844,-118.41001,Los Angeles County,6037
492263,The University of Tennessee System Office,-2,-2,Knoxville,TN,37902,0,1,1,-2,-2,12,28940,1,-2,35.966254,-83.920638,Knox County,47093
492281,GoodFellas Barber College,-2,-2,Little Rock,AR,72204,9,3,3,1,-2,12,30780,1,-2,34.724618,-92.321902,Pulaski County,5119
492306,Escondido Adult School,-2,-2,Escondido,CA,92025,7,3,1,2,-2,21,41740,1,-2,33.131225,-117.088454,San Diego County,6073
492315,Poway Adult School,-2,-2,Poway,CA,92064,7,3,1,2,-2,21,41740,1,-2,32.978817,-117.035819,San Diego County,6073
492324,Vista Adult School,-2,-2,Vista,CA,92081,7,3,1,2,-2,21,41740,1,-2,33.187334,-117.240253,San Diego County,6073
492360,The Salon Professional Academy-Delray Beach,-2,-2,Delray Beach,FL,33484-0000,9,3,3,1,-2,13,33100,1,-2,26.46095,-80.119045,Palm Beach County,12099
492421,No Grease Barber School,-2,-2,Charlotte,NC,28205,9,3,3,1,-2,11,16740,1,-2,35.21144,-80.757062,Mecklenburg County,37119
492449,Pima Medical Institute-San Marcos,21,-2,San Marcos,CA,92078-8702,6,2,3,1,2,21,41740,1,10,33.136906,-117.160199,San Diego County,6073
492476,EDP University of Puerto Rico-Villalba,28,-2,Villalba,PR,00766-2353,2,1,2,1,1,23,38660,1,13,18.109811,-66.505648,Villalba Municipio,72149
492607,The Chicago School at Dallas,25,-2,Plano,TX,75093,2,1,2,1,1,11,19100,1,26,33.021558,-96.832702,Collin County,48085
492643,American Massage & Bodywork Institute,-2,-2,Vienna,VA,22182-2245,9,3,3,-2,-2,21,47900,1,-2,38.926154,-77.244736,Fairfax County,51059
492652,KCK Beauty & Barber Academy,-2,-2,Jacksonville,FL,32218-5578,9,3,3,1,-2,11,27260,1,-2,30.428106,-81.652099,Duval County,12031
492661,California College of Barbering and Cosmetology,-2,-2,Stockton,CA,95210,9,3,3,1,-2,11,44700,1,-2,38.000656,-121.293756,San Joaquin County,6077
492689,Texas Tech University Health Sciences Center-El Paso,27,-2,El Paso,TX,79905-2827,1,1,1,1,2,11,21340,1,25,31.771891,-106.43122,El Paso County,48141
492704,Ponce Health Sciences University-Centro Universitario de San Juan,25,-2,Santurce,PR,00914-8505,3,1,3,1,1,11,41980,1,26,18.441175,-66.059619,San Juan Municipio,72127
492722,The College of Health Care Professions-South San Antonio,29,-2,San Antonio,TX,78221-1474,6,2,3,1,2,11,41700,1,10,29.355101,-98.525559,Bexar County,48029
492731,Innovate Salon Academy,-2,-2,Ewing,NJ,08628-0000,9,3,3,1,-2,21,45940,1,-2,40.26517,-74.802873,Mercer County,34021
492759,Chamberlain University-Louisiana,28,-2,Jefferson,LA,70121,3,1,3,1,1,21,35380,1,-2,29.962307,-90.152655,Jefferson Parish,22051
492801,Drury University-College of Continuing Professional Studies,15,-2,Springfield,MO,65802,2,1,2,1,2,12,44180,1,22,37.219681,-93.286192,Greene County,29077
492935,Global Medical & Technical Training Institute,-2,-2,Miami,FL,33125-3562,9,3,3,1,-2,11,33100,1,-2,25.779693,-80.225343,Miami-Dade County,12086
492953,Salon Success Academy-West Covina,-2,-2,West Covina,CA,91790-2876,9,3,3,1,-2,21,31080,1,-2,34.070568,-117.933801,Los Angeles County,6037
492962,Indiana Institute of Technology-College of Professional Studies,24,-2,Fort Wayne,IN,46803,2,1,2,2,3,11,23060,1,22,41.078365,-85.116479,Allen County,18003
493071,Advantage Technical College,-2,-2,San Juan,PR,00907-0000,9,3,3,1,-2,11,41980,1,-2,18.454692,-66.081082,San Juan Municipio,72127
493080,Institute of Culinary Education,21,-2,Pasadena,CA,91101-5221,6,2,3,1,2,12,31080,1,-2,34.144829,-118.139351,Los Angeles County,6037
493132,Universal Technical Institute-Bloomfield,-2,-2,Bloomfield,NJ,07003-3002,6,2,3,2,-2,21,35620,1,-2,40.841102,-74.180997,Essex County,34013
493150,Gould's Academy,-2,-2,Bartlett,TN,38133-4067,9,3,3,1,-2,21,32820,1,-2,35.206685,-89.795642,Shelby County,47157
493363,Institute of Lutheran Theology,31,-2,Brookings,SD,57006,2,1,2,-1,1,33,15100,2,-2,44.308861,-96.789515,Brookings County,46011
493372,Urban Academy of Beauty,-2,-2,Rio Rancho,NM,87124-2575,9,3,3,1,-2,21,10740,1,-2,35.241061,-106.677601,Sandoval County,35043
493451,WellSpring School of Allied Health-Springfield,21,-2,Springfield,MO,65807,6,2,3,1,1,12,44180,1,-2,37.158926,-93.317069,Greene County,29077
493479,Medical Career College of Northern California,-2,-2,Roseville,CA,95678-5133,9,3,3,1,-2,12,40900,1,-2,38.723329,-121.293121,Placer County,6061
493488,Premiere International College,28,-2,Fort Myers,FL,33901-3916,6,2,3,1,1,13,15980,1,-2,26.639307,-81.864154,Lee County,12071
493512,San Diego Global Knowledge University,24,-2,San Diego,CA,92101,3,1,3,1,1,11,41740,1,29,32.708222,-117.154966,San Diego County,6073
493521,Global Tech College,-2,-2,Toledo,OH,43615-7320,6,2,3,1,-2,11,45780,1,-2,41.615085,-83.672676,Lucas County,39095
493530,Crown Cutz Academy Bristol,-2,-2,Bristol,VA,24201-3323,9,3,3,-1,-2,23,28700,1,-2,36.605279,-82.192413,Bristol City,51520
493549,McAllen Careers Institute,-2,-2,McAllen,TX,78501,9,3,3,1,-2,12,32580,1,-2,26.199744,-98.22256,Hidalgo County,48215
493558,Central Pennsylvania Diesel Institute,-2,-2,Liverpool,PA,17045-9201,9,3,3,-2,-2,41,25420,1,-2,40.551071,-76.990343,Perry County,42099
493567,Bellasa Professional Institute,-2,-2,Miami Springs,FL,33166-0000,9,3,3,1,-2,21,33100,1,-2,25.810667,-80.267007,Miami-Dade County,12086
493576,PMCA Pittsburgh Multicultural Cosmetology Academy,-2,-2,Pittsburgh,PA,15222-2245,9,3,3,1,-2,11,38300,1,-2,40.439395,-79.99942,Allegheny County,42003
493585,Health and Technology Training Institute,-2,-2,Philadelphia,PA,19107,8,3,2,1,-2,11,37980,1,-2,39.951345,-75.163497,Philadelphia County,42101
493594,Yeshiva of Ocean,31,-2,Greenfield Park,NY,12435-5308,2,1,2,1,1,42,28740,1,24,41.732961,-74.501698,Ulster County,36111
493600,Congregation Talmidei Mesivta Tiferes Shmiel Aleksander,31,-2,Brooklyn,NY,11219-5440,2,1,2,1,1,11,35620,1,24,40.624233,-73.994778,Kings County,36047
493619,Young Americans College of the Performing Arts,23,-2,Corona,CA,92881-3390,5,2,2,1,1,12,40140,1,12,33.859246,-117.542501,Riverside County,6065
493628,Pro Beauty Academy,-2,-2,Edison,NJ,08820-2843,9,3,3,1,-2,21,35620,1,-2,40.571036,-74.340019,Middlesex County,34023
493637,South Eastern Beauty Academy,-2,-2,Paintsville,KY,41240-1034,9,3,3,1,-2,33,-2,-2,-2,37.814789,-82.806325,Johnson County,21115
493646,Ohel Margulia Seminary,12,-2,Monsey,NY,10952-2610,5,2,2,1,1,21,35620,1,13,41.121761,-74.065165,Rockland County,36087
493655,Montana Barber Institute,-2,-2,El Paso,TX,79938-4655,9,3,3,-1,-2,11,21340,1,-2,31.763303,-106.265623,El Paso County,48141
493664,Yeshivat Hechal Shemuel,31,-2,Brooklyn,NY,11229-0000,2,1,2,1,1,11,35620,1,24,40.610906,-73.955944,Kings County,36047
493673,Professional University Dr. Carlos J. Borrero Rios,28,-2,Hato Rey,PR,00918-0000,3,1,3,1,1,11,41980,1,26,18.411332,-66.054156,San Juan Municipio,72127
493682,American Institute of Healthcare & Technology,-2,-2,Stratford,CT,06615-7149,6,2,3,1,-2,21,14860,1,-2,41.170738,-73.150918,Greater Bridgeport Planning Region,9120
493691,Premier Academy of Cosmetology,-2,-2,McAlester,OK,74501-4143,9,3,3,1,-2,33,32540,2,-2,34.941596,-95.766472,Pittsburg County,40121
493707,Yeshiva Gedolah of Woodlake Village,31,-2,Lakewood,NJ,08701-0000,2,1,2,1,1,21,35620,1,24,40.099738,-74.169645,Ocean County,34029
493716,Yeshiva Gedola Tiferes Yaakov Yitzchok,31,-2,Lakewood,NJ,08701-5502,2,1,2,1,1,21,35620,1,24,40.056542,-74.223022,Ocean County,34029
493743,Houston Barber School,-2,-2,Houston,TX,77073-4400,9,3,3,1,-2,21,26420,1,-2,29.966414,-95.415514,Harris County,48201
493752,Health-Tech Institute of Memphis,-2,-2,Memphis,TN,38118,9,3,3,1,-2,11,32820,1,-2,35.049269,-89.934826,Shelby County,47157
493761,MIXED Institute of Cosmetology & Barber,-2,-2,Sacramento,CA,95823-2370,9,3,3,1,-2,21,40900,1,-2,38.495699,-121.43577,Sacramento County,6067
493770,Vski Cosmetology School,-2,-2,Charleston,SC,29407-4610,8,3,2,1,-2,12,16700,1,-2,32.798291,-80.031699,Charleston County,45019
493798,New York Seminary,12,-2,Brooklyn,NY,11218-5611,5,2,2,1,1,11,35620,1,-2,40.63193,-73.977011,Kings County,36047
493804,Deluxe Barber College,-2,-2,San Antonio,TX,78217-2118,9,3,3,1,-2,11,41700,1,-2,29.554971,-98.400819,Bexar County,48029
493813,Falcon Institute of Health and Science,-2,-2,Bethlehem,PA,18017-2113,9,3,3,1,-2,13,10900,1,-2,40.651462,-75.42429,Lehigh County,42077
493822,College Unbound,22,-2,Providence,RI,02903,2,1,2,1,1,12,39300,1,32,41.80644,-71.412848,Providence County,44007
493831,Midwest Barber College,-2,-2,Topeka,KS,66611-2358,9,3,3,1,-2,12,45820,1,-2,39.000284,-95.689254,Shawnee County,20177
493868,A Better U Beauty Barber Academy,-2,-2,Albuquerque,NM,87110,9,3,3,1,-2,11,10740,1,-2,35.11063,-106.583765,Bernalillo County,35001
493895,SANS Technology Institute,25,-2,North Bethesda,MD,20852,3,1,3,2,2,13,47900,1,28,39.040814,-77.110758,Montgomery County,24031
493910,Tuana European Beauty Academy,-2,-2,Fort Collins,CO,80524,9,3,3,1,-2,12,22660,1,-2,40.575844,-105.076724,Larimer County,8069
493947,Idaho College of Osteopathic Medicine,27,-2,Meridian,ID,83642,3,1,3,1,2,21,14260,1,-2,43.594515,-116.376042,Ada County,16001
493956,Cal Northern School of Law,-2,-2,Chico,CA,95973-8682,3,1,3,1,-2,12,17020,1,-2,39.774522,-121.839216,Butte County,6007
493974,College of Athens,-2,-2,Watkinsville,GA,30677,2,1,2,1,-2,22,12020,1,-2,33.849669,-83.421106,Oconee County,13219
493992,Southern Careers Institute-Waco,-2,-2,Waco,TX,76706-3756,6,2,3,1,-2,12,47380,1,-2,31.512387,-97.139246,McLennan County,48309
494001,Elevate Salon Institute,-2,-2,Durham,NC,27701-0000,9,3,3,-2,-2,11,20500,1,-2,35.993485,-78.898377,Durham County,37063
494010,Ponce Health Sciences University-St Louis,25,-2,St. Louis,MO,63103,3,1,3,1,1,11,41180,1,26,38.631435,-90.21479,St. Louis City,29510
494029,Lil Lou's Beauty and Barber College-Hammond,-2,-2,Hammond,IN,46320-1954,9,3,3,1,-2,21,16980,1,-2,41.611381,-87.521717,Lake County,18089
494162,Arizona College of Nursing-Dallas,28,-2,Dallas,TX,75243-1200,3,1,3,1,1,11,19100,1,-2,32.923106,-96.75999,Dallas County,48113
494232,The Salon Professional Academy-Washington DC,-2,-2,Washington,DC,20002-0000,9,3,3,1,-2,11,47900,1,-2,38.90294,-77.006322,District of Columbia,11001
494250,Valley College-Cleveland,21,-2,Cleveland,OH,44129-6810,6,2,3,1,2,21,17410,1,-2,41.419409,-81.747723,Cuyahoga County,39035
494278,EDP University of Puerto Rico-Humacao,28,-2,Humacao,PR,00791-0000,2,1,2,1,1,21,41980,1,13,18.150762,-65.82455,Humacao Municipio,72069
494287,EDP University of Puerto Rico-Manati,28,-2,Manati,PR,00674-0000,2,1,2,1,2,21,41980,1,26,18.429431,-66.490949,Manatí  Municipio,72091
494357,UEI College-Sacramento,-2,-2,Sacramento,CA,95823-2512,9,3,3,2,-2,21,40900,1,-2,38.494532,-121.454197,Sacramento County,6067
494436,Fortis Institute-Cookeville,28,-2,Cookeville,TN,38501-4305,6,2,3,1,1,33,18260,2,10,36.143291,-85.478765,Putnam County,47141
494463,Derech Hachaim Seminary,-2,-2,Monroe,NY,10950-6300,5,2,2,1,-2,13,28880,1,-2,41.337206,-74.161936,Orange County,36071
494472,Evvaylois Academy School of Beauty,-2,-2,Brenham,TX,77833,8,3,2,1,-2,32,14780,2,-2,30.148715,-96.388462,Washington County,48477
494524,Avenue Five Institute-South Austin Campus,-2,-2,Austin,TX,78704-3259,9,3,3,1,-2,11,12420,1,-2,30.221953,-97.756266,Travis County,48453
494542,Sattler College,-2,-2,Boston,MA,02114,2,1,2,1,-2,11,14460,1,-2,42.36064,-71.062111,Suffolk County,25025
494551,IE New York College,25,-2,New York,NY,10012,2,1,2,1,1,11,35620,1,20,40.723346,-74.001699,New York County,36061
494588,Pima Medical Institute-San Antonio,21,-2,San Antonio,TX,78213,6,2,3,1,2,11,41700,1,-2,29.488708,-98.540716,Bexar County,48029
494597,Faith Theological Seminary and Christian College,31,-2,Tampa,FL,33615,2,1,2,1,1,21,45300,1,-2,28.018844,-82.582376,Hillsborough County,12057
494603,The Southwestern Baptist Theological Seminary,25,-2,Fort Worth,TX,76115,2,1,2,2,2,11,19100,1,-2,32.681685,-97.348233,Tarrant County,48439
494621,Lotus Professional College,-2,-2,Richmond,VA,23229,3,1,3,1,-2,21,40060,1,-2,37.594751,-77.576237,Henrico County,51087
494630,Christ Mission College,31,-2,San Antonio,TX,78254-1000,2,1,2,1,1,21,41700,1,24,29.543412,-98.70699,Bexar County,48029
494649,Esteem Academy of Beauty,-2,-2,South Ogden,UT,84403-4374,9,3,3,1,-2,21,36260,1,-2,41.161895,-111.93946,Weber County,49057
494658,KC Beauty Academy,-2,-2,Los Angeles,CA,90012-4303,9,3,3,1,-2,11,31080,1,-2,34.048458,-118.235894,Los Angeles County,6037
494685,Urshan University,15,-2,Wentzville,MO,63385,2,1,2,1,1,21,41180,1,22,38.808034,-90.830252,St. Charles County,29183
494694,Texas Healthtech Institute,-2,-2,Beaumont,TX,77707-2604,6,2,3,1,-2,12,13140,1,-2,30.064641,-94.206012,Jefferson County,48245
494700,Xtylo Beauty College,-2,-2,Phoenix,AZ,85008-1303,9,3,3,1,-2,11,38060,1,-2,33.479573,-112.004521,Maricopa County,4013
494719,Tonsorial Arts Barber College,-2,-2,Texarkana,TX,75501-3264,9,3,3,1,-2,13,45500,1,-2,33.435351,-94.079302,Bowie County,48037
494728,Michael's Barber & Hair Stylist Academy,-2,-2,Irving,TX,75062-6016,9,3,3,1,-2,11,19100,1,-2,32.838765,-96.978283,Dallas County,48113
494737,Yeshiva Yesoda Hatorah Vetz Chaim,31,-2,Brooklyn,NY,11211-7106,2,1,2,1,1,11,35620,1,24,40.706959,-73.961026,Kings County,36047
494746,North-West College-San Diego,28,-2,San Diego,CA,92115-1506,3,1,3,1,2,11,41740,1,10,32.765537,-117.066577,San Diego County,6073
494755,West Virginia Junior College-United Career Institute,29,-2,Irwin,PA,15642-2704,6,2,3,1,1,21,38300,1,-2,40.321221,-79.690734,Westmoreland County,42129
494764,Aviation Institute of Maintenance-Charlotte,-2,-2,Charlotte,NC,28227-9403,6,2,3,1,-2,11,16740,1,-2,35.161941,-80.736311,Mecklenburg County,37119
494807,Ponce Health Sciences University-East,25,-2,Ponce,PR,00731-0000,3,1,3,1,2,12,38660,1,26,18.0083,-66.589688,Ponce Municipio,72113
494843,Fortis College-Landover,21,-2,Landover,MD,20785-2223,6,2,3,1,2,21,47900,1,10,38.949983,-76.866209,Prince George's County,24033
494852,Stautzenberger College-Rockford Career College,12,-2,Rockford,IL,61108-3900,6,2,3,1,2,12,40420,1,9,42.255903,-89.027291,Winnebago County,17201
494898,WellSpring School of Allied Health-Wichita,29,-2,Wichita,KS,67209,6,2,3,1,1,11,48620,1,10,37.673622,-97.443119,Sedgwick County,20173
494904,Access Careers-Islandia,-2,-2,Islandia,NY,11749-1599,9,3,3,1,-2,21,35620,1,-2,40.800874,-73.175617,Suffolk County,36103
494959,Northern Pennsylvania Regional College,24,-2,Warren,PA,16365,4,2,1,1,1,33,47620,2,3,41.845064,-79.147679,Warren County,42123
494986,Apex College of Veterinary Technology,21,-2,Colorado Springs,CO,80903,6,2,3,1,1,11,17820,1,13,38.828277,-104.813477,El Paso County,8041
494995,Meryma'at Barber College,-2,-2,Cleveland,OH,44111,6,2,3,1,-2,11,17410,1,-2,41.458723,-81.777912,Cuyahoga County,39035
495013,Western Maricopa Education Center,-2,-2,Glendale,AZ,85307,4,2,1,1,-2,21,38060,1,-2,33.535973,-112.292829,Maricopa County,4013
495031,Bais Medrash of Dexter Park,31,-2,Chestnut Ridge,NY,10977,2,1,2,1,1,21,35620,1,24,41.081404,-74.045927,Rockland County,36087
495040,Makana Esthetics Wellness Academy,-2,-2,Honolulu,HI,96817-5330,9,3,3,1,-2,11,46520,1,-2,21.315179,-157.869172,Honolulu County,15003
495059,Oak Valley College,24,-2,Rialto,CA,92377,2,1,2,1,1,21,40140,1,29,34.150067,-117.39089,San Bernardino County,6071
495077,Paul Mitchell the School-San Jose,-2,-2,San Jose,CA,95122,9,3,3,1,-2,11,41940,1,-2,37.325292,-121.814156,Santa Clara County,6085
495101,Zion Massage College,-2,-2,St. George,UT,84770-8819,9,3,3,1,-2,12,41100,1,-2,37.097894,-113.618974,Washington County,49053
495110,Great Lakes Boat Building School,-2,-2,Cedarville,MI,49719-9790,8,3,2,1,-2,43,-2,-2,-2,45.992299,-84.362578,Mackinac County,26097
495129,Austin Career Institute,-2,-2,Austin,TX,78752,9,3,3,1,-2,11,12420,1,-2,30.32685,-97.691089,Travis County,48453
495138,Professional Culinary Academy,-2,-2,Buffalo,NY,14222-1433,9,3,3,1,-2,11,15380,1,-2,42.920978,-78.876532,Erie County,36029
495147,Pacific Northwest Christian College,31,-2,Kennewick,WA,99336-5144,5,2,2,1,1,13,28420,1,-2,46.212057,-119.161961,Benton County,53005
495174,Hollywood Cultural College,-2,-2,Los Angeles,CA,90010,9,3,3,1,-2,11,31080,1,-2,34.061319,-118.299523,Los Angeles County,6037
495183,Mariano Moreno Culinary Institute,21,-2,Miami,FL,33145-2627,6,2,3,1,1,11,33100,1,-2,25.750902,-80.228896,Miami-Dade County,12086
495192,Alder Graduate School of Education,25,-2,Redwood City,CA,94062,2,1,2,1,2,13,41860,1,-2,37.486305,-122.239258,San Mateo County,6081
495208,Webb's Barber School of Arts,-2,-2,Macon,GA,31206-4118,9,3,3,1,-2,12,31420,1,-2,32.825269,-83.710533,Bibb County,13021
495217,Adrian H. Wallace Barber Academy,-2,-2,Pensacola,FL,32503-2802,9,3,3,1,-2,13,37860,1,-2,30.453536,-87.213526,Escambia County,12033
495226,St. Louis Med Tech,-2,-2,St. Louis,MO,63123-3107,8,3,2,1,-2,21,41180,1,-2,38.551852,-90.335689,St. Louis County,29189
495235,Total Beauty Institute,-2,-2,Jacksonville,FL,32208-5119,8,3,2,1,-2,11,27260,1,-2,30.37218,-81.657851,Duval County,12031
495244,Pearlands Innovative School of Beauty,-2,-2,Pearland,TX,77584-7891,9,3,3,1,-2,21,26420,1,-2,29.55683,-95.365954,Brazoria County,48039
495253,Durant Institute of Hair Design,-2,-2,Durant,OK,74701-3089,9,3,3,1,-2,32,20460,2,-2,34.005777,-96.405502,Bryan County,40013
495262,Premiere Aesthetics Institute,-2,-2,Bend,OR,97703-3230,9,3,3,1,-2,12,13460,1,-2,44.060956,-121.312742,Deschutes County,41017
495271,California Indian Nations College,3,-2,Palm Desert,CA,92211,4,2,1,1,1,13,40140,1,3,33.773732,-116.353365,Riverside County,6065
495280,Indian Bible College,31,-2,Flagstaff,AZ,86004-1919,2,1,2,1,1,13,22380,1,13,35.21783,-111.615734,Coconino County,4005
495299,Florida Professional Institute,-2,-2,Miami,FL,33155-6752,9,3,3,1,-2,21,33100,1,-2,25.733948,-80.324728,Miami-Dade County,12086
495305,The Professional Cosmetology Academy,-2,-2,Laredo,TX,78041-5930,9,3,3,1,-2,11,29700,1,-2,27.555981,-99.481765,Webb County,48479
495314,Hackensack Meridian School of Medicine,27,-2,Nutley,NJ,07110-1912,2,1,2,1,1,21,35620,1,-2,40.833902,-74.155128,Passaic County,34031
495341,Taylor Andrews Academy of Hair Design-Hair Lab Detroit Barber School,-2,-2,Southgate,MI,48195-2615,6,2,3,1,-2,21,19820,1,-2,42.198536,-83.214501,Wayne County,26163
495350,Paul Mitchell the School-North Tahoe,-2,-2,Truckee,CA,96161-0000,9,3,3,1,-2,32,46020,2,-2,39.324674,-120.222884,Nevada County,6057
495369,Paul Mitchell the School-Fort Lauderdale,-2,-2,Plantation,FL,33388-0000,9,3,3,1,-2,21,33100,1,-2,26.117978,-80.255003,Broward County,12011
495378,PCI Academy-Iowa City,-2,-2,Iowa City,IA,52240-6083,6,2,3,1,-2,13,26980,1,-2,41.642665,-91.503091,Johnson County,19103
495387,Larry's Barber College,-2,-2,Chicago,IL,60619-3101,9,3,3,1,-2,11,16980,1,-2,41.751137,-87.607449,Cook County,17031
495411,Paul Mitchell the School-Provo,-2,-2,Provo,UT,84606-3424,9,3,3,1,-2,12,39340,1,-2,40.24048,-111.642161,Utah County,49049
495420,Arizona College of Nursing-Tampa,28,-2,Tampa,FL,33607,3,1,3,1,1,11,45300,1,-2,27.955614,-82.523369,Hillsborough County,12057
495439,Arizona College of Nursing-Fort Lauderdale,28,-2,Fort Lauderdale,FL,33334-3637,3,1,3,1,1,12,33100,1,-2,26.205783,-80.138479,Broward County,12011
495448,Arizona College of Nursing-Tucson,28,-2,Tucson,AZ,85711,3,1,3,1,2,11,46060,1,-2,32.22113,-110.880434,Pima County,4019
495457,Arizona College of Nursing-Phoenix,28,-2,Phoenix,AZ,85053-4058,3,1,3,2,2,11,38060,1,-2,33.635804,-112.117327,Maricopa County,4013
495518,Empire Beauty School-Newport News,-2,-2,Newport News,VA,23602-6958,9,3,3,1,-2,12,47260,1,-2,37.114415,-76.504353,Newport News City,51700
495730,Tricoci University of Beauty Culture-Normal,-2,-2,Normal,IL,61761-4107,9,3,3,1,-2,22,14010,1,-2,40.531563,-89.001721,McLean County,17113
495776,Elite Welding Academy,-2,-2,Houston,TX,77087-2904,9,3,3,1,-2,11,26420,1,-2,29.700719,-95.298611,Harris County,48201
495794,Paul Mitchell the School-Murfreesboro-Nashville,-2,-2,Powder Springs,TN,30127-2541,9,3,3,1,-2,21,34980,1,-2,36.307117,-86.602367,Sumner County,47165
495837,Dorsey College-Woodhaven,-2,-2,Woodhaven,MI,48183-3319,9,3,3,1,-2,21,19820,1,-2,42.142483,-83.223919,Wayne County,26163
495916,Pathways College,24,-2,Phoenix,AZ,85006,2,1,2,1,1,11,38060,1,-2,33.472223,-112.06553,Maricopa County,4013
495934,San Joaquin Valley College-Delano,-2,-2,Delano,CA,93215-9691,9,3,3,1,-2,32,12540,1,-2,35.774826,-119.229077,Kern County,6029
495952,San Joaquin Valley College-Rancho Mirage,28,-2,Rancho Mirage,CA,92270-2701,6,2,3,1,1,21,40140,1,-2,33.798782,-116.390793,Riverside County,6065
495961,San Joaquin Valley College-Santa Maria,28,-2,Santa Maria,CA,93454-6921,6,2,3,1,1,12,42200,1,-2,34.937806,-120.433296,Santa Barbara County,6083
495970,Advantage Technical College-Aguadilla,-2,-2,Aguadilla,PR,00603-0000,9,3,3,1,-2,13,10380,1,-2,18.433012,-67.154491,Aguadilla Municipio,72005
495998,San Joaquin Valley College-Porterville,-2,-2,Porterville,CA,93257-3730,9,3,3,1,-2,23,47300,1,-2,36.071598,-119.01576,Tulare County,6107
496043,California University of Science and Medicine,25,-2,Colton,CA,92324-1603,2,1,2,1,1,21,40140,1,25,34.077252,-117.350487,San Bernardino County,6071
496052,Ruben's Five Star Academy,-2,-2,Lake Wales,FL,33859-4409,9,3,3,1,-2,21,29460,1,-2,27.955366,-81.614023,Polk County,12105
496061,Mason Anthony School of Cosmetology Arts & Sciences,-2,-2,Columbus,OH,43231-8252,6,2,3,1,-2,11,18140,1,-2,40.099821,-82.94276,Franklin County,39049
496186,California Institute of Arts & Technology-National City,21,-2,National City,CA,91950-6610,3,1,3,-1,2,21,41740,1,11,32.661577,-117.106076,San Diego County,6073
496265,Triangle Tech-Chambersburg,21,-2,Chambersburg,PA,17201-7834,6,2,3,1,1,23,16540,1,-2,39.995848,-77.642205,Franklin County,42055
496283,Provo College-Idaho Falls Campus,-2,-2,Idaho Falls,ID,83404-3538,3,1,3,1,-2,13,26820,1,-2,43.481,-112.00228,Bonneville County,16019
496326,Eagle Gate College-Boise Campus,28,-2,Boise,ID,83709-2505,3,1,3,1,1,12,14260,1,-2,43.59091,-116.298572,Ada County,16001
496371,Elite Welding Academy South Point,-2,-2,South Point,OH,45680-8849,9,3,3,1,-2,22,26580,1,-2,38.447233,-82.594354,Lawrence County,39087
496399,Agape College of Business and Science,-2,-2,Fresno,CA,93721-1827,2,1,2,1,-2,11,23420,1,-2,36.741252,-119.787874,Fresno County,6019
496405,Newlane University,-2,-2,Lehi,UT,84043,3,1,3,-1,-2,13,39340,1,-2,40.43093,-111.879451,Utah County,49049
496423,Zorganics Institute of Beauty and Wellness,-2,-2,Bellingham,WA,98226-8184,9,3,3,1,-2,13,13380,1,-2,48.791271,-122.495516,Whatcom County,53073
496469,Daybreak University,29,-2,Anaheim,CA,92806,2,1,2,1,1,11,31080,1,-2,33.837857,-117.88954,Orange County,6059
496478,Motion Picture Institute,-2,-2,Troy,MI,48084,9,3,3,1,-2,13,19820,1,-2,42.55223,-83.166066,Oakland County,26125
496520,Zen Shiatsu Chicago,-2,-2,Evanston,IL,60201-4317,9,3,3,1,-2,13,16980,1,-2,42.043862,-87.68287,Cook County,17031
496539,The  Salon Professional Academy of Holland,-2,-2,Holland,MI,49424-7521,9,3,3,1,-2,22,24340,1,-2,42.822173,-86.090522,Ottawa County,26139
496575,Dymond Designs Beauty School,-2,-2,Detroit,MI,48207-4236,9,3,3,1,-2,11,19820,1,-2,42.341646,-83.013866,Wayne County,26163
496618,National Institute for Medical Assistant Advancement (NIMAA),-2,-2,Denver,CO,80204,8,3,2,1,-2,11,19740,1,-2,39.741297,-105.042047,Denver County,8031
496627,California Northstate University,27,-2,Elk Grove,CA,95757-3001,3,1,3,1,2,21,40900,1,-2,38.405942,-121.481542,Sacramento County,6067
496636,Antigua College International,28,-2,Miami Lakes,FL,33016-1511,3,1,3,1,1,21,33100,1,-2,25.904817,-80.327618,Miami-Dade County,12086
496645,Burlington County Institute of Technology-Adult Education,-2,-2,Westampton,NJ,08060-3826,7,3,1,1,-2,41,37980,1,-2,40.018851,-74.822846,Burlington County,34005
496654,Sri Sai Krish Institute,-2,-2,ORANGE,CA,92869,6,2,3,1,-2,12,31080,1,-2,33.787459,-117.79648,Orange County,6059
496663,Riggins Urban Barber College,-2,-2,San Diego,CA,92114-3618,9,3,3,1,-2,11,41740,1,-2,32.706069,-117.086115,San Diego County,6073
496672,Hair Arts Institute,-2,-2,Oklahoma City,OK,73134,9,3,3,1,-2,11,36420,1,-2,35.621821,-97.567807,Oklahoma County,40109
496681,Florida Academy of Nursing,28,-2,Miramar,FL,33027-7000,3,1,3,1,1,21,33100,1,-2,25.980007,-80.34059,Broward County,12011
496690,Body Wisdom Massage Therapy School,-2,-2,Urbandale,IA,50322-2903,9,3,3,1,-2,21,19780,1,-2,41.629798,-93.734181,Polk County,19153
496706,Lakewood University,24,-2,Cleveland Heights,OH,44112-3044,2,1,2,1,1,21,17410,1,-2,41.53011,-81.561292,Cuyahoga County,39035
496715,CTK Healthcare & Career Institute,-2,-2,Irving,TX,75062-7861,9,3,3,1,-2,11,19100,1,-2,32.854097,-96.993287,Dallas County,48113
496724,Aesthetics Institute,-2,-2,St. Louis,MO,63123-3107,9,3,3,1,-2,21,41180,1,-2,38.551852,-90.335689,St. Louis County,29189
496733,Sierra Academy of Style,-2,-2,Carson City,NV,89701-6324,9,3,3,1,-2,13,16180,1,-2,39.150371,-119.762006,Carson City,32510
496751,Institute of Allied Healthcare,-2,-2,San Antonio,TX,78229-4538,9,3,3,1,-2,11,41700,1,-2,29.507147,-98.570242,Bexar County,48029
496803,NewU University,-2,-2,Washington,DC,20005,2,1,2,1,-2,11,47900,1,-2,38.909213,-77.037058,District of Columbia,11001
496894,Branford Academy of Hair & Cosmetology-Bridgeport,-2,-2,Bridgeport,CT,06610-3239,9,3,3,1,-2,12,14860,1,-2,41.186859,-73.163258,Greater Bridgeport Planning Region,9120
496919,United Education Institute-Las Vegas,-2,-2,Las Vegas,NV,89169-3012,9,3,3,1,-2,12,29820,1,-2,36.126687,-115.135647,Clark County,32003
496955,UEI College-Mesa,-2,-2,Mesa,AZ,85202,9,3,3,1,-2,11,38060,1,-2,33.394736,-111.862571,Maricopa County,4013
496964,Larry's Barber College-Joliet,-2,-2,Joliet,IL,60435-7352,9,3,3,1,-2,21,16980,1,-2,41.523437,-88.105455,Will County,17197
496973,Herzing University-Tampa,28,-2,Tampa,FL,33619-1311,2,1,2,1,1,21,45300,1,-2,27.976414,-82.335773,Hillsborough County,12057
496991,Galen Health Institutes-Miami Campus,28,-2,Pembroke Pines,FL,33027-6236,3,1,3,1,1,21,33100,1,-2,25.997073,-80.337924,Broward County,12011
497000,Remington College-Online Dallas,15,-2,Dallas,TX,75243,2,1,2,1,1,11,19100,1,-2,32.912073,-96.73302,Dallas County,48113
497037,Abilene Christian University-Undergraduate Online,22,-2,Addison,TX,75001,2,1,2,2,2,21,19100,1,-2,32.977065,-96.826833,Dallas County,48113
497046,Madera Community College,2,-2,Madera,CA,93638-8321,4,2,1,3,3,41,23420,1,-2,36.925132,-119.99787,Madera County,6039
497073,Ogle School Hair Skin Nails-Willowbrook,-2,-2,Houston,TX,77070-5656,9,3,3,1,-2,11,26420,1,-2,29.961825,-95.550032,Harris County,48201
497107,University of Silicon Andhra,23,-2,Milpitas,CA,95035,2,1,2,1,1,13,41940,1,-2,37.451094,-121.921105,Santa Clara County,6085
497116,Galen Health Institutes-Austin Campus,28,-2,Round Rock,TX,78681-2301,3,1,3,2,2,21,12420,1,-2,30.476575,-97.690907,Williamson County,48491
497125,Galen Health Institutes-Nashville Campus,28,-2,Nashville,TN,37203-5755,3,1,3,2,1,11,34980,1,-2,36.162229,-86.791569,Davidson County,47037
497161,Ohio Business College-Dayton-Driving Academy,-2,-2,Trotwood,OH,45426,9,3,3,1,-2,21,19430,1,-2,39.823721,-84.29184,Montgomery County,39113
497189,The Rapha School,-2,-2,Home,PA,15747-9615,9,3,3,1,-2,42,26860,2,-2,40.743997,-79.099123,Indiana County,42063
497198,Academy of Allied Health Careers,-2,-2,Chattanooga,TN,37411-5336,9,3,3,1,-2,12,16860,1,-2,35.008533,-85.214313,Hamilton County,47065
497204,Mei Barber School,-2,-2,Brownsville,TX,78520-5472,9,3,3,1,-2,12,15180,1,-2,25.907884,-97.505114,Cameron County,48061
497213,Great Northern University,15,-2,Spokane,WA,99207-2550,2,1,2,1,1,12,44060,1,-2,47.675837,-117.400562,Spokane County,53063
497222,Salon Professional Academy-Elevate Salon Institute,-2,-2,Miami Beach,FL,33139-3252,9,3,3,1,-2,13,33100,1,-2,25.786328,-80.144449,Miami-Dade County,12086
497268,Arizona College of Nursing-Salt Lake City,28,-2,Murray,UT,84123-2790,3,1,3,1,1,13,41620,1,-2,40.656372,-111.903426,Salt Lake County,49035
497277,Arizona College-Glendale,29,-2,Glendale,AZ,85302-3843,6,2,3,1,2,21,38060,1,-2,33.566263,-112.154175,Maricopa County,4013
497286,Universal Technical Institute-West Texas,21,-2,Austin,TX,78753-9742,6,2,3,2,1,11,12420,1,-2,30.415828,-97.660482,Travis County,48453
497301,Avalon Institute-Las Vegas,-2,-2,Las Vegas,NV,89102-0046,9,3,3,1,-2,21,29820,1,-2,36.142355,-115.206409,Clark County,32003
497310,Medspa Academies-National Institute of Modern Aesthetics,-2,-2,Las Vegas,NV,89113,9,3,3,1,-2,21,29820,1,-2,36.076399,-115.261445,Clark County,32003
497329,American Institute-Cherry Hill,-2,-2,Cherry Hill,NJ,08002-4309,6,2,3,1,-2,21,37980,1,-2,39.939428,-75.015417,Camden County,34007
497338,Glendale Career College-North-West College-Bakersfield,21,-2,Bakersfield,CA,93304-5075,6,2,3,1,1,11,12540,1,-2,35.339951,-119.035082,Kern County,6029
497356,Barber Education Academy,-2,-2,Laredo,TX,78041-6039,9,3,3,1,-2,11,29700,1,-2,27.555745,-99.48055,Webb County,48479
497365,Legends Barber College,-2,-2,Lufkin,TX,75904-3105,9,3,3,1,-2,33,31260,2,-2,31.331903,-94.754951,Angelina County,48005
497374,Academia Medical Institute,-2,-2,Columbus,OH,43204-0000,9,3,3,1,-2,11,18140,1,-2,39.955242,-83.092451,Franklin County,39049
497383,Barbers Trade School,-2,-2,Beaumont,TX,77701-3308,9,3,3,1,-2,12,13140,1,-2,30.081479,-94.097718,Jefferson County,48245
497392,Top of the Line Barber School,-2,-2,San Antonio,TX,78218-2109,9,3,3,1,-2,11,41700,1,-2,29.508769,-98.371419,Bexar County,48029
497408,Bridges Christian College,31,-2,New Orleans,LA,70115-6305,2,1,2,1,1,11,35380,1,-2,29.935984,-90.103551,Orleans Parish,22071
497417,Kino College,-2,-2,Tucson,AZ,85704-7802,9,3,3,1,-2,21,46060,1,-2,32.31959,-111.009455,Pima County,4019
497426,Salon Professional Academy,-2,-2,Howell,NJ,07731-3385,9,3,3,1,-2,21,35620,1,-2,40.137818,-74.221921,Monmouth County,34025
497435,Southern California College of Barber and Beauty,-2,-2,Escondido,CA,92025-1801,9,3,3,1,-2,21,41740,1,-2,33.127963,-117.085916,San Diego County,6073
497444,Hello Gorgeous Barbers Stillwater's School of Barbering,-2,-2,Stillwater,OK,74074-4104,9,3,3,1,-2,32,44660,2,-2,36.115482,-97.085786,Payne County,40119
497453,Jackson Theological Seminary,31,-2,North Little Rock,AR,72114-0000,2,1,2,1,1,13,30780,1,-2,34.758689,-92.261249,Pulaski County,5119
497462,Redeemers University North America,31,-2,Greenville,TX,75401-7614,2,1,2,1,1,42,19100,1,-2,33.146603,-96.238771,Hunt County,48231
497471,Personal Touch Beauty and Barber College,-2,-2,Kingstree,SC,29556-3346,9,3,3,1,-2,32,-2,-2,-2,33.665098,-79.832101,Williamsburg County,45089
497480,Reach University,22,-2,Oakland,CA,94612-1278,2,1,2,2,2,11,41860,1,-2,37.80566,-122.277476,Alameda County,6001
497499,Technology Learning Center,-2,-2,Oxford,MA,01540-1411,9,3,3,1,-2,21,49340,1,-2,42.11827,-71.900846,Worcester County,25027
497657,Hawaii Tokai International College,3,-2,Kapolei,HI,96707,5,2,2,1,1,21,46520,1,-2,21.357583,-158.05889,Honolulu County,15003
497675,Hair Academy,-2,-2,Chillicothe,OH,45601-2667,9,3,3,1,-2,32,17060,2,-2,39.345978,-82.979554,Ross County,39141
497684,Sweetwater Institute of Cosmetology,-2,-2,Sweetwater,TN,37874-3026,9,3,3,1,-2,31,-2,-2,-2,35.601126,-84.455725,Monroe County,47123
497693,Kansas Health Science University,-2,-2,Wichita,KS,67202,2,1,2,1,-2,11,48620,1,-2,37.685373,-97.33594,Sedgwick County,20173
497718,Academy for Jewish Religion,31,-2,Yonkers,NY,10701,2,1,2,1,1,21,35620,1,-2,40.936234,-73.90014,Westchester County,36119
497736,American College of Healthcare and Technology-Santa Ana,-2,-2,Santa Ana,CA,92705-8680,9,3,3,1,-2,11,31080,1,-2,33.759681,-117.840955,Orange County,6059
497745,Aviation Institute of Maintenance-Chicago,-2,-2,Chicago,IL,60609-2130,6,2,3,1,-2,11,16980,1,-2,41.825743,-87.664313,Cook County,17031
497824,Evangel University-College of Online Learning,15,-2,Springfield,MO,65802-2125,2,1,2,1,1,12,44180,1,-2,37.220956,-93.262614,Greene County,29077
497833,Marian University-Ancilla,12,-2,Plymouth,IN,46563-9475,2,1,2,1,1,42,38500,2,-2,41.337931,-86.445875,Marshall County,18099
497888,Spa Tech Institute-North Andover,-2,-2,North Andover,MA,01845-1613,9,3,3,1,-2,21,14460,1,-2,42.707614,-71.131873,Essex County,25009
497897,Aveda Arts & Sciences Institute Lafayette-Arlington,-2,-2,Arlington,VA,22203-2137,9,3,3,1,-2,12,47900,1,-2,38.878767,-77.111447,Arlington County,51013
497912,Concorde Career College-Broadway,-2,-2,Kansas City,MO,64111-2407,9,3,3,1,-2,11,28140,1,-2,39.068021,-94.589739,Jackson County,29095
497949,United Education Institute-Stone Mountain,-2,-2,Stone Mountain,GA,30083-2871,9,3,3,1,-2,21,12060,1,-2,33.805285,-84.191755,DeKalb County,13089
497958,UEI College-Tacoma,-2,-2,Tacoma,WA,98404-3344,9,3,3,1,-2,12,42660,1,-2,47.193187,-122.409173,Pierce County,53053
498003,Montgomery Beauty School-Baltimore Beauty & Barber School,-2,-2,Baltimore,MD,21237-3063,9,3,3,1,-2,21,12580,1,-2,39.33627,-76.485069,Baltimore County,24005
498012,Commonwealth of Puerto Rico Department of Education-PRAMI,-2,-2,Fajardo,PR,00738-0000,4,2,1,1,-2,23,41980,1,-2,18.300193,-65.6476,Fajardo Municipio,72053
498030,Universal Technical Institute-South Florida Miramar,-2,-2,Miramar,FL,33027-4139,6,2,3,1,-2,21,33100,1,-2,25.984525,-80.339008,Broward County,12011
498049,Arizona College of Nursing-Southfield,-2,-2,Southfield,MI,48033-7157,3,1,3,1,-2,13,19820,1,-2,42.48156,-83.260202,Oakland County,26125
498076,Galen Health Institutes-Sarasota,-2,-2,Sarasota,FL,34232-5421,3,1,3,1,-2,21,35840,1,-2,27.342303,-82.449266,Sarasota County,12115
498085,Galen Health Institutes-Gainesville,-2,-2,Gainesville,FL,32607-3704,3,1,3,1,-2,22,23540,1,-2,29.630471,-82.417064,Alachua County,12001
498094,Galen Health Institutes-Richmond,-2,-2,Richmond,VA,23225-5551,6,2,3,1,-2,21,40060,1,-2,37.506099,-77.528158,Chesterfield County,51041
498100,Galen Health Institutes-Myrtle Beach,-2,-2,Myrtle Beach,SC,29572-4180,6,2,3,1,-2,13,34820,1,-2,33.757616,-78.822568,Horry County,45051
498119,Galen Health Institutes-Asheville,-2,-2,Asheville,NC,28803-5007,3,1,3,1,-2,13,11700,1,-2,35.485235,-82.557273,Buncombe County,37021
498234,Larkin University,29,-2,Miami,FL,33169,2,1,2,1,1,21,33100,1,-2,25.943148,-80.200493,Miami-Dade County,12086
498289,Pontifex University,31,-2,Atlanta,GA,30327,2,1,2,1,1,11,12060,1,-2,33.877785,-84.410399,Fulton County,13121
498298,The Salon Professional Academy Maplewood,-2,-2,Maplewood,MN,55109,9,3,3,1,-2,21,33460,1,-2,45.032418,-93.014643,Ramsey County,27123
498322,Xtylo Beauty College,-2,-2,Tolleson,AZ,85353-0001,9,3,3,1,-2,21,38060,1,-2,33.460108,-112.255755,Maricopa County,4013
498331,San Francisco School of Massage & Bodywork,-2,-2,San Francisco,CA,94103-3416,9,3,3,1,-2,11,41860,1,-2,37.765421,-122.421684,San Francisco County,6075
498340,Chancellor Institute,-2,-2,Ft Laurderdale,FL,33309,6,2,3,1,-2,12,33100,1,-2,26.201792,-80.185274,Broward County,12011
498359,The Salon Professional Academy,-2,-2,Collegeville,PA,19426-2025,9,3,3,1,-2,21,37980,1,-2,40.194259,-75.469299,Montgomery County,42091
498368,Studio 75 Hair Academy,-2,-2,Millington,TN,38053-2066,9,3,3,1,-2,31,32820,1,-2,35.34177,-89.897765,Shelby County,47157
498377,Commercial Diving Technologies Institute,-2,-2,Hudson,FL,34667-6613,9,3,3,-2,-2,21,45300,1,-2,28.407378,-82.651569,Pasco County,12101
498386,Boone Career and Technical Center,-2,-2,Foster,WV,25081-8126,4,2,1,1,-2,42,16620,1,-2,38.103362,-81.809645,Boone County,54005
498401,Edge Academy of Beauty,-2,-2,Manchester,KY,40962-8700,9,3,3,1,-2,43,18340,2,-2,37.139393,-83.771185,Clay County,21051
498410,Premier Barber School,-2,-2,Houston,TX,77088-2518,9,3,3,1,-2,11,26420,1,-2,29.89282,-95.480589,Harris County,48201
498447,Arizona College of Nursing-Falls Church,-2,-2,Falls Church,VA,22042-4566,3,1,3,1,-2,21,47900,1,-2,38.860531,-77.218156,Fairfax County,51059
498456,Arizona College of Nursing-Ontario,-2,-2,Ontario,CA,91761-1201,3,1,3,1,-2,12,40140,1,-2,34.06676,-117.578071,San Bernardino County,6071
498474,Galen Health Institutes-Houston,-2,-2,Houston,TX,77041-8241,3,1,3,2,-2,11,26420,1,-2,29.839951,-95.562419,Harris County,48201
498483,Galen Health Institutes-Pikeville,-2,-2,Pikeville,KY,41501-1321,6,2,3,1,-2,33,38210,2,-2,37.472974,-82.530172,Pike County,21195
498553,Stellar Career College,-2,-2,Chicago,IL,60606-0000,9,3,3,1,-2,11,16980,1,-2,41.884375,-87.634151,Cook County,17031
498562,Commonwealth University of Pennsylvania,19,-2,Bloomsburg,PA,17815,1,1,1,4,3,32,14100,2,-2,41.00782,-76.447844,Columbia County,42037
498571,Pennsylvania Western University,17,-2,California,PA,15419,1,1,1,4,3,32,38300,1,18,40.064964,-79.88679,Washington County,42125
498623,Justice University,-2,-2,Chandler,AZ,85286-5170,2,1,2,1,-2,11,38060,1,-2,33.265556,-111.787434,Maricopa County,4013
498641,I M Beauty School,-2,-2,Glenview,IL,60025,9,3,3,1,-2,21,16980,1,-2,42.066686,-87.850383,Cook County,17031
498669,Aveda Institute Montana,-2,-2,Billings,MT,59102-3805,9,3,3,1,-2,12,13740,1,-2,45.778914,-108.575858,Yellowstone County,30111
498739,Lehigh Career & Technical Institute,-2,-2,Schnecksville,PA,18078-2599,7,3,1,1,-2,41,10900,1,-2,40.663935,-75.608575,Lehigh County,42077
498748,CalCopa Massage School,-2,-2,Huntington Beach,CA,92648-2071,9,3,3,1,-2,21,31080,1,-2,33.692932,-117.98744,Orange County,6059
498757,Medical Solutions Academy,-2,-2,Danville,VA,24541-1054,9,3,3,1,-2,32,19260,2,-2,36.591484,-79.399367,Danville City,51590
498766,Sami Halaseh Institute,-2,-2,Andover,KS,67002-8746,9,3,3,1,-2,21,48620,1,-2,37.704457,-97.133845,Butler County,20015
498775,Beaver Beauty Academy,-2,-2,Decatur,GA,30032-4281,9,3,3,1,-2,21,12060,1,-2,33.732385,-84.284219,DeKalb County,13089
498784,Upper Kutz Barber & Style College,-2,-2,Greenville,MS,38701-5962,9,3,3,1,-2,33,24740,2,-2,33.396294,-91.038985,Washington County,28151
498793,All In The Wrist Barber Academy,-2,-2,Smyrna,DE,19977-1511,9,3,3,1,-2,22,20100,1,-2,39.30507,-75.605433,Kent County,10001
498809,Yeshiva of Kasho,-2,-2,Brooklyn,NY,11231-3819,2,1,2,1,-2,11,35620,1,-2,40.671255,-74.00015,Kings County,36047
498818,Cutting Edge Barber Academy,-2,-2,Lancaster,PA,17603-4229,9,3,3,1,-2,13,29540,1,-2,40.039119,-76.308585,Lancaster County,42071
498827,JT's Cuts Academy,-2,-2,Fort Lauderdale,FL,33334-2765,9,3,3,1,-2,21,33100,1,-2,26.165724,-80.136204,Broward County,12011
498836,The Nurse Academy,-2,-2,National City,CA,91950-2964,9,3,3,1,-2,21,41740,1,-2,32.682892,-117.082699,San Diego County,6073
498845,Heartland Welding Academy,-2,-2,Andover,KS,67002-9778,9,3,3,1,-2,21,48620,1,-2,37.697688,-97.134406,Butler County,20015
498854,Jazz Barber and Hairstyling Academy,-2,-2,Petersburg,VA,23803-3508,9,3,3,1,-2,21,40060,1,-2,37.234402,-77.386325,Petersburg City,51730
498863,Renaissance Beauty Academy,-2,-2,Cape Girardeau,MO,63703-4918,9,3,3,1,-2,13,16020,1,-2,37.297396,-89.573395,Cape Girardeau County,29031
498872,Central Valley Barber College,-2,-2,Riverbank,CA,95367-2024,9,3,3,1,-2,21,33700,1,-2,37.738336,-120.932216,Stanislaus County,6099
498881,One Stop Academy,-2,-2,Fayetteville,NC,28306-8490,9,3,3,1,-2,21,22180,1,-2,34.99585,-78.966393,Cumberland County,37051
498890,East Texas Cosmetology College,-2,-2,Lufkin,TX,75904-7137,9,3,3,1,-2,33,31260,2,-2,31.283266,-94.733362,Angelina County,48005
498906,Yeshivas Sanz Klauzenburg,-2,-2,Brooklyn,NY,11219-3631,2,1,2,1,-2,11,35620,1,-2,40.632725,-73.990129,Kings County,36047
498915,Agora University,-2,-2,Burke,VA,22015,2,1,2,-1,-2,21,47900,1,-2,38.775104,-77.265929,Fairfax County,51059
498924,URBE University,-2,-2,Sweetwater,FL,33172-1852,3,1,3,1,-2,21,33100,1,-2,25.791406,-80.382355,Miami-Dade County,12086
498951,Art22 Academy,-2,-2,Fort Wayne,IN,46804,9,3,3,1,-2,11,23060,1,-2,41.062673,-85.219935,Allen County,18003
498960,Healthcare Workforce Training Institute,-2,-2,Eau Claire,WI,54701,9,3,3,-1,-2,13,20740,1,-2,44.834198,-91.52967,Eau Claire County,55035
499033,Champ's Barber School-Lebanon,-2,-2,Lebanon,PA,17042-0001,9,3,3,1,-2,13,30140,1,-2,40.338376,-76.424687,Lebanon County,42075
499079,Collectiv Hair Dressing Academy-Collectiv Academy-Dallas,-2,-2,Dallas,TX,75248-4073,9,3,3,1,-2,11,19100,1,-2,32.963087,-96.790828,Dallas County,48113
499103,Homestead Schools-Costa Mesa,-2,-2,Costa Mesa,CA,92626-3079,8,3,2,1,-2,12,31080,1,-2,33.685098,-117.884488,Orange County,6059
499130,Innovate Salon Academy,-2,-2,Brick Township,NJ,08723-3413,9,3,3,1,-2,21,35620,1,-2,40.062664,-74.143704,Ocean County,34029
499149,Herzing University-Nashville,-2,-2,Nashville,TN,37214-3450,2,1,2,1,-2,11,34980,1,-2,36.154732,-86.63453,Davidson County,47037
499176,College of Biomedical Equipment Technology,-2,-2,Schertz,TX,78154,6,2,3,1,-2,21,41700,1,-2,29.56194,-98.289612,Guadalupe County,48187
499185,Dorsey College-Grand Rapids,-2,-2,Grand Rapids,MI,49546-1338,9,3,3,1,-2,21,24340,1,-2,42.916234,-85.542671,Kent County,26081
499255,Baltimore Beauty & Barber School II,-2,-2,Timonium,MD,21093-3208,9,3,3,1,-2,21,12580,1,-2,39.444853,-76.624887,Baltimore County,24005
499273,Galen Health Institutes-Dallas,-2,-2,Richardson,TX,75080-1135,3,1,3,2,-2,12,19100,1,-2,33.000073,-96.751892,Collin County,48085
499282,Galen Health Institutes-Roanoke,-2,-2,Roanoke,VA,24018-1604,6,2,3,1,-2,22,40220,1,-2,37.248679,-80.037445,Roanoke County,51161
499291,Galen Health Institutes-Wichita,-2,-2,Wichita,KS,67214-4923,6,2,3,1,-2,11,48620,1,-2,37.696007,-97.299612,Sedgwick County,20173
499307,Galen Health Institutes-Salt Lake City,-2,-2,Draper,UT,84020-1930,6,2,3,1,-2,21,41620,1,-2,40.503343,-111.901646,Salt Lake County,49035
499325,"Academy of Cosmetology, Barbering, and Esthetics",-2,-2,Oklahoma City,OK,73159-6902,9,3,3,1,-2,11,36420,1,-2,35.374805,-97.547105,Cleveland County,40027
499334,Aveda Institute Tucson-Avondale,-2,-2,Avondale,AZ,85323-5001,9,3,3,1,-2,21,38060,1,-2,33.454583,-112.304885,Maricopa County,4013
499361,Premiere Aesthetics Institute-Meridian,-2,-2,Meridian,ID,83642-5210,9,3,3,1,-2,21,14260,1,-2,43.588507,-116.364015,Ada County,16001
499370,Arizona College of Nursing-Sarasota,-2,-2,University Park,FL,34201-2142,3,1,3,1,-2,21,35840,1,-2,27.397535,-82.452156,Manatee County,12081
499389,Arizona College of Nursing-Aurora,-2,-2,Aurora,CO,80014-3511,3,1,3,1,-2,11,19740,1,-2,39.660088,-104.836952,Arapahoe County,8005
499398,Arizona College of Nursing-Cincinnati,-2,-2,Cincinnati,OH,45249-1655,3,1,3,1,-2,21,17140,1,-2,39.275361,-84.34767,Hamilton County,39061
499404,Arizona College of Nursing-Cleveland,-2,-2,Beachwood,OH,44122-7343,3,1,3,1,-2,21,17410,1,-2,41.46601,-81.493304,Cuyahoga County,39035
499413,Glendale Career College-North-West College-MFSON,-2,-2,West Covina,CA,91790-2097,6,2,3,1,-2,21,31080,1,-2,34.072193,-117.948751,Los Angeles County,6037
499422,Denver College of Nursing-Houston,-2,-2,Houston,TX,77079-3021,3,1,3,1,-2,11,26420,1,-2,29.781312,-95.607143,Harris County,48201
499495,Gwinnett Institute,-2,-2,Orlando,FL,32826-4735,3,1,3,1,-2,21,36740,1,-2,28.571233,-81.208356,Orange County,12095
499529,Townsend Barber Institute,-2,-2,Roseville,MN,55113-0000,9,3,3,1,-2,21,33460,1,-2,45.005478,-93.129195,Ramsey County,27123
499538,Puerto Rico Advance Institute,-2,-2,Bayamon,PR,00961-0000,8,3,2,1,-2,12,41980,1,-2,18.399161,-66.154489,Bayamón Municipio,72021
499547,Austin Medical Assistant Training,-2,-2,Forest Hills,NY,11375-0000,6,2,3,1,-2,11,35620,1,-2,40.719358,-73.841581,Queens County,36081
499556,Albany Beauty Academy,-2,-2,Albany,GA,31707-3200,9,3,3,1,-2,13,10500,1,-2,31.603151,-84.203041,Dougherty County,13095
499608,Wade Gordon Hairdressing Academy-Oklahoma,-2,-2,Oklahoma City,OK,73159,9,3,3,1,-2,11,36420,1,-2,35.393846,-97.551553,Oklahoma County,40109
499635,EDP University of Puerto Rico-Caguas,-2,-2,Caguas,PR,00726-0000,2,1,2,1,-2,13,41980,1,-2,18.242649,-66.025309,Caguas Municipio,72025
499662,Aviation Institute of Maintenance-Phoenix,-2,-2,Phoenix,AZ,85040-8605,6,2,3,1,-2,11,38060,1,-2,33.410174,-112.01036,Maricopa County,4013
499671,Galen Health Institutes-Las Vegas,-2,-2,Las Vegas,NV,89148-4858,3,1,3,1,-2,21,29820,1,-2,36.071855,-115.294893,Clark County,32003
499680,Stellar Career College-Crown Point,-2,-2,Crown Point,IN,46307-1117,6,2,3,1,-2,21,16980,1,-2,41.474242,-87.401656,Lake County,18089
499705,Tulsa Welding School-Dallas Campus,-2,-2,Irving,TX,75602-4805,9,3,3,2,-2,11,19100,1,-2,32.836133,-96.93712,Dallas County,48113
499723,Barber Tech Academy-Columbia,-2,-2,Columbia,SC,29210-0000,9,3,3,1,-2,12,17900,1,-2,34.032705,-81.092863,Richland County,45079
499732,Windsor University,-2,-2,Washington,DC,20006,3,1,3,1,-2,11,47900,1,-2,38.901774,-77.040502,District of Columbia,11001
499741,Crescent Training dba Crescent Career Center,-2,-2,Mendota Heights,MN,55120,9,3,3,-1,-2,21,33460,1,-2,44.864554,-93.151303,Dakota County,27037
499769,Portland Fashion Institute,-2,-2,Portland,OR,97213,5,2,2,1,-2,11,38900,1,-2,45.537965,-122.618578,Multnomah County,41051
499811,Ricketts Great Books College,-2,-2,Omaha,NE,68114,3,1,3,1,-2,11,36540,1,-2,41.264089,-96.054981,Douglas County,31055
499820,Diverse Media Institute,-2,-2,St. Paul,MN,55401,5,2,2,1,-2,11,33460,1,-2,44.954437,-93.149735,Ramsey County,27123
499839,Hot Rod Institute,-2,-2,Rapid City,SD,57701,6,2,3,-1,-2,13,39660,1,-2,44.109756,-103.210648,Pennington County,46103
499866,Atlantic Acting School,-2,-2,New York,NY,10011,5,2,2,1,-2,11,35620,1,-2,40.74193,-74.004249,New York County,36061
499875,Mosdos Yaakov V'Yisroel,-2,-2,Lakewood,NJ,08701-2925,2,1,2,1,-2,21,35620,1,-2,40.094783,-74.253772,Ocean County,34029
499884,Jama's Beauty & Barber College,-2,-2,West Hills,CA,91304-3023,9,3,3,1,-2,11,31080,1,-2,34.219652,-118.646193,Los Angeles County,6037
499893,West Coast Barber College,-2,-2,Oceanside,CA,92058-1472,9,3,3,1,-2,21,41740,1,-2,33.224473,-117.331497,San Diego County,6073
499918,C N K Barber College,-2,-2,Tupelo,MS,38801-4902,9,3,3,1,-2,33,46180,2,-2,34.246562,-88.718171,Lee County,28081
499927,South Post Oak Barber College,-2,-2,Houston,TX,77045-5249,9,3,3,1,-2,11,26420,1,-2,29.620632,-95.46458,Harris County,48201
499936,Petra College,-2,-2,Hammond,LA,70401-1551,9,3,3,1,-2,13,25220,1,-2,30.517618,-90.482467,Tangipahoa Parish,22105
499945,Brighton Barber Institute,-2,-2,Hurst,TX,76054-3058,9,3,3,1,-2,21,19100,1,-2,32.848924,-97.170255,Tarrant County,48439
499954,Kentucky Welding Institute,-2,-2,Flemingsburg,KY,41041-8138,9,3,3,1,-2,43,-2,-2,-2,38.446725,-83.743777,Fleming County,21069
499963,Precision Welding Academy,-2,-2,Katy,TX,77449-7605,9,3,3,1,-2,21,26420,1,-2,29.856831,-95.684252,Harris County,48201
499972,Southwest Michigan Beauty School,-2,-2,Sturgis,MI,49091-2061,9,3,3,1,-2,32,44780,2,-2,41.791014,-85.429184,St. Joseph County,26149
499981,Southwest University of Naprapathic Medicine,-2,-2,Santa Fe,NM,87505-5764,3,1,3,1,-2,13,42140,1,-2,35.657224,-105.948724,Santa Fe County,35049
499990,Berea Beauty Academy,-2,-2,Berea,KY,40403-8004,9,3,3,1,-2,32,40080,2,-2,37.597915,-84.323448,Madison County,21151
500005,Affinity Hair Academy,-2,-2,Orlando,FL,32837-7718,9,3,3,1,-2,21,36740,1,-2,28.386925,-81.402081,Orange County,12095
500014,ICR Florida Education,-2,-2,North Miami Beach,FL,33162-2447,9,3,3,1,-2,21,33100,1,-2,25.929016,-80.187356,Miami-Dade County,12086
500023,Empire Beauty School-Indianapolis,-2,-2,Indianapolis,IN,46237-8557,9,3,3,1,-2,11,26900,1,-2,39.652185,-86.082066,Marion County,18097
500041,Kennedy University of Baptist,-2,-2,Miami,FL,33132,2,1,2,1,-2,11,33100,1,-2,25.775441,-80.191745,Miami-Dade County,12086
500069,ACUPUNCTURE AND MASSAGE SCHOOL OF ORIENTAL MEDICINE,-2,-2,SOUTHFILED USA,MI,48034,9,3,3,-1,-2,13,19820,1,-2,42.496704,-83.303027,Oakland County,26125
500087,Doral College,-2,-2,Doral,FL,33172,2,1,2,1,-2,13,33100,1,-2,25.79809,-80.376527,Miami-Dade County,12086
500096,Lincoln College of Technology-East Point,-2,-2,East Point,GA,30344-0000,6,2,3,1,-2,21,12060,1,-2,33.653126,-84.514816,Fulton County,13121
500120,Tidewater Tech-East Little Creek,-2,-2,Norfolk,VA,23518-3205,9,3,3,1,-2,12,47260,1,-2,36.914496,-76.216355,Norfolk City,51710
500139,Purdue University - Indianapolis,-2,-2,Indianapolis,IN,46202,99,-3,-3,-2,-2,11,26900,1,-2,39.772948,-86.172217,Marion County,18097
500157,Lil Lou's Beauty and Barber College - South Bend,-2,-2,South Bend,IN,46615-0000,9,3,3,1,-2,12,43780,1,-2,41.665949,-86.204717,St. Joseph County,18141
500175,Casa Loma College - Aurora,-2,-2,Aurora,CO,80014-0000,99,-3,-3,-2,-2,11,19740,1,-2,39.662015,-104.859114,Arapahoe County,8005
500184,Western Maricopa Education Center - Northwest Campus,-2,-2,Suprise,AZ,85374-7087,99,-3,-3,-2,-2,21,38060,1,-2,33.63329,-112.344376,Maricopa County,4013
500193,Unitek College - Sacramento,-2,-2,Sacramento,CA,95825-8500,99,-3,-3,-2,-2,21,40900,1,-2,38.644455,-121.380561,Sacramento County,6067
500209,Unitek College - Concord,-2,-2,Concord,CA,94520-7982,99,-3,-3,-2,-2,21,41860,1,-2,37.97043,-122.050816,Contra Costa County,6013
500218,Unitek College - Bakersfield,-2,-2,Bakersfield,CA,93303-0000,99,-3,-3,-2,-2,11,12540,1,-2,35.351681,-119.059841,Kern County,6029
500227,Unitek College - Reno,-2,-2,Reno,NV,89502-6057,99,-3,-3,-2,-2,11,39900,1,-2,39.475283,-119.787073,Washoe County,32031
500236,Jersey College - Mesa,-2,-2,Mesa,AZ,85209-3316,99,-3,-3,-2,-2,11,38060,1,-2,33.391817,-111.611075,Maricopa County,4013
500245,Jersey College - Dothan,-2,-2,Dothan,AL,36305-1045,99,-3,-3,-2,-2,13,20020,1,-2,31.235093,-85.450087,Houston County,1069
500254,Indiana University - Purdue University Indianapolis - Columbus Ctr,-2,-2,Columbus,IN,47203-1769,99,-3,-3,-2,-2,13,18020,1,-2,39.251952,-85.902825,Bartholomew County,18005
500263,Indiana University - Purdue University Indianapolis - IU Fort Wayne,-2,-2,Fort Wayne,IN,46805-1499,99,-3,-3,-2,-2,11,23060,1,-2,41.117278,-85.108962,Allen County,18003
500272,Northland Community and Technical College - Aerospace,-2,-2,Thief River Falls,MN,56701-8437,99,-3,-3,-2,-2,41,-2,-2,-2,48.066854,-96.1787,Pennington County,27113
500281,Washington State University - Global Campus,-2,-2,Pullman,WA,99164-5220,99,-3,-3,-2,-2,32,39420,2,-2,46.731872,-117.164447,Whitman County,53075
500290,Arizona College of Nursing - Chesapeake,-2,-2,Chesapeake,VA,23320-4686,3,1,3,1,-2,11,47260,1,-2,36.768088,-76.240372,Chesapeake City,51550
500306,Arizona College of Nursing - Hartford,-2,-2,East Hartford,CT,06108-3288,3,1,3,1,-2,13,25540,1,-2,41.768617,-72.662653,Capitol Planning Region,9110
500315,Illinois Eastern Community Colleges - Olney Central College,-2,-2,Olney,IL,62450-2227,99,-3,-3,-2,-2,33,-2,-2,-2,38.735913,-88.099589,Richland County,17159
500324,UCAS University of Cosmetology Arts & Sciences - 03,-2,-2,Brownsville,TX,78521-1462,9,3,3,1,-2,12,15180,1,-2,25.93858,-97.497663,Cameron County,48061
500333,Arizona College of Nursing-St Louis,-2,-2,Maryland Heights,MO,63146-4011,3,1,3,1,-2,21,41180,1,-2,38.690785,-90.449253,St. Louis County,29189
500342,EDvance College,-2,-2,San Francisco,CA,94104,2,1,2,1,-2,11,41860,1,-2,37.789663,-122.40148,San Francisco County,6075
500379,High Alternative Education,-2,-2,San Juan,PR,00910-0000,9,3,3,1,-2,11,41980,1,-2,18.440416,-66.061009,San Juan Municipio,72127
500388,Virginia Barber School,-2,-2,Richmond,VA,23227-1623,9,3,3,1,-2,21,40060,1,-2,37.630378,-77.441945,Henrico County,51087
500397,Aguilas International Technical Institute,-2,-2,Tampa,FL,33615,9,3,3,1,-2,21,45300,1,-2,28.024186,-82.563648,Hillsborough County,12057
500403,Miami Barber Institute,-2,-2,Miami,FL,33165-4434,9,3,3,1,-2,21,33100,1,-2,25.733484,-80.376112,Miami-Dade County,12086
500412,Modern Male Barber Academy,-2,-2,Lansdale,PA,19446-0061,9,3,3,1,-2,21,37980,1,-2,40.243364,-75.285944,Montgomery County,42091
500421,Epic Barber College,-2,-2,Houston,TX,77015-2800,9,3,3,1,-2,21,26420,1,-2,29.793329,-95.194505,Harris County,48201
500430,Mosley School of Cosmetology,-2,-2,Kentwood,MI,49508-5272,9,3,3,1,-2,13,24340,1,-2,42.882294,-85.604279,Kent County,26081
500449,New Orleans Culinary and Hospitality Institute,-2,-2,New Orleans,LA,70130-3919,8,3,2,1,-2,11,35380,1,-2,29.944388,-90.073308,Orleans Parish,22071
500458,Pure Aesthetics Natural Skincare School - Arizona Holistic Institute,-2,-2,Tucson,AZ,85712,99,-3,-3,-2,-2,11,46060,1,-2,32.23572,-110.929841,Pima County,4019
500467,Glitz School of Cosmetology -  Santa Fe Campus,-2,-2,Santa Fe,NM,87508,9,3,3,1,-2,41,42140,1,-2,35.596425,-106.012848,Santa Fe County,35049
500476,Arizona State University - ASU California Center - Broadway,-2,-2,Los Angeles,CA,90015-2205,99,-3,-3,-2,-2,11,31080,1,-2,34.039355,-118.25968,Los Angeles County,6037
500485,Arizona State University - ASU California Center - Grand,-2,-2,Los Angeles,CA,90015-1421,99,-3,-3,-2,-2,11,31080,1,-2,34.044209,-118.25993,Los Angeles County,6037
500494,Pivot Point Academy - Wahl Barber Academy,-2,-2,Chicago,IL,60631,9,3,3,-2,-2,11,16980,1,-2,41.986156,-87.838707,Cook County,17031
500500,Pardee RAND Graduate School - Virginia,-2,-2,Arlington,VA,22202-5050,99,-3,-3,-2,-2,12,47900,1,-2,38.86347,-77.060264,Arlington County,51013
500519,Urban Barber College - Modesto,-2,-2,Modesto,CA,95351-0000,99,-3,-3,-2,-2,12,33700,1,-2,37.638406,-121.013098,Stanislaus County,6099
500528,Pro Beauty Academy (The) - Kenilworth,-2,-2,Kenilworth,NJ,07033,99,-3,-3,-2,-2,21,35620,1,-2,40.688901,-74.294718,Union County,34039
500537,UR Beauty & Barber Academy-At True Family Barber Academy,-2,-2,Winter Haven,FL,33884,9,3,3,1,-2,21,29460,1,-2,27.989284,-81.663051,Polk County,12105
500546,Bluefield University - Edward Via College - Auburn,-2,-2,Auburn,AL,36832-0000,99,-3,-3,-2,-2,13,12220,1,-2,32.589481,-85.491174,Lee County,1081
500555,Shearz Institute,-2,-2,Lithia Springs,GA,30122,9,3,3,1,-2,21,12060,1,-2,33.79111,-84.622929,Douglas County,13097
