UNITID,INSTNM,STABBR,IC2025,RPU_Flag,Primarily_Associate_Flag,CBSA_FIPS,CBSA_Name,Pell_PCT,UnderRepMinority_PCT_22_23,Access_Ratio,Access_Geo_Flag,8Yr_MedEarnings,SAECCompEarnings,Earnings_Ratio,SAEC25
100654,Alabama A & M University,Alabama,Mixed Undergraduate/Graduate-Master's Large/Medium,1,0,26620,"Huntsville, AL",0.6447,0.9756,2.67,,31992.0,27976.505986562563,1.14,"Higher Access, Medium Earnings"
100663,University of Alabama at Birmingham,Alabama,Professions-focused Undergraduate/Graduate-Doctorate Large,1,0,13820,"Birmingham, AL",0.3384,0.3928,1.12,,51431.0,34933.03443050687,1.47,"Higher Access, Medium Earnings"
100690,Amridge University,Alabama,Special Focus: Graduate Studies,0,0,33860,"Montgomery, AL",0.6842,0.7281,,,34613.0,,,Not Classified in SAEC
100706,University of Alabama in Huntsville,Alabama,Mixed Undergraduate/Graduate-Doctorate Medium,0,0,26620,"Huntsville, AL",0.2308,0.2251,0.7,,61771.0,32031.20080693685,1.93,"Lower Access, Higher Earnings"
100724,Alabama State University,Alabama,Special Focus: Arts and Sciences,1,0,33860,"Montgomery, AL",0.7203,0.9827,2.21,,32520.0,25393.56679165388,1.28,"Higher Access, Medium Earnings"
100751,The University of Alabama,Alabama,Professions-focused Undergraduate/Graduate-Doctorate Large,0,0,46220,"Tuscaloosa, AL",0.186,0.2195,0.61,,56012.0,35302.47609516351,1.59,"Lower Access, Higher Earnings"
100760,Central Alabama Community College,Alabama,Mixed Associate Small,0,1,10760,"Alexander City, AL",0.5213,0.3224,1.15,,31468.0,29982.31007584257,1.05,"Higher Access, Medium Earnings"
100812,Athens State University,Alabama,Professions-focused Baccalaureate Small,1,0,26620,"Huntsville, AL",0.4333,0.2339,,,48014.0,,,Not Classified in SAEC
100830,Auburn University at Montgomery,Alabama,Mixed Undergraduate/Graduate-Master's Large/Medium,1,0,33860,"Montgomery, AL",0.4596,0.5273,1.17,,42659.0,31428.2056250072,1.36,"Higher Access, Medium Earnings"
100858,Auburn University,Alabama,Professions-focused Undergraduate/Graduate-Doctorate Large,0,0,12220,"Auburn-Opelika, AL",0.1257,0.1208,0.36,,61406.0,34742.42736383501,1.77,"Lower Access, Higher Earnings"
100937,Birmingham-Southern College,Alabama,Special Focus: Arts and Sciences,0,0,13820,"Birmingham, AL",0.2273,0.2244,0.67,,53677.0,34527.67508621611,1.55,"Lower Access, Higher Earnings"
101028,Chattahoochee Valley Community College,Alabama,Mixed Associate Small,0,1,17980,"Columbus, GA-AL",0.5831,0.6478,1.37,,34321.0,30095.390589894803,1.14,"Higher Access, Medium Earnings"
101116,South University-Montgomery,Alabama,Special Focus: Other Health Professions,0,1,33860,"Montgomery, AL",0.6952,0.7893,1.74,,32897.0,27199.086557141134,1.21,"Higher Access, Medium Earnings"
101143,Enterprise State Community College,Alabama,Mixed Associate Small,0,1,21460,"Enterprise, AL",0.518,0.3583,1.35,,37816.0,29990.98466583165,1.26,"Opportunity Colleges and Universities – Higher Access, Higher Earnings"
101161,Coastal Alabama Community College,Alabama,Mixed Associate Medium,0,1,19300,"Daphne-Fairhope-Foley, AL",0.4864,0.3571,1.94,,33539.0,32560.31205118725,1.03,"Higher Access, Medium Earnings"
101189,Faulkner University,Alabama,Special Focus: Business,0,0,33860,"Montgomery, AL",0.4946,0.5196,1.48,,42211.0,29333.79824210161,1.44,"Opportunity Colleges and Universities – Higher Access, Higher Earnings"
101240,Gadsden State Community College,Alabama,Professions-focused Associate Large/Medium,0,1,23460,"Gadsden, AL",0.5952,0.3224,1.47,,31231.0,29933.128398451106,1.04,"Higher Access, Medium Earnings"
101286,George C Wallace Community College-Dothan,Alabama,Professions-focused Associate Large/Medium,0,1,37120,"Ozark, AL",0.6051,0.4601,1.48,,30306.0,25757.903649833082,1.18,"Higher Access, Medium Earnings"
101295,George C Wallace State Community College-Hanceville,Alabama,Professions-focused Associate Large/Medium,0,1,18980,"Cullman, AL",0.4545,0.2183,2.09,,37446.0,30161.219855270356,1.24,"Higher Access, Medium Earnings"
101301,George C Wallace State Community College-Selma,Alabama,Mixed Associate Small,0,1,42820,"Selma, AL",0.7722,0.8192,1.23,,27797.0,22792.791011917212,1.22,"Higher Access, Medium Earnings"
101365,Herzing University-Birmingham,Alabama,Special Focus: Nursing,0,1,13820,"Birmingham, AL",0.6368,0.7003,2.03,,38007.0,31109.262542222226,1.22,"Higher Access, Medium Earnings"
101435,Huntingdon College,Alabama,Professions-focused Baccalaureate Small,0,0,33860,"Montgomery, AL",0.3894,0.316,1.01,,46532.0,30423.725811286862,1.53,"Opportunity Colleges and Universities – Higher Access, Higher Earnings"
101453,Heritage Christian University,Alabama,Special Focus: Theological Studies,0,0,22520,"Florence-Muscle Shoals, AL",0.4028,0.1667,,,41353.0,,,Not Classified in SAEC
101462,J. F. Drake State Community and Technical College,Alabama,Professions-focused Associate Small,0,1,26620,"Huntsville, AL",0.6203,0.7648,2.48,,25880.0,32437.243003927164,0.8,"Higher Access, Lower Earnings"
101480,Jacksonville State University,Alabama,Professions-focused Undergraduate/Graduate-Doctorate Medium,1,0,11500,"Anniston-Oxford, AL",0.5067,0.3682,1.24,,43146.0,27533.477331672555,1.57,"Opportunity Colleges and Universities – Higher Access, Higher Earnings"
101505,Jefferson State Community College,Alabama,Mixed Associate Medium,0,1,13820,"Birmingham, AL",0.4341,0.3915,1.28,,36997.0,35957.15012677215,1.03,"Higher Access, Medium Earnings"
101514,John C Calhoun State Community College,Alabama,Mixed Associate Medium,0,1,26620,"Huntsville, AL",0.3907,0.3462,1.32,,35178.0,36461.02622010233,0.96,"Higher Access, Lower Earnings"
101569,Lawson State Community College,Alabama,Mixed Associate Medium,0,1,13820,"Birmingham, AL",0.6805,0.897,2.42,,29498.0,28557.04279212326,1.03,"Higher Access, Medium Earnings"
101587,University of West Alabama,Alabama,Professions-focused Undergraduate/Graduate-Master's Large/Medium,1,0,-2,Alabama -- Not in metropolitan statistical area,0.5408,0.4906,1.7,,39584.0,24400.09548069105,1.62,"Opportunity Colleges and Universities – Higher Access, Higher Earnings"
101602,Lurleen B Wallace Community College,Alabama,Mixed Associate Small,0,1,-2,Alabama -- Not in metropolitan statistical area,0.6103,0.3043,1.39,,32036.0,28074.71483890825,1.14,"Higher Access, Medium Earnings"
101648,Marion Military Institute,Alabama,Mixed Associate Small,0,1,-2,Alabama -- Not in metropolitan statistical area,0.4344,0.3686,1.19,,55782.0,33757.72572754165,1.65,"Opportunity Colleges and Universities – Higher Access, Higher Earnings"
101675,Miles College,Alabama,Professions-focused Baccalaureate Small,0,0,13820,"Birmingham, AL",0.7558,0.9696,2.53,,30166.0,25758.881746301216,1.17,"Higher Access, Medium Earnings"
101693,University of Mobile,Alabama,Professions-focused Undergraduate/Graduate-Master's Small,0,0,33660,"Mobile, AL",0.4078,0.2786,0.99,,41687.0,30984.600591160324,1.35,"Lower Access, Medium Earnings"
101709,University of Montevallo,Alabama,Mixed Baccalaureate,1,0,13820,"Birmingham, AL",0.3985,0.2999,1.07,,39133.0,36226.33937833336,1.08,"Higher Access, Medium Earnings"
101736,Northwest Shoals Community College,Alabama,Mixed Associate Medium,0,1,22520,"Florence-Muscle Shoals, AL",0.5424,0.2537,1.55,,32116.0,28676.027814655805,1.12,"Higher Access, Medium Earnings"
101879,University of North Alabama,Alabama,Professions-focused Undergraduate/Graduate-Master's Large/Medium,1,0,22520,"Florence-Muscle Shoals, AL",0.3302,0.2228,1.08,,43633.0,28998.31918917134,1.5,"Opportunity Colleges and Universities – Higher Access, Higher Earnings"
101897,Northeast Alabama Community College,Alabama,Mixed Associate Small,0,1,42460,"Scottsboro, AL",0.6109,0.2675,1.86,,32882.0,22556.962884756864,1.46,"Opportunity Colleges and Universities – Higher Access, Higher Earnings"
101912,Oakwood University,Alabama,Mixed Baccalaureate,0,0,26620,"Huntsville, AL",0.4834,0.9893,2.16,,36092.0,27674.63093648089,1.3,"Higher Access, Medium Earnings"
101994,Reid State Technical College,Alabama,Special Focus: Applied and Career Studies,0,1,-2,Alabama -- Not in metropolitan statistical area,0.6975,0.699,2.5,,25450.0,23571.496272582972,1.08,"Higher Access, Medium Earnings"
102030,Bishop State Community College,Alabama,Mixed Associate Small,0,1,33660,"Mobile, AL",0.6392,0.7453,1.71,,27738.0,26196.5649061393,1.06,"Higher Access, Medium Earnings"
102049,Samford University,Alabama,Professions-focused Undergraduate/Graduate-Doctorate Medium,0,0,13820,"Birmingham, AL",0.1085,0.1245,0.35,,54932.0,35711.55497485777,1.54,"Lower Access, Higher Earnings"
102058,Selma University,Alabama,Special Focus: Theological Studies,0,1,42820,"Selma, AL",0.0,1.0,,,,,,Not Classified in SAEC
102067,Shelton State Community College,Alabama,Professions-focused Associate Large/Medium,0,1,46220,"Tuscaloosa, AL",0.4955,0.4923,1.34,,33221.0,29909.975197326592,1.11,"Higher Access, Medium Earnings"
102076,Snead State Community College,Alabama,Mixed Associate Medium,0,1,10700,"Albertville, AL",0.5616,0.2945,1.69,,33915.0,25992.954340767737,1.3,"Opportunity Colleges and Universities – Higher Access, Higher Earnings"
102094,University of South Alabama,Alabama,Professions-focused Undergraduate/Graduate-Doctorate Medium,1,0,33660,"Mobile, AL",0.3835,0.3402,0.9,,44838.0,30751.01101512295,1.46,"Lower Access, Medium Earnings"
102234,Spring Hill College,Alabama,Professions-focused Baccalaureate Small,0,0,33660,"Mobile, AL",0.3305,0.2979,0.92,,50757.0,32999.79966281829,1.54,"Lower Access, Higher Earnings"
102270,Stillman College,Alabama,Professions-focused Baccalaureate Small,0,0,46220,"Tuscaloosa, AL",0.6847,0.9337,2.41,,32891.0,25694.842932064057,1.28,"Higher Access, Medium Earnings"
102298,Talladega College,Alabama,Mixed Baccalaureate,0,0,45180,"Talladega-Sylacauga, AL",0.7551,0.9371,2.5,,27033.0,26088.647141111935,1.04,"Higher Access, Medium Earnings"
102313,H Councill Trenholm State Community College,Alabama,Special Focus: Applied and Career Studies,0,1,33860,"Montgomery, AL",0.6848,0.809,1.76,,28179.0,28347.961348242174,0.99,"Higher Access, Lower Earnings"
102368,Troy University,Alabama,Mixed Undergraduate/Graduate-Doctorate Medium,1,0,45980,"Troy, AL",0.4415,0.4489,1.13,,41914.0,29859.769645074364,1.4,"Higher Access, Medium Earnings"
102377,Tuskegee University,Alabama,Professions-focused Baccalaureate Small,0,0,12220,"Auburn-Opelika, AL",0.4767,0.9882,2.1,,44811.0,26700.367431146726,1.68,"Opportunity Colleges and Universities – Higher Access, Higher Earnings"
102395,United States Sports University,Alabama,Special Focus: Graduate Studies,0,0,19300,"Daphne-Fairhope-Foley, AL",0.396,0.4632,,,46997.0,,,Not Classified in SAEC
102429,Bevill State Community College,Alabama,Professions-focused Associate Large/Medium,0,1,13820,"Birmingham, AL",0.4993,0.2757,1.21,,32403.0,36866.2186568394,0.88,"Higher Access, Lower Earnings"
102553,University of Alaska Anchorage,Alaska,Professions-focused Baccalaureate Medium,1,0,11260,"Anchorage, AK",0.2759,0.3718,1.12,,45334.0,39967.997408824565,1.13,"Higher Access, Medium Earnings"
102580,Alaska Bible College,Alaska,Special Focus: Theological Studies,0,0,11260,"Anchorage, AK",0.6129,0.1143,,,,,,Not Classified in SAEC
102614,University of Alaska Fairbanks,Alaska,Mixed Undergraduate/Graduate-Master's Large/Medium,1,0,21820,"Fairbanks-College, AK",0.3132,0.4156,1.33,,46319.0,37004.087698188305,1.25,"Higher Access, Medium Earnings"
102632,University of Alaska Southeast,Alaska,Professions-focused Undergraduate/Graduate-Master's Small,1,0,27940,"Juneau, AK",0.2459,0.3649,1.03,,46336.0,40715.19069344572,1.14,"Higher Access, Medium Earnings"
102669,Alaska Pacific University,Alaska,Professions-focused Associate/Baccalaureate,0,1,11260,"Anchorage, AK",0.3776,0.6174,1.75,,45907.0,36763.18736526578,1.25,"Opportunity Colleges and Universities – Higher Access, Higher Earnings"
102845,Charter College,Washington,Special Focus: Other Health Professions,0,1,11260,"Anchorage, AK",0.5579,0.5348,1.76,,35567.0,37542.349369149364,0.95,"Higher Access, Lower Earnings"
103501,Alaska Career College,Alaska,Special Focus: Business,0,1,11260,"Anchorage, AK",0.581,0.5526,1.96,,33844.0,33915.56814449918,1.0,"Higher Access, Medium Earnings"
103893,Carrington College-Phoenix North,Arizona,Special Focus: Other Health Professions,0,1,38060,"Phoenix-Mesa-Chandler, AZ",0.5539,0.7889,1.92,,36377.0,36101.84218352572,1.01,"Higher Access, Medium Earnings"
103909,Carrington College-Mesa,Arizona,Special Focus: Applied and Career Studies,0,1,38060,"Phoenix-Mesa-Chandler, AZ",0.5402,0.7054,1.79,,36377.0,37493.81407415646,0.97,"Higher Access, Lower Earnings"
103927,Carrington College-Tucson,Arizona,Special Focus: Nursing,0,1,46060,"Tucson, AZ",0.6093,0.805,1.71,,36377.0,29806.956609485365,1.22,"Higher Access, Medium Earnings"
103963,Miller-Motte College-Arizona Automotive Institute,Arizona,Special Focus: Business,0,1,38060,"Phoenix-Mesa-Chandler, AZ",0.7302,0.7544,2.17,,28099.0,35987.8759159746,0.78,"Higher Access, Lower Earnings"
104090,Brookline College-Phoenix,Arizona,Special Focus: Nursing,0,0,38060,"Phoenix-Mesa-Chandler, AZ",0.5823,0.7021,1.7,,31326.0,33522.880487839866,0.93,"Higher Access, Lower Earnings"
104151,Arizona State University Campus Immersion,Arizona,Mixed Undergraduate/Graduate-Doctorate Large,0,0,38060,"Phoenix-Mesa-Chandler, AZ",0.3337,0.4004,1.02,,58779.0,38068.559460235636,1.54,"Opportunity Colleges and Universities – Higher Access, Higher Earnings"
104160,Arizona Western College,Arizona,Mixed Associate Medium,0,1,49740,"Yuma, AZ",0.4136,0.847,1.09,,35209.0,29825.4544149933,1.18,"Higher Access, Medium Earnings"
104179,University of Arizona,Arizona,Mixed Undergraduate/Graduate-Doctorate Large,0,0,46060,"Tucson, AZ",0.2677,0.4243,0.97,,55966.0,38009.66622675318,1.47,"Lower Access, Medium Earnings"
104346,Central Arizona College,Arizona,Mixed Associate Medium,0,1,38060,"Phoenix-Mesa-Chandler, AZ",0.3038,0.5723,1.24,,37886.0,37827.99345777015,1.0,"Higher Access, Medium Earnings"
104425,Cochise County Community College District,Arizona,Professions-focused Associate Large/Medium,0,1,43420,"Sierra Vista-Douglas, AZ",0.4805,0.4791,1.11,,37218.0,29398.027855691944,1.27,"Opportunity Colleges and Universities – Higher Access, Higher Earnings"
104577,Eastern Arizona College,Arizona,Mixed Associate Medium,0,1,40940,"Safford, AZ",0.2848,0.3473,0.69,,34641.0,36999.73355735917,0.94,"Lower Access, Lower Earnings"
104586,Embry-Riddle Aeronautical University-Prescott,Arizona,Mixed Baccalaureate,0,0,39150,"Prescott Valley-Prescott, AZ",0.1744,0.2838,0.66,,76224.0,39016.559973981566,1.95,"Lower Access, Higher Earnings"
104665,The School of Architecture,Arizona,Special Focus: Graduate Studies,0,0,38060,"Phoenix-Mesa-Chandler, AZ",0.0,,,,,,,Not Classified in SAEC
104708,Glendale Community College,Arizona,Mixed Associate Large,0,1,38060,"Phoenix-Mesa-Chandler, AZ",0.3415,0.5607,1.28,,41097.0,38676.6139764134,1.06,"Higher Access, Medium Earnings"
104717,Grand Canyon University,Arizona,Professions-focused Undergraduate/Graduate-Doctorate Large,0,0,38060,"Phoenix-Mesa-Chandler, AZ",0.4416,0.4947,1.39,,44013.0,34649.55212303312,1.27,"Higher Access, Medium Earnings"
105145,GateWay Community College,Arizona,Special Focus: Other Health Professions,0,1,38060,"Phoenix-Mesa-Chandler, AZ",0.3761,0.6821,1.5,,43557.0,37502.165124398976,1.16,"Higher Access, Medium Earnings"
105154,Mesa Community College,Arizona,Mixed Associate Large,0,1,38060,"Phoenix-Mesa-Chandler, AZ",0.2705,0.4918,1.08,,40826.0,38878.82725328389,1.05,"Higher Access, Medium Earnings"
105206,Mohave Community College,Arizona,Professions-focused Associate Large/Medium,0,1,29420,"Lake Havasu City-Kingman, AZ",0.4242,0.3599,1.25,,35430.0,30982.38058582211,1.14,"Higher Access, Medium Earnings"
105215,Universal Technical Institute of Arizona Inc-Motorcycle Mechanics Institute Division,Arizona,Special Focus: Applied and Career Studies,0,1,38060,"Phoenix-Mesa-Chandler, AZ",0.392,0.3847,1.14,,46267.0,39883.50367979743,1.16,"Higher Access, Medium Earnings"
105297,Dine College,Arizona,Professions-focused Associate/Baccalaureate,0,1,-2,Arizona -- Not in metropolitan statistical area,0.4431,0.9939,1.52,,26817.0,19903.434784947738,1.35,"Opportunity Colleges and Universities – Higher Access, Higher Earnings"
105330,Northern Arizona University,Arizona,Professions-focused Undergraduate/Graduate-Doctorate Large,1,0,22380,"Flagstaff, AZ",0.2997,0.4021,0.96,,51271.0,33948.255062119075,1.51,"Lower Access, Higher Earnings"
105349,Northland Pioneer College,Arizona,Professions-focused Associate Large/Medium,0,1,43320,"Show Low, AZ",0.3488,0.5801,0.88,,30543.0,24629.51247169995,1.24,"Lower Access, Medium Earnings"
105428,Phoenix College,Arizona,Professions-focused Associate Large/Medium,0,1,38060,"Phoenix-Mesa-Chandler, AZ",0.4091,0.6926,1.56,,38024.0,36225.88669217561,1.05,"Higher Access, Medium Earnings"
105525,Pima Community College,Arizona,Mixed Associate Large,0,1,46060,"Tucson, AZ",0.3748,0.6096,1.19,,37341.0,31006.39163430691,1.2,"Higher Access, Medium Earnings"
105534,Pima Medical Institute-Tucson,Arizona,Special Focus: Other Health Professions,0,1,46060,"Tucson, AZ",0.4853,0.6217,1.34,,38155.0,31718.634557345034,1.2,"Higher Access, Medium Earnings"
105543,Pima Medical Institute-Albuquerque,New Mexico,Special Focus: Applied and Career Studies,0,1,10740,"Albuquerque, NM",0.5995,0.8176,1.46,,32409.0,30392.120636262458,1.07,"Higher Access, Medium Earnings"
105589,Prescott College,Arizona,Mixed Undergraduate/Graduate-Master's Small,0,0,39150,"Prescott Valley-Prescott, AZ",0.4728,0.1338,0.95,,39496.0,40087.681037243776,0.99,"Lower Access, Lower Earnings"
105659,Refrigeration School Inc,Arizona,Special Focus: Applied and Career Studies,0,1,38060,"Phoenix-Mesa-Chandler, AZ",0.6661,0.6897,1.98,,47384.0,37557.311322565125,1.26,"Opportunity Colleges and Universities – Higher Access, Higher Earnings"
105668,Rio Salado College,Arizona,Mixed Associate Large,0,1,38060,"Phoenix-Mesa-Chandler, AZ",0.3195,0.498,1.17,,35718.0,37121.36639404855,0.96,"Higher Access, Lower Earnings"
105747,Scottsdale Community College,Arizona,Mixed Associate Medium,0,1,38060,"Phoenix-Mesa-Chandler, AZ",0.217,0.4288,0.91,,44061.0,39810.80917451106,1.11,"Lower Access, Medium Earnings"
105792,South Mountain Community College,Arizona,Mixed Associate Medium,0,1,38060,"Phoenix-Mesa-Chandler, AZ",0.4434,0.7706,1.72,,37696.0,35106.99094059504,1.07,"Higher Access, Medium Earnings"
105899,Arizona Christian University,Arizona,Professions-focused Baccalaureate Small,0,0,38060,"Phoenix-Mesa-Chandler, AZ",0.3492,0.4891,1.19,,46781.0,37971.556733441146,1.23,"Higher Access, Medium Earnings"
106041,Universal Technical Institute of Arizona Inc,Arizona,Special Focus: Applied and Career Studies,0,1,38060,"Phoenix-Mesa-Chandler, AZ",0.4444,0.588,1.58,,52777.0,36817.261560976534,1.43,"Opportunity Colleges and Universities – Higher Access, Higher Earnings"
106148,Yavapai College,Arizona,Mixed Associate Medium,0,1,39150,"Prescott Valley-Prescott, AZ",0.3808,0.3347,1.38,,38338.0,31658.050205754043,1.21,"Higher Access, Medium Earnings"
106245,University of Arkansas at Little Rock,Arkansas,Professions-focused Undergraduate/Graduate-Doctorate Medium,1,0,30780,"Little Rock-North Little Rock-Conway, AR",0.4975,0.4709,1.48,,42786.0,33400.30540776554,1.28,"Higher Access, Medium Earnings"
106263,University of Arkansas for Medical Sciences,Arkansas,Special Focus: Medical Schools and Centers,0,0,30780,"Little Rock-North Little Rock-Conway, AR",0.2704,0.2691,,,71116.0,,,Not Classified in SAEC
106306,Arkansas Baptist College,Arkansas,Professions-focused Baccalaureate Small,0,0,30780,"Little Rock-North Little Rock-Conway, AR",0.4597,0.9776,2.3,,26637.0,24562.58767413881,1.08,"Higher Access, Medium Earnings"
106342,Lyon College,Arkansas,Special Focus: Arts and Sciences,0,0,12900,"Batesville, AR",0.3607,0.1912,0.78,,42733.0,32510.678636044955,1.31,"Lower Access, Medium Earnings"
106397,University of Arkansas,Arkansas,Professions-focused Undergraduate/Graduate-Doctorate Large,0,0,22220,"Fayetteville-Springdale-Rogers, AR",0.1748,0.2165,0.55,,54333.0,34749.57357335691,1.56,"Lower Access, Higher Earnings"
106412,University of Arkansas at Pine Bluff,Arkansas,Mixed Baccalaureate,1,0,38220,"Pine Bluff, AR",0.677,0.9691,1.94,,33831.0,25299.441522914876,1.34,"Higher Access, Medium Earnings"
106449,Arkansas State University-Beebe,Arkansas,Mixed Associate Small,0,1,42620,"Searcy, AR",0.5018,0.1735,1.36,,32713.0,26324.148515954865,1.24,"Higher Access, Medium Earnings"
106458,Arkansas State University,Arkansas,Professions-focused Undergraduate/Graduate-Doctorate Medium,1,0,27860,"Jonesboro, AR",0.4043,0.2664,1.18,,40605.0,30889.235171863587,1.31,"Higher Access, Medium Earnings"
106467,Arkansas Tech University,Arkansas,Mixed Undergraduate/Graduate-Master's Large/Medium,1,0,40780,"Russellville, AR",0.482,0.2417,1.21,,40016.0,25894.8162038456,1.55,"Opportunity Colleges and Universities – Higher Access, Higher Earnings"
106485,University of Arkansas at Monticello,Arkansas,Mixed Associate/Baccalaureate,1,1,-2,Arkansas -- Not in metropolitan statistical area,0.6097,0.4645,1.82,,32946.0,25399.591098466037,1.3,"Opportunity Colleges and Universities – Higher Access, Higher Earnings"
106546,Baptist Health College Little Rock,Arkansas,Special Focus: Nursing,0,1,30780,"Little Rock-North Little Rock-Conway, AR",0.3898,0.394,1.23,,61333.0,34588.5113507378,1.77,"Opportunity Colleges and Universities – Higher Access, Higher Earnings"
106625,Black River Technical College,Arkansas,Mixed Associate Small,0,1,-2,Arkansas -- Not in metropolitan statistical area,0.6261,0.11,1.0,,31569.0,26746.50934827065,1.18,"Higher Access, Medium Earnings"
106704,University of Central Arkansas,Arkansas,Professions-focused Undergraduate/Graduate-Doctorate Medium,1,0,30780,"Little Rock-North Little Rock-Conway, AR",0.3946,0.308,1.07,,42426.0,34453.37123657034,1.23,"Higher Access, Medium Earnings"
106713,Central Baptist College,Arkansas,Professions-focused Baccalaureate Small,0,0,30780,"Little Rock-North Little Rock-Conway, AR",0.4867,0.3474,1.2,,42350.0,30725.01658406516,1.38,"Higher Access, Medium Earnings"
106795,Cossatot Community College of the University of Arkansas,Arkansas,Mixed Associate Small,0,1,-2,Arkansas -- Not in metropolitan statistical area,0.5414,0.4994,2.11,,32694.0,25794.941202564674,1.27,"Opportunity Colleges and Universities – Higher Access, Higher Earnings"
106810,Crowley's Ridge College,Arkansas,Professions-focused Baccalaureate Small,0,0,37500,"Paragould, AR",0.5647,0.1932,1.12,,36442.0,32575.192238604894,1.12,"Higher Access, Medium Earnings"
106883,East Arkansas Community College,Arkansas,Mixed Associate Small,0,1,22620,"Forrest City, AR",0.6108,0.5647,0.95,,27892.0,27614.686210640604,1.01,"Lower Access, Medium Earnings"
106980,National Park College,Arkansas,Professions-focused Associate Small,0,1,26300,"Hot Springs, AR",0.6031,0.2482,1.45,,29539.0,26327.67653496208,1.12,"Higher Access, Medium Earnings"
106999,University of Arkansas Community College-Batesville,Arkansas,Professions-focused Associate Small,0,1,12900,"Batesville, AR",0.6509,0.1891,1.61,,30945.0,29191.022214854107,1.06,"Higher Access, Medium Earnings"
107044,Harding University,Arkansas,Professions-focused Undergraduate/Graduate-Doctorate Medium,0,0,42620,"Searcy, AR",0.2117,0.1506,0.53,,48980.0,36927.11439946923,1.33,"Lower Access, Medium Earnings"
107071,Henderson State University,Arkansas,Professions-focused Baccalaureate Small,1,0,11660,"Arkadelphia, AR",0.4789,0.3367,1.1,,39423.0,30383.787093522602,1.3,"Higher Access, Medium Earnings"
107080,Hendrix College,Arkansas,Special Focus: Arts and Sciences,0,0,30780,"Little Rock-North Little Rock-Conway, AR",0.2385,0.2377,0.67,,46451.0,35326.419935120764,1.31,"Lower Access, Medium Earnings"
107123,Jefferson Regional School of Nursing,Arkansas,Special Focus: Nursing,0,1,38220,"Pine Bluff, AR",0.5826,0.3217,,,68062.0,,,Not Classified in SAEC
107141,John Brown University,Arkansas,Professions-focused Undergraduate/Graduate-Master's Small,0,0,22220,"Fayetteville-Springdale-Rogers, AR",0.2843,0.2121,0.73,,49481.0,35977.78462984845,1.38,"Lower Access, Medium Earnings"
107318,Arkansas State University Mid-South,Arkansas,Professions-focused Associate Small,0,1,32820,"Memphis, TN-MS-AR",0.7065,0.6853,1.63,,29840.0,32118.75487644671,0.93,"Higher Access, Lower Earnings"
107327,Arkansas Northeastern College,Arkansas,Professions-focused Associate Small,0,1,14180,"Blytheville, AR",0.4688,0.4579,1.17,,31416.0,29204.907091061592,1.08,"Higher Access, Medium Earnings"
107460,North Arkansas College,Arkansas,Professions-focused Associate Small,0,1,25460,"Harrison, AR",0.595,0.162,1.79,,32639.0,29435.800100116157,1.11,"Higher Access, Medium Earnings"
107512,Ouachita Baptist University,Arkansas,Professions-focused Baccalaureate Small,0,0,11660,"Arkadelphia, AR",0.2464,0.1704,0.58,,47024.0,34197.971095342975,1.38,"Lower Access, Medium Earnings"
107521,Arkansas State University Three Rivers,Arkansas,Special Focus: Nursing,0,1,31680,"Malvern, AR",0.5673,0.3671,1.77,,35474.0,30254.420490928496,1.17,"Higher Access, Medium Earnings"
107549,Ozarka College,Arkansas,Professions-focused Associate Small,0,1,-2,Arkansas -- Not in metropolitan statistical area,0.7607,0.0613,0.99,,27812.0,27210.900390520106,1.02,"Lower Access, Medium Earnings"
107558,University of the Ozarks,Arkansas,Special Focus: Arts and Sciences,0,0,-2,Arkansas -- Not in metropolitan statistical area,0.3677,0.3734,1.06,,40760.0,33326.1275487115,1.22,"Higher Access, Medium Earnings"
107585,University of Arkansas Community College-Morrilton,Arkansas,Mixed Associate Small,0,1,-2,Arkansas -- Not in metropolitan statistical area,0.5392,0.2811,1.46,,34413.0,26062.785961873164,1.32,"Opportunity Colleges and Universities – Higher Access, Higher Earnings"
107600,Philander Smith University,Arkansas,Professions-focused Baccalaureate Small,0,0,30780,"Little Rock-North Little Rock-Conway, AR",0.7167,0.9942,2.58,,31824.0,25471.460527464842,1.25,"Higher Access, Medium Earnings"
107619,Phillips Community College of the University of Arkansas,Arkansas,Mixed Associate Small,0,1,-2,Arkansas -- Not in metropolitan statistical area,0.7192,0.611,2.71,,28134.0,23167.953052129047,1.21,"Higher Access, Medium Earnings"
107637,Southeast Arkansas College,Arkansas,Mixed Associate Small,0,1,38220,"Pine Bluff, AR",0.7136,0.7954,1.57,,29703.0,26437.647429565066,1.12,"Higher Access, Medium Earnings"
107664,University of Arkansas-Pulaski Technical College,Arkansas,Mixed Associate Medium,0,1,30780,"Little Rock-North Little Rock-Conway, AR",0.5796,0.5915,1.84,,30455.0,30412.20959656023,1.0,"Higher Access, Medium Earnings"
107725,University of Arkansas Hope-Texarkana,Arkansas,Mixed Associate Small,0,1,-2,Arkansas -- Not in metropolitan statistical area,0.6312,0.5036,2.08,,31614.0,24190.959441270184,1.31,"Opportunity Colleges and Universities – Higher Access, Higher Earnings"
107743,University of Arkansas Community College Rich Mountain,Arkansas,Mixed Associate Small,0,1,-2,Arkansas -- Not in metropolitan statistical area,0.585,0.1691,1.04,,28737.0,27289.326882127763,1.05,"Higher Access, Medium Earnings"
107840,Shorter College,Arkansas,Mixed Associate Small,0,1,30780,"Little Rock-North Little Rock-Conway, AR",0.8255,0.7485,2.45,,14679.0,25156.0,0.58,"Higher Access, Lower Earnings"
107877,Williams Baptist University,Arkansas,Special Focus: Arts and Sciences,0,0,-2,Arkansas -- Not in metropolitan statistical area,0.4766,0.1306,0.86,,38828.0,32014.355080529902,1.21,"Lower Access, Medium Earnings"
107974,South Arkansas College,Arkansas,Special Focus: Other Health Professions,0,1,20980,"El Dorado, AR",0.5476,0.525,1.39,,32330.0,27951.185915299317,1.16,"Higher Access, Medium Earnings"
107983,Southern Arkansas University Main Campus,Arkansas,Mixed Undergraduate/Graduate-Master's Large/Medium,1,0,31620,"Magnolia, AR",0.5058,0.3656,0.98,,40383.0,31324.425200889178,1.29,"Lower Access, Medium Earnings"
107992,Southern Arkansas University Tech,Arkansas,Professions-focused Associate Small,0,1,15780,"Camden, AR",0.5685,0.3976,1.12,,34767.0,28648.478643696384,1.21,"Higher Access, Medium Earnings"
108092,University of Arkansas-Fort Smith,Arkansas,Professions-focused Baccalaureate Medium,1,0,22900,"Fort Smith, AR-OK",0.504,0.3439,1.36,,37858.0,29005.317491841855,1.31,"Higher Access, Medium Earnings"
108232,Academy of Art University,California,"Special Focus: Arts, Music, and Design",0,0,41860,"San Francisco-Oakland-Fremont, CA",0.4241,0.5678,1.4,,35980.0,36045.08956704365,1.0,"Higher Access, Medium Earnings"
108269,Academy of Chinese Culture and Health Sciences,California,Special Focus: Other Health Professions,0,0,41860,"San Francisco-Oakland-Fremont, CA",0.0,,,,,,,Not Classified in SAEC
108667,College of Alameda,California,Mixed Associate Medium,0,1,41860,"San Francisco-Oakland-Fremont, CA",0.1015,0.5708,1.11,,40809.0,51641.58951923723,0.79,"Higher Access, Lower Earnings"
108807,Allan Hancock College,California,Mixed Associate Medium,0,1,42200,"Santa Maria-Santa Barbara, CA",0.3079,0.736,1.27,,37963.0,34754.70428083318,1.09,"Higher Access, Medium Earnings"
108852,American Academy of Dramatic Arts-Los Angeles,California,"Special Focus: Arts, Music, and Design",0,1,31080,"Los Angeles-Long Beach-Anaheim, CA",0.2785,0.4639,1.01,,25632.0,37577.94952110824,0.68,"Higher Access, Lower Earnings"
108861,Berkeley School of Theology,California,Special Focus: Theological Studies,0,0,41860,"San Francisco-Oakland-Fremont, CA",0.0,0.9355,,,,,,Not Classified in SAEC
108870,American Film Institute Conservatory,California,"Special Focus: Arts, Music, and Design",0,0,31080,"Los Angeles-Long Beach-Anaheim, CA",0.0,,,,,,,Not Classified in SAEC
109040,American Career College-Los Angeles,California,Special Focus: Nursing,0,1,31080,"Los Angeles-Long Beach-Anaheim, CA",0.5888,0.8081,1.7,,38121.0,31955.28523395909,1.19,"Higher Access, Medium Earnings"
109208,American River College,California,Mixed Associate Large,0,1,40900,"Sacramento-Roseville-Folsom, CA",0.2046,0.4806,1.07,,36795.0,36108.9640786547,1.02,"Higher Access, Medium Earnings"
109350,Antelope Valley Community College District,California,Mixed Associate Medium,0,1,31080,"Los Angeles-Long Beach-Anaheim, CA",0.4628,0.8172,1.51,,31267.0,35030.83965776317,0.89,"Higher Access, Lower Earnings"
109651,Art Center College of Design,California,"Special Focus: Arts, Music, and Design",0,0,31080,"Los Angeles-Long Beach-Anaheim, CA",0.2475,0.2624,0.71,,58753.0,43269.87899186371,1.36,"Lower Access, Higher Earnings"
109785,Azusa Pacific University,California,Professions-focused Undergraduate/Graduate-Doctorate Medium,0,0,31080,"Los Angeles-Long Beach-Anaheim, CA",0.3469,0.5655,1.23,,60930.0,39600.77089982915,1.54,"Opportunity Colleges and Universities – Higher Access, Higher Earnings"
109819,Bakersfield College,California,Mixed Associate Large,0,1,12540,"Bakersfield-Delano, CA",0.399,0.7823,1.1,,33356.0,26907.320473102776,1.24,"Higher Access, Medium Earnings"
109907,Barstow Community College,California,Mixed Associate Small,0,1,40140,"Riverside-San Bernardino-Ontario, CA",0.522,0.7015,1.35,,31793.0,30493.50618890498,1.04,"Higher Access, Medium Earnings"
110060,Bethesda University,California,Special Focus: Business,0,0,31080,"Los Angeles-Long Beach-Anaheim, CA",0.25,0.7054,1.21,,35976.0,37349.467889908265,0.96,"Higher Access, Lower Earnings"
110097,Biola University,California,Mixed Undergraduate/Graduate-Doctorate Medium,0,0,31080,"Los Angeles-Long Beach-Anaheim, CA",0.2619,0.3802,0.9,,54476.0,41589.78621676208,1.31,"Lower Access, Medium Earnings"
110219,Bryan University,Arizona,Professions-focused Associate/Baccalaureate,0,1,38060,"Phoenix-Mesa-Chandler, AZ",0.747,0.502,1.91,,37985.0,36748.342968911595,1.03,"Higher Access, Medium Earnings"
110246,Butte College,California,Mixed Associate Medium,0,1,17020,"Chico, CA",0.3483,0.4402,1.39,,37882.0,30658.67792552911,1.24,"Higher Access, Medium Earnings"
110316,California Institute of Integral Studies,California,Mixed Undergraduate/Graduate-Doctorate Small,0,0,41860,"San Francisco-Oakland-Fremont, CA",0.5402,0.4151,,,56397.0,,,Not Classified in SAEC
110334,Cabrillo College,California,Mixed Associate Medium,0,1,42100,"Santa Cruz-Watsonville, CA",0.2541,0.5273,1.25,,39618.0,36587.45371484601,1.08,"Higher Access, Medium Earnings"
110361,California Baptist University,California,Professions-focused Undergraduate/Graduate-Doctorate Medium,0,0,40140,"Riverside-San Bernardino-Ontario, CA",0.417,0.5804,1.34,,58531.0,38797.66521118941,1.51,"Opportunity Colleges and Universities – Higher Access, Higher Earnings"
110370,California College of the Arts,California,"Special Focus: Arts, Music, and Design",0,0,41860,"San Francisco-Oakland-Fremont, CA",0.2454,0.4242,0.91,,44164.0,39647.55869841602,1.11,"Lower Access, Medium Earnings"
110398,University of California College of the Law-San Francisco,California,Special Focus: Law,0,0,41860,"San Francisco-Oakland-Fremont, CA",0.0,,,,,,,Not Classified in SAEC
110404,California Institute of Technology,California,"Special Focus: Technology, Engineering, and Sciences",0,0,31080,"Los Angeles-Long Beach-Anaheim, CA",0.1487,0.3823,0.74,,142597.0,42691.5452250153,3.34,"Lower Access, Higher Earnings"
110413,California Lutheran University,California,Mixed Undergraduate/Graduate-Doctorate Medium,0,0,37100,"Oxnard-Thousand Oaks-Ventura, CA",0.302,0.5451,1.13,,64258.0,39837.92139344909,1.61,"Opportunity Colleges and Universities – Higher Access, Higher Earnings"
110422,California Polytechnic State University-San Luis Obispo,California,Mixed Undergraduate/Graduate-Master's Large/Medium,1,0,42020,"San Luis Obispo-Paso Robles, CA",0.1836,0.3129,0.98,,82835.0,37841.078767679464,2.19,"Lower Access, Higher Earnings"
110468,Alliant International University-San Diego,California,Special Focus: Graduate Studies,0,0,41740,"San Diego-Chula Vista-Carlsbad, CA",0.0219,0.4211,,,51275.0,,,Not Classified in SAEC
110486,California State University-Bakersfield,California,Mixed Undergraduate/Graduate-Master's Large/Medium,1,0,12540,"Bakersfield-Delano, CA",0.618,0.7909,1.36,,51171.0,26556.240532996882,1.93,"Opportunity Colleges and Universities – Higher Access, Higher Earnings"
110495,California State University-Stanislaus,California,Mixed Undergraduate/Graduate-Master's Large/Medium,1,0,33700,"Modesto, CA",0.5587,0.7125,1.46,,54955.0,31974.539620676678,1.72,"Opportunity Colleges and Universities – Higher Access, Higher Earnings"
110510,California State University-San Bernardino,California,Mixed Undergraduate/Graduate-Master's Large/Medium,1,0,40140,"Riverside-San Bernardino-Ontario, CA",0.5823,0.8327,1.54,,51273.0,30428.840936520646,1.69,"Opportunity Colleges and Universities – Higher Access, Higher Earnings"
110529,California State Polytechnic University-Pomona,California,Mixed Undergraduate/Graduate-Master's Large/Medium,1,0,31080,"Los Angeles-Long Beach-Anaheim, CA",0.4622,0.6236,1.33,,64008.0,38117.91043748055,1.68,"Opportunity Colleges and Universities – Higher Access, Higher Earnings"
110538,California State University-Chico,California,Mixed Undergraduate/Graduate-Master's Large/Medium,1,0,17020,"Chico, CA",0.4045,0.4866,1.58,,58630.0,30504.05034913333,1.92,"Opportunity Colleges and Universities – Higher Access, Higher Earnings"
110547,California State University-Dominguez Hills,California,Mixed Undergraduate/Graduate-Master's Large/Medium,1,0,31080,"Los Angeles-Long Beach-Anaheim, CA",0.6132,0.878,1.8,,53788.0,33249.31824290574,1.62,"Opportunity Colleges and Universities – Higher Access, Higher Earnings"
110556,California State University-Fresno,California,Mixed Undergraduate/Graduate-Master's Large/Medium,1,0,23420,"Fresno, CA",0.5671,0.7034,1.24,,51924.0,29624.433864358245,1.75,"Opportunity Colleges and Universities – Higher Access, Higher Earnings"
110565,California State University-Fullerton,California,Mixed Undergraduate/Graduate-Master's Large/Medium,1,0,31080,"Los Angeles-Long Beach-Anaheim, CA",0.4739,0.6076,1.33,,56954.0,38484.41100346583,1.48,"Higher Access, Medium Earnings"
110574,California State University-East Bay,California,Mixed Undergraduate/Graduate-Master's Large/Medium,1,0,41860,"San Francisco-Oakland-Fremont, CA",0.4392,0.5901,2.12,,64657.0,54183.023034227066,1.19,"Higher Access, Medium Earnings"
110583,California State University-Long Beach,California,Mixed Undergraduate/Graduate-Master's Large/Medium,1,0,31080,"Los Angeles-Long Beach-Anaheim, CA",0.4954,0.6122,1.37,,56802.0,37925.25539074188,1.5,"Opportunity Colleges and Universities – Higher Access, Higher Earnings"
110592,California State University-Los Angeles,California,Mixed Undergraduate/Graduate-Master's Large/Medium,1,0,31080,"Los Angeles-Long Beach-Anaheim, CA",0.6619,0.8402,1.85,,51588.0,34142.69363930171,1.51,"Opportunity Colleges and Universities – Higher Access, Higher Earnings"
110608,California State University-Northridge,California,Mixed Undergraduate/Graduate-Master's Large/Medium,1,0,31080,"Los Angeles-Long Beach-Anaheim, CA",0.5611,0.6892,1.55,,51871.0,36945.19166826878,1.4,"Higher Access, Medium Earnings"
110617,California State University-Sacramento,California,Mixed Undergraduate/Graduate-Master's Large/Medium,1,0,40900,"Sacramento-Roseville-Folsom, CA",0.4927,0.545,1.69,,58491.0,35907.76796893763,1.63,"Opportunity Colleges and Universities – Higher Access, Higher Earnings"
110635,University of California-Berkeley,California,Mixed Undergraduate/Graduate-Doctorate Large,0,0,41860,"San Francisco-Oakland-Fremont, CA",0.2733,0.345,0.84,,84865.0,43217.280984881516,1.96,"Lower Access, Higher Earnings"
110644,University of California-Davis,California,Mixed Undergraduate/Graduate-Doctorate Large,0,0,40900,"Sacramento-Roseville-Folsom, CA",0.3078,0.3842,0.94,,71209.0,43471.72608737874,1.64,"Lower Access, Higher Earnings"
110653,University of California-Irvine,California,Mixed Undergraduate/Graduate-Doctorate Large,0,0,31080,"Los Angeles-Long Beach-Anaheim, CA",0.373,0.4034,1.07,,67970.0,43747.39282622139,1.55,"Opportunity Colleges and Universities – Higher Access, Higher Earnings"
110662,University of California-Los Angeles,California,Mixed Undergraduate/Graduate-Doctorate Large,0,0,31080,"Los Angeles-Long Beach-Anaheim, CA",0.271,0.3776,0.88,,72864.0,42692.68945757977,1.71,"Lower Access, Higher Earnings"
110671,University of California-Riverside,California,Mixed Undergraduate/Graduate-Doctorate Large,0,0,40140,"Riverside-San Bernardino-Ontario, CA",0.4682,0.5037,1.33,,59554.0,40396.521264369876,1.47,"Higher Access, Medium Earnings"
110680,University of California-San Diego,California,Mixed Undergraduate/Graduate-Doctorate Large,0,0,41740,"San Diego-Chula Vista-Carlsbad, CA",0.329,0.3771,0.97,,77893.0,43796.975326955624,1.78,"Lower Access, Higher Earnings"
110699,University of California-San Francisco,California,Special Focus: Medical Schools and Centers,0,0,41860,"San Francisco-Oakland-Fremont, CA",0.0,,,,,,,Not Classified in SAEC
110705,University of California-Santa Barbara,California,Mixed Undergraduate/Graduate-Doctorate Large,0,0,42200,"Santa Maria-Santa Barbara, CA",0.2804,0.4226,0.94,,68092.0,40581.2538412609,1.68,"Lower Access, Higher Earnings"
110714,University of California-Santa Cruz,California,Mixed Undergraduate/Graduate-Doctorate Large,0,0,42100,"Santa Cruz-Watsonville, CA",0.3175,0.4152,0.99,,59302.0,40923.3647862838,1.45,"Lower Access, Medium Earnings"
110778,Sofia University,California,Special Focus: Business,0,0,41940,"San Jose-Sunnyvale-Santa Clara, CA",0.5,0.5,,,,,,Not Classified in SAEC
111045,Haven University,California,Special Focus: Business,0,0,31080,"Los Angeles-Long Beach-Anaheim, CA",0.1379,0.8571,,,,,,Not Classified in SAEC
111081,California Institute of the Arts,California,"Special Focus: Arts, Music, and Design",0,0,31080,"Los Angeles-Long Beach-Anaheim, CA",0.2246,0.3546,0.8,,36250.0,39813.618681045475,0.91,"Lower Access, Lower Earnings"
111188,California State University Maritime Academy,California,Professions-focused Baccalaureate Small,1,0,46700,"Vallejo, CA",0.2871,0.3914,1.05,,100202.0,40264.78229255294,2.49,"Opportunity Colleges and Universities – Higher Access, Higher Earnings"
111391,California Western School of Law,California,Special Focus: Law,0,0,41740,"San Diego-Chula Vista-Carlsbad, CA",0.0,,,,,,,Not Classified in SAEC
111434,Canada College,California,Mixed Associate Medium,0,1,41860,"San Francisco-Oakland-Fremont, CA",0.1131,0.5252,1.09,,51687.0,52630.39466071667,0.98,"Higher Access, Lower Earnings"
111461,College of the Canyons,California,Mixed Associate Large,0,1,31080,"Los Angeles-Long Beach-Anaheim, CA",0.1821,0.6325,0.89,,42367.0,38737.07215720179,1.09,"Lower Access, Medium Earnings"
111638,Casa Loma College-Los Angeles,California,Special Focus: Applied and Career Studies,0,1,31080,"Los Angeles-Long Beach-Anaheim, CA",0.5511,0.6683,1.52,,46598.0,33411.474845542805,1.39,"Opportunity Colleges and Universities – Higher Access, Higher Earnings"
111887,Cerritos College,California,Mixed Associate Large,0,1,31080,"Los Angeles-Long Beach-Anaheim, CA",0.3703,0.8001,1.34,,36664.0,33197.57037162898,1.1,"Higher Access, Medium Earnings"
111896,Cerro Coso Community College,California,Mixed Associate Medium,0,1,12540,"Bakersfield-Delano, CA",0.1867,0.6316,0.75,,35160.0,28145.726464732987,1.25,"Lower Access, Higher Earnings"
111920,Chabot College,California,Mixed Associate Medium,0,1,41860,"San Francisco-Oakland-Fremont, CA",0.1889,0.587,1.39,,44450.0,51777.5599655774,0.86,"Higher Access, Lower Earnings"
111939,Chaffey College,California,Mixed Associate Large,0,1,40140,"Riverside-San Bernardino-Ontario, CA",0.3242,0.7499,1.1,,37516.0,30394.41725409163,1.23,"Higher Access, Medium Earnings"
111948,Chapman University,California,Mixed Undergraduate/Graduate-Doctorate Medium,0,0,31080,"Los Angeles-Long Beach-Anaheim, CA",0.2026,0.3102,0.72,,67467.0,40880.80508786192,1.65,"Lower Access, Higher Earnings"
111966,Charles R Drew University of Medicine and Science,California,Special Focus: Medical Schools and Centers,0,0,31080,"Los Angeles-Long Beach-Anaheim, CA",0.3235,0.8819,,,74428.0,,,Not Classified in SAEC
112075,Concordia University-Irvine,California,Professions-focused Undergraduate/Graduate-Doctorate Medium,0,0,31080,"Los Angeles-Long Beach-Anaheim, CA",0.2306,0.4171,0.86,,58783.0,40396.87534923602,1.46,"Lower Access, Medium Earnings"
112084,San Diego Christian College,California,Special Focus: Arts and Sciences,0,0,41740,"San Diego-Chula Vista-Carlsbad, CA",0.1611,0.6432,0.99,,39718.0,36265.42738329665,1.1,"Lower Access, Medium Earnings"
112127,Church Divinity School of the Pacific,California,Special Focus: Theological Studies,0,0,41860,"San Francisco-Oakland-Fremont, CA",0.0,,,,,,,Not Classified in SAEC
112172,Citrus College,California,Professions-focused Associate Large/Medium,0,1,31080,"Los Angeles-Long Beach-Anaheim, CA",0.3373,0.7446,1.24,,36939.0,35380.59986494151,1.04,"Higher Access, Medium Earnings"
112190,City College of San Francisco,California,Mixed Associate Large,0,1,41860,"San Francisco-Oakland-Fremont, CA",0.1817,0.4085,1.12,,41474.0,58162.96093590125,0.71,"Higher Access, Lower Earnings"
112251,Claremont Graduate University,California,Special Focus: Graduate Studies,0,0,31080,"Los Angeles-Long Beach-Anaheim, CA",0.0,,,,,,,Not Classified in SAEC
112260,Claremont McKenna College,California,Special Focus: Arts and Sciences,0,0,31080,"Los Angeles-Long Beach-Anaheim, CA",0.1948,0.3639,0.79,,105942.0,39336.72255515347,2.69,"Lower Access, Higher Earnings"
112385,Coastline Community College,California,Mixed Associate Medium,0,1,31080,"Los Angeles-Long Beach-Anaheim, CA",0.1173,0.4746,0.64,,43914.0,39752.46927855696,1.1,"Lower Access, Medium Earnings"
112394,University of Silicon Valley,California,"Special Focus: Arts, Music, and Design",0,0,41940,"San Jose-Sunnyvale-Santa Clara, CA",0.4826,0.4935,1.36,,43709.0,39529.91335783719,1.11,"Higher Access, Medium Earnings"
112525,Western University of Health Sciences,California,Special Focus: Medical Schools and Centers,0,0,31080,"Los Angeles-Long Beach-Anaheim, CA",0.0,,,,,,,Not Classified in SAEC
112561,Columbia College,California,Mixed Associate Small,0,1,43760,"Sonora, CA",0.2842,0.2739,1.18,,34920.0,29516.56403178265,1.18,"Higher Access, Medium Earnings"
112570,California College of ASU,California,"Special Focus: Arts, Music, and Design",0,0,31080,"Los Angeles-Long Beach-Anaheim, CA",0.474,0.4534,1.46,,41643.0,39763.6858669639,1.05,"Higher Access, Medium Earnings"
112686,Compton College,California,Mixed Associate Medium,0,1,31080,"Los Angeles-Long Beach-Anaheim, CA",0.4245,0.9401,1.57,,32747.0,31056.32384631728,1.05,"Higher Access, Medium Earnings"
112826,Contra Costa College,California,Mixed Associate Medium,0,1,41860,"San Francisco-Oakland-Fremont, CA",0.2734,0.6662,1.71,,35798.0,47120.28607160156,0.76,"Higher Access, Lower Earnings"
113096,Cosumnes River College,California,Mixed Associate Large,0,1,40900,"Sacramento-Roseville-Folsom, CA",0.26,0.4788,1.16,,38081.0,34753.78805082931,1.1,"Higher Access, Medium Earnings"
113111,Crafton Hills College,California,Mixed Associate Medium,0,1,40140,"Riverside-San Bernardino-Ontario, CA",0.1636,0.631,0.76,,37703.0,31955.852290461764,1.18,"Lower Access, Medium Earnings"
113193,Cuesta College,California,Mixed Associate Medium,0,1,42020,"San Luis Obispo-Paso Robles, CA",0.2454,0.4545,1.4,,42739.0,36098.57735844327,1.18,"Higher Access, Medium Earnings"
113218,Cuyamaca College,California,Mixed Associate Medium,0,1,41740,"San Diego-Chula Vista-Carlsbad, CA",0.2732,0.4436,1.07,,35992.0,40624.62823998649,0.89,"Higher Access, Lower Earnings"
113236,Cypress College,California,Mixed Associate Medium,0,1,31080,"Los Angeles-Long Beach-Anaheim, CA",0.3528,0.636,1.16,,40514.0,37668.89130271188,1.08,"Higher Access, Medium Earnings"
113333,De Anza College,California,Mixed Associate Large,0,1,41940,"San Jose-Sunnyvale-Santa Clara, CA",0.1961,0.3782,1.28,,51602.0,66258.54395984713,0.78,"Higher Access, Lower Earnings"
113573,College of the Desert,California,Professions-focused Associate Large/Medium,0,1,40140,"Riverside-San Bernardino-Ontario, CA",0.3733,0.8163,1.22,,34631.0,30822.197215824326,1.12,"Higher Access, Medium Earnings"
113582,Design Institute of San Diego,California,"Special Focus: Arts, Music, and Design",0,0,41740,"San Diego-Chula Vista-Carlsbad, CA",0.5484,0.3898,1.36,,54686.0,41085.22302158274,1.33,"Opportunity Colleges and Universities – Higher Access, Higher Earnings"
113634,Diablo Valley College,California,Mixed Associate Large,0,1,41860,"San Francisco-Oakland-Fremont, CA",0.1785,0.4724,1.18,,45663.0,58792.98287566608,0.78,"Higher Access, Lower Earnings"
113698,Dominican University of California,California,Professions-focused Undergraduate/Graduate-Master's Small,0,0,41860,"San Francisco-Oakland-Fremont, CA",0.2978,0.4282,0.99,,79660.0,38955.76319868774,2.04,"Lower Access, Higher Earnings"
113704,Dominican School of Philosophy & Theology,California,Special Focus: Theological Studies,0,0,41860,"San Francisco-Oakland-Fremont, CA",0.0,,,,,,,Not Classified in SAEC
113856,East Los Angeles College,California,Mixed Associate Large,0,1,31080,"Los Angeles-Long Beach-Anaheim, CA",0.2487,0.7978,1.15,,38224.0,32798.93971926837,1.17,"Higher Access, Medium Earnings"
113980,El Camino Community College District,California,Mixed Associate Large,0,1,31080,"Los Angeles-Long Beach-Anaheim, CA",0.323,0.7203,1.21,,37120.0,34861.055234758125,1.06,"Higher Access, Medium Earnings"
114114,Emperor's College of Traditional Oriental Medicine,California,Special Focus: Other Health Professions,0,0,31080,"Los Angeles-Long Beach-Anaheim, CA",0.0,,,,,,,Not Classified in SAEC
114123,Empire College,California,Special Focus: Applied and Career Studies,0,1,42220,"Santa Rosa-Petaluma, CA",0.0,,,,43818.0,,,Not Classified in SAEC
114266,Evergreen Valley College,California,Mixed Associate Medium,0,1,41940,"San Jose-Sunnyvale-Santa Clara, CA",0.2599,0.5214,1.77,,45344.0,62164.79837439086,0.73,"Higher Access, Lower Earnings"
114354,FIDM-Fashion Institute of Design & Merchandising,California,Special Focus: Business,0,1,31080,"Los Angeles-Long Beach-Anaheim, CA",0.262,0.4658,0.93,,43436.0,37724.833595799166,1.15,"Lower Access, Medium Earnings"
114433,Feather River Community College District,California,Mixed Associate Small,0,1,-2,California -- Not in metropolitan statistical area,0.2258,0.5335,1.1,,35905.0,30144.040516131776,1.19,"Higher Access, Medium Earnings"
114549,Fielding Graduate University,California,Special Focus: Graduate Studies,0,0,42200,"Santa Maria-Santa Barbara, CA",0.0,,,,,,,Not Classified in SAEC
114585,Five Branches University,California,Special Focus: Other Health Professions,0,0,42100,"Santa Cruz-Watsonville, CA",0.0,,,,,,,Not Classified in SAEC
114716,Foothill College,California,Mixed Associate Large,0,1,41940,"San Jose-Sunnyvale-Santa Clara, CA",0.0973,0.4009,0.95,,55055.0,62023.03012589324,0.89,"Lower Access, Lower Earnings"
114734,Franciscan School of Theology,California,Special Focus: Theological Studies,0,0,41740,"San Diego-Chula Vista-Carlsbad, CA",0.0,,,,,,,Not Classified in SAEC
114789,Fresno City College,California,Professions-focused Associate Large/Medium,0,1,23420,"Fresno, CA",0.3194,0.7155,0.98,,31711.0,29304.665841253016,1.08,"Lower Access, Medium Earnings"
114813,Fresno Pacific University,California,Professions-focused Undergraduate/Graduate-Master's Large/Medium,0,0,23420,"Fresno, CA",0.5875,0.7418,1.8,,55335.0,37308.81679902466,1.48,"Higher Access, Medium Earnings"
114840,Fuller Theological Seminary,California,Special Focus: Theological Studies,0,0,31080,"Los Angeles-Long Beach-Anaheim, CA",0.0,,,,,,,Not Classified in SAEC
114859,Fullerton College,California,Mixed Associate Large,0,1,31080,"Los Angeles-Long Beach-Anaheim, CA",0.278,0.6702,1.08,,38423.0,36635.32946251876,1.05,"Higher Access, Medium Earnings"
114938,Gavilan College,California,Professions-focused Associate Large/Medium,0,1,41940,"San Jose-Sunnyvale-Santa Clara, CA",0.2718,0.7205,2.13,,40875.0,52101.27784701225,0.78,"Higher Access, Lower Earnings"
115001,Glendale Community College,California,Mixed Associate Medium,0,1,31080,"Los Angeles-Long Beach-Anaheim, CA",0.3867,0.3807,0.98,,37532.0,40209.182902716246,0.93,"Lower Access, Lower Earnings"
115010,Glendale Career College,California,Special Focus: Nursing,0,1,31080,"Los Angeles-Long Beach-Anaheim, CA",0.5503,0.5679,1.41,,39493.0,35272.75886524822,1.12,"Higher Access, Medium Earnings"
115083,Golden Gate University,California,Special Focus: Business,0,0,41860,"San Francisco-Oakland-Fremont, CA",0.2207,0.5273,,,86645.0,,,Not Classified in SAEC
115126,Golden West College,California,Mixed Associate Medium,0,1,31080,"Los Angeles-Long Beach-Anaheim, CA",0.2495,0.4299,0.8,,40575.0,40279.722515695954,1.01,"Lower Access, Medium Earnings"
115214,Graduate Theological Union,California,Special Focus: Theological Studies,0,0,41860,"San Francisco-Oakland-Fremont, CA",0.0,,,,,,,Not Classified in SAEC
115296,Grossmont College,California,Mixed Associate Medium,0,1,41740,"San Diego-Chula Vista-Carlsbad, CA",0.2638,0.5084,1.13,,36922.0,40418.51646018394,0.91,"Higher Access, Lower Earnings"
115393,Hartnell College,California,Mixed Associate Medium,0,1,41500,"Salinas, CA",0.3117,0.8312,1.16,,40002.0,30962.733071172253,1.29,"Opportunity Colleges and Universities – Higher Access, Higher Earnings"
115409,Harvey Mudd College,California,"Special Focus: Technology, Engineering, and Sciences",0,0,31080,"Los Angeles-Long Beach-Anaheim, CA",0.1435,0.447,0.81,,144598.0,42789.62377030299,3.38,"Lower Access, Higher Earnings"
115746,Pacifica Graduate Institute,California,Special Focus: Graduate Studies,0,0,42200,"Santa Maria-Santa Barbara, CA",0.0,,,,,,,Not Classified in SAEC
115755,California State Polytechnic University-Humboldt,California,Special Focus: Arts and Sciences,1,0,21700,"Eureka-Arcata, CA",0.4645,0.446,1.56,,44299.0,29229.600235496462,1.52,"Opportunity Colleges and Universities – Higher Access, Higher Earnings"
115773,Humphreys University-Stockton and Modesto Campuses,California,Professions-focused Undergraduate/Graduate-Master's Small,0,0,44700,"Stockton-Lodi, CA",0.557,0.6161,1.6,,38746.0,36230.8081267285,1.07,"Higher Access, Medium Earnings"
115861,Imperial Valley College,California,Mixed Associate Medium,0,1,20940,"El Centro, CA",0.5145,0.935,1.09,,33537.0,19637.808567002743,1.71,"Opportunity Colleges and Universities – Higher Access, Higher Earnings"
116226,Interior Designers Institute,California,"Special Focus: Arts, Music, and Design",0,1,31080,"Los Angeles-Long Beach-Anaheim, CA",0.3438,0.2975,,,40138.0,,,Not Classified in SAEC
116439,Irvine Valley College,California,Mixed Associate Medium,0,1,31080,"Los Angeles-Long Beach-Anaheim, CA",0.2426,0.3475,0.72,,43391.0,40971.50155788599,1.06,"Lower Access, Medium Earnings"
116846,American Jewish University,California,Special Focus: Graduate Studies,0,0,31080,"Los Angeles-Long Beach-Anaheim, CA",0.3333,0.25,,,31398.0,,,Not Classified in SAEC
117052,Reedley College,California,Mixed Associate Medium,0,1,23420,"Fresno, CA",0.3787,0.7785,1.11,,34022.0,29660.53169805393,1.15,"Higher Access, Medium Earnings"
117104,Life Pacific University,California,Professions-focused Baccalaureate Small,0,0,31080,"Los Angeles-Long Beach-Anaheim, CA",0.4886,0.5428,1.44,,37180.0,39988.961209193854,0.93,"Higher Access, Lower Earnings"
117140,University of La Verne,California,Professions-focused Undergraduate/Graduate-Doctorate Medium,0,0,31080,"Los Angeles-Long Beach-Anaheim, CA",0.4754,0.7691,1.63,,64268.0,35767.81232562697,1.8,"Opportunity Colleges and Universities – Higher Access, Higher Earnings"
117168,Laguna College of Art and Design,California,"Special Focus: Arts, Music, and Design",0,0,31080,"Los Angeles-Long Beach-Anaheim, CA",0.3141,0.3543,0.94,,41722.0,39716.91576785601,1.05,"Lower Access, Medium Earnings"
117195,Lake Tahoe Community College,California,Mixed Associate Medium,0,1,40900,"Sacramento-Roseville-Folsom, CA",0.1534,0.3883,0.83,,37715.0,38130.514083971604,0.99,"Lower Access, Lower Earnings"
117247,Laney College,California,Mixed Associate Medium,0,1,41860,"San Francisco-Oakland-Fremont, CA",0.1929,0.5857,1.37,,32661.0,50512.17541271248,0.65,"Higher Access, Lower Earnings"
117274,Lassen Community College,California,Mixed Associate Small,0,1,45000,"Susanville, CA",0.155,0.5336,1.06,,37958.0,38729.75411860466,0.98,"Higher Access, Lower Earnings"
117283,Latin American Bible Institute,California,Special Focus: Theological Studies,0,1,31080,"Los Angeles-Long Beach-Anaheim, CA",0.5217,0.9833,,,,,,Not Classified in SAEC
117520,Life Chiropractic College West,California,Special Focus: Other Health Professions,0,0,41860,"San Francisco-Oakland-Fremont, CA",0.0,,,,,,,Not Classified in SAEC
117557,Lincoln University,California,Special Focus: Business,0,0,41860,"San Francisco-Oakland-Fremont, CA",0.0,0.8212,,,58262.0,,,Not Classified in SAEC
117575,Southern California Seminary,California,Special Focus: Theological Studies,0,0,41740,"San Diego-Chula Vista-Carlsbad, CA",0.3214,0.54,,,41337.0,,,Not Classified in SAEC
117627,La Sierra University,California,Professions-focused Undergraduate/Graduate-Master's Small,0,0,40140,"Riverside-San Bernardino-Ontario, CA",0.4918,0.7079,1.6,,52107.0,37195.663849134675,1.4,"Higher Access, Medium Earnings"
117636,Loma Linda University,California,Special Focus: Medical Schools and Centers,0,0,40140,"Riverside-San Bernardino-Ontario, CA",0.3536,0.519,,,89709.0,,,Not Classified in SAEC
117645,Long Beach City College,California,Mixed Associate Large,0,1,31080,"Los Angeles-Long Beach-Anaheim, CA",0.3902,0.7707,1.36,,35346.0,35236.68752499993,1.0,"Higher Access, Medium Earnings"
117672,Southern California University of Health Sciences,California,Special Focus: Other Health Professions,0,0,31080,"Los Angeles-Long Beach-Anaheim, CA",0.386,0.5697,,,41155.0,,,Not Classified in SAEC
117690,Los Angeles Harbor College,California,Mixed Associate Medium,0,1,31080,"Los Angeles-Long Beach-Anaheim, CA",0.2733,0.7587,1.16,,36215.0,34259.56232664142,1.06,"Higher Access, Medium Earnings"
117706,Los Angeles Pierce College,California,Mixed Associate Large,0,1,31080,"Los Angeles-Long Beach-Anaheim, CA",0.3039,0.6329,1.09,,37247.0,37228.71078418699,1.0,"Higher Access, Medium Earnings"
117715,Los Angeles Southwest College,California,Mixed Associate Medium,0,1,31080,"Los Angeles-Long Beach-Anaheim, CA",0.3071,0.8374,1.29,,29752.0,29702.53386333458,1.0,"Higher Access, Medium Earnings"
117724,Los Angeles Trade Technical College,California,Professions-focused Associate Large/Medium,0,1,31080,"Los Angeles-Long Beach-Anaheim, CA",0.3617,0.8795,1.41,,32971.0,31467.018242721562,1.05,"Higher Access, Medium Earnings"
117733,Los Angeles Valley College,California,Mixed Associate Large,0,1,31080,"Los Angeles-Long Beach-Anaheim, CA",0.3129,0.6309,1.1,,37042.0,36653.55662893354,1.01,"Higher Access, Medium Earnings"
117751,The Master's University and Seminary,California,Professions-focused Undergraduate/Graduate-Doctorate Small,0,0,31080,"Los Angeles-Long Beach-Anaheim, CA",0.2162,0.2964,0.72,,49974.0,41517.99903411539,1.2,"Lower Access, Medium Earnings"
117788,Los Angeles City College,California,Mixed Associate Large,0,1,31080,"Los Angeles-Long Beach-Anaheim, CA",0.3114,0.6757,1.14,,32385.0,35401.85653050952,0.91,"Higher Access, Lower Earnings"
117803,Los Angeles County College of Nursing and Allied Health,California,Special Focus: Nursing,0,1,31080,"Los Angeles-Long Beach-Anaheim, CA",0.359,0.628,,,112263.0,,,Not Classified in SAEC
117867,Los Angeles Mission College,California,Mixed Associate Medium,0,1,31080,"Los Angeles-Long Beach-Anaheim, CA",0.2623,0.8008,1.18,,37621.0,32835.23781625756,1.15,"Higher Access, Medium Earnings"
117894,Los Medanos College,California,Mixed Associate Medium,0,1,41860,"San Francisco-Oakland-Fremont, CA",0.278,0.6536,1.73,,39218.0,51751.32939172298,0.76,"Higher Access, Lower Earnings"
117946,Loyola Marymount University,California,Mixed Undergraduate/Graduate-Doctorate Medium,0,0,31080,"Los Angeles-Long Beach-Anaheim, CA",0.1327,0.4284,0.74,,70573.0,40142.51660636793,1.76,"Lower Access, Higher Earnings"
118198,MTI College,California,Professions-focused Associate Small,0,1,40900,"Sacramento-Roseville-Folsom, CA",0.4096,0.6156,1.64,,40114.0,38390.619868637106,1.04,"Higher Access, Medium Earnings"
118347,College of Marin,California,Mixed Associate Medium,0,1,41860,"San Francisco-Oakland-Fremont, CA",0.1918,0.4462,1.2,,40037.0,60603.19708646732,0.66,"Higher Access, Lower Earnings"
118684,Mendocino College,California,Professions-focused Associate Large/Medium,0,1,46380,"Ukiah, CA",0.3686,0.4835,1.33,,36657.0,39743.49777853931,0.92,"Higher Access, Lower Earnings"
118693,Menlo College,California,Special Focus: Business,0,0,41860,"San Francisco-Oakland-Fremont, CA",0.2994,0.6618,1.28,,67691.0,37724.797848398615,1.79,"Opportunity Colleges and Universities – Higher Access, Higher Earnings"
118718,Merced College,California,Mixed Associate Medium,0,1,32900,"Merced, CA",0.3926,0.7397,1.03,,34933.0,29719.019660800157,1.18,"Higher Access, Medium Earnings"
118772,Merritt College,California,Professions-focused Associate Large/Medium,0,1,41860,"San Francisco-Oakland-Fremont, CA",0.1103,0.5977,1.16,,37955.0,47971.60895956551,0.79,"Higher Access, Lower Earnings"
118912,MiraCosta College,California,Mixed Associate Medium,0,1,41740,"San Diego-Chula Vista-Carlsbad, CA",0.2868,0.5535,1.23,,40003.0,40919.31194344184,0.98,"Higher Access, Lower Earnings"
118930,Mission College,California,Mixed Associate Medium,0,1,41940,"San Jose-Sunnyvale-Santa Clara, CA",0.1825,0.4606,1.39,,48076.0,68187.94006676045,0.71,"Higher Access, Lower Earnings"
118976,Modesto Junior College,California,Mixed Associate Large,0,1,33700,"Modesto, CA",0.28,0.6082,0.98,,38275.0,32493.39485751578,1.18,"Lower Access, Medium Earnings"
119058,Middlebury Institute of International Studies at Monterey,California,Special Focus: Graduate Studies,0,0,41500,"Salinas, CA",0.0769,0.1818,,,71957.0,,,Not Classified in SAEC
119067,Monterey Peninsula College,California,Mixed Associate Medium,0,1,41500,"Salinas, CA",0.2278,0.5931,0.85,,39059.0,35463.45042145953,1.1,"Lower Access, Medium Earnings"
119137,Moorpark College,California,Mixed Associate Large,0,1,37100,"Oxnard-Thousand Oaks-Ventura, CA",0.2064,0.5449,1.03,,42834.0,37182.7769817071,1.15,"Higher Access, Medium Earnings"
119164,Mt San Antonio College,California,Professions-focused Associate Large/Medium,0,1,31080,"Los Angeles-Long Beach-Anaheim, CA",0.3709,0.715,1.27,,40699.0,35298.01322812906,1.15,"Higher Access, Medium Earnings"
119173,Mount Saint Mary's University,California,Professions-focused Undergraduate/Graduate-Doctorate Small,0,0,31080,"Los Angeles-Long Beach-Anaheim, CA",0.5574,0.7024,1.7,,67516.0,35517.63481660688,1.9,"Opportunity Colleges and Universities – Higher Access, Higher Earnings"
119216,Mt San Jacinto Community College District,California,Mixed Associate Large,0,1,40140,"Riverside-San Bernardino-Ontario, CA",0.3624,0.6918,1.1,,35018.0,31402.8818632942,1.12,"Higher Access, Medium Earnings"
119270,Musicians Institute,California,"Special Focus: Arts, Music, and Design",0,1,31080,"Los Angeles-Long Beach-Anaheim, CA",0.1769,0.4698,0.87,,28071.0,38459.683533857424,0.73,"Lower Access, Lower Earnings"
119331,Napa Valley College,California,Mixed Associate Medium,0,1,34900,"Napa, CA",0.2175,0.6081,1.41,,43030.0,41701.278383195786,1.03,"Higher Access, Medium Earnings"
119605,National University,California,Professions-focused Undergraduate/Graduate-Doctorate Large,0,0,41740,"San Diego-Chula Vista-Carlsbad, CA",0.2696,0.5859,1.13,,65775.0,38227.45313540913,1.72,"Opportunity Colleges and Universities – Higher Access, Higher Earnings"
119678,Naval Postgraduate School,California,Special Focus: Graduate Studies,0,0,41500,"Salinas, CA",0.0,,,,,,,Not Classified in SAEC
119775,Newschool of Architecture and Design,California,Professions-focused Baccalaureate Small,0,0,41740,"San Diego-Chula Vista-Carlsbad, CA",0.4629,0.4843,1.31,,65312.0,37115.35836206897,1.76,"Opportunity Colleges and Universities – Higher Access, Higher Earnings"
120078,North-West College-West Covina,California,Special Focus: Other Health Professions,0,1,31080,"Los Angeles-Long Beach-Anaheim, CA",0.6155,0.5969,1.54,,35038.0,31718.087360594793,1.1,"Higher Access, Medium Earnings"
120166,San Francisco Bay University,California,"Special Focus: Technology, Engineering, and Sciences",0,0,41860,"San Francisco-Oakland-Fremont, CA",0.0,0.0,,,,,,Not Classified in SAEC
120184,Notre Dame de Namur University,California,Mixed Undergraduate/Graduate-Master's Small,0,0,41860,"San Francisco-Oakland-Fremont, CA",0.0,0.8889,,,64853.0,,,Not Classified in SAEC
120254,Occidental College,California,Special Focus: Arts and Sciences,0,0,31080,"Los Angeles-Long Beach-Anaheim, CA",0.1601,0.346,0.73,,64002.0,40519.02765283102,1.58,"Lower Access, Higher Earnings"
120290,Ohlone College,California,Mixed Associate Medium,0,1,41860,"San Francisco-Oakland-Fremont, CA",0.1374,0.3626,0.91,,49568.0,59607.83674809081,0.83,"Lower Access, Lower Earnings"
120342,Orange Coast College,California,Mixed Associate Large,0,1,31080,"Los Angeles-Long Beach-Anaheim, CA",0.2479,0.4512,0.82,,41273.0,39939.040333377736,1.03,"Lower Access, Medium Earnings"
120403,Otis College of Art and Design,California,"Special Focus: Arts, Music, and Design",0,0,31080,"Los Angeles-Long Beach-Anaheim, CA",0.3078,0.4596,1.05,,57367.0,41868.5110730548,1.37,"Opportunity Colleges and Universities – Higher Access, Higher Earnings"
120421,Oxnard College,California,Mixed Associate Medium,0,1,37100,"Oxnard-Thousand Oaks-Ventura, CA",0.3821,0.7832,1.65,,38063.0,33871.107041775176,1.12,"Higher Access, Medium Earnings"
120537,Hope International University,California,Professions-focused Undergraduate/Graduate-Master's Small,0,0,31080,"Los Angeles-Long Beach-Anaheim, CA",0.4288,0.6015,1.38,,42383.0,38050.84673574924,1.11,"Higher Access, Medium Earnings"
120661,Concorde Career College-San Diego,California,Special Focus: Applied and Career Studies,0,1,41740,"San Diego-Chula Vista-Carlsbad, CA",0.5717,0.7187,1.99,,41258.0,36523.3116691285,1.13,"Higher Access, Medium Earnings"
120698,Palo Alto University,California,Special Focus: Graduate Studies,0,0,41940,"San Jose-Sunnyvale-Santa Clara, CA",0.2703,0.5532,,,65980.0,,,Not Classified in SAEC
120768,Pacific Oaks College,California,Mixed Undergraduate/Graduate-Master's Small,0,0,31080,"Los Angeles-Long Beach-Anaheim, CA",0.5503,0.7728,,,48152.0,,,Not Classified in SAEC
120795,Pacific School of Religion,California,Special Focus: Theological Studies,0,0,41860,"San Francisco-Oakland-Fremont, CA",0.0,,,,,,,Not Classified in SAEC
120838,Pacific States University,California,Special Focus: Business,0,0,31080,"Los Angeles-Long Beach-Anaheim, CA",0.0,,,,,,,Not Classified in SAEC
120865,Pacific Union College,California,Special Focus: Nursing,0,0,34900,"Napa, CA",0.368,0.5149,1.22,,61312.0,38882.96097784568,1.58,"Opportunity Colleges and Universities – Higher Access, Higher Earnings"
120883,University of the Pacific,California,Mixed Undergraduate/Graduate-Doctorate Medium,0,0,44700,"Stockton-Lodi, CA",0.346,0.3928,1.02,,77059.0,42347.4373914677,1.82,"Opportunity Colleges and Universities – Higher Access, Higher Earnings"
120953,Palo Verde College,California,Mixed Associate Medium,0,1,40140,"Riverside-San Bernardino-Ontario, CA",0.0644,0.5823,0.57,,34716.0,31052.57145427283,1.12,"Lower Access, Medium Earnings"
120971,Palomar College,California,Mixed Associate Large,0,1,41740,"San Diego-Chula Vista-Carlsbad, CA",0.1909,0.5913,1.08,,38991.0,40383.003965200456,0.97,"Higher Access, Lower Earnings"
121044,Pasadena City College,California,Mixed Associate Large,0,1,31080,"Los Angeles-Long Beach-Anaheim, CA",0.3268,0.5735,1.06,,37317.0,37021.233683574035,1.01,"Higher Access, Medium Earnings"
121150,Pepperdine University,California,Professions-focused Undergraduate/Graduate-Doctorate Medium,0,0,31080,"Los Angeles-Long Beach-Anaheim, CA",0.1966,0.341,0.74,,72056.0,39468.558441196656,1.83,"Lower Access, Higher Earnings"
121257,Pitzer College,California,Special Focus: Arts and Sciences,0,0,31080,"Los Angeles-Long Beach-Anaheim, CA",0.1015,0.3188,0.58,,55766.0,38418.95925222468,1.45,"Lower Access, Medium Earnings"
121309,Point Loma Nazarene University,California,Professions-focused Undergraduate/Graduate-Master's Large/Medium,0,0,41740,"San Diego-Chula Vista-Carlsbad, CA",0.2277,0.3948,0.85,,59692.0,41537.49929975456,1.44,"Lower Access, Medium Earnings"
121345,Pomona College,California,Special Focus: Arts and Sciences,0,0,31080,"Los Angeles-Long Beach-Anaheim, CA",0.1872,0.4114,0.87,,68385.0,38702.736273163,1.77,"Lower Access, Higher Earnings"
121363,Porterville College,California,Mixed Associate Medium,0,1,47300,"Visalia, CA",0.4806,0.8431,1.15,,34482.0,28491.46540288769,1.21,"Higher Access, Medium Earnings"
121619,Santa Ana College,California,Mixed Associate Large,0,1,31080,"Los Angeles-Long Beach-Anaheim, CA",0.1823,0.6702,0.93,,40259.0,36184.309692650386,1.11,"Lower Access, Medium Earnings"
121628,RAND School of Public Policy,California,Special Focus: Graduate Studies,0,0,31080,"Los Angeles-Long Beach-Anaheim, CA",0.0,,,,,,,Not Classified in SAEC
121691,University of Redlands,California,Mixed Undergraduate/Graduate-Master's Large/Medium,0,0,40140,"Riverside-San Bernardino-Ontario, CA",0.3544,0.5697,1.27,,69336.0,38010.52592090861,1.82,"Opportunity Colleges and Universities – Higher Access, Higher Earnings"
121707,College of the Redwoods,California,Mixed Associate Medium,0,1,21700,"Eureka-Arcata, CA",0.3968,0.4295,1.44,,32987.0,28872.87748697719,1.14,"Higher Access, Medium Earnings"
121886,Rio Hondo College,California,Mixed Associate Large,0,1,31080,"Los Angeles-Long Beach-Anaheim, CA",0.2558,0.8472,1.21,,39942.0,32949.21492129487,1.21,"Higher Access, Medium Earnings"
121901,Riverside City College,California,Mixed Associate Large,0,1,40140,"Riverside-San Bernardino-Ontario, CA",0.3552,0.7882,1.17,,36771.0,30603.952588094704,1.2,"Higher Access, Medium Earnings"
122117,Dongguk University Los Angeles,California,Special Focus: Other Health Professions,0,0,31080,"Los Angeles-Long Beach-Anaheim, CA",0.0,0.0,,,,,,Not Classified in SAEC
122180,Sacramento City College,California,Mixed Associate Large,0,1,40900,"Sacramento-Roseville-Folsom, CA",0.266,0.5193,1.23,,36806.0,34948.65055735791,1.05,"Higher Access, Medium Earnings"
122205,Saddleback College,California,Mixed Associate Large,0,1,31080,"Los Angeles-Long Beach-Anaheim, CA",0.1687,0.3887,0.64,,41667.0,41623.31401570199,1.0,"Lower Access, Medium Earnings"
122296,Samuel Merritt University,California,Special Focus: Nursing,0,0,41860,"San Francisco-Oakland-Fremont, CA",0.1855,0.4036,,,147923.0,,,Not Classified in SAEC
122339,San Diego City College,California,Mixed Associate Large,0,1,41740,"San Diego-Chula Vista-Carlsbad, CA",0.2484,0.6231,1.23,,35417.0,37171.48820532922,0.95,"Higher Access, Lower Earnings"
122375,San Diego Mesa College,California,Mixed Associate Large,0,1,41740,"San Diego-Chula Vista-Carlsbad, CA",0.1765,0.5473,1.0,,40734.0,40071.636607272674,1.02,"Higher Access, Medium Earnings"
122384,San Diego Miramar College,California,Mixed Associate Large,0,1,41740,"San Diego-Chula Vista-Carlsbad, CA",0.131,0.4837,0.83,,44178.0,41402.17959512755,1.07,"Lower Access, Medium Earnings"
122409,San Diego State University,California,Mixed Undergraduate/Graduate-Doctorate Large,1,0,41740,"San Diego-Chula Vista-Carlsbad, CA",0.3176,0.4953,1.24,,61120.0,40246.06578577886,1.52,"Opportunity Colleges and Universities – Higher Access, Higher Earnings"
122436,University of San Diego,California,Mixed Undergraduate/Graduate-Doctorate Medium,0,0,41740,"San Diego-Chula Vista-Carlsbad, CA",0.1969,0.4009,0.83,,77744.0,39765.26641132789,1.96,"Lower Access, Higher Earnings"
122506,San Francisco Conservatory of Music,California,"Special Focus: Arts, Music, and Design",0,0,41860,"San Francisco-Oakland-Fremont, CA",0.1584,0.3958,0.77,,27899.0,40683.99652608483,0.69,"Lower Access, Lower Earnings"
122597,San Francisco State University,California,Mixed Undergraduate/Graduate-Master's Large/Medium,1,0,41860,"San Francisco-Oakland-Fremont, CA",0.4322,0.559,2.06,,60831.0,58066.07900731025,1.05,"Higher Access, Medium Earnings"
122612,University of San Francisco,California,Professions-focused Undergraduate/Graduate-Doctorate Medium,0,0,41860,"San Francisco-Oakland-Fremont, CA",0.2739,0.445,1.0,,81618.0,40741.515513486935,2.0,"Opportunity Colleges and Universities – Higher Access, Higher Earnings"
122649,San Joaquin College of Law,California,Special Focus: Law,0,0,23420,"Fresno, CA",0.0,,,,,,,Not Classified in SAEC
122658,San Joaquin Delta College,California,Mixed Associate Large,0,1,44700,"Stockton-Lodi, CA",0.2792,0.651,1.06,,37831.0,33210.361507005975,1.14,"Higher Access, Medium Earnings"
122685,San Joaquin Valley College-Visalia,California,Special Focus: Applied and Career Studies,0,1,47300,"Visalia, CA",0.5222,0.7272,1.1,,36746.0,29886.00560927829,1.23,"Higher Access, Medium Earnings"
122694,San Joaquin Valley College-Bakersfield,California,Special Focus: Applied and Career Studies,0,1,12540,"Bakersfield-Delano, CA",0.5795,0.7964,1.31,,36746.0,26880.486642703418,1.37,"Opportunity Colleges and Universities – Higher Access, Higher Earnings"
122728,William Jessup University,California,Professions-focused Undergraduate/Graduate-Master's Small,0,0,40900,"Sacramento-Roseville-Folsom, CA",0.3571,0.4529,1.1,,50608.0,41476.11750504163,1.22,"Higher Access, Medium Earnings"
122746,San Jose City College,California,Mixed Associate Medium,0,1,41940,"San Jose-Sunnyvale-Santa Clara, CA",0.2336,0.6142,1.8,,42651.0,56085.483772378,0.76,"Higher Access, Lower Earnings"
122755,San Jose State University,California,Mixed Undergraduate/Graduate-Doctorate Large,1,0,41940,"San Jose-Sunnyvale-Santa Clara, CA",0.3562,0.4412,2.0,,70420.0,65769.61308293903,1.07,"Higher Access, Medium Earnings"
122791,College of San Mateo,California,Mixed Associate Medium,0,1,41860,"San Francisco-Oakland-Fremont, CA",0.1504,0.479,1.13,,47260.0,57595.53865266482,0.82,"Higher Access, Lower Earnings"
122889,Santa Barbara City College,California,Mixed Associate Medium,0,1,42200,"Santa Maria-Santa Barbara, CA",0.1779,0.4911,0.82,,42540.0,36208.323330465246,1.17,"Lower Access, Medium Earnings"
122931,Santa Clara University,California,Mixed Undergraduate/Graduate-Doctorate Medium,0,0,41940,"San Jose-Sunnyvale-Santa Clara, CA",0.109,0.3399,0.61,,99543.0,39619.97520972059,2.51,"Lower Access, Higher Earnings"
122977,Santa Monica College,California,Mixed Associate Large,0,1,31080,"Los Angeles-Long Beach-Anaheim, CA",0.2762,0.6053,1.04,,35735.0,37060.23375544852,0.96,"Higher Access, Lower Earnings"
123013,Santa Rosa Junior College,California,Mixed Associate Large,0,1,42220,"Santa Rosa-Petaluma, CA",0.1826,0.4956,1.25,,42899.0,41642.84185834089,1.03,"Higher Access, Medium Earnings"
123095,Saybrook University,California,Special Focus: Graduate Studies,0,0,31080,"Los Angeles-Long Beach-Anaheim, CA",0.0,,,,,,,Not Classified in SAEC
123165,Scripps College,California,Special Focus: Arts and Sciences,0,0,31080,"Los Angeles-Long Beach-Anaheim, CA",0.1156,0.3052,0.6,,73620.0,41121.57928319354,1.79,"Lower Access, Higher Earnings"
123217,College of the Sequoias,California,Mixed Associate Medium,0,1,47300,"Visalia, CA",0.4202,0.7744,1.03,,35581.0,28754.832824439716,1.24,"Higher Access, Medium Earnings"
123280,Shasta Bible College and Graduate School,California,Special Focus: Theological Studies,0,0,39820,"Redding, CA",0.5417,0.2353,,,37500.0,,,Not Classified in SAEC
123299,Shasta College,California,Mixed Associate Medium,0,1,39820,"Redding, CA",0.48,0.3207,1.6,,36468.0,31895.74234540552,1.14,"Higher Access, Medium Earnings"
123341,Sierra College,California,Mixed Associate Large,0,1,40900,"Sacramento-Roseville-Folsom, CA",0.2412,0.3648,0.97,,40439.0,37845.859517227706,1.07,"Lower Access, Medium Earnings"
123448,Trinity Law School,California,Special Focus: Law,0,0,31080,"Los Angeles-Long Beach-Anaheim, CA",0.0,,,,43251.0,,,Not Classified in SAEC
123457,Simpson University,California,Professions-focused Baccalaureate Small,0,0,39820,"Redding, CA",0.4233,0.3906,1.16,,52259.0,40609.9413959342,1.29,"Higher Access, Medium Earnings"
123484,College of the Siskiyous,California,Mixed Associate Small,0,1,-2,California -- Not in metropolitan statistical area,0.337,0.3523,1.03,,36979.0,29805.855576351954,1.24,"Higher Access, Medium Earnings"
123509,Skyline College,California,Mixed Associate Medium,0,1,41860,"San Francisco-Oakland-Fremont, CA",0.1348,0.4575,1.05,,49408.0,58097.38974683069,0.85,"Higher Access, Lower Earnings"
123527,San Bernardino Valley College,California,Mixed Associate Medium,0,1,40140,"Riverside-San Bernardino-Ontario, CA",0.2968,0.8313,1.14,,36100.0,29820.434790086343,1.21,"Higher Access, Medium Earnings"
123554,Saint Mary's College of California,California,Mixed Undergraduate/Graduate-Master's Small,0,0,41860,"San Francisco-Oakland-Fremont, CA",0.2392,0.4943,0.96,,72012.0,39336.931325229445,1.83,"Lower Access, Higher Earnings"
123563,Solano Community College,California,Mixed Associate Medium,0,1,46700,"Vallejo, CA",0.2354,0.6163,1.18,,38959.0,37833.80632780432,1.03,"Higher Access, Medium Earnings"
123572,Sonoma State University,California,Mixed Undergraduate/Graduate-Master's Large/Medium,1,0,42220,"Santa Rosa-Petaluma, CA",0.3641,0.5207,1.73,,61137.0,41971.2483102742,1.46,"Higher Access, Medium Earnings"
123633,South Baylo University,California,Special Focus: Other Health Professions,0,0,31080,"Los Angeles-Long Beach-Anaheim, CA",0.0,,,,20609.0,,,Not Classified in SAEC
123642,South Coast College,California,Professions-focused Associate Small,0,1,31080,"Los Angeles-Long Beach-Anaheim, CA",0.5274,0.6421,1.44,,43900.0,38390.69005102041,1.14,"Higher Access, Medium Earnings"
123651,Vanguard University of Southern California,California,Professions-focused Baccalaureate Small,0,0,31080,"Los Angeles-Long Beach-Anaheim, CA",0.4358,0.5917,1.38,,54755.0,39369.87528978533,1.39,"Higher Access, Medium Earnings"
123679,Concorde Career College-Garden Grove,California,Special Focus: Applied and Career Studies,0,1,31080,"Los Angeles-Long Beach-Anaheim, CA",0.4563,0.6836,1.37,,42984.0,36896.27877842385,1.16,"Higher Access, Medium Earnings"
123800,Southwestern College,California,Mixed Associate Large,0,1,41740,"San Diego-Chula Vista-Carlsbad, CA",0.3783,0.7853,1.69,,37318.0,37117.38540768394,1.01,"Higher Access, Medium Earnings"
123916,Starr King School for the Ministry,California,Special Focus: Theological Studies,0,0,41860,"San Francisco-Oakland-Fremont, CA",0.0,,,,,,,Not Classified in SAEC
123943,Marshall B Ketchum University,California,Special Focus: Other Health Professions,0,0,31080,"Los Angeles-Long Beach-Anaheim, CA",0.0,,,,,,,Not Classified in SAEC
123952,Southern California Institute of Architecture,California,Special Focus: Graduate Studies,0,0,31080,"Los Angeles-Long Beach-Anaheim, CA",0.2163,0.3964,,,70259.0,,,Not Classified in SAEC
123961,University of Southern California,California,Mixed Undergraduate/Graduate-Doctorate Large,0,0,31080,"Los Angeles-Long Beach-Anaheim, CA",0.2186,0.3594,0.8,,87601.0,41280.27225502022,2.12,"Lower Access, Higher Earnings"
123970,Southwestern Law School,California,Special Focus: Law,0,0,31080,"Los Angeles-Long Beach-Anaheim, CA",0.0,,,,,,,Not Classified in SAEC
124113,Taft College,California,Mixed Associate Medium,0,1,12540,"Bakersfield-Delano, CA",0.2019,0.7921,0.9,,35364.0,27359.79500457714,1.29,"Lower Access, Higher Earnings"
124283,Claremont School of Theology,California,Special Focus: Theological Studies,0,0,31080,"Los Angeles-Long Beach-Anaheim, CA",0.0,,,,,,,Not Classified in SAEC
124292,Thomas Aquinas College,California,Special Focus: Arts and Sciences,0,0,37100,"Oxnard-Thousand Oaks-Ventura, CA",0.1977,0.2857,0.68,,49742.0,40485.38870979694,1.23,"Lower Access, Medium Earnings"
124487,Epic Bible College & Graduate School,California,Special Focus: Theological Studies,0,1,40900,"Sacramento-Roseville-Folsom, CA",0.5658,0.6018,,,39618.0,,,Not Classified in SAEC
124706,Concorde Career College-San Bernardino,California,Special Focus: Applied and Career Studies,0,1,40140,"Riverside-San Bernardino-Ontario, CA",0.7067,0.8389,1.73,,41483.0,30683.516847826082,1.35,"Opportunity Colleges and Universities – Higher Access, Higher Earnings"
124937,Concorde Career College-North Hollywood,California,Special Focus: Applied and Career Studies,0,1,31080,"Los Angeles-Long Beach-Anaheim, CA",0.5443,0.7983,1.62,,44529.0,35648.21336206897,1.25,"Opportunity Colleges and Universities – Higher Access, Higher Earnings"
125028,Ventura College,California,Mixed Associate Medium,0,1,37100,"Oxnard-Thousand Oaks-Ventura, CA",0.2769,0.7173,1.37,,38376.0,35047.15888359745,1.09,"Higher Access, Medium Earnings"
125037,The Colleges of Law at Ventura,California,Special Focus: Law,0,0,37100,"Oxnard-Thousand Oaks-Ventura, CA",0.0,,,,,,,Not Classified in SAEC
125091,Victor Valley College,California,Mixed Associate Medium,0,1,40140,"Riverside-San Bernardino-Ontario, CA",0.407,0.7946,1.26,,33674.0,30923.801751447314,1.09,"Higher Access, Medium Earnings"
125170,Berkeley City College,California,Mixed Associate Medium,0,1,41860,"San Francisco-Oakland-Fremont, CA",0.1513,0.553,1.21,,38043.0,50391.45435341375,0.75,"Higher Access, Lower Earnings"
125231,Walden University,Minnesota,Special Focus: Other Health Professions,0,0,33460,"Minneapolis-St. Paul-Bloomington, MN-WI",0.5062,0.5359,1.6,,47015.0,31968.966952256447,1.47,"Opportunity Colleges and Universities – Higher Access, Higher Earnings"
125462,Coalinga College,California,Mixed Associate Medium,0,1,23420,"Fresno, CA",0.3328,0.8179,1.1,,35699.0,29140.018522853385,1.23,"Higher Access, Medium Earnings"
125471,West Los Angeles College,California,Mixed Associate Medium,0,1,31080,"Los Angeles-Long Beach-Anaheim, CA",0.2375,0.7481,1.09,,36268.0,32755.58990006657,1.11,"Higher Access, Medium Earnings"
125499,West Valley College,California,Mixed Associate Medium,0,1,41940,"San Jose-Sunnyvale-Santa Clara, CA",0.1214,0.4431,1.14,,44783.0,61643.05875778751,0.73,"Higher Access, Lower Earnings"
125532,Carrington College-Sacramento,California,Special Focus: Other Health Professions,0,1,40900,"Sacramento-Roseville-Folsom, CA",0.5701,0.6845,1.94,,38975.0,35733.23945029288,1.09,"Higher Access, Medium Earnings"
125718,Westminster Theological Seminary in California,California,Special Focus: Theological Studies,0,0,41740,"San Diego-Chula Vista-Carlsbad, CA",0.0,,,,,,,Not Classified in SAEC
125727,Westmont College,California,Special Focus: Arts and Sciences,0,0,42200,"Santa Maria-Santa Barbara, CA",0.1858,0.353,0.74,,58802.0,41472.107229486464,1.42,"Lower Access, Medium Earnings"
125763,Whittier College,California,Special Focus: Arts and Sciences,0,0,31080,"Los Angeles-Long Beach-Anaheim, CA",0.3211,0.6338,1.29,,53338.0,37488.64165364397,1.42,"Higher Access, Medium Earnings"
125897,Woodbury University,California,Professions-focused Baccalaureate Small,0,0,31080,"Los Angeles-Long Beach-Anaheim, CA",0.4896,0.4648,1.34,,53328.0,39096.99302665144,1.36,"Higher Access, Medium Earnings"
126012,The Wright Institute,California,Special Focus: Graduate Studies,0,0,41860,"San Francisco-Oakland-Fremont, CA",0.0,,,,,,,Not Classified in SAEC
126049,Thomas Jefferson School of Law,California,Special Focus: Law,0,0,41740,"San Diego-Chula Vista-Carlsbad, CA",0.0,,,,,,,Not Classified in SAEC
126076,Yeshiva Ohr Elchonon Chabad West Coast Talmudical Seminary,California,Special Focus: Theological Studies,0,0,31080,"Los Angeles-Long Beach-Anaheim, CA",0.5461,0.0,,,29737.0,,,Not Classified in SAEC
126119,Yuba College,California,Mixed Associate Medium,0,1,49700,"Yuba City, CA",0.343,0.5343,1.19,,36815.0,33271.52427885984,1.11,"Higher Access, Medium Earnings"
126182,Adams State University,Colorado,Mixed Undergraduate/Graduate-Master's Small,1,0,10480,"Alamosa, CO",0.4242,0.5556,1.61,,43072.0,33534.571023080905,1.28,"Higher Access, Medium Earnings"
126207,Aims Community College,Colorado,Mixed Associate Medium,0,1,24540,"Greeley, CO",0.3362,0.4622,1.44,,39732.0,39966.47380128479,0.99,"Higher Access, Lower Earnings"
126289,Arapahoe Community College,Colorado,Mixed Associate Medium,0,1,19740,"Denver-Aurora-Centennial, CO",0.2455,0.3026,1.09,,45133.0,48057.18484877552,0.94,"Higher Access, Lower Earnings"
126359,Bel-Rea Institute of Animal Technology,Colorado,Special Focus: Applied and Career Studies,0,1,19740,"Denver-Aurora-Centennial, CO",0.4067,0.4043,1.46,,37730.0,44720.787436455386,0.84,"Higher Access, Lower Earnings"
126562,University of Colorado Denver/Anschutz Medical Campus,Colorado,Mixed Undergraduate/Graduate-Doctorate Large,0,0,19740,"Denver-Aurora-Centennial, CO",0.3318,0.428,1.4,,59654.0,41919.300679329834,1.42,"Higher Access, Medium Earnings"
126580,University of Colorado Colorado Springs,Colorado,Mixed Undergraduate/Graduate-Master's Large/Medium,1,0,17820,"Colorado Springs, CO",0.2746,0.3473,1.07,,52312.0,37404.94974935792,1.4,"Higher Access, Medium Earnings"
126605,Spartan College of Aeronautics and Technology,Colorado,Special Focus: Applied and Career Studies,0,1,19740,"Denver-Aurora-Centennial, CO",0.0951,0.3899,0.86,,57456.0,41592.59971369838,1.38,"Lower Access, Higher Earnings"
126614,University of Colorado Boulder,Colorado,Mixed Undergraduate/Graduate-Doctorate Large,0,0,14500,"Boulder, CO",0.1498,0.2277,0.62,,64625.0,42771.131129631496,1.51,"Lower Access, Higher Earnings"
126669,Colorado Christian University,Colorado,Professions-focused Undergraduate/Graduate-Master's Large/Medium,0,0,19740,"Denver-Aurora-Centennial, CO",0.463,0.4089,1.39,,44365.0,39601.524247972986,1.12,"Higher Access, Medium Earnings"
126678,Colorado College,Colorado,Special Focus: Arts and Sciences,0,0,17820,"Colorado Springs, CO",0.1385,0.2287,0.59,,52826.0,41175.99686993716,1.28,"Lower Access, Medium Earnings"
126687,Concorde Career College-Aurora,Colorado,Special Focus: Applied and Career Studies,0,1,19740,"Denver-Aurora-Centennial, CO",0.5689,0.6649,2.48,,41157.0,44323.66417561246,0.93,"Higher Access, Lower Earnings"
126711,Colorado Mountain College,Colorado,Mixed Associate/Baccalaureate,1,1,40090,"Rifle, CO",0.2411,0.3678,1.16,"Colorado Rural data used instead of Rifle, CO MSA data",40838.0,35193.90397141515,1.16,"Higher Access, Medium Earnings"
126748,Colorado Northwestern Community College,Colorado,Professions-focused Associate Small,0,1,-2,Colorado -- Not in metropolitan statistical area,0.3681,0.2892,1.22,,40580.0,35255.08569118508,1.15,"Higher Access, Medium Earnings"
126775,Colorado School of Mines,Colorado,"Special Focus: Technology, Engineering, and Sciences",0,0,19740,"Denver-Aurora-Centennial, CO",0.1335,0.2114,0.56,,90777.0,42581.77323966804,2.13,"Lower Access, Higher Earnings"
126784,Colorado School of Trades,Colorado,Special Focus: Applied and Career Studies,0,1,19740,"Denver-Aurora-Centennial, CO",0.2821,0.1592,0.73,,47101.0,40181.62368672398,1.17,"Lower Access, Medium Earnings"
126818,Colorado State University-Fort Collins,Colorado,Mixed Undergraduate/Graduate-Doctorate Large,0,0,22660,"Fort Collins-Loveland, CO",0.1936,0.2422,0.75,,56079.0,42970.64326462635,1.31,"Lower Access, Medium Earnings"
126827,Colorado Technical University-Colorado Springs,Colorado,Special Focus: Business,0,0,17820,"Colorado Springs, CO",0.6855,0.4729,1.76,,37998.0,37640.76701300113,1.01,"Higher Access, Medium Earnings"
126863,Community College of Aurora,Colorado,Mixed Associate Medium,0,1,19740,"Denver-Aurora-Centennial, CO",0.4292,0.6454,2.09,,41299.0,44545.473196629166,0.93,"Higher Access, Lower Earnings"
126942,Community College of Denver,Colorado,Mixed Associate Medium,0,1,19740,"Denver-Aurora-Centennial, CO",0.4458,0.5699,2.0,,35977.0,43673.137720534636,0.82,"Higher Access, Lower Earnings"
126951,Lincoln College of Technology-Denver,Colorado,Special Focus: Applied and Career Studies,0,1,19740,"Denver-Aurora-Centennial, CO",0.4578,0.5634,1.95,,47206.0,44833.30991390923,1.05,"Higher Access, Medium Earnings"
126979,Denver Seminary,Colorado,Special Focus: Theological Studies,0,0,19740,"Denver-Aurora-Centennial, CO",0.0,,,,,,,Not Classified in SAEC
127060,University of Denver,Colorado,Mixed Undergraduate/Graduate-Doctorate Medium,0,0,19740,"Denver-Aurora-Centennial, CO",0.1512,0.2378,0.62,,63910.0,41371.438714199,1.54,"Lower Access, Higher Earnings"
127185,Fort Lewis College,Colorado,Special Focus: Arts and Sciences,1,0,20420,"Durango, CO",0.38,0.6012,1.46,,41375.0,34840.8209312652,1.19,"Higher Access, Medium Earnings"
127200,Front Range Community College,Colorado,Mixed Associate Large,0,1,19740,"Denver-Aurora-Centennial, CO",0.293,0.3337,1.25,,42368.0,49738.8635880009,0.85,"Higher Access, Lower Earnings"
127273,Iliff School of Theology,Colorado,Special Focus: Theological Studies,0,0,19740,"Denver-Aurora-Centennial, CO",0.0,,,,,,,Not Classified in SAEC
127389,Lamar Community College,Colorado,Mixed Associate Small,0,1,-2,Colorado -- Not in metropolitan statistical area,0.533,0.5307,1.76,,34824.0,34307.86005287465,1.02,"Higher Access, Medium Earnings"
127556,Colorado Mesa University,Colorado,Professions-focused Baccalaureate Medium,1,0,24300,"Grand Junction, CO",0.3098,0.2983,1.19,,42409.0,34549.75643116587,1.23,"Higher Access, Medium Earnings"
127565,Metropolitan State University of Denver,Colorado,Professions-focused Undergraduate/Graduate-Master's Large/Medium,1,0,19740,"Denver-Aurora-Centennial, CO",0.372,0.5003,1.71,,48919.0,48561.91839031865,1.01,"Higher Access, Medium Earnings"
127617,Morgan Community College,Colorado,Professions-focused Associate Small,0,1,22820,"Fort Morgan, CO",0.4844,0.5534,1.55,,39878.0,42485.035187156056,0.94,"Higher Access, Lower Earnings"
127653,Naropa University,Colorado,Mixed Undergraduate/Graduate-Master's Small,0,0,14500,"Boulder, CO",0.574,0.2268,1.4,,23791.0,39458.19121447025,0.6,"Higher Access, Lower Earnings"
127714,Nazarene Bible College,Colorado,Special Focus: Theological Studies,0,0,17820,"Colorado Springs, CO",0.2477,0.2325,,,39239.0,,,Not Classified in SAEC
127732,Northeastern Junior College,Colorado,Mixed Associate Small,0,1,44540,"Sterling, CO",0.5947,0.2874,1.45,,39969.0,34211.129924979796,1.17,"Higher Access, Medium Earnings"
127741,University of Northern Colorado,Colorado,Mixed Undergraduate/Graduate-Doctorate Medium,1,0,24540,"Greeley, CO",0.2915,0.3606,1.14,,48079.0,39972.356373729686,1.2,"Higher Access, Medium Earnings"
127778,Otero College,Colorado,Mixed Associate Small,0,1,-2,Colorado -- Not in metropolitan statistical area,0.5286,0.4909,1.84,,37817.0,33491.82869599778,1.13,"Higher Access, Medium Earnings"
127820,Pikes Peak State College,Colorado,Mixed Associate Medium,0,1,17820,"Colorado Springs, CO",0.3979,0.4222,1.48,,37906.0,36474.16304412379,1.04,"Higher Access, Medium Earnings"
127884,Pueblo Community College,Colorado,Professions-focused Associate Large/Medium,0,1,39380,"Pueblo, CO",0.5612,0.4857,1.18,,35518.0,30446.332019021673,1.17,"Higher Access, Medium Earnings"
127909,Red Rocks Community College,Colorado,Mixed Associate Medium,0,1,19740,"Denver-Aurora-Centennial, CO",0.2938,0.2975,1.2,,43221.0,49586.76623394771,0.87,"Higher Access, Lower Earnings"
127918,Regis University,Colorado,Professions-focused Undergraduate/Graduate-Doctorate Medium,0,0,19740,"Denver-Aurora-Centennial, CO",0.28,0.3975,1.2,,69937.0,40589.59247004771,1.72,"Opportunity Colleges and Universities – Higher Access, Higher Earnings"
127945,Rocky Mountain College of Art and Design,Colorado,"Special Focus: Arts, Music, and Design",0,0,19740,"Denver-Aurora-Centennial, CO",0.463,0.3434,1.36,,37813.0,41925.46524050824,0.9,"Higher Access, Lower Earnings"
128106,Colorado State University Pueblo,Colorado,Professions-focused Baccalaureate Medium,1,0,39380,"Pueblo, CO",0.444,0.5297,1.12,,51258.0,31330.21599977231,1.64,"Opportunity Colleges and Universities – Higher Access, Higher Earnings"
128179,Intellitec College-Colorado Springs,Colorado,Special Focus: Applied and Career Studies,0,1,17820,"Colorado Springs, CO",0.5315,0.4208,1.74,,35482.0,36485.463168516646,0.97,"Higher Access, Lower Earnings"
128188,Intellitec College-Grand Junction,Colorado,Special Focus: Applied and Career Studies,0,1,24300,"Grand Junction, CO",0.6434,0.482,1.84,,30373.0,33140.31027795733,0.92,"Higher Access, Lower Earnings"
128258,Trinidad State College,Colorado,Mixed Associate Small,0,1,-2,Colorado -- Not in metropolitan statistical area,0.573,0.5981,1.95,,34787.0,32582.366668677074,1.07,"Higher Access, Medium Earnings"
128328,United States Air Force Academy,Colorado,Mixed Baccalaureate,0,0,17820,"Colorado Springs, CO",0.0,0.2747,,,,,,Not Classified in SAEC
128391,Western Colorado University,Colorado,Mixed Undergraduate/Graduate-Master's Large/Medium,1,0,-2,Colorado -- Not in metropolitan statistical area,0.2493,0.2264,0.83,,43861.0,35563.09343617053,1.23,"Lower Access, Medium Earnings"
128498,Albertus Magnus College,Connecticut,Professions-focused Undergraduate/Graduate-Master's Small,0,0,35300,"New Haven, CT",0.4755,0.6322,1.99,,52133.0,38240.140459693444,1.36,"Higher Access, Medium Earnings"
128744,University of Bridgeport,Connecticut,Professions-focused Undergraduate/Graduate-Doctorate Medium,0,0,14860,"Bridgeport-Stamford-Danbury, CT",0.5274,0.6989,2.04,,49288.0,36526.852558431754,1.35,"Higher Access, Medium Earnings"
128771,Central Connecticut State University,Connecticut,Professions-focused Undergraduate/Graduate-Master's Large/Medium,1,0,25540,"Hartford-West Hartford-East Hartford, CT",0.3561,0.3654,1.38,,56602.0,45698.64589315501,1.24,"Higher Access, Medium Earnings"
128780,Charter Oak State College,Connecticut,Special Focus: Arts and Sciences,1,0,25540,"Hartford-West Hartford-East Hartford, CT",0.3955,0.4221,,,60149.0,,,Not Classified in SAEC
128902,Connecticut College,Connecticut,Special Focus: Arts and Sciences,0,0,35980,"Norwich-New London-Willimantic, CT",0.1457,0.2153,0.62,,71333.0,42852.14019533666,1.66,"Lower Access, Higher Earnings"
129020,University of Connecticut,Connecticut,Mixed Undergraduate/Graduate-Doctorate Large,0,0,25540,"Hartford-West Hartford-East Hartford, CT",0.2444,0.2926,0.96,,69005.0,42681.290927622045,1.62,"Lower Access, Higher Earnings"
129154,Goodwin University,Connecticut,Special Focus: Other Health Professions,0,1,25540,"Hartford-West Hartford-East Hartford, CT",0.5239,0.5719,2.13,,44170.0,42639.41897646835,1.04,"Higher Access, Medium Earnings"
129215,Eastern Connecticut State University,Connecticut,Special Focus: Arts and Sciences,1,0,35980,"Norwich-New London-Willimantic, CT",0.313,0.2752,1.35,,48035.0,39708.96691675931,1.21,"Higher Access, Medium Earnings"
129242,Fairfield University,Connecticut,Professions-focused Undergraduate/Graduate-Doctorate Medium,0,0,14860,"Bridgeport-Stamford-Danbury, CT",0.0688,0.1074,0.29,,87663.0,39229.93727787866,2.23,"Lower Access, Higher Earnings"
129367,Capital Community College,Connecticut,Professions-focused Associate Large/Medium,0,1,25540,"Hartford-West Hartford-East Hartford, CT",0.4796,0.5301,1.95,,38684.0,36853.12136165402,1.05,"Higher Access, Medium Earnings"
129428,Rensselaer at Hartford,Connecticut,"Special Focus: Technology, Engineering, and Sciences",0,0,25540,"Hartford-West Hartford-East Hartford, CT",0.0,,,,95369.0,,,Not Classified in SAEC
129491,Hartford International University for Religion and Peace,Connecticut,Special Focus: Theological Studies,0,0,25540,"Hartford-West Hartford-East Hartford, CT",0.0,,,,,,,Not Classified in SAEC
129525,University of Hartford,Connecticut,Mixed Undergraduate/Graduate-Doctorate Medium,0,0,25540,"Hartford-West Hartford-East Hartford, CT",0.3044,0.3935,1.2,,51616.0,40894.08568851262,1.26,"Higher Access, Medium Earnings"
129534,Holy Apostles College and Seminary,Connecticut,Special Focus: Theological Studies,0,0,25540,"Hartford-West Hartford-East Hartford, CT",0.2136,0.2328,,,,,,Not Classified in SAEC
129774,Mitchell College,Connecticut,Special Focus: Arts and Sciences,0,0,35980,"Norwich-New London-Willimantic, CT",0.4417,0.4341,1.55,,41990.0,41347.74726473471,1.02,"Higher Access, Medium Earnings"
129941,University of New Haven,Connecticut,Professions-focused Undergraduate/Graduate-Master's Large/Medium,0,0,35300,"New Haven, CT",0.277,0.347,1.03,,55917.0,38465.07557238176,1.45,"Higher Access, Medium Earnings"
130110,Paier College,Connecticut,"Special Focus: Arts, Music, and Design",0,0,14860,"Bridgeport-Stamford-Danbury, CT",0.6761,0.5447,,,,,,Not Classified in SAEC
130183,Post University,Connecticut,Professions-focused Undergraduate/Graduate-Doctorate Large,0,0,47930,"Waterbury-Shelton, CT",0.7494,0.5545,2.02,,33857.0,33052.38859254791,1.02,"Higher Access, Medium Earnings"
130226,Quinnipiac University,Connecticut,Professions-focused Undergraduate/Graduate-Doctorate Medium,0,0,35300,"New Haven, CT",0.1565,0.1908,0.59,,77840.0,43522.03468898862,1.79,"Lower Access, Higher Earnings"
130253,Sacred Heart University,Connecticut,Professions-focused Undergraduate/Graduate-Doctorate Medium,0,0,14860,"Bridgeport-Stamford-Danbury, CT",0.1534,0.1981,0.56,,71006.0,40978.22140568923,1.73,"Lower Access, Higher Earnings"
130314,University of Saint Joseph,Connecticut,Professions-focused Undergraduate/Graduate-Doctorate Small,0,0,25540,"Hartford-West Hartford-East Hartford, CT",0.3654,0.3291,1.28,,60622.0,39460.778630797846,1.54,"Opportunity Colleges and Universities – Higher Access, Higher Earnings"
130493,Southern Connecticut State University,Connecticut,Mixed Undergraduate/Graduate-Doctorate Medium,1,0,35300,"New Haven, CT",0.4129,0.4852,1.42,,51736.0,40784.040624557005,1.27,"Higher Access, Medium Earnings"
130590,Trinity College,Connecticut,Special Focus: Arts and Sciences,0,0,25540,"Hartford-West Hartford-East Hartford, CT",0.1537,0.226,0.66,,85907.0,42191.28574745917,2.04,"Lower Access, Higher Earnings"
130624,United States Coast Guard Academy,Connecticut,"Special Focus: Technology, Engineering, and Sciences",0,0,35980,"Norwich-New London-Willimantic, CT",0.0,0.2757,,,,,,Not Classified in SAEC
130697,Wesleyan University,Connecticut,Special Focus: Arts and Sciences,0,0,25540,"Hartford-West Hartford-East Hartford, CT",0.153,0.2668,0.64,,70640.0,40007.35307371496,1.77,"Lower Access, Higher Earnings"
130776,Western Connecticut State University,Connecticut,Professions-focused Baccalaureate Medium,1,0,14860,"Bridgeport-Stamford-Danbury, CT",0.3563,0.4275,1.33,,53163.0,46362.96021774122,1.15,"Higher Access, Medium Earnings"
130794,Yale University,Connecticut,Mixed Undergraduate/Graduate-Doctorate Medium,0,0,35300,"New Haven, CT",0.1913,0.349,0.81,,94821.0,39739.506056290884,2.39,"Lower Access, Higher Earnings"
130907,Delaware Technical Community College-Terry,Delaware,Professions-focused Associate Large/Medium,0,1,20100,"Dover, DE",0.4408,0.5146,1.35,,39296.0,35384.21832182826,1.11,"Higher Access, Medium Earnings"
130934,Delaware State University,Delaware,Professions-focused Undergraduate/Graduate-Master's Large/Medium,1,0,20100,"Dover, DE",0.4719,0.9035,1.95,,43083.0,30931.094590367895,1.39,"Higher Access, Medium Earnings"
130943,University of Delaware,Delaware,Mixed Undergraduate/Graduate-Doctorate Large,0,0,37980,"Philadelphia-Camden-Wilmington, PA-NJ-DE-MD",0.1634,0.217,0.6,,69215.0,42666.87872664692,1.62,"Lower Access, Higher Earnings"
130989,Goldey-Beacom College,Delaware,Special Focus: Business,0,0,37980,"Philadelphia-Camden-Wilmington, PA-NJ-DE-MD",0.3906,0.5255,1.53,,46889.0,38915.109101923925,1.2,"Higher Access, Medium Earnings"
131113,Wilmington University,Delaware,Professions-focused Undergraduate/Graduate-Doctorate Medium,0,0,37980,"Philadelphia-Camden-Wilmington, PA-NJ-DE-MD",0.2716,0.4648,1.15,,53189.0,35031.30238170123,1.52,"Opportunity Colleges and Universities – Higher Access, Higher Earnings"
131159,American University,District of Columbia,Mixed Undergraduate/Graduate-Doctorate Medium,0,0,47900,"Washington-Arlington-Alexandria, DC-VA-MD-WV",0.1314,0.29,0.66,,70443.0,38775.5430132246,1.82,"Lower Access, Higher Earnings"
131283,The Catholic University of America,District of Columbia,Mixed Undergraduate/Graduate-Doctorate Medium,0,0,47900,"Washington-Arlington-Alexandria, DC-VA-MD-WV",0.17,0.3113,0.77,,70095.0,40585.44719231508,1.73,"Lower Access, Higher Earnings"
131399,University of the District of Columbia,District of Columbia,Professions-focused Associate/Baccalaureate,1,1,47900,"Washington-Arlington-Alexandria, DC-VA-MD-WV",0.4495,0.9405,2.25,,40032.0,38557.53005376405,1.04,"Higher Access, Medium Earnings"
131405,Pontifical Faculty of the Immaculate Conception at the Dominican House of Studies,District of Columbia,Special Focus: Theological Studies,0,0,47900,"Washington-Arlington-Alexandria, DC-VA-MD-WV",0.0,,,,,,,Not Classified in SAEC
131450,Gallaudet University,District of Columbia,Mixed Undergraduate/Graduate-Doctorate Small,0,0,47900,"Washington-Arlington-Alexandria, DC-VA-MD-WV",0.5451,0.4729,1.52,,39294.0,39420.08609535549,1.0,"Higher Access, Medium Earnings"
131469,George Washington University,District of Columbia,Mixed Undergraduate/Graduate-Doctorate Large,0,0,47900,"Washington-Arlington-Alexandria, DC-VA-MD-WV",0.1577,0.2952,0.7,,78974.0,40715.60069291901,1.94,"Lower Access, Higher Earnings"
131496,Georgetown University,District of Columbia,Mixed Undergraduate/Graduate-Doctorate Large,0,0,47900,"Washington-Arlington-Alexandria, DC-VA-MD-WV",0.1116,0.2275,0.51,,88766.0,40529.61980192956,2.19,"Lower Access, Higher Earnings"
131520,Howard University,District of Columbia,Mixed Undergraduate/Graduate-Doctorate Medium,0,0,47900,"Washington-Arlington-Alexandria, DC-VA-MD-WV",0.4302,0.9542,2.06,,54819.0,29538.97905473924,1.86,"Opportunity Colleges and Universities – Higher Access, Higher Earnings"
131803,Strayer University-District of Columbia,District of Columbia,Special Focus: Business,0,0,47900,"Washington-Arlington-Alexandria, DC-VA-MD-WV",0.7111,0.9254,2.25,,37064.0,38574.861336753616,0.96,"Higher Access, Lower Earnings"
131876,Trinity Washington University,District of Columbia,Professions-focused Undergraduate/Graduate-Master's Small,0,0,47900,"Washington-Arlington-Alexandria, DC-VA-MD-WV",0.5851,0.9711,2.07,,47306.0,38632.90461802169,1.22,"Higher Access, Medium Earnings"
131973,Wesley Theological Seminary,District of Columbia,Special Focus: Theological Studies,0,0,47900,"Washington-Arlington-Alexandria, DC-VA-MD-WV",0.0,,,,,,,Not Classified in SAEC
132408,Baptist University of Florida,Florida,Professions-focused Baccalaureate Small,0,0,-2,Florida -- Not in metropolitan statistical area,0.5481,0.1584,0.96,,36225.0,34454.254347185386,1.05,"Lower Access, Medium Earnings"
132471,Barry University,Florida,Professions-focused Undergraduate/Graduate-Doctorate Medium,0,0,33100,"Miami-Fort Lauderdale-West Palm Beach, FL",0.5618,0.8485,1.89,,54823.0,30574.29421125627,1.79,"Opportunity Colleges and Universities – Higher Access, Higher Earnings"
132602,Bethune-Cookman University,Florida,Special Focus: Arts and Sciences,0,0,19660,"Deltona-Daytona Beach-Ormond Beach, FL",0.7694,0.9914,2.27,,33935.0,28058.462241011555,1.21,"Higher Access, Medium Earnings"
132657,Lynn University,Florida,Professions-focused Undergraduate/Graduate-Doctorate Small,0,0,33100,"Miami-Fort Lauderdale-West Palm Beach, FL",0.2274,0.4126,0.89,,48124.0,36566.67114492881,1.32,"Lower Access, Medium Earnings"
132693,Eastern Florida State College,Florida,Mixed Associate/Baccalaureate,0,1,37340,"Palm Bay-Melbourne-Titusville, FL",0.3756,0.3619,1.37,,35509.0,32491.690593266725,1.09,"Higher Access, Medium Earnings"
132709,Broward College,Florida,Mixed Associate/Baccalaureate,0,1,33100,"Miami-Fort Lauderdale-West Palm Beach, FL",0.4875,0.8314,1.28,,37360.0,32548.25045956251,1.15,"Higher Access, Medium Earnings"
132842,Albizu University-Miami,Florida,Special Focus: Graduate Studies,0,0,33100,"Miami-Fort Lauderdale-West Palm Beach, FL",0.5161,0.9343,,,40741.0,,,Not Classified in SAEC
132851,College of Central Florida,Florida,Mixed Associate/Baccalaureate,1,1,36100,"Ocala, FL",0.492,0.3657,1.18,,35425.0,29726.734493532465,1.19,"Higher Access, Medium Earnings"
132879,Johnson University Florida,Florida,Special Focus: Theological Studies,0,0,36740,"Orlando-Kissimmee-Sanford, FL",0.4675,0.6403,,,37472.0,,,Not Classified in SAEC
132903,University of Central Florida,Florida,Mixed Undergraduate/Graduate-Doctorate Large,0,0,36740,"Orlando-Kissimmee-Sanford, FL",0.3359,0.4706,1.01,,52921.0,33672.418125235024,1.57,"Opportunity Colleges and Universities – Higher Access, Higher Earnings"
133021,Chipola College,Florida,Mixed Associate/Baccalaureate,1,1,-2,Florida -- Not in metropolitan statistical area,0.3925,0.3073,1.0,,35767.0,27557.325450266537,1.3,"Opportunity Colleges and Universities – Higher Access, Higher Earnings"
133386,Daytona State College,Florida,Mixed Associate/Baccalaureate,1,1,19660,"Deltona-Daytona Beach-Ormond Beach, FL",0.4394,0.4223,1.41,,35233.0,31790.117366532886,1.11,"Higher Access, Medium Earnings"
133465,South University-West Palm Beach,Florida,Special Focus: Nursing,0,0,33100,"Miami-Fort Lauderdale-West Palm Beach, FL",0.5677,0.837,1.72,,32897.0,30869.849855072465,1.07,"Higher Access, Medium Earnings"
133492,Eckerd College,Florida,Special Focus: Arts and Sciences,0,0,45300,"Tampa-St. Petersburg-Clearwater, FL",0.1626,0.1856,0.53,,47222.0,39086.473175104795,1.21,"Lower Access, Medium Earnings"
133508,Florida SouthWestern State College,Florida,Mixed Associate/Baccalaureate,1,1,15980,"Cape Coral-Fort Myers, FL",0.4481,0.5801,1.59,,40497.0,34263.13470799939,1.18,"Higher Access, Medium Earnings"
133526,Edward Waters University,Florida,Special Focus: Arts and Sciences,0,0,27260,"Jacksonville, FL",0.7557,0.9478,2.16,,32493.0,28210.70828949538,1.15,"Higher Access, Medium Earnings"
133553,Embry-Riddle Aeronautical University-Daytona Beach,Florida,Professions-focused Undergraduate/Graduate-Master's Large/Medium,0,0,19660,"Deltona-Daytona Beach-Ormond Beach, FL",0.2007,0.2881,0.68,,76224.0,36530.926235962885,2.09,"Lower Access, Higher Earnings"
133650,Florida Agricultural and Mechanical University,Florida,Professions-focused Undergraduate/Graduate-Doctorate Medium,1,0,45220,"Tallahassee, FL",0.5757,0.9681,2.12,,42044.0,24653.310887875177,1.71,"Opportunity Colleges and Universities – Higher Access, Higher Earnings"
133669,Florida Atlantic University,Florida,Mixed Undergraduate/Graduate-Doctorate Large,0,0,33100,"Miami-Fort Lauderdale-West Palm Beach, FL",0.3667,0.5496,1.17,,51826.0,32962.13929245621,1.57,"Opportunity Colleges and Universities – Higher Access, Higher Earnings"
133702,Florida State College at Jacksonville,Florida,Mixed Associate/Baccalaureate,1,1,27260,"Jacksonville, FL",0.4049,0.5213,1.4,,38225.0,34750.03877759089,1.1,"Higher Access, Medium Earnings"
133711,Flagler College,Florida,Professions-focused Baccalaureate Small,0,0,27260,"Jacksonville, FL",0.2838,0.2128,0.7,,46071.0,37007.187208956944,1.24,"Lower Access, Medium Earnings"
133809,Florida College,Florida,Mixed Associate/Baccalaureate,0,1,45300,"Tampa-St. Petersburg-Clearwater, FL",0.2407,0.1601,0.6,,46040.0,38019.25766265707,1.21,"Lower Access, Medium Earnings"
133845,Concorde Career Institute-Jacksonville,Florida,Special Focus: Nursing,0,1,27260,"Jacksonville, FL",0.7052,0.7635,2.18,,34625.0,34328.98616801869,1.01,"Higher Access, Medium Earnings"
133854,Concorde Career Institute-Miramar,Florida,Special Focus: Applied and Career Studies,0,1,33100,"Miami-Fort Lauderdale-West Palm Beach, FL",0.6335,0.9393,1.56,,35965.0,30389.36269767852,1.18,"Higher Access, Medium Earnings"
133863,Concorde Career Institute-Tampa,Florida,Special Focus: Applied and Career Studies,0,1,45300,"Tampa-St. Petersburg-Clearwater, FL",0.6967,0.7405,2.1,,33887.0,33443.07067558628,1.01,"Higher Access, Medium Earnings"
133872,AdventHealth University,Florida,Special Focus: Nursing,0,0,36740,"Orlando-Kissimmee-Sanford, FL",0.4144,0.6071,1.31,,68561.0,33463.27975406505,2.05,"Opportunity Colleges and Universities – Higher Access, Higher Earnings"
133881,Florida Institute of Technology,Florida,"Special Focus: Technology, Engineering, and Sciences",0,0,37340,"Palm Bay-Melbourne-Titusville, FL",0.2171,0.2907,0.71,,42844.0,35425.36047532504,1.21,"Lower Access, Medium Earnings"
133951,Florida International University,Florida,Mixed Undergraduate/Graduate-Doctorate Large,0,0,33100,"Miami-Fort Lauderdale-West Palm Beach, FL",0.4626,0.8734,1.64,,54465.0,30638.15733196207,1.78,"Opportunity Colleges and Universities – Higher Access, Higher Earnings"
133960,The College of the Florida Keys,Florida,Professions-focused Associate Small,0,1,28580,"Key West-Key Largo, FL",0.3075,0.4709,1.22,,39545.0,34562.90112246515,1.14,"Higher Access, Medium Earnings"
133979,Florida Memorial University,Florida,Professions-focused Baccalaureate Small,0,0,33100,"Miami-Fort Lauderdale-West Palm Beach, FL",0.6621,0.9798,2.12,,31877.0,27712.30061235166,1.15,"Higher Access, Medium Earnings"
133997,Florida Career College-Miami,Florida,Mixed Associate Small,0,1,33100,"Miami-Fort Lauderdale-West Palm Beach, FL",0.7377,0.9671,,,27882.0,,,Not Classified in SAEC
134079,Florida Southern College,Florida,Mixed Baccalaureate,0,0,29460,"Lakeland-Winter Haven, FL",0.262,0.2612,0.72,,51835.0,36424.16351604549,1.42,"Lower Access, Medium Earnings"
134097,Florida State University,Florida,Mixed Undergraduate/Graduate-Doctorate Large,0,0,45220,"Tallahassee, FL",0.2393,0.3678,0.77,,55983.0,34123.14946017338,1.64,"Lower Access, Higher Earnings"
134130,University of Florida,Florida,Mixed Undergraduate/Graduate-Doctorate Large,0,0,23540,"Gainesville, FL",0.2244,0.3605,0.74,,65342.0,33687.157434704546,1.94,"Lower Access, Higher Earnings"
134237,Full Sail University,Florida,Mixed Undergraduate/Graduate-Master's Large/Medium,0,0,36740,"Orlando-Kissimmee-Sanford, FL",0.567,0.5914,1.65,,32373.0,32549.849867548175,0.99,"Higher Access, Lower Earnings"
134343,Gulf Coast State College,Florida,Mixed Associate Medium,0,1,37460,"Panama City-Panama City Beach, FL",0.3736,0.263,1.14,,36964.0,32672.623575294165,1.13,"Higher Access, Medium Earnings"
134422,Key College,Florida,Professions-focused Associate Small,0,1,33100,"Miami-Fort Lauderdale-West Palm Beach, FL",0.3158,0.4,0.83,,30531.0,35314.992361111115,0.86,"Lower Access, Lower Earnings"
134495,Hillsborough Community College,Florida,Mixed Associate Large,0,1,45300,"Tampa-St. Petersburg-Clearwater, FL",0.4164,0.6287,1.52,,37977.0,34062.63302476318,1.11,"Higher Access, Medium Earnings"
134510,Hobe Sound Bible College,Florida,Professions-focused Baccalaureate Small,0,0,38940,"Port St. Lucie, FL",0.2876,0.1596,0.67,,30847.0,36860.43440860216,0.84,"Lower Access, Lower Earnings"
134608,Indian River State College,Florida,Mixed Associate/Baccalaureate,1,1,38940,"Port St. Lucie, FL",0.4244,0.6322,1.55,,35767.0,30555.61797305062,1.17,"Higher Access, Medium Earnings"
134945,Jacksonville University,Florida,Professions-focused Undergraduate/Graduate-Doctorate Medium,0,0,27260,"Jacksonville, FL",0.3018,0.4213,0.98,,69711.0,34522.863297791,2.02,"Lower Access, Higher Earnings"
135081,Keiser University-Ft Lauderdale,Florida,Special Focus: Other Health Professions,0,0,33100,"Miami-Fort Lauderdale-West Palm Beach, FL",0.5863,0.6572,1.62,,40182.0,32632.113683330645,1.23,"Higher Access, Medium Earnings"
135160,Florida Gateway College,Florida,Mixed Associate/Baccalaureate,0,1,29380,"Lake City, FL",0.4892,0.3006,1.2,,37915.0,33706.799956538795,1.12,"Higher Access, Medium Earnings"
135188,Lake-Sumter State College,Florida,Mixed Associate Medium,0,1,36740,"Orlando-Kissimmee-Sanford, FL",0.4137,0.4495,1.03,,37380.0,33520.14496887417,1.12,"Higher Access, Medium Earnings"
135364,Luther Rice College & Seminary,Georgia,Special Focus: Theological Studies,0,0,12060,"Atlanta-Sandy Springs-Roswell, GA",0.4953,0.4754,,,39972.0,,,Not Classified in SAEC
135391,State College of Florida-Manatee-Sarasota,Florida,Mixed Associate/Baccalaureate,1,1,35840,"North Port-Bradenton-Sarasota, FL",0.4223,0.3822,1.72,,39160.0,33081.26802163968,1.18,"Higher Access, Medium Earnings"
135610,Trinity International University-Florida,Florida,Professions-focused Baccalaureate Small,0,0,33100,"Miami-Fort Lauderdale-West Palm Beach, FL",0.5833,0.8228,,,43251.0,,,Not Classified in SAEC
135717,Miami Dade College,Florida,Mixed Associate/Baccalaureate,1,1,33100,"Miami-Fort Lauderdale-West Palm Beach, FL",0.5213,0.946,1.41,,36520.0,31651.538500735525,1.15,"Higher Access, Medium Earnings"
135726,University of Miami,Florida,Mixed Undergraduate/Graduate-Doctorate Large,0,0,33100,"Miami-Fort Lauderdale-West Palm Beach, FL",0.1574,0.4244,0.81,,70100.0,35597.01778261706,1.97,"Lower Access, Higher Earnings"
136145,North Florida College,Florida,Mixed Associate/Baccalaureate,0,1,-2,Florida -- Not in metropolitan statistical area,0.5569,0.4319,1.42,,33545.0,27113.276060052147,1.24,"Higher Access, Medium Earnings"
136172,University of North Florida,Florida,Mixed Undergraduate/Graduate-Doctorate Medium,1,0,27260,"Jacksonville, FL",0.3143,0.3458,1.0,,51315.0,37466.49148431089,1.37,"Higher Access, Medium Earnings"
136215,Nova Southeastern University,Florida,Professions-focused Undergraduate/Graduate-Doctorate Large,0,0,33100,"Miami-Fort Lauderdale-West Palm Beach, FL",0.3731,0.583,1.28,,56527.0,31752.674034589723,1.78,"Opportunity Colleges and Universities – Higher Access, Higher Earnings"
136233,Northwest Florida State College,Florida,Mixed Associate/Baccalaureate,1,1,18880,"Crestview-Fort Walton Beach-Destin, FL",0.3401,0.3262,1.3,,37769.0,34606.68661048027,1.09,"Higher Access, Medium Earnings"
136330,Palm Beach Atlantic University,Florida,Professions-focused Undergraduate/Graduate-Doctorate Medium,0,0,33100,"Miami-Fort Lauderdale-West Palm Beach, FL",0.3176,0.3408,0.92,,45925.0,34421.83801043249,1.33,"Lower Access, Medium Earnings"
136358,Palm Beach State College,Florida,Mixed Associate/Baccalaureate,0,1,33100,"Miami-Fort Lauderdale-West Palm Beach, FL",0.4501,0.7067,1.14,,38259.0,34642.69975721139,1.1,"Higher Access, Medium Earnings"
136400,Pasco-Hernando State College,Florida,Mixed Associate/Baccalaureate,0,1,45300,"Tampa-St. Petersburg-Clearwater, FL",0.4113,0.385,1.17,,37227.0,36441.988459049295,1.02,"Higher Access, Medium Earnings"
136473,Pensacola State College,Florida,Mixed Associate/Baccalaureate,0,1,37860,"Pensacola-Ferry Pass-Brent, FL",0.445,0.3921,1.39,,34122.0,33285.191652517264,1.03,"Higher Access, Medium Earnings"
136516,Polk State College,Florida,Mixed Associate/Baccalaureate,1,1,29460,"Lakeland-Winter Haven, FL",0.4274,0.5273,1.13,,37426.0,31435.61273068902,1.19,"Higher Access, Medium Earnings"
136701,Saint Vincent de Paul Regional Seminary,Florida,Special Focus: Theological Studies,0,0,33100,"Miami-Fort Lauderdale-West Palm Beach, FL",0.0,,,,,,,Not Classified in SAEC
136774,Ringling College of Art and Design,Florida,"Special Focus: Arts, Music, and Design",0,0,35840,"North Port-Bradenton-Sarasota, FL",0.2113,0.2974,0.71,,44363.0,36761.97919398713,1.21,"Lower Access, Medium Earnings"
136950,Rollins College,Florida,Mixed Undergraduate/Graduate-Master's Small,0,0,36740,"Orlando-Kissimmee-Sanford, FL",0.221,0.3172,0.74,,51840.0,36232.76048190411,1.43,"Lower Access, Medium Earnings"
137032,Saint Leo University,Florida,Mixed Undergraduate/Graduate-Doctorate Medium,0,0,45300,"Tampa-St. Petersburg-Clearwater, FL",0.4013,0.5789,1.28,,46458.0,32404.340560012144,1.43,"Higher Access, Medium Earnings"
137078,St Petersburg College,Florida,Mixed Associate/Baccalaureate,1,1,45300,"Tampa-St. Petersburg-Clearwater, FL",0.407,0.3837,1.16,,39154.0,36075.88080192111,1.09,"Higher Access, Medium Earnings"
137096,Santa Fe College,Florida,Mixed Associate Medium,0,1,23540,"Gainesville, FL",0.3165,0.4169,1.18,,39067.0,28963.698515669243,1.35,"Opportunity Colleges and Universities – Higher Access, Higher Earnings"
137209,Seminole State College of Florida,Florida,Mixed Associate/Baccalaureate,0,1,36740,"Orlando-Kissimmee-Sanford, FL",0.3238,0.5335,0.97,,39621.0,32613.84458222705,1.21,"Lower Access, Medium Earnings"
137272,St. John Vianney College Seminary,Florida,Special Focus: Theological Studies,0,0,33100,"Miami-Fort Lauderdale-West Palm Beach, FL",0.0,0.5714,,,40740.0,,,Not Classified in SAEC
137281,Saint Johns River State College,Florida,Mixed Associate/Baccalaureate,0,1,37260,"Palatka, FL",0.3325,0.3159,0.96,,38429.0,33884.79876659079,1.13,"Lower Access, Medium Earnings"
137315,South Florida State College,Florida,Mixed Associate/Baccalaureate,0,1,42700,"Sebring, FL",0.5963,0.5834,1.6,,35056.0,31942.46176150779,1.1,"Higher Access, Medium Earnings"
137351,University of South Florida,Florida,Mixed Undergraduate/Graduate-Doctorate Large,0,0,45300,"Tampa-St. Petersburg-Clearwater, FL",0.3092,0.4015,0.91,,54167.0,33742.282926465356,1.61,"Lower Access, Higher Earnings"
137476,St. Thomas University,Florida,Professions-focused Undergraduate/Graduate-Doctorate Medium,0,0,33100,"Miami-Fort Lauderdale-West Palm Beach, FL",0.5264,0.8606,1.73,,49109.0,30342.77627063451,1.62,"Opportunity Colleges and Universities – Higher Access, Higher Earnings"
137546,Stetson University,Florida,Mixed Undergraduate/Graduate-Doctorate Medium,0,0,19660,"Deltona-Daytona Beach-Ormond Beach, FL",0.3603,0.4102,1.01,,49140.0,35245.56870460246,1.39,"Higher Access, Medium Earnings"
137564,Southeastern University,Florida,Professions-focused Undergraduate/Graduate-Doctorate Medium,0,0,29460,"Lakeland-Winter Haven, FL",0.3963,0.4045,1.12,,41826.0,34738.11956806066,1.2,"Higher Access, Medium Earnings"
137759,Tallahassee State College,Florida,Mixed Associate Medium,0,1,45220,"Tallahassee, FL",0.4189,0.6012,1.37,,35229.0,29028.40656638139,1.21,"Higher Access, Medium Earnings"
137777,Talmudic College of Florida,Florida,Special Focus: Theological Studies,0,0,33100,"Miami-Fort Lauderdale-West Palm Beach, FL",0.3939,0.0,,,51934.0,,,Not Classified in SAEC
137847,The University of Tampa,Florida,Professions-focused Undergraduate/Graduate-Master's Large/Medium,0,0,45300,"Tampa-St. Petersburg-Clearwater, FL",0.1563,0.2132,0.54,,54511.0,37793.81764551069,1.44,"Lower Access, Medium Earnings"
137953,Trinity Baptist College,Florida,Special Focus: Theological Studies,0,0,27260,"Jacksonville, FL",0.4953,0.3114,,,36311.0,,,Not Classified in SAEC
137962,Trinity College of Florida,Florida,Professions-focused Baccalaureate Small,0,0,45300,"Tampa-St. Petersburg-Clearwater, FL",0.6216,0.4709,1.43,,33480.0,33625.333333333336,1.0,"Higher Access, Medium Earnings"
138187,Valencia College,Florida,Mixed Associate Large,0,1,36740,"Orlando-Kissimmee-Sanford, FL",0.4706,0.6942,1.34,,36484.0,31234.88617450819,1.17,"Higher Access, Medium Earnings"
138275,Warner University,Florida,Professions-focused Baccalaureate Small,0,0,29460,"Lakeland-Winter Haven, FL",0.5515,0.5932,1.46,,39098.0,32156.720323355123,1.22,"Higher Access, Medium Earnings"
138293,Webber International University,Florida,Professions-focused Baccalaureate Small,0,0,29460,"Lakeland-Winter Haven, FL",0.5435,0.5109,1.37,,43286.0,32514.40898676584,1.33,"Higher Access, Medium Earnings"
138309,Rasmussen University-Florida,Florida,Special Focus: Nursing,0,1,36100,"Ocala, FL",0.5504,0.5247,1.52,,41304.0,32631.574322273093,1.27,"Opportunity Colleges and Universities – Higher Access, Higher Earnings"
138354,University of West Florida,Florida,Mixed Undergraduate/Graduate-Doctorate Medium,1,0,37860,"Pensacola-Ferry Pass-Brent, FL",0.3437,0.3044,1.07,,44502.0,34069.957513557354,1.31,"Higher Access, Medium Earnings"
138558,Abraham Baldwin Agricultural College,Georgia,Professions-focused Baccalaureate Medium,1,0,45700,"Tifton, GA",0.3939,0.1983,0.68,,35026.0,34373.77659716131,1.02,"Lower Access, Medium Earnings"
138600,Agnes Scott College,Georgia,Special Focus: Arts and Sciences,0,0,12060,"Atlanta-Sandy Springs-Roswell, GA",0.3966,0.5537,1.31,,50997.0,33917.627177135146,1.5,"Opportunity Colleges and Universities – Higher Access, Higher Earnings"
138655,Interactive College of Technology-Chamblee,Georgia,Special Focus: Business,0,1,12060,"Atlanta-Sandy Springs-Roswell, GA",0.5746,0.7319,1.81,,27601.0,36272.03238095238,0.76,"Higher Access, Lower Earnings"
138664,Interactive College of Technology-Morrow,Georgia,Special Focus: Other Health Professions,0,1,12060,"Atlanta-Sandy Springs-Roswell, GA",0.7419,0.9481,2.33,,27601.0,35011.6875,0.79,"Higher Access, Lower Earnings"
138682,Albany Technical College,Georgia,Professions-focused Associate Small,0,1,10500,"Albany, GA",0.7304,0.8414,1.59,,30639.0,26791.19638600047,1.14,"Higher Access, Medium Earnings"
138716,Albany State University,Georgia,Professions-focused Associate/Baccalaureate,1,1,10500,"Albany, GA",0.6681,0.9096,1.64,,37817.0,25937.153756282674,1.46,"Opportunity Colleges and Universities – Higher Access, Higher Earnings"
138761,Andrew College,Georgia,Professions-focused Associate Small,0,1,-2,Georgia -- Not in metropolitan statistical area,0.6235,0.5688,1.79,,34127.0,25408.969337101855,1.34,"Opportunity Colleges and Universities – Higher Access, Higher Earnings"
138840,Atlanta Technical College,Georgia,Professions-focused Associate Large/Medium,0,1,12060,"Atlanta-Sandy Springs-Roswell, GA",0.5862,0.9499,2.07,,30209.0,32812.39479827868,0.92,"Higher Access, Lower Earnings"
138868,Point University,Georgia,Professions-focused Baccalaureate Small,0,0,29300,"LaGrange, GA-AL",0.601,0.4111,1.42,,38982.0,30301.40390270106,1.29,"Higher Access, Medium Earnings"
138901,Atlanta Metropolitan State College,Georgia,Mixed Associate/Baccalaureate,1,1,12060,"Atlanta-Sandy Springs-Roswell, GA",0.6071,0.9693,2.13,,29071.0,31802.08439546597,0.91,"Higher Access, Lower Earnings"
138929,Atlanta's John Marshall Law School,Georgia,Special Focus: Law,0,0,12060,"Atlanta-Sandy Springs-Roswell, GA",0.0,,,,94394.0,,,Not Classified in SAEC
138947,Clark Atlanta University,Georgia,Professions-focused Undergraduate/Graduate-Doctorate Medium,0,0,12060,"Atlanta-Sandy Springs-Roswell, GA",0.6952,0.9903,2.5,,36146.0,28516.22356576566,1.27,"Higher Access, Medium Earnings"
138956,Augusta Technical College,Georgia,Special Focus: Applied and Career Studies,0,1,12260,"Augusta-Richmond County, GA-SC",0.4778,0.6575,1.44,,32074.0,29249.49712673805,1.1,"Higher Access, Medium Earnings"
139144,Berry College,Georgia,Mixed Baccalaureate,0,0,40660,"Rome, GA",0.2446,0.2404,0.67,,48714.0,37180.872998775994,1.31,"Lower Access, Medium Earnings"
139153,Beulah Heights University,Georgia,Special Focus: Business,0,0,12060,"Atlanta-Sandy Springs-Roswell, GA",0.2319,0.7151,1.25,,30784.0,31488.40648395721,0.98,"Higher Access, Lower Earnings"
139199,Brenau University,Georgia,Professions-focused Undergraduate/Graduate-Doctorate Small,0,0,23580,"Gainesville, GA",0.5402,0.4921,1.4,,48236.0,34136.97539050085,1.41,"Higher Access, Medium Earnings"
139205,Brewton-Parker College,Georgia,Mixed Baccalaureate,0,0,47080,"Vidalia, GA",0.6512,0.544,1.62,,38323.0,34434.30117617855,1.11,"Higher Access, Medium Earnings"
139250,College of Coastal Georgia,Georgia,Special Focus: Arts and Sciences,1,0,15260,"Brunswick-St. Simons, GA",0.4518,0.3397,1.16,,38753.0,32409.773576767697,1.2,"Higher Access, Medium Earnings"
139278,West Georgia Technical College,Georgia,Professions-focused Associate Large/Medium,0,1,12060,"Atlanta-Sandy Springs-Roswell, GA",0.5276,0.51,1.48,,33702.0,41030.570803428454,0.82,"Higher Access, Lower Earnings"
139311,Clayton State University,Georgia,Professions-focused Undergraduate/Graduate-Master's Large/Medium,1,0,12060,"Atlanta-Sandy Springs-Roswell, GA",0.6026,0.8298,1.96,,45852.0,35910.43697454811,1.28,"Higher Access, Medium Earnings"
139348,Columbia Theological Seminary,Georgia,Special Focus: Theological Studies,0,0,12060,"Atlanta-Sandy Springs-Roswell, GA",0.0,,,,,,,Not Classified in SAEC
139357,Columbus Technical College,Georgia,Special Focus: Applied and Career Studies,0,1,17980,"Columbus, GA-AL",0.6245,0.6662,1.44,,32648.0,28648.528815983438,1.14,"Higher Access, Medium Earnings"
139366,Columbus State University,Georgia,Mixed Undergraduate/Graduate-Doctorate Medium,1,0,17980,"Columbus, GA-AL",0.4702,0.5409,1.1,,41799.0,29963.489879047644,1.39,"Higher Access, Medium Earnings"
139384,Georgia Northwestern Technical College,Georgia,Professions-focused Associate Large/Medium,0,1,40660,"Rome, GA",0.6147,0.3506,1.45,,33957.0,31287.5362451128,1.09,"Higher Access, Medium Earnings"
139393,Covenant College,Georgia,Special Focus: Arts and Sciences,0,0,16860,"Chattanooga, TN-GA",0.1933,0.0682,0.39,,46012.0,38522.14396725177,1.19,"Lower Access, Medium Earnings"
139463,Dalton State College,Georgia,Professions-focused Baccalaureate Medium,1,0,19140,"Dalton, GA",0.5288,0.4227,1.43,,38970.0,30246.591122030983,1.29,"Higher Access, Medium Earnings"
139579,South University-Savannah,Georgia,Special Focus: Other Health Professions,0,0,42340,"Savannah, GA",0.7231,0.6852,1.91,,32897.0,32817.077769999356,1.0,"Higher Access, Medium Earnings"
139621,East Georgia State College,Georgia,Mixed Associate Small,0,1,-2,Georgia -- Not in metropolitan statistical area,0.6103,0.5805,1.9,,33723.0,24981.229001113155,1.35,"Opportunity Colleges and Universities – Higher Access, Higher Earnings"
139630,Emmanuel University,Georgia,Professions-focused Baccalaureate Small,0,0,-2,Georgia -- Not in metropolitan statistical area,0.3472,0.3,0.89,,40555.0,36283.00354421696,1.12,"Lower Access, Medium Earnings"
139658,Emory University,Georgia,Mixed Undergraduate/Graduate-Doctorate Medium,0,0,12060,"Atlanta-Sandy Springs-Roswell, GA",0.184,0.3011,0.71,,80270.0,38115.190643972426,2.11,"Lower Access, Higher Earnings"
139700,Georgia Highlands College,Georgia,Mixed Associate/Baccalaureate,0,1,40660,"Rome, GA",0.4248,0.4128,1.35,,38965.0,32848.07057979322,1.19,"Higher Access, Medium Earnings"
139719,Fort Valley State University,Georgia,Special Focus: Arts and Sciences,1,0,47580,"Warner Robins, GA",0.7235,0.9762,2.3,,32953.0,31604.56480305585,1.04,"Higher Access, Medium Earnings"
139755,Georgia Institute of Technology-Main Campus,Georgia,"Special Focus: Technology, Engineering, and Sciences",0,0,12060,"Atlanta-Sandy Springs-Roswell, GA",0.1449,0.232,0.52,,94647.0,37775.59315082266,2.51,"Lower Access, Higher Earnings"
139764,Georgia Southwestern State University,Georgia,Professions-focused Undergraduate/Graduate-Master's Small,1,0,11140,"Americus, GA",0.4804,0.4232,0.91,,48858.0,30923.86997848551,1.58,"Lower Access, Higher Earnings"
139861,Georgia College & State University,Georgia,Professions-focused Undergraduate/Graduate-Master's Large/Medium,1,0,33300,"Milledgeville, GA",0.1662,0.137,0.36,,55026.0,37478.370801468955,1.47,"Lower Access, Medium Earnings"
139931,Georgia Southern University,Georgia,Professions-focused Undergraduate/Graduate-Doctorate Large,1,0,44340,"Statesboro, GA",0.3714,0.4004,1.11,,49438.0,33869.72600850723,1.46,"Higher Access, Medium Earnings"
139940,Georgia State University,Georgia,Mixed Undergraduate/Graduate-Doctorate Large,0,0,12060,"Atlanta-Sandy Springs-Roswell, GA",0.5097,0.6495,1.56,,42670.0,33494.14038786582,1.27,"Higher Access, Medium Earnings"
139959,University of Georgia,Georgia,Mixed Undergraduate/Graduate-Doctorate Large,0,0,12020,"Athens-Clarke County, GA",0.173,0.1866,0.49,,63005.0,37405.618663124194,1.68,"Lower Access, Higher Earnings"
139968,Gordon State College,Georgia,Professions-focused Associate/Baccalaureate,1,1,-2,Georgia -- Not in metropolitan statistical area,0.5555,0.5196,1.73,,36740.0,25526.93516573319,1.44,"Opportunity Colleges and Universities – Higher Access, Higher Earnings"
139986,Southern Crescent Technical College,Georgia,Professions-focused Associate Large/Medium,0,1,12060,"Atlanta-Sandy Springs-Roswell, GA",0.6462,0.6715,1.86,,34147.0,39698.474619052075,0.86,"Higher Access, Lower Earnings"
139995,Gupton Jones College of Funeral Service,Georgia,Special Focus: Applied and Career Studies,0,1,12060,"Atlanta-Sandy Springs-Roswell, GA",0.3688,0.6537,1.47,,36133.0,35089.17309458221,1.03,"Higher Access, Medium Earnings"
140003,Gwinnett College-Lilburn,Georgia,Special Focus: Applied and Career Studies,0,1,12060,"Atlanta-Sandy Springs-Roswell, GA",0.8231,0.8865,2.41,,34360.0,35805.04672897196,0.96,"Higher Access, Lower Earnings"
140012,Gwinnett Technical College,Georgia,Special Focus: Applied and Career Studies,0,1,12060,"Atlanta-Sandy Springs-Roswell, GA",0.4977,0.6825,1.62,,40133.0,38876.42590393899,1.03,"Higher Access, Medium Earnings"
140146,Interdenominational Theological Center,Georgia,Special Focus: Theological Studies,0,0,12060,"Atlanta-Sandy Springs-Roswell, GA",0.0,,,,,,,Not Classified in SAEC
140234,LaGrange College,Georgia,Professions-focused Baccalaureate Small,0,0,29300,"LaGrange, GA-AL",0.4439,0.3733,1.11,,48637.0,35372.000479285576,1.38,"Higher Access, Medium Earnings"
140243,Lanier Technical College,Georgia,Special Focus: Applied and Career Studies,0,1,23580,"Gainesville, GA",0.4006,0.3904,1.25,,37234.0,34842.43840862458,1.07,"Higher Access, Medium Earnings"
140252,Life University,Georgia,Mixed Undergraduate/Graduate-Doctorate Small,0,0,12060,"Atlanta-Sandy Springs-Roswell, GA",0.3945,0.559,1.3,,43218.0,33780.65906024097,1.28,"Higher Access, Medium Earnings"
140331,Chattahoochee Technical College,Georgia,Special Focus: Applied and Career Studies,0,1,12060,"Atlanta-Sandy Springs-Roswell, GA",0.4105,0.5451,1.31,,34658.0,40426.5063672019,0.86,"Higher Access, Lower Earnings"
140340,Herzing University-Atlanta,Georgia,Professions-focused Associate/Baccalaureate,0,1,12060,"Atlanta-Sandy Springs-Roswell, GA",0.684,0.8449,2.12,,38007.0,34156.45754040226,1.11,"Higher Access, Medium Earnings"
140447,Mercer University,Georgia,Mixed Undergraduate/Graduate-Doctorate Medium,0,0,31420,"Macon-Bibb County, GA",0.3542,0.4628,1.09,,53833.0,33997.22111349256,1.58,"Opportunity Colleges and Universities – Higher Access, Higher Earnings"
140553,Morehouse College,Georgia,Special Focus: Arts and Sciences,0,0,12060,"Atlanta-Sandy Springs-Roswell, GA",0.4438,0.9971,2.05,,48541.0,28929.847073492158,1.68,"Opportunity Colleges and Universities – Higher Access, Higher Earnings"
140562,Morehouse School of Medicine,Georgia,Special Focus: Medical Schools and Centers,0,0,12060,"Atlanta-Sandy Springs-Roswell, GA",0.0,,,,,,,Not Classified in SAEC
140571,Morris Brown College,Georgia,Special Focus: Arts and Sciences,0,0,12060,"Atlanta-Sandy Springs-Roswell, GA",0.627,0.9942,,,,,,Not Classified in SAEC
140678,North Georgia Technical College,Georgia,Professions-focused Associate Small,0,1,18460,"Cornelia, GA",0.5538,0.1869,1.26,,32066.0,27343.751828975583,1.17,"Higher Access, Medium Earnings"
140696,Oglethorpe University,Georgia,Special Focus: Arts and Sciences,0,0,12060,"Atlanta-Sandy Springs-Roswell, GA",0.3527,0.55,1.21,,50337.0,33207.608208231286,1.52,"Opportunity Colleges and Universities – Higher Access, Higher Earnings"
140720,Paine College,Georgia,Special Focus: Arts and Sciences,0,0,12260,"Augusta-Richmond County, GA-SC",0.7367,0.983,2.31,,28213.0,28601.652701563213,0.99,"Higher Access, Lower Earnings"
140818,Piedmont University,Georgia,Professions-focused Undergraduate/Graduate-Master's Small,0,0,18460,"Cornelia, GA",0.4257,0.2839,0.98,,48441.0,36853.87587089567,1.31,"Lower Access, Medium Earnings"
140872,Reinhardt University,Georgia,Professions-focused Baccalaureate Small,0,0,12060,"Atlanta-Sandy Springs-Roswell, GA",0.4132,0.3682,1.06,,44752.0,36174.37055585092,1.24,"Higher Access, Medium Earnings"
140942,Savannah Technical College,Georgia,Special Focus: Applied and Career Studies,0,1,42340,"Savannah, GA",0.5432,0.682,1.71,,31724.0,33856.92733208476,0.94,"Higher Access, Lower Earnings"
140951,Savannah College of Art and Design,Georgia,"Special Focus: Arts, Music, and Design",0,0,42340,"Savannah, GA",0.1886,0.2609,0.64,,42062.0,35312.68538944014,1.19,"Lower Access, Medium Earnings"
140960,Savannah State University,Georgia,Professions-focused Baccalaureate Small,1,0,42340,"Savannah, GA",0.6709,0.9671,2.26,,33514.0,27982.263490534577,1.2,"Higher Access, Medium Earnings"
140988,Shorter University,Georgia,Professions-focused Undergraduate/Graduate-Master's Small,0,0,40660,"Rome, GA",0.4622,0.355,1.11,,43939.0,35400.05728181723,1.24,"Higher Access, Medium Earnings"
141006,South Georgia Technical College,Georgia,Professions-focused Associate Small,0,1,11140,"Americus, GA",0.639,0.6086,1.28,,29317.0,29929.067659284625,0.98,"Higher Access, Lower Earnings"
141060,Spelman College,Georgia,Special Focus: Arts and Sciences,0,0,12060,"Atlanta-Sandy Springs-Roswell, GA",0.2941,0.8616,1.67,,54188.0,29150.500715318172,1.86,"Opportunity Colleges and Universities – Higher Access, Higher Earnings"
141167,Thomas University,Georgia,Professions-focused Undergraduate/Graduate-Master's Small,0,0,45620,"Thomasville, GA",0.516,0.4527,1.27,,52855.0,33317.11007422236,1.59,"Opportunity Colleges and Universities – Higher Access, Higher Earnings"
141185,Toccoa Falls College,Georgia,Professions-focused Baccalaureate Small,0,0,45740,"Toccoa, GA",0.4743,0.2191,0.98,,39143.0,38312.78460699942,1.02,"Lower Access, Medium Earnings"
141237,Truett McConnell University,Georgia,Professions-focused Baccalaureate Small,0,0,-2,Georgia -- Not in metropolitan statistical area,0.3362,0.1595,0.69,,42444.0,36553.16319224783,1.16,"Lower Access, Medium Earnings"
141255,Wiregrass Georgia Technical College,Georgia,Special Focus: Applied and Career Studies,0,1,46660,"Valdosta, GA",0.6569,0.546,1.36,,30570.0,31992.466947007553,0.96,"Higher Access, Lower Earnings"
141264,Valdosta State University,Georgia,Professions-focused Undergraduate/Graduate-Doctorate Medium,1,0,46660,"Valdosta, GA",0.5289,0.5516,1.26,,43211.0,31839.71300512651,1.36,"Higher Access, Medium Earnings"
141325,Wesleyan College,Georgia,Professions-focused Baccalaureate Small,0,0,31420,"Macon-Bibb County, GA",0.5353,0.5942,1.51,,37320.0,34057.781760755104,1.1,"Higher Access, Medium Earnings"
141334,University of West Georgia,Georgia,Professions-focused Undergraduate/Graduate-Doctorate Medium,1,0,12060,"Atlanta-Sandy Springs-Roswell, GA",0.4555,0.4904,1.33,,45491.0,40295.935386543315,1.13,"Higher Access, Medium Earnings"
141361,Young Harris College,Georgia,Special Focus: Arts and Sciences,0,0,-2,Georgia -- Not in metropolitan statistical area,0.3786,0.1959,0.8,,39786.0,37350.27122371884,1.07,"Lower Access, Medium Earnings"
141486,Chaminade University of Honolulu,Hawaii,Professions-focused Undergraduate/Graduate-Master's Small,0,0,46520,"Urban Honolulu, HI",0.4425,0.531,1.48,,48369.0,36421.42311984461,1.33,"Higher Access, Medium Earnings"
141565,University of Hawaii at Hilo,Hawaii,Special Focus: Arts and Sciences,1,0,25900,"Hilo-Kailua, HI",0.4301,0.638,1.35,,41883.0,35385.416619210766,1.18,"Higher Access, Medium Earnings"
141574,University of Hawaii at Manoa,Hawaii,Mixed Undergraduate/Graduate-Doctorate Large,0,0,46520,"Urban Honolulu, HI",0.2494,0.4422,1.01,,52625.0,38738.28324905126,1.36,"Higher Access, Medium Earnings"
141644,Hawaii Pacific University,Hawaii,Professions-focused Undergraduate/Graduate-Master's Large/Medium,0,0,46520,"Urban Honolulu, HI",0.3132,0.5131,1.17,,53836.0,37994.4668441964,1.42,"Higher Access, Medium Earnings"
141680,Honolulu Community College,Hawaii,Special Focus: Applied and Career Studies,0,1,46520,"Urban Honolulu, HI",0.277,0.5759,1.31,,40266.0,37523.34314882378,1.07,"Higher Access, Medium Earnings"
141796,Kapiolani Community College,Hawaii,Mixed Associate Medium,0,1,46520,"Urban Honolulu, HI",0.255,0.4867,1.15,,41759.0,38242.30364245195,1.09,"Higher Access, Medium Earnings"
141802,Kauai Community College,Hawaii,Mixed Associate Small,0,1,28180,"Kapaa, HI",0.4193,0.5786,1.44,,34257.0,35113.70451531294,0.98,"Higher Access, Lower Earnings"
141811,Leeward Community College,Hawaii,Mixed Associate Medium,0,1,46520,"Urban Honolulu, HI",0.3342,0.5887,1.44,,37393.0,37451.827051599794,1.0,"Higher Access, Medium Earnings"
141839,University of Hawaii Maui College,Hawaii,Mixed Associate Small,0,1,27980,"Kahului-Wailuku, HI",0.3289,0.5296,1.3,,32572.0,35515.428741720985,0.92,"Higher Access, Lower Earnings"
141981,University of Hawaii-West Oahu,Hawaii,Professions-focused Baccalaureate Medium,1,0,46520,"Urban Honolulu, HI",0.346,0.554,1.42,,49190.0,37723.70238847191,1.3,"Higher Access, Medium Earnings"
141990,Windward Community College,Hawaii,Mixed Associate Small,0,1,46520,"Urban Honolulu, HI",0.2894,0.7232,1.54,,35365.0,36748.8759516144,0.96,"Higher Access, Lower Earnings"
142054,Carrington College-Boise,Idaho,Special Focus: Other Health Professions,0,1,14260,"Boise City, ID",0.4653,0.4297,2.05,,38619.0,35854.92377396912,1.08,"Higher Access, Medium Earnings"
142090,Boise Bible College,Idaho,Special Focus: Theological Studies,0,0,14260,"Boise City, ID",0.4945,0.0865,,,33707.0,,,Not Classified in SAEC
142115,Boise State University,Idaho,Professions-focused Undergraduate/Graduate-Master's Large/Medium,1,0,14260,"Boise City, ID",0.2421,0.2357,0.88,,50005.0,37687.72211512402,1.33,"Lower Access, Medium Earnings"
142179,College of Eastern Idaho,Idaho,Professions-focused Associate Small,0,1,26820,"Idaho Falls, ID",0.4746,0.2518,1.58,,40589.0,29393.91994733378,1.38,"Opportunity Colleges and Universities – Higher Access, Higher Earnings"
142276,Idaho State University,Idaho,Professions-focused Undergraduate/Graduate-Doctorate Medium,1,0,38540,"Pocatello, ID",0.3895,0.2316,1.18,,43759.0,29764.807415499694,1.47,"Higher Access, Medium Earnings"
142285,University of Idaho,Idaho,Mixed Undergraduate/Graduate-Doctorate Medium,1,0,34140,"Moscow, ID",0.312,0.1858,1.11,,49092.0,34638.47384427677,1.42,"Higher Access, Medium Earnings"
142294,The College of Idaho,Idaho,Special Focus: Arts and Sciences,0,0,14260,"Boise City, ID",0.2405,0.2955,1.06,,48582.0,32775.713240174075,1.48,"Higher Access, Medium Earnings"
142328,Lewis-Clark State College,Idaho,Professions-focused Baccalaureate Medium,1,0,30300,"Lewiston, ID-WA",0.3835,0.1839,1.38,,45231.0,35155.37489265765,1.29,"Higher Access, Medium Earnings"
142443,North Idaho College,Idaho,Mixed Associate Medium,0,1,17660,"Coeur d'Alene, ID",0.3854,0.1747,1.27,,35585.0,34303.94716473592,1.04,"Higher Access, Medium Earnings"
142461,Northwest Nazarene University,Idaho,Professions-focused Undergraduate/Graduate-Master's Large/Medium,0,0,14260,"Boise City, ID",0.3011,0.2316,1.07,,50573.0,35590.57443376205,1.42,"Higher Access, Medium Earnings"
142522,Brigham Young University-Idaho,Idaho,Special Focus: Arts and Sciences,0,0,39940,"Rexburg, ID",0.2534,0.2809,0.91,,47240.0,38596.4999371287,1.22,"Lower Access, Medium Earnings"
142559,College of Southern Idaho,Idaho,Professions-focused Associate Large/Medium,0,1,46300,"Twin Falls, ID",0.4257,0.3579,1.42,,37676.0,31030.036117588526,1.21,"Higher Access, Medium Earnings"
142832,Adler University,Illinois,Special Focus: Graduate Studies,0,0,16980,"Chicago-Naperville-Elgin, IL-IN",0.0,0.4167,,,,,,Not Classified in SAEC
142887,American Academy of Art College,Illinois,"Special Focus: Arts, Music, and Design",0,0,16980,"Chicago-Naperville-Elgin, IL-IN",0.6306,0.5172,1.91,,31179.0,38712.701083384876,0.81,"Higher Access, Lower Earnings"
142957,American Islamic College,Illinois,Special Focus: Theological Studies,0,0,16980,"Chicago-Naperville-Elgin, IL-IN",0.0,0.875,,,,,,Not Classified in SAEC
143048,School of the Art Institute of Chicago,Illinois,"Special Focus: Arts, Music, and Design",0,0,16980,"Chicago-Naperville-Elgin, IL-IN",0.1911,0.3128,0.75,,31846.0,41043.35537905873,0.78,"Lower Access, Lower Earnings"
143084,Augustana College,Illinois,Mixed Baccalaureate,0,0,19340,"Davenport-Moline-Rock Island, IA-IL",0.2233,0.2468,0.79,,56882.0,41964.98968886483,1.36,"Lower Access, Medium Earnings"
143118,Aurora University,Illinois,Professions-focused Undergraduate/Graduate-Doctorate Medium,0,0,16980,"Chicago-Naperville-Elgin, IL-IN",0.4412,0.5261,1.58,,54510.0,40374.787227327244,1.35,"Higher Access, Medium Earnings"
143215,Southwestern Illinois College,Illinois,Mixed Associate Medium,0,1,41180,"St. Louis, MO-IL",0.3514,0.3776,1.53,,33670.0,38491.12821403327,0.87,"Higher Access, Lower Earnings"
143233,Bethany Theological Seminary,Indiana,Special Focus: Theological Studies,0,0,39980,"Richmond, IN",0.0,,,,,,,Not Classified in SAEC
143279,Black Hawk College,Illinois,Mixed Associate Medium,0,1,19340,"Davenport-Moline-Rock Island, IA-IL",0.4164,0.3447,1.71,,36151.0,36922.61674717921,0.98,"Higher Access, Lower Earnings"
143288,Blackburn College,Illinois,Mixed Baccalaureate,0,0,41180,"St. Louis, MO-IL",0.6017,0.1805,1.29,,37070.0,42409.454134465,0.87,"Higher Access, Lower Earnings"
143297,Blessing Rieman College of Nursing and Health Sciences,Illinois,Special Focus: Nursing,0,0,39500,"Quincy, IL-MO",0.3709,0.0419,,,61635.0,,,Not Classified in SAEC
143358,Bradley University,Illinois,Professions-focused Undergraduate/Graduate-Doctorate Medium,0,0,37900,"Peoria, IL",0.2949,0.2761,0.95,,65264.0,42184.49623289704,1.55,"Lower Access, Higher Earnings"
143613,Carl Sandburg College,Illinois,Mixed Associate Small,0,1,23660,"Galesburg, IL",0.6152,0.2941,1.9,,33853.0,30750.94974770828,1.1,"Higher Access, Medium Earnings"
143659,Catholic Theological Union at Chicago,Illinois,Special Focus: Theological Studies,0,0,16980,"Chicago-Naperville-Elgin, IL-IN",0.0,,,,,,,Not Classified in SAEC
143853,Midwestern University-Downers Grove,Illinois,Special Focus: Medical Schools and Centers,0,0,16980,"Chicago-Naperville-Elgin, IL-IN",0.0,,,,,,,Not Classified in SAEC
143978,The Chicago School at Chicago,Illinois,Special Focus: Graduate Studies,0,0,16980,"Chicago-Naperville-Elgin, IL-IN",0.4706,0.6905,,,55622.0,,,Not Classified in SAEC
144005,Chicago State University,Illinois,Mixed Undergraduate/Graduate-Doctorate Small,1,0,16980,"Chicago-Naperville-Elgin, IL-IN",0.649,0.9658,2.42,,40125.0,27442.131865475916,1.46,"Higher Access, Medium Earnings"
144014,Chicago Theological Seminary,Illinois,Special Focus: Theological Studies,0,0,16980,"Chicago-Naperville-Elgin, IL-IN",0.0,,,,,,,Not Classified in SAEC
144050,University of Chicago,Illinois,Mixed Undergraduate/Graduate-Doctorate Large,0,0,16980,"Chicago-Naperville-Elgin, IL-IN",0.1463,0.368,0.75,,87164.0,39623.25880796244,2.2,"Lower Access, Higher Earnings"
144157,City Colleges of Chicago-Kennedy-King College,Illinois,Mixed Associate Small,0,1,16980,"Chicago-Naperville-Elgin, IL-IN",0.6207,0.9629,2.37,,23557.0,27189.697826920146,0.87,"Higher Access, Lower Earnings"
144166,City Colleges of Chicago-Malcolm X College,Illinois,Mixed Associate Medium,0,1,16980,"Chicago-Naperville-Elgin, IL-IN",0.5563,0.9086,2.18,,30198.0,30174.180294470745,1.0,"Higher Access, Medium Earnings"
144175,City Colleges of Chicago-Olive-Harvey College,Illinois,Mixed Associate Small,0,1,16980,"Chicago-Naperville-Elgin, IL-IN",0.5682,0.9755,2.29,,26133.0,28198.08421584606,0.93,"Higher Access, Lower Earnings"
144184,City Colleges of Chicago-Harry S Truman College,Illinois,Mixed Associate Medium,0,1,16980,"Chicago-Naperville-Elgin, IL-IN",0.4913,0.7293,1.83,,32628.0,37489.95402346494,0.87,"Higher Access, Lower Earnings"
144193,City Colleges of Chicago-Richard J Daley College,Illinois,Mixed Associate Medium,0,1,16980,"Chicago-Naperville-Elgin, IL-IN",0.4591,0.8517,1.93,,34520.0,32883.82541707035,1.05,"Higher Access, Medium Earnings"
144209,City Colleges of Chicago-Harold Washington College,Illinois,Mixed Associate Medium,0,1,16980,"Chicago-Naperville-Elgin, IL-IN",0.4859,0.8162,1.94,,32532.0,35510.32029176284,0.92,"Higher Access, Lower Earnings"
144218,City Colleges of Chicago-Wilbur Wright College,Illinois,Mixed Associate Medium,0,1,16980,"Chicago-Naperville-Elgin, IL-IN",0.4672,0.7379,1.8,,38987.0,38703.418322300364,1.01,"Higher Access, Medium Earnings"
144281,Columbia College Chicago,Illinois,"Special Focus: Arts, Music, and Design",0,0,16980,"Chicago-Naperville-Elgin, IL-IN",0.4349,0.5042,1.54,,37399.0,37639.75235120343,0.99,"Higher Access, Lower Earnings"
144351,Concordia University-Chicago,Illinois,Professions-focused Undergraduate/Graduate-Doctorate Medium,0,0,16980,"Chicago-Naperville-Elgin, IL-IN",0.46,0.5314,1.63,,46718.0,38411.11225947939,1.22,"Higher Access, Medium Earnings"
144564,Danville Area Community College,Illinois,Mixed Associate Small,0,1,19180,"Danville, IL",0.4136,0.311,1.38,,35049.0,31296.17825851513,1.12,"Higher Access, Medium Earnings"
144740,DePaul University,Illinois,Professions-focused Undergraduate/Graduate-Doctorate Large,0,0,16980,"Chicago-Naperville-Elgin, IL-IN",0.3102,0.376,1.1,,62341.0,39239.805729295666,1.59,"Opportunity Colleges and Universities – Higher Access, Higher Earnings"
144865,College of DuPage,Illinois,Mixed Associate Large,0,1,16980,"Chicago-Naperville-Elgin, IL-IN",0.3082,0.4155,1.1,,42081.0,45129.22586795159,0.93,"Higher Access, Lower Earnings"
144883,East-West University,Illinois,Mixed Baccalaureate,0,0,16980,"Chicago-Naperville-Elgin, IL-IN",0.8015,0.9632,2.92,,25740.0,28197.88153620634,0.91,"Higher Access, Lower Earnings"
144892,Eastern Illinois University,Illinois,Mixed Undergraduate/Graduate-Master's Large/Medium,1,0,16660,"Charleston-Mattoon, IL",0.4653,0.3771,3.39,,48019.0,30636.21686827052,1.57,"Opportunity Colleges and Universities – Higher Access, Higher Earnings"
144944,Elgin Community College,Illinois,Mixed Associate Medium,0,1,16980,"Chicago-Naperville-Elgin, IL-IN",0.258,0.5239,1.14,,41919.0,43040.30385426027,0.97,"Higher Access, Lower Earnings"
144962,Elmhurst University,Illinois,Professions-focused Undergraduate/Graduate-Master's Small,0,0,16980,"Chicago-Naperville-Elgin, IL-IN",0.3845,0.3924,1.28,,59730.0,41777.38059749302,1.43,"Higher Access, Medium Earnings"
144971,Eureka College,Illinois,Professions-focused Baccalaureate Small,0,0,37900,"Peoria, IL",0.2335,0.2651,0.81,,44406.0,42975.85942615633,1.03,"Lower Access, Medium Earnings"
145239,Fox College,Illinois,Special Focus: Applied and Career Studies,0,1,16980,"Chicago-Naperville-Elgin, IL-IN",0.4603,0.535,1.55,,40540.0,42000.625119846576,0.97,"Higher Access, Lower Earnings"
145275,Garrett-Evangelical Theological Seminary,Illinois,Special Focus: Theological Studies,0,0,16980,"Chicago-Naperville-Elgin, IL-IN",0.0,,,,,,,Not Classified in SAEC
145336,Governors State University,Illinois,Mixed Undergraduate/Graduate-Doctorate Medium,1,0,16980,"Chicago-Naperville-Elgin, IL-IN",0.5274,0.6749,,,52619.0,,,Not Classified in SAEC
145372,Greenville University,Illinois,Professions-focused Undergraduate/Graduate-Master's Small,0,0,41180,"St. Louis, MO-IL",0.394,0.2798,1.11,,44466.0,39933.88498628168,1.11,"Higher Access, Medium Earnings"
145497,Hebrew Theological College,Illinois,Special Focus: Theological Studies,0,0,16980,"Chicago-Naperville-Elgin, IL-IN",0.2603,0.0313,,,32809.0,,,Not Classified in SAEC
145521,Highland Community College,Illinois,Mixed Associate Small,0,1,23300,"Freeport, IL",0.4526,0.2305,1.46,,34984.0,31377.766480217786,1.11,"Higher Access, Medium Earnings"
145558,Rosalind Franklin University of Medicine and Science,Illinois,Special Focus: Medical Schools and Centers,0,0,16980,"Chicago-Naperville-Elgin, IL-IN",0.0,,,,,,,Not Classified in SAEC
145600,University of Illinois Chicago,Illinois,Mixed Undergraduate/Graduate-Doctorate Large,0,0,16980,"Chicago-Naperville-Elgin, IL-IN",0.5012,0.5152,1.68,,61779.0,40819.65574502047,1.51,"Opportunity Colleges and Universities – Higher Access, Higher Earnings"
145619,Benedictine University,Illinois,Professions-focused Undergraduate/Graduate-Doctorate Medium,0,0,16980,"Chicago-Naperville-Elgin, IL-IN",0.3949,0.3602,1.19,,57984.0,38478.77991005652,1.51,"Opportunity Colleges and Universities – Higher Access, Higher Earnings"
145628,Illinois College of Optometry,Illinois,Special Focus: Other Health Professions,0,0,16980,"Chicago-Naperville-Elgin, IL-IN",0.0,,,,,,,Not Classified in SAEC
145637,University of Illinois Urbana-Champaign,Illinois,Mixed Undergraduate/Graduate-Doctorate Large,0,0,16580,"Champaign-Urbana, IL",0.2457,0.2761,0.84,,74029.0,42894.87497792072,1.73,"Lower Access, Higher Earnings"
145646,Illinois Wesleyan University,Illinois,Mixed Baccalaureate,0,0,14010,"Bloomington, IL",0.2332,0.1993,0.7,,64974.0,42233.37230524983,1.54,"Lower Access, Higher Earnings"
145682,Illinois Central College,Illinois,Mixed Associate Medium,0,1,37900,"Peoria, IL",0.3335,0.285,1.69,,34697.0,36308.63548149297,0.96,"Higher Access, Lower Earnings"
145691,Illinois College,Illinois,Mixed Baccalaureate,0,0,27300,"Jacksonville, IL",0.3624,0.2315,0.99,,48568.0,41461.789994166815,1.17,"Lower Access, Medium Earnings"
145707,Olney Central College,Illinois,Mixed Associate Small,0,1,-2,Illinois -- Not in metropolitan statistical area,0.494,0.0856,1.34,,37267.0,33988.62502025784,1.1,"Higher Access, Medium Earnings"
145725,Illinois Institute of Technology,Illinois,"Special Focus: Technology, Engineering, and Sciences",0,0,16980,"Chicago-Naperville-Elgin, IL-IN",0.312,0.3604,1.08,,77282.0,39851.199501295574,1.94,"Opportunity Colleges and Universities – Higher Access, Higher Earnings"
145813,Illinois State University,Illinois,Professions-focused Undergraduate/Graduate-Master's Large/Medium,1,0,14010,"Bloomington, IL",0.3011,0.2803,1.72,,57276.0,37779.773166719686,1.52,"Opportunity Colleges and Universities – Higher Access, Higher Earnings"
145831,Illinois Valley Community College,Illinois,Mixed Associate Small,0,1,36837,"Ottawa, IL",0.3689,0.2516,1.57,,36957.0,35404.752922114945,1.04,"Higher Access, Medium Earnings"
145886,Institute for Clinical Social Work,Illinois,Special Focus: Other Health Professions,0,0,16980,"Chicago-Naperville-Elgin, IL-IN",0.0,,,,,,,Not Classified in SAEC
146205,John A Logan College,Illinois,Mixed Associate Medium,0,1,32060,"Marion-Herrin, IL",0.4601,0.1864,2.01,,30318.0,33220.76010498587,0.91,"Higher Access, Lower Earnings"
146278,John Wood Community College,Illinois,Mixed Associate Small,0,1,39500,"Quincy, IL-MO",0.5008,0.1248,1.51,,36879.0,35729.62035850684,1.03,"Higher Access, Medium Earnings"
146296,Joliet Junior College,Illinois,Mixed Associate Large,0,1,16980,"Chicago-Naperville-Elgin, IL-IN",0.2744,0.4211,1.04,,39206.0,43591.36965073205,0.9,"Higher Access, Lower Earnings"
146339,Judson University,Illinois,Professions-focused Undergraduate/Graduate-Master's Small,0,0,16980,"Chicago-Naperville-Elgin, IL-IN",0.3982,0.5385,1.51,,51553.0,39456.141154175704,1.31,"Higher Access, Medium Earnings"
146348,Kankakee Community College,Illinois,Mixed Associate Small,0,1,28100,"Kankakee, IL",0.4594,0.4286,1.53,,35490.0,34260.427080064925,1.04,"Higher Access, Medium Earnings"
146366,Kaskaskia College,Illinois,Professions-focused Associate Large/Medium,0,1,41180,"St. Louis, MO-IL",0.414,0.1399,1.11,,36398.0,41850.57068600085,0.87,"Higher Access, Lower Earnings"
146418,Kishwaukee College,Illinois,Mixed Associate Small,0,1,16980,"Chicago-Naperville-Elgin, IL-IN",0.3856,0.426,1.25,,35649.0,44060.89195986827,0.81,"Higher Access, Lower Earnings"
146427,Knox College,Illinois,Special Focus: Arts and Sciences,0,0,23660,"Galesburg, IL",0.2991,0.3321,1.01,,44671.0,40623.162239349505,1.1,"Higher Access, Medium Earnings"
146472,College of Lake County,Illinois,Mixed Associate Large,0,1,16980,"Chicago-Naperville-Elgin, IL-IN",0.3041,0.5804,1.3,,39819.0,42509.28948434512,0.94,"Higher Access, Lower Earnings"
146481,Lake Forest College,Illinois,Special Focus: Arts and Sciences,0,0,16980,"Chicago-Naperville-Elgin, IL-IN",0.3515,0.3408,1.11,,58610.0,40014.307323788256,1.46,"Higher Access, Medium Earnings"
146490,Lake Forest Graduate School of Management,Illinois,Special Focus: Business,0,0,16980,"Chicago-Naperville-Elgin, IL-IN",0.0,,,,,,,Not Classified in SAEC
146506,Lake Land College,Illinois,Mixed Associate Medium,0,1,16660,"Charleston-Mattoon, IL",0.3799,0.2153,2.62,,36833.0,30851.201831062994,1.19,"Higher Access, Medium Earnings"
146533,Lakeview College of Nursing,Illinois,Special Focus: Nursing,0,0,19180,"Danville, IL",0.4828,0.3106,,,78821.0,,,Not Classified in SAEC
146603,Lewis and Clark Community College,Illinois,Mixed Associate Medium,0,1,41180,"St. Louis, MO-IL",0.3664,0.1831,1.12,,35720.0,41026.33487746084,0.87,"Higher Access, Lower Earnings"
146612,Lewis University,Illinois,Professions-focused Undergraduate/Graduate-Master's Large/Medium,0,0,16980,"Chicago-Naperville-Elgin, IL-IN",0.3327,0.3505,1.13,,61064.0,40348.19546016571,1.51,"Opportunity Colleges and Universities – Higher Access, Higher Earnings"
146667,Lincoln Christian University,Illinois,Special Focus: Theological Studies,0,0,30660,"Lincoln, IL",0.4096,0.1889,,,39049.0,,,Not Classified in SAEC
146685,Lincoln Land Community College,Illinois,Mixed Associate Medium,0,1,44100,"Springfield, IL",0.4419,0.2802,1.76,,35969.0,38460.39010596892,0.94,"Higher Access, Lower Earnings"
146700,Lincoln College of Technology-Melrose Park,Illinois,Special Focus: Applied and Career Studies,0,1,16980,"Chicago-Naperville-Elgin, IL-IN",0.677,0.8863,2.38,,39262.0,34429.89402352118,1.14,"Higher Access, Medium Earnings"
146719,Loyola University Chicago,Illinois,Mixed Undergraduate/Graduate-Doctorate Medium,0,0,16980,"Chicago-Naperville-Elgin, IL-IN",0.234,0.3367,0.92,,66297.0,40462.05311193627,1.64,"Lower Access, Higher Earnings"
146728,Lutheran School of Theology at Chicago,Illinois,Special Focus: Theological Studies,0,0,16980,"Chicago-Naperville-Elgin, IL-IN",0.0,,,,,,,Not Classified in SAEC
146755,Trinity College of Nursing & Health Sciences,Illinois,Special Focus: Nursing,0,0,19340,"Davenport-Moline-Rock Island, IA-IL",0.5432,0.2636,,,63251.0,,,Not Classified in SAEC
146816,Generations College,Illinois,Professions-focused Associate Small,0,1,16980,"Chicago-Naperville-Elgin, IL-IN",0.7822,0.7694,2.36,,36764.0,36648.47683923706,1.0,"Higher Access, Medium Earnings"
146977,McCormick Theological Seminary,Illinois,Special Focus: Theological Studies,0,0,16980,"Chicago-Naperville-Elgin, IL-IN",0.0,,,,,,,Not Classified in SAEC
147004,McHenry County College,Illinois,Mixed Associate Medium,0,1,16980,"Chicago-Naperville-Elgin, IL-IN",0.232,0.3174,0.83,,43096.0,47222.285956866566,0.91,"Lower Access, Lower Earnings"
147013,McKendree University,Illinois,Professions-focused Undergraduate/Graduate-Master's Small,0,0,41180,"St. Louis, MO-IL",0.2921,0.298,0.97,,53183.0,39855.69303380267,1.33,"Lower Access, Medium Earnings"
147031,Meadville Theological School of Lombard College,Illinois,Special Focus: Theological Studies,0,0,16980,"Chicago-Naperville-Elgin, IL-IN",0.0,,,,,,,Not Classified in SAEC
147129,Methodist College,Illinois,Special Focus: Nursing,0,0,37900,"Peoria, IL",0.5589,0.2836,1.42,,66235.0,43025.8983009111,1.54,"Opportunity Colleges and Universities – Higher Access, Higher Earnings"
147244,Millikin University,Illinois,Professions-focused Baccalaureate Small,0,0,19500,"Decatur, IL",0.3693,0.2769,1.08,,49711.0,40923.589606991605,1.21,"Higher Access, Medium Earnings"
147341,Monmouth College,Illinois,Mixed Baccalaureate,0,0,-2,Illinois -- Not in metropolitan statistical area,0.3115,0.2619,0.93,,45914.0,41199.79871140554,1.11,"Lower Access, Medium Earnings"
147369,Moody Bible Institute,Illinois,Special Focus: Theological Studies,0,0,16980,"Chicago-Naperville-Elgin, IL-IN",0.3337,0.2296,,,41968.0,,,Not Classified in SAEC
147378,Moraine Valley Community College,Illinois,Mixed Associate Medium,0,1,16980,"Chicago-Naperville-Elgin, IL-IN",0.413,0.4464,1.33,,38803.0,43512.02010362292,0.89,"Higher Access, Lower Earnings"
147396,Morrison Institute of Technology,Illinois,Special Focus: Applied and Career Studies,0,1,44580,"Sterling, IL",0.3824,0.1286,0.98,,53930.0,35400.08932346723,1.52,"Lower Access, Higher Earnings"
147411,Morton College,Illinois,Mixed Associate Medium,0,1,16980,"Chicago-Naperville-Elgin, IL-IN",0.5038,0.9267,2.11,,39955.0,35083.59014707055,1.14,"Higher Access, Medium Earnings"
147536,National Louis University,Illinois,Professions-focused Undergraduate/Graduate-Doctorate Medium,0,0,16980,"Chicago-Naperville-Elgin, IL-IN",0.602,0.8072,2.32,,44485.0,33330.211988304094,1.33,"Higher Access, Medium Earnings"
147590,National University of Health Sciences,Illinois,Special Focus: Other Health Professions,0,0,16980,"Chicago-Naperville-Elgin, IL-IN",0.1935,0.2564,,,49857.0,,,Not Classified in SAEC
147660,North Central College,Illinois,Professions-focused Baccalaureate Small,0,0,16980,"Chicago-Naperville-Elgin, IL-IN",0.2539,0.2731,0.87,,55116.0,42341.27408798412,1.3,"Lower Access, Medium Earnings"
147679,North Park University,Illinois,Professions-focused Undergraduate/Graduate-Master's Small,0,0,16980,"Chicago-Naperville-Elgin, IL-IN",0.4386,0.528,1.59,,53586.0,38947.07925054233,1.38,"Higher Access, Medium Earnings"
147697,Northern Baptist Theological Seminary,Illinois,Special Focus: Theological Studies,0,0,16980,"Chicago-Naperville-Elgin, IL-IN",0.0,,,,,,,Not Classified in SAEC
147703,Northern Illinois University,Illinois,Mixed Undergraduate/Graduate-Doctorate Medium,1,0,16980,"Chicago-Naperville-Elgin, IL-IN",0.4563,0.4864,1.47,,51305.0,44157.020657159526,1.16,"Higher Access, Medium Earnings"
147767,Northwestern University,Illinois,Mixed Undergraduate/Graduate-Doctorate Large,0,0,16980,"Chicago-Naperville-Elgin, IL-IN",0.187,0.3272,0.78,,83487.0,40955.303617824495,2.04,"Lower Access, Higher Earnings"
147776,Northeastern Illinois University,Illinois,Mixed Undergraduate/Graduate-Master's Large/Medium,1,0,16980,"Chicago-Naperville-Elgin, IL-IN",0.5572,0.6547,1.86,,47923.0,41631.11403358957,1.15,"Higher Access, Medium Earnings"
147800,Oakton College,Illinois,Mixed Associate Medium,0,1,16980,"Chicago-Naperville-Elgin, IL-IN",0.209,0.3123,0.78,,43284.0,46113.365776856044,0.94,"Lower Access, Lower Earnings"
147828,Olivet Nazarene University,Illinois,Professions-focused Undergraduate/Graduate-Master's Large/Medium,0,0,28100,"Kankakee, IL",0.3618,0.3085,1.13,,53428.0,40135.58782628867,1.33,"Higher Access, Medium Earnings"
147916,Parkland College,Illinois,Mixed Associate Medium,0,1,16580,"Champaign-Urbana, IL",0.3443,0.3388,1.48,,34657.0,33325.85268985353,1.04,"Higher Access, Medium Earnings"
148007,Prairie State College,Illinois,Mixed Associate Medium,0,1,16980,"Chicago-Naperville-Elgin, IL-IN",0.4049,0.8555,1.85,,32876.0,33805.15893321516,0.97,"Higher Access, Lower Earnings"
148016,Principia College,Illinois,Special Focus: Arts and Sciences,0,0,41180,"St. Louis, MO-IL",0.0,0.2094,,,,,,Not Classified in SAEC
148131,Quincy University,Illinois,Professions-focused Baccalaureate Small,0,0,39500,"Quincy, IL-MO",0.3438,0.1952,0.9,,48761.0,38344.19505120805,1.27,"Lower Access, Medium Earnings"
148256,Rend Lake College,Illinois,Mixed Associate Small,0,1,34500,"Mount Vernon, IL",0.489,0.1159,1.11,,33716.0,31048.189255654503,1.09,"Higher Access, Medium Earnings"
148292,Richland Community College,Illinois,Mixed Associate Small,0,1,19500,"Decatur, IL",0.4993,0.3392,1.64,,35323.0,35566.79362087974,0.99,"Higher Access, Lower Earnings"
148380,Rock Valley College,Illinois,Mixed Associate Medium,0,1,40420,"Rockford, IL",0.2655,0.3956,1.15,,37290.0,33659.26856396729,1.11,"Higher Access, Medium Earnings"
148405,Rockford University,Illinois,Professions-focused Undergraduate/Graduate-Master's Small,0,0,40420,"Rockford, IL",0.4372,0.4431,1.47,,51281.0,40389.78492620609,1.27,"Higher Access, Medium Earnings"
148487,Roosevelt University,Illinois,Professions-focused Undergraduate/Graduate-Doctorate Medium,0,0,16980,"Chicago-Naperville-Elgin, IL-IN",0.4742,0.6179,1.78,,47124.0,37306.31076709435,1.26,"Higher Access, Medium Earnings"
148496,Dominican University,Illinois,Mixed Undergraduate/Graduate-Master's Small,0,0,16980,"Chicago-Naperville-Elgin, IL-IN",0.5019,0.7496,2.04,,57407.0,38629.10948190452,1.49,"Higher Access, Medium Earnings"
148511,Rush University,Illinois,Special Focus: Medical Schools and Centers,0,0,16980,"Chicago-Naperville-Elgin, IL-IN",0.3565,0.687,,,82684.0,,,Not Classified in SAEC
148575,Saint Francis Medical Center College of Nursing,Illinois,Special Focus: Nursing,0,0,37900,"Peoria, IL",0.3238,0.0769,,,70637.0,,,Not Classified in SAEC
148584,University of St Francis,Illinois,Professions-focused Undergraduate/Graduate-Doctorate Medium,0,0,16980,"Chicago-Naperville-Elgin, IL-IN",0.377,0.451,1.36,,62784.0,41310.82866450856,1.52,"Opportunity Colleges and Universities – Higher Access, Higher Earnings"
148593,St. John's College-Department of Nursing,Illinois,Special Focus: Nursing,0,0,44100,"Springfield, IL",0.3171,0.1124,,,75444.0,,,Not Classified in SAEC
148627,Saint Xavier University,Illinois,Professions-focused Undergraduate/Graduate-Master's Large/Medium,0,0,16980,"Chicago-Naperville-Elgin, IL-IN",0.5619,0.6404,1.99,,56175.0,38191.39620959916,1.47,"Higher Access, Medium Earnings"
148654,University of Illinois Springfield,Illinois,Mixed Undergraduate/Graduate-Master's Large/Medium,1,0,44100,"Springfield, IL",0.3654,0.3008,1.6,,53900.0,37823.327494854995,1.43,"Higher Access, Medium Earnings"
148672,Sauk Valley Community College,Illinois,Mixed Associate Small,0,1,19940,"Dixon, IL",0.4515,0.2317,1.64,,38309.0,43234.36978984532,0.89,"Higher Access, Lower Earnings"
148821,Shawnee Community College,Illinois,Mixed Associate Small,0,1,-2,Illinois -- Not in metropolitan statistical area,0.5453,0.2794,2.78,,29552.0,32374.094159522032,0.91,"Higher Access, Lower Earnings"
148876,St. Augustine College,Illinois,Professions-focused Associate/Baccalaureate,0,1,16980,"Chicago-Naperville-Elgin, IL-IN",0.7448,0.9459,2.58,,33555.0,33577.498209239224,1.0,"Higher Access, Medium Earnings"
148885,University of Saint Mary of the Lake,Illinois,Special Focus: Theological Studies,0,0,16980,"Chicago-Naperville-Elgin, IL-IN",0.0,,,,,,,Not Classified in SAEC
148937,Southeastern Illinois College,Illinois,Mixed Associate Small,0,1,-2,Illinois -- Not in metropolitan statistical area,0.4898,0.1084,1.4,,33346.0,32980.71513871227,1.01,"Higher Access, Medium Earnings"
148982,Spertus College,Illinois,Special Focus: Theological Studies,0,0,16980,"Chicago-Naperville-Elgin, IL-IN",0.0,,,,,,,Not Classified in SAEC
148991,Spoon River College,Illinois,Mixed Associate Small,0,1,15900,"Canton, IL",0.4795,0.1341,1.56,,37272.0,33467.19812694037,1.11,"Higher Access, Medium Earnings"
149028,Saint Anthony College of Nursing,Illinois,Special Focus: Nursing,0,0,40420,"Rockford, IL",0.3481,0.2537,,,75726.0,,,Not Classified in SAEC
149222,Southern Illinois University-Carbondale,Illinois,Professions-focused Undergraduate/Graduate-Doctorate Medium,1,0,16060,"Carbondale, IL",0.3701,0.3119,1.52,,48158.0,28626.533705149155,1.68,"Opportunity Colleges and Universities – Higher Access, Higher Earnings"
149231,Southern Illinois University-Edwardsville,Illinois,Mixed Undergraduate/Graduate-Doctorate Medium,1,0,41180,"St. Louis, MO-IL",0.3169,0.2552,1.18,,51066.0,39772.19131623422,1.28,"Higher Access, Medium Earnings"
149310,Taylor Business Institute,Illinois,Special Focus: Business,0,1,16980,"Chicago-Naperville-Elgin, IL-IN",0.2111,0.9429,1.59,,18452.0,27450.17518248175,0.67,"Higher Access, Lower Earnings"
149329,Telshe Yeshiva-Chicago,Illinois,Special Focus: Theological Studies,0,0,16980,"Chicago-Naperville-Elgin, IL-IN",0.3797,0.0,,,,,,Not Classified in SAEC
149365,South Suburban College,Illinois,Mixed Associate Medium,0,1,16980,"Chicago-Naperville-Elgin, IL-IN",0.4426,0.8494,1.92,,31215.0,31532.509416039553,0.99,"Higher Access, Lower Earnings"
149505,Trinity Christian College,Illinois,Professions-focused Baccalaureate Small,0,0,16980,"Chicago-Naperville-Elgin, IL-IN",0.3508,0.3853,1.24,,50396.0,39769.623690357024,1.27,"Higher Access, Medium Earnings"
149514,Trinity International University-Illinois,Illinois,Professions-focused Undergraduate/Graduate-Doctorate Small,0,0,16980,"Chicago-Naperville-Elgin, IL-IN",0.3632,0.5102,1.41,,43251.0,37720.565303941,1.15,"Higher Access, Medium Earnings"
149532,Triton College,Illinois,Mixed Associate Medium,0,1,16980,"Chicago-Naperville-Elgin, IL-IN",0.3547,0.6559,1.49,,40153.0,38390.742990078994,1.05,"Higher Access, Medium Earnings"
149639,VanderCook College of Music,Illinois,Special Focus: Graduate Studies,0,0,16980,"Chicago-Naperville-Elgin, IL-IN",0.3662,0.5217,,,45746.0,,,Not Classified in SAEC
149727,Waubonsee Community College,Illinois,Mixed Associate Medium,0,1,16980,"Chicago-Naperville-Elgin, IL-IN",0.297,0.5253,1.22,,41993.0,42883.123974136746,0.98,"Higher Access, Lower Earnings"
149763,Oak Point University,Illinois,Special Focus: Nursing,0,0,16980,"Chicago-Naperville-Elgin, IL-IN",0.4474,0.5498,,,85213.0,,,Not Classified in SAEC
149772,Western Illinois University,Illinois,Professions-focused Undergraduate/Graduate-Master's Large/Medium,1,0,31380,"Macomb, IL",0.2873,0.3999,2.91,,48456.0,26072.62835232182,1.86,"Opportunity Colleges and Universities – Higher Access, Higher Earnings"
149781,Wheaton College,Illinois,Special Focus: Arts and Sciences,0,0,16980,"Chicago-Naperville-Elgin, IL-IN",0.2041,0.1764,0.6,,58108.0,41576.2556867892,1.4,"Lower Access, Medium Earnings"
149842,William Rainey Harper College,Illinois,Mixed Associate Large,0,1,16980,"Chicago-Naperville-Elgin, IL-IN",0.2779,0.4072,1.03,,44949.0,45080.27892161422,1.0,"Higher Access, Medium Earnings"
150066,Anderson University,Indiana,Professions-focused Baccalaureate Small,0,0,26900,"Indianapolis-Carmel-Greenwood, IN",0.3626,0.2256,1.12,,46332.0,36896.30578115155,1.26,"Higher Access, Medium Earnings"
150136,Ball State University,Indiana,Professions-focused Undergraduate/Graduate-Doctorate Large,1,0,34620,"Muncie, IN",0.3595,0.2216,1.34,,48782.0,29367.07261236817,1.66,"Opportunity Colleges and Universities – Higher Access, Higher Earnings"
150145,Bethel University,Indiana,Professions-focused Baccalaureate Small,0,0,43780,"South Bend-Mishawaka, IN-MI",0.3632,0.2562,1.21,,46277.0,36179.53196582667,1.28,"Higher Access, Medium Earnings"
150163,Butler University,Indiana,Professions-focused Undergraduate/Graduate-Doctorate Medium,0,0,26900,"Indianapolis-Carmel-Greenwood, IN",0.1396,0.1435,0.51,,71943.0,38768.90567535479,1.86,"Lower Access, Higher Earnings"
150172,Calumet College of Saint Joseph,Indiana,Mixed Undergraduate/Graduate-Master's Small,0,0,16980,"Chicago-Naperville-Elgin, IL-IN",0.4858,0.6899,2.28,,41945.0,33124.55773144057,1.27,"Higher Access, Medium Earnings"
150215,Christian Theological Seminary,Indiana,Special Focus: Theological Studies,0,0,26900,"Indianapolis-Carmel-Greenwood, IN",0.0,,,,,,,Not Classified in SAEC
150251,College of Court Reporting Inc,Indiana,Professions-focused Associate Small,0,1,16980,"Chicago-Naperville-Elgin, IL-IN",0.3793,0.2755,1.03,,39141.0,39372.35776695791,0.99,"Higher Access, Lower Earnings"
150288,Concordia Theological Seminary,Indiana,Special Focus: Theological Studies,0,0,23060,"Fort Wayne, IN",0.0,,,,,,,Not Classified in SAEC
150400,DePauw University,Indiana,Special Focus: Arts and Sciences,0,0,24600,"Greencastle, IN",0.1594,0.209,0.67,,64303.0,38202.728527076,1.68,"Lower Access, Higher Earnings"
150455,Earlham College,Indiana,Special Focus: Arts and Sciences,0,0,39980,"Richmond, IN",0.2598,0.2621,0.92,,39252.0,35900.65340681572,1.09,"Lower Access, Medium Earnings"
150534,University of Evansville,Indiana,Professions-focused Baccalaureate Small,0,0,21780,"Evansville, IN",0.27,0.1527,0.77,,51634.0,37836.73405453796,1.36,"Lower Access, Medium Earnings"
150604,Franklin College,Indiana,Mixed Baccalaureate,0,0,26900,"Indianapolis-Carmel-Greenwood, IN",0.4026,0.1603,1.05,,50829.0,36451.103252838526,1.39,"Higher Access, Medium Earnings"
150668,Goshen College,Indiana,Mixed Baccalaureate,0,0,21140,"Elkhart-Goshen, IN",0.3801,0.4293,1.59,,53522.0,37678.1510315992,1.42,"Higher Access, Medium Earnings"
150677,Grace College and Theological Seminary,Indiana,Professions-focused Undergraduate/Graduate-Master's Small,0,0,47700,"Warsaw, IN",0.3288,0.1454,0.88,,44909.0,36409.70881903682,1.23,"Lower Access, Medium Earnings"
150756,Hanover College,Indiana,Special Focus: Arts and Sciences,0,0,31500,"Madison, IN",0.26,0.1508,0.79,,49769.0,35967.23654238035,1.38,"Lower Access, Medium Earnings"
150774,Holy Cross College,Indiana,Special Focus: Arts and Sciences,0,0,43780,"South Bend-Mishawaka, IN-MI",0.2988,0.3971,1.16,,49868.0,36959.02391063925,1.35,"Higher Access, Medium Earnings"
150941,Huntington University,Indiana,Professions-focused Undergraduate/Graduate-Doctorate Small,0,0,26540,"Huntington, IN",0.3226,0.1539,0.84,,41192.0,37583.57765540815,1.1,"Lower Access, Medium Earnings"
150987,Ivy Tech Community College,Indiana,Professions-focused Associate Large/Medium,0,1,26900,"Indianapolis-Carmel-Greenwood, IN",0.3976,0.2656,1.34,"State data used instead of Indianapolis-Carmel-Greenwood, IN MSA data",34162.0,34890.31142127521,0.98,"Higher Access, Lower Earnings"
151102,Purdue University Fort Wayne,Indiana,Professions-focused Undergraduate/Graduate-Master's Large/Medium,1,0,23060,"Fort Wayne, IN",0.3526,0.218,1.09,,44192.0,36813.821901930234,1.2,"Higher Access, Medium Earnings"
151111,Indiana University-Purdue University-Indianapolis,Indiana,Professions-focused Undergraduate/Graduate-Doctorate Large,1,0,26900,"Indianapolis-Carmel-Greenwood, IN",0.3718,0.3041,1.33,,50780.0,40966.56261532904,1.24,"Higher Access, Medium Earnings"
151263,University of Indianapolis,Indiana,Professions-focused Undergraduate/Graduate-Doctorate Medium,0,0,26900,"Indianapolis-Carmel-Greenwood, IN",0.3879,0.295,1.36,,51116.0,35849.98878787061,1.43,"Higher Access, Medium Earnings"
151290,Indiana Institute of Technology,Indiana,Professions-focused Undergraduate/Graduate-Master's Small,0,0,23060,"Fort Wayne, IN",0.3756,0.3254,1.3,,39554.0,32841.814381371565,1.2,"Higher Access, Medium Earnings"
151306,University of Southern Indiana,Indiana,Professions-focused Undergraduate/Graduate-Master's Large/Medium,1,0,21780,"Evansville, IN",0.2967,0.1223,0.93,,45868.0,37370.749299300405,1.23,"Lower Access, Medium Earnings"
151324,Indiana State University,Indiana,Professions-focused Undergraduate/Graduate-Doctorate Medium,1,0,45460,"Terre Haute, IN",0.3927,0.2911,1.61,,44622.0,31099.30808019585,1.43,"Higher Access, Medium Earnings"
151333,Indiana University-Kokomo,Indiana,Professions-focused Baccalaureate Medium,1,0,29020,"Kokomo, IN",0.3828,0.2064,1.29,,45935.0,31083.835799947436,1.48,"Higher Access, Medium Earnings"
151342,Indiana University-South Bend,Indiana,Professions-focused Baccalaureate Medium,1,0,43780,"South Bend-Mishawaka, IN-MI",0.4214,0.357,1.44,,42843.0,34610.81162913958,1.24,"Higher Access, Medium Earnings"
151351,Indiana University-Bloomington,Indiana,Professions-focused Undergraduate/Graduate-Doctorate Large,0,0,14020,"Bloomington, IN",0.168,0.1933,0.67,,59525.0,37992.038326074275,1.57,"Lower Access, Higher Earnings"
151360,Indiana University-Northwest,Indiana,Professions-focused Baccalaureate Medium,1,0,16980,"Chicago-Naperville-Elgin, IL-IN",0.4478,0.5107,1.48,,41246.0,42125.41784949834,0.98,"Higher Access, Lower Earnings"
151379,Indiana University-Southeast,Indiana,Special Focus: Arts and Sciences,1,0,31140,"Louisville/Jefferson County, KY-IN",0.3482,0.1721,0.98,,44862.0,37332.969360233255,1.2,"Lower Access, Medium Earnings"
151388,Indiana University-East,Indiana,Mixed Baccalaureate,1,0,39980,"Richmond, IN",0.3807,0.1928,1.22,,45484.0,30767.640706633054,1.48,"Higher Access, Medium Earnings"
151467,International Business College-Indianapolis,Indiana,Special Focus: Applied and Career Studies,0,1,26900,"Indianapolis-Carmel-Greenwood, IN",0.503,0.2218,1.4,,34817.0,41894.425245098035,0.83,"Higher Access, Lower Earnings"
151661,Lincoln College of Technology-Indianapolis,Indiana,Special Focus: Applied and Career Studies,0,1,26900,"Indianapolis-Carmel-Greenwood, IN",0.6523,0.4668,2.16,,47206.0,39994.46906785078,1.18,"Higher Access, Medium Earnings"
151777,Manchester University,Indiana,Professions-focused Undergraduate/Graduate-Doctorate Small,0,0,47340,"Wabash, IN",0.4508,0.2586,1.33,,50853.0,36833.09572323377,1.38,"Higher Access, Medium Earnings"
151786,Marian University,Indiana,Special Focus: Medical Schools and Centers,0,0,26900,"Indianapolis-Carmel-Greenwood, IN",0.2587,0.3519,,,56234.0,,,Not Classified in SAEC
151801,Indiana Wesleyan University-Marion,Indiana,Professions-focused Baccalaureate Small,0,0,31980,"Marion, IN",0.2713,0.1334,0.74,,59093.0,35791.150988032736,1.65,"Lower Access, Higher Earnings"
151810,Martin University,Indiana,Professions-focused Baccalaureate Small,0,0,26900,"Indianapolis-Carmel-Greenwood, IN",0.7132,0.9611,3.81,,22005.0,27932.500000000004,0.79,"Higher Access, Lower Earnings"
151865,Anabaptist Mennonite Biblical Seminary,Indiana,Special Focus: Theological Studies,0,0,21140,"Elkhart-Goshen, IN",0.0,,,,,,,Not Classified in SAEC
151962,Mid-America College of Funeral Service,Indiana,Special Focus: Applied and Career Studies,0,1,31140,"Louisville/Jefferson County, KY-IN",0.559,0.21,1.36,,37716.0,35709.19949968731,1.06,"Higher Access, Medium Earnings"
152080,University of Notre Dame,Indiana,Mixed Undergraduate/Graduate-Doctorate Medium,0,0,43780,"South Bend-Mishawaka, IN-MI",0.1255,0.2516,0.59,,94844.0,39801.20271987788,2.38,"Lower Access, Higher Earnings"
152099,Oakland City University,Indiana,Mixed Undergraduate/Graduate-Doctorate Small,0,0,-2,Indiana -- Not in metropolitan statistical area,0.3617,0.2613,1.19,,46203.0,36927.472875114225,1.25,"Higher Access, Medium Earnings"
152318,Rose-Hulman Institute of Technology,Indiana,"Special Focus: Technology, Engineering, and Sciences",0,0,45460,"Terre Haute, IN",0.1179,0.1669,0.5,,93607.0,39102.91654954376,2.39,"Lower Access, Higher Earnings"
152336,University of Saint Francis-Fort Wayne,Indiana,Special Focus: Other Health Professions,0,0,23060,"Fort Wayne, IN",0.4281,0.2634,1.37,,50591.0,36471.270374324326,1.39,"Opportunity Colleges and Universities – Higher Access, Higher Earnings"
152381,Saint Mary-of-the-Woods College,Indiana,Professions-focused Undergraduate/Graduate-Master's Small,0,0,45460,"Terre Haute, IN",0.5144,0.2175,1.29,,42730.0,36451.87392542446,1.17,"Higher Access, Medium Earnings"
152390,Saint Mary's College,Indiana,Special Focus: Arts and Sciences,0,0,43780,"South Bend-Mishawaka, IN-MI",0.2438,0.2022,0.79,,62295.0,38392.4304309998,1.62,"Lower Access, Higher Earnings"
152451,Saint Meinrad School of Theology,Indiana,Special Focus: Theological Studies,0,0,-2,,0.0,,,,,,,Not Classified in SAEC
152530,Taylor University,Indiana,Mixed Baccalaureate,0,0,31980,"Marion, IN",0.163,0.1147,0.49,,49870.0,39510.738845877204,1.26,"Lower Access, Medium Earnings"
152567,Trine University,Indiana,Mixed Baccalaureate,0,0,11420,"Angola, IN",0.264,0.1023,0.66,,56651.0,36408.70322120822,1.56,"Lower Access, Higher Earnings"
152600,Valparaiso University,Indiana,Professions-focused Undergraduate/Graduate-Master's Small,0,0,16980,"Chicago-Naperville-Elgin, IL-IN",0.2598,0.2206,0.86,,59972.0,39062.65436132304,1.54,"Lower Access, Higher Earnings"
152637,Vincennes University,Indiana,Professions-focused Associate/Baccalaureate,0,1,47180,"Vincennes, IN",0.316,0.2312,1.46,,38511.0,36383.16429389051,1.06,"Higher Access, Medium Earnings"
152673,Wabash College,Indiana,Special Focus: Arts and Sciences,0,0,18820,"Crawfordsville, IN",0.2251,0.2025,0.8,,57515.0,37103.75506142729,1.55,"Lower Access, Higher Earnings"
152798,Allen College,Iowa,Special Focus: Nursing,0,0,47940,"Waterloo-Cedar Falls, IA",0.2662,0.0699,0.81,,66161.0,40547.00823045267,1.63,"Lower Access, Higher Earnings"
152992,Briar Cliff University,Iowa,Professions-focused Undergraduate/Graduate-Doctorate Small,0,0,43580,"Sioux City, IA-NE-SD",0.3318,0.37,1.31,,51373.0,38821.58423887604,1.32,"Higher Access, Medium Earnings"
153001,Buena Vista University,Iowa,Professions-focused Undergraduate/Graduate-Master's Small,0,0,44740,"Storm Lake, IA",0.4419,0.1696,1.2,,46276.0,40120.58878073345,1.15,"Higher Access, Medium Earnings"
153108,Central College,Iowa,Mixed Baccalaureate,0,0,37800,"Pella, IA",0.2195,0.1149,0.75,,51064.0,40093.01117796944,1.27,"Lower Access, Medium Earnings"
153126,Clarke University,Iowa,Professions-focused Undergraduate/Graduate-Doctorate Small,0,0,20220,"Dubuque, IA",0.3639,0.3409,1.22,,52881.0,40654.854806879994,1.3,"Higher Access, Medium Earnings"
153144,Coe College,Iowa,Special Focus: Arts and Sciences,0,0,16300,"Cedar Rapids, IA",0.3685,0.284,1.28,,51362.0,40225.491166436856,1.28,"Higher Access, Medium Earnings"
153162,Cornell College,Iowa,Special Focus: Arts and Sciences,0,0,16300,"Cedar Rapids, IA",0.2921,0.1922,0.89,,49843.0,39191.61521269425,1.27,"Lower Access, Medium Earnings"
153214,Des Moines Area Community College,Iowa,Mixed Associate Large,0,1,19780,"Des Moines-West Des Moines, IA",0.3436,0.2428,1.66,,40035.0,43555.41857408161,0.92,"Higher Access, Lower Earnings"
153241,Divine Word College,Iowa,Special Focus: Theological Studies,0,0,20220,"Dubuque, IA",0.1176,0.0909,,,,,,Not Classified in SAEC
153250,Dordt University,Iowa,Professions-focused Baccalaureate Small,0,0,-2,Iowa -- Not in metropolitan statistical area,0.2011,0.0844,0.56,,51317.0,41170.43885781987,1.25,"Lower Access, Medium Earnings"
153269,Drake University,Iowa,Professions-focused Undergraduate/Graduate-Doctorate Medium,0,0,19780,"Des Moines-West Des Moines, IA",0.2126,0.198,0.82,,68149.0,41780.92230068126,1.63,"Lower Access, Higher Earnings"
153278,University of Dubuque,Iowa,Professions-focused Undergraduate/Graduate-Master's Small,0,0,20220,"Dubuque, IA",0.4051,0.2321,1.19,,51123.0,38977.17016679592,1.31,"Higher Access, Medium Earnings"
153296,Ellsworth Community College,Iowa,Mixed Associate Small,0,1,-2,Iowa -- Not in metropolitan statistical area,0.4492,0.3712,1.92,,37530.0,35897.90676212622,1.05,"Higher Access, Medium Earnings"
153302,Emmaus University,Iowa,Special Focus: Theological Studies,0,0,20220,"Dubuque, IA",0.4301,0.1878,,,38838.0,,,Not Classified in SAEC
153311,Eastern Iowa Community College District,Iowa,Mixed Associate Medium,0,1,19340,"Davenport-Moline-Rock Island, IA-IL",0.4856,0.3126,1.62,,36404.0,37365.18703770622,0.97,"Higher Access, Lower Earnings"
153320,Faith Baptist Bible College and Theological Seminary,Iowa,Special Focus: Theological Studies,0,0,19780,"Des Moines-West Des Moines, IA",0.4505,0.1,,,34619.0,,,Not Classified in SAEC
153366,Graceland University-Lamoni,Iowa,Professions-focused Undergraduate/Graduate-Master's Small,0,0,-2,Iowa -- Not in metropolitan statistical area,0.4657,0.4055,1.49,,45190.0,36810.85886442883,1.23,"Higher Access, Medium Earnings"
153375,Grand View University,Iowa,Professions-focused Baccalaureate Small,0,0,19780,"Des Moines-West Des Moines, IA",0.3889,0.2816,1.63,,51170.0,38663.26973963151,1.32,"Higher Access, Medium Earnings"
153384,Grinnell College,Iowa,Special Focus: Arts and Sciences,0,0,-2,Iowa -- Not in metropolitan statistical area,0.1737,0.2275,0.64,,58562.0,39054.916403451716,1.5,"Lower Access, Higher Earnings"
153427,Orion Technical College,Iowa,Special Focus: Applied and Career Studies,0,1,19340,"Davenport-Moline-Rock Island, IA-IL",0.5733,0.402,1.87,,35372.0,38542.75189933523,0.92,"Higher Access, Lower Earnings"
153445,Hawkeye Community College,Iowa,Professions-focused Associate Large/Medium,0,1,47940,"Waterloo-Cedar Falls, IA",0.4041,0.2368,1.67,,40878.0,37782.298987451424,1.08,"Higher Access, Medium Earnings"
153472,Indian Hills Community College,Iowa,Professions-focused Associate Large/Medium,0,1,36900,"Ottumwa, IA",0.4344,0.2259,1.3,,39951.0,32825.65755204234,1.22,"Higher Access, Medium Earnings"
153524,Iowa Central Community College,Iowa,Mixed Associate Medium,0,1,22700,"Fort Dodge, IA",0.5112,0.3628,1.96,,39583.0,34260.3678357672,1.16,"Higher Access, Medium Earnings"
153533,Iowa Lakes Community College,Iowa,Mixed Associate Small,0,1,-2,Iowa -- Not in metropolitan statistical area,0.4048,0.1901,1.62,,41398.0,38250.83650260489,1.08,"Higher Access, Medium Earnings"
153603,Iowa State University,Iowa,Mixed Undergraduate/Graduate-Doctorate Large,0,0,11180,"Ames, IA",0.1863,0.139,0.73,,59021.0,40839.28437930303,1.45,"Lower Access, Medium Earnings"
153630,Iowa Western Community College,Iowa,Mixed Associate Medium,0,1,36540,"Omaha, NE-IA",0.431,0.3328,1.64,,38860.0,41602.599760132696,0.93,"Higher Access, Lower Earnings"
153658,University of Iowa,Iowa,Mixed Undergraduate/Graduate-Doctorate Large,0,0,26980,"Iowa City, IA",0.1803,0.169,0.77,,60321.0,41021.53920159712,1.47,"Lower Access, Medium Earnings"
153737,Kirkwood Community College,Iowa,Professions-focused Associate Large/Medium,0,1,16300,"Cedar Rapids, IA",0.3967,0.2905,2.2,,38825.0,36039.663727892235,1.08,"Higher Access, Medium Earnings"
153825,Loras College,Iowa,Professions-focused Baccalaureate Small,0,0,20220,"Dubuque, IA",0.2602,0.1933,0.88,,54415.0,42055.07604480465,1.29,"Lower Access, Medium Earnings"
153834,Luther College,Iowa,Special Focus: Arts and Sciences,0,0,-2,Iowa -- Not in metropolitan statistical area,0.1934,0.1315,0.74,,52207.0,43044.433556978605,1.21,"Lower Access, Medium Earnings"
153861,Maharishi International University,Iowa,Professions-focused Undergraduate/Graduate-Master's Small,0,0,-2,Iowa -- Not in metropolitan statistical area,0.5529,0.368,1.42,,29723.0,38126.670388675295,0.78,"Higher Access, Lower Earnings"
153922,Marshalltown Community College,Iowa,Mixed Associate Small,0,1,32260,"Marshalltown, IA",0.4567,0.404,1.78,,36881.0,36952.22668397064,1.0,"Higher Access, Medium Earnings"
153977,Mercy College of Health Sciences,Iowa,Special Focus: Nursing,0,0,19780,"Des Moines-West Des Moines, IA",0.3388,0.2751,1.81,,56719.0,39586.110780226314,1.43,"Opportunity Colleges and Universities – Higher Access, Higher Earnings"
154004,Morningside University,Iowa,Professions-focused Undergraduate/Graduate-Master's Small,0,0,43580,"Sioux City, IA-NE-SD",0.3167,0.2111,1.21,,50866.0,39712.62017612058,1.28,"Higher Access, Medium Earnings"
154013,Mount Mercy University,Iowa,Professions-focused Undergraduate/Graduate-Master's Small,0,0,16300,"Cedar Rapids, IA",0.2737,0.1905,1.11,,54367.0,39870.84485941631,1.36,"Higher Access, Medium Earnings"
154022,Ashford University,California,Professions-focused Undergraduate/Graduate-Doctorate Large,0,0,41740,"San Diego-Chula Vista-Carlsbad, CA",0.3237,0.5679,1.28,,32575.0,34975.50466665481,0.93,"Higher Access, Lower Earnings"
154059,North Iowa Area Community College,Iowa,Mixed Associate Small,0,1,32380,"Mason City, IA",0.3756,0.1648,1.48,,39783.0,38877.47811022464,1.02,"Higher Access, Medium Earnings"
154095,University of Northern Iowa,Iowa,Professions-focused Undergraduate/Graduate-Master's Large/Medium,1,0,47940,"Waterloo-Cedar Falls, IA",0.2432,0.1231,0.87,,50478.0,38814.71897293638,1.3,"Lower Access, Medium Earnings"
154101,Northwestern College,Iowa,Professions-focused Undergraduate/Graduate-Master's Small,0,0,-2,Iowa -- Not in metropolitan statistical area,0.2395,0.1175,0.78,,50613.0,41131.533990174954,1.23,"Lower Access, Medium Earnings"
154110,Northeast Iowa Community College,Iowa,Professions-focused Associate Large/Medium,0,1,-2,Iowa -- Not in metropolitan statistical area,0.5471,0.1341,1.72,,41687.0,37907.72846368016,1.1,"Higher Access, Medium Earnings"
154129,Northwest Iowa Community College,Iowa,Professions-focused Associate Small,0,1,-2,Iowa -- Not in metropolitan statistical area,0.3196,0.2179,2.05,,49362.0,38043.29793620064,1.3,"Opportunity Colleges and Universities – Higher Access, Higher Earnings"
154156,Des Moines University-Osteopathic Medical Center,Iowa,Special Focus: Medical Schools and Centers,0,0,19780,"Des Moines-West Des Moines, IA",0.0,,,,,,,Not Classified in SAEC
154174,Palmer College of Chiropractic,Iowa,Special Focus: Other Health Professions,0,0,19340,"Davenport-Moline-Rock Island, IA-IL",0.4138,0.0781,,,40829.0,,,Not Classified in SAEC
154235,Saint Ambrose University,Iowa,Professions-focused Undergraduate/Graduate-Doctorate Small,0,0,19340,"Davenport-Moline-Rock Island, IA-IL",0.2804,0.2171,0.94,,57759.0,41662.064570180584,1.39,"Lower Access, Medium Earnings"
154262,St Luke's College,Iowa,Special Focus: Nursing,0,1,43580,"Sioux City, IA-NE-SD",0.4643,0.2792,1.39,,55979.0,38279.66624579128,1.46,"Opportunity Colleges and Universities – Higher Access, Higher Earnings"
154350,Simpson College,Iowa,Mixed Baccalaureate,0,0,19780,"Des Moines-West Des Moines, IA",0.33,0.1809,1.07,,50552.0,40093.87926372591,1.26,"Higher Access, Medium Earnings"
154378,Southeastern Community College,Iowa,Mixed Associate Small,0,1,15460,"Burlington, IA-IL",0.4299,0.2564,1.49,,34927.0,35761.59196335656,0.98,"Higher Access, Lower Earnings"
154396,Southwestern Community College,Iowa,Mixed Associate Small,0,1,-2,Iowa -- Not in metropolitan statistical area,0.4651,0.1444,1.54,,38600.0,37568.35542876234,1.03,"Higher Access, Medium Earnings"
154493,Upper Iowa University,Iowa,Professions-focused Undergraduate/Graduate-Master's Large/Medium,0,0,-2,Iowa -- Not in metropolitan statistical area,0.3613,0.3548,1.39,,51160.0,37570.587130219275,1.36,"Higher Access, Medium Earnings"
154518,Waldorf University,Iowa,Professions-focused Undergraduate/Graduate-Master's Large/Medium,0,0,-2,Iowa -- Not in metropolitan statistical area,0.3492,0.275,0.99,,49831.0,39193.18879456475,1.27,"Lower Access, Medium Earnings"
154527,Wartburg College,Iowa,Mixed Baccalaureate,0,0,47940,"Waterloo-Cedar Falls, IA",0.2174,0.1267,0.8,,50597.0,40520.63481476587,1.25,"Lower Access, Medium Earnings"
154536,Wartburg Theological Seminary,Iowa,Special Focus: Theological Studies,0,0,20220,"Dubuque, IA",0.0,,,,,,,Not Classified in SAEC
154572,Western Iowa Tech Community College,Iowa,Professions-focused Associate Large/Medium,0,1,43580,"Sioux City, IA-NE-SD",0.5272,0.3668,1.68,,37504.0,36098.00131300915,1.04,"Higher Access, Medium Earnings"
154590,William Penn University,Iowa,Professions-focused Baccalaureate Small,0,0,36820,"Oskaloosa, IA",0.4689,0.3642,1.5,,45076.0,37447.59791084987,1.2,"Higher Access, Medium Earnings"
154642,Allen County Community College,Kansas,Mixed Associate Small,0,1,-2,Kansas -- Not in metropolitan statistical area,0.2232,0.2241,1.13,,38472.0,33210.542499771174,1.16,"Higher Access, Medium Earnings"
154688,Baker University,Kansas,Professions-focused Undergraduate/Graduate-Doctorate Small,0,0,29940,"Lawrence, KS",0.3229,0.2948,1.24,,59232.0,36315.41619766055,1.63,"Opportunity Colleges and Universities – Higher Access, Higher Earnings"
154697,Barton County Community College,Kansas,Mixed Associate Medium,0,1,24460,"Great Bend, KS",0.366,0.3813,1.43,,38581.0,34359.435673998516,1.12,"Higher Access, Medium Earnings"
154712,Benedictine College,Kansas,Professions-focused Baccalaureate Small,0,0,11860,"Atchison, KS",0.1722,0.1861,0.58,,50407.0,38251.26526831865,1.32,"Lower Access, Medium Earnings"
154721,Bethany College,Kansas,Professions-focused Baccalaureate Small,0,0,32700,"McPherson, KS",0.4708,0.4763,1.47,,46779.0,38727.78796537739,1.21,"Higher Access, Medium Earnings"
154749,Bethel College-North Newton,Kansas,Professions-focused Baccalaureate Small,0,0,48620,"Wichita, KS",0.391,0.4154,1.32,,50250.0,37630.80282051282,1.34,"Higher Access, Medium Earnings"
154800,Butler Community College,Kansas,Mixed Associate Medium,0,1,48620,"Wichita, KS",0.3543,0.3179,1.26,,37891.0,33995.69987379111,1.11,"Higher Access, Medium Earnings"
154855,Central Christian College of Kansas,Kansas,Professions-focused Baccalaureate Small,0,0,32700,"McPherson, KS",0.498,0.4733,1.44,,41155.0,36606.44550150523,1.12,"Higher Access, Medium Earnings"
154907,Cloud County Community College,Kansas,Mixed Associate Small,0,1,-2,Kansas -- Not in metropolitan statistical area,0.4181,0.2974,1.88,,37057.0,33322.30543369286,1.11,"Higher Access, Medium Earnings"
154925,Coffeyville Community College,Kansas,Mixed Associate Small,0,1,-2,Kansas -- Not in metropolitan statistical area,0.5138,0.5337,2.16,,35576.0,32511.48819501508,1.09,"Higher Access, Medium Earnings"
154934,Colby Community College,Kansas,Mixed Associate Small,0,1,-2,Kansas -- Not in metropolitan statistical area,0.3707,0.1747,1.09,,38582.0,36663.28586214288,1.05,"Higher Access, Medium Earnings"
154952,Cowley County Community College,Kansas,Mixed Associate Small,0,1,11680,"Arkansas City-Winfield, KS",0.4787,0.3072,1.73,,34220.0,32522.34916224917,1.05,"Higher Access, Medium Earnings"
154998,Dodge City Community College,Kansas,Mixed Associate Small,0,1,19980,"Dodge City, KS",0.3549,0.6774,1.27,,39927.0,35108.92490379512,1.14,"Higher Access, Medium Earnings"
155007,Donnelly College,Kansas,Mixed Associate/Baccalaureate,0,1,28140,"Kansas City, MO-KS",0.6348,0.796,3.02,,34572.0,33106.801509932964,1.04,"Higher Access, Medium Earnings"
155025,Emporia State University,Kansas,Professions-focused Undergraduate/Graduate-Master's Large/Medium,1,0,21380,"Emporia, KS",0.35,0.213,1.01,,44930.0,29834.50543150869,1.51,"Opportunity Colleges and Universities – Higher Access, Higher Earnings"
155052,Flint Hills Technical College,Kansas,Special Focus: Applied and Career Studies,0,1,21380,"Emporia, KS",0.4454,0.2851,1.32,,44134.0,29201.656895403063,1.51,"Opportunity Colleges and Universities – Higher Access, Higher Earnings"
155061,Fort Hays State University,Kansas,Professions-focused Undergraduate/Graduate-Master's Large/Medium,1,0,25700,"Hays, KS",0.2307,0.1648,1.03,,46876.0,35645.56806872803,1.32,"Higher Access, Medium Earnings"
155070,Barclay College,Kansas,Special Focus: Theological Studies,0,0,-2,Kansas -- Not in metropolitan statistical area,0.6513,0.4541,,,34874.0,,,Not Classified in SAEC
155089,Friends University,Kansas,Professions-focused Undergraduate/Graduate-Master's Small,0,0,48620,"Wichita, KS",0.4326,0.4218,1.45,,46619.0,35855.10922925171,1.3,"Higher Access, Medium Earnings"
155098,Fort Scott Community College,Kansas,Mixed Associate Small,0,1,-2,Kansas -- Not in metropolitan statistical area,0.4741,0.247,1.31,,34818.0,33623.71773187385,1.04,"Higher Access, Medium Earnings"
155104,Garden City Community College,Kansas,Mixed Associate Small,0,1,23780,"Garden City, KS",0.4019,0.6834,1.37,,39511.0,35741.72012717915,1.11,"Higher Access, Medium Earnings"
155140,Haskell Indian Nations University,Kansas,Mixed Associate/Baccalaureate,0,1,29940,"Lawrence, KS",0.619,1.0,3.16,,33422.0,22419.483050847455,1.49,"Opportunity Colleges and Universities – Higher Access, Higher Earnings"
155177,Hesston College,Kansas,Mixed Associate/Baccalaureate,0,1,48620,"Wichita, KS",0.3025,0.3441,1.0,,48315.0,37775.9544069376,1.28,"Opportunity Colleges and Universities – Higher Access, Higher Earnings"
155186,Highland Community College,Kansas,Mixed Associate Small,0,1,41140,"St. Joseph, MO-KS",0.2979,0.3273,1.36,,40079.0,30553.27588483443,1.31,"Opportunity Colleges and Universities – Higher Access, Higher Earnings"
155195,Hutchinson Community College,Kansas,Mixed Associate Medium,0,1,26740,"Hutchinson, KS",0.3882,0.2843,1.37,,39693.0,31733.97157956284,1.25,"Opportunity Colleges and Universities – Higher Access, Higher Earnings"
155201,Independence Community College,Kansas,Mixed Associate Small,0,1,-2,Kansas -- Not in metropolitan statistical area,0.6121,0.5676,2.36,,32299.0,33320.26924176445,0.97,"Higher Access, Lower Earnings"
155210,Johnson County Community College,Kansas,Mixed Associate Large,0,1,28140,"Kansas City, MO-KS",0.2628,0.3266,1.22,,41938.0,41493.61391145114,1.01,"Higher Access, Medium Earnings"
155283,Concorde Career College-Kansas City,Missouri,Special Focus: Applied and Career Studies,0,1,28140,"Kansas City, MO-KS",0.5393,0.64,2.32,,35796.0,38611.81980266092,0.93,"Higher Access, Lower Earnings"
155292,Kansas City Kansas Community College,Kansas,Mixed Associate Medium,0,1,28140,"Kansas City, MO-KS",0.4545,0.5496,2.07,,36704.0,38367.63388063739,0.96,"Higher Access, Lower Earnings"
155308,Kansas Christian College,Kansas,Special Focus: Business,0,0,28140,"Kansas City, MO-KS",0.5798,0.6165,,,,,,Not Classified in SAEC
155317,University of Kansas,Kansas,Mixed Undergraduate/Graduate-Doctorate Large,0,0,29940,"Lawrence, KS",0.2026,0.2176,0.81,,57994.0,37807.936981429055,1.53,"Lower Access, Higher Earnings"
155335,Newman University,Kansas,Professions-focused Undergraduate/Graduate-Master's Small,0,0,48620,"Wichita, KS",0.3479,0.394,1.44,,50267.0,36973.66310700012,1.36,"Higher Access, Medium Earnings"
155399,Kansas State University,Kansas,Professions-focused Undergraduate/Graduate-Doctorate Large,0,0,31740,"Manhattan, KS",0.1973,0.1677,0.72,,52622.0,37433.03335522999,1.41,"Lower Access, Medium Earnings"
155414,Kansas Wesleyan University,Kansas,Professions-focused Baccalaureate Small,0,0,41460,"Salina, KS",0.4104,0.409,1.34,,51097.0,38084.0853667194,1.34,"Higher Access, Medium Earnings"
155450,Labette Community College,Kansas,Mixed Associate Small,0,1,-2,Kansas -- Not in metropolitan statistical area,0.4154,0.2287,1.44,,39029.0,33269.46834561313,1.17,"Higher Access, Medium Earnings"
155487,Manhattan Area Technical College,Kansas,Special Focus: Applied and Career Studies,0,1,31740,"Manhattan, KS",0.3385,0.2818,1.02,,48089.0,33781.88148868011,1.42,"Opportunity Colleges and Universities – Higher Access, Higher Earnings"
155496,Manhattan Christian College,Kansas,Special Focus: Theological Studies,0,0,31740,"Manhattan, KS",0.4887,0.0952,,,39839.0,,,Not Classified in SAEC
155511,McPherson College,Kansas,Professions-focused Baccalaureate Small,0,0,32700,"McPherson, KS",0.3374,0.4069,1.12,,42708.0,37778.88306722913,1.13,"Higher Access, Medium Earnings"
155520,MidAmerica Nazarene University,Kansas,Professions-focused Undergraduate/Graduate-Master's Small,0,0,28140,"Kansas City, MO-KS",0.3385,0.3063,1.17,,61746.0,36031.414205566136,1.71,"Opportunity Colleges and Universities – Higher Access, Higher Earnings"
155566,Neosho County Community College,Kansas,Mixed Associate Small,0,1,-2,Kansas -- Not in metropolitan statistical area,0.4165,0.257,1.51,,37972.0,33470.63952169463,1.13,"Higher Access, Medium Earnings"
155593,Fort Hays Tech North Central,Kansas,Special Focus: Applied and Career Studies,0,1,-2,Kansas -- Not in metropolitan statistical area,0.414,0.1174,1.18,,44954.0,33664.54103937825,1.34,"Opportunity Colleges and Universities – Higher Access, Higher Earnings"
155618,Fort Hays State University-Northwest Kansas Technical College,Kansas,Special Focus: Applied and Career Studies,0,1,-2,Kansas -- Not in metropolitan statistical area,0.4816,0.4492,1.76,,38309.0,34907.31515850091,1.1,"Higher Access, Medium Earnings"
155627,Ottawa University-Ottawa,Kansas,Professions-focused Baccalaureate Small,0,0,36840,"Ottawa, KS",0.3529,0.4141,1.27,,53089.0,34882.893849031694,1.52,"Opportunity Colleges and Universities – Higher Access, Higher Earnings"
155636,Ottawa University-Kansas City,Kansas,Professions-focused Undergraduate/Graduate-Master's Small,0,0,28140,"Kansas City, MO-KS",0.4618,0.2807,,,53089.0,,,Not Classified in SAEC
155681,Pittsburg State University,Kansas,Professions-focused Undergraduate/Graduate-Master's Large/Medium,1,0,38260,"Pittsburg, KS",0.343,0.1938,1.05,,47079.0,30487.790511525483,1.54,"Opportunity Colleges and Universities – Higher Access, Higher Earnings"
155715,Pratt Community College,Kansas,Mixed Associate Small,0,1,-2,Kansas -- Not in metropolitan statistical area,0.3742,0.2799,1.47,,46820.0,33108.79417726182,1.41,"Opportunity Colleges and Universities – Higher Access, Higher Earnings"
155812,University of Saint Mary,Kansas,Professions-focused Undergraduate/Graduate-Doctorate Small,0,0,28140,"Kansas City, MO-KS",0.4173,0.438,1.45,,55149.0,35686.75173450961,1.55,"Opportunity Colleges and Universities – Higher Access, Higher Earnings"
155830,Salina Area Technical College,Kansas,Professions-focused Associate Small,0,1,41460,"Salina, KS",0.4296,0.2263,1.47,,39994.0,32595.388221153844,1.23,"Higher Access, Medium Earnings"
155858,Seward County Community College,Kansas,Mixed Associate Small,0,1,30580,"Liberal, KS",0.3487,0.7191,1.1,,39330.0,34662.584277282636,1.13,"Higher Access, Medium Earnings"
155900,Southwestern College,Kansas,Professions-focused Baccalaureate Small,0,0,11680,"Arkansas City-Winfield, KS",0.401,0.4377,1.29,,50968.0,35138.02388192614,1.45,"Higher Access, Medium Earnings"
155937,Sterling College,Kansas,Professions-focused Baccalaureate Small,0,0,-2,Kansas -- Not in metropolitan statistical area,0.377,0.4055,1.23,,42526.0,37963.55891274869,1.12,"Higher Access, Medium Earnings"
155973,Tabor College,Kansas,Professions-focused Baccalaureate Small,0,0,-2,Kansas -- Not in metropolitan statistical area,0.4146,0.387,1.28,,52717.0,37649.06464443828,1.4,"Higher Access, Medium Earnings"
156082,Washburn University,Kansas,Professions-focused Undergraduate/Graduate-Doctorate Medium,1,0,45820,"Topeka, KS",0.3719,0.3127,1.41,,45837.0,35658.079028981905,1.29,"Higher Access, Medium Earnings"
156107,Wichita State University-Campus of Applied Sciences and Technology,Kansas,Special Focus: Applied and Career Studies,0,1,48620,"Wichita, KS",0.4382,0.4488,1.71,,38499.0,32410.96018081279,1.19,"Higher Access, Medium Earnings"
156125,Wichita State University,Kansas,Professions-focused Undergraduate/Graduate-Doctorate Medium,1,0,48620,"Wichita, KS",0.3475,0.3049,1.14,,47823.0,34695.497876866626,1.38,"Higher Access, Medium Earnings"
156189,Alice Lloyd College,Kentucky,Special Focus: Arts and Sciences,0,0,-2,Kentucky -- Not in metropolitan statistical area,0.5835,0.0788,1.05,,40372.0,34067.26226107701,1.19,"Higher Access, Medium Earnings"
156213,Asbury University,Kentucky,Professions-focused Baccalaureate Small,0,0,30460,"Lexington-Fayette, KY",0.2959,0.1601,0.82,,40185.0,35373.35009741182,1.14,"Lower Access, Medium Earnings"
156222,Asbury Theological Seminary,Kentucky,Special Focus: Theological Studies,0,0,30460,"Lexington-Fayette, KY",0.0,,,,,,,Not Classified in SAEC
156231,Ashland Community and Technical College,Kentucky,Mixed Associate Small,0,1,26580,"Huntington-Ashland, WV-KY-OH",0.6685,0.062,1.37,,30351.0,26924.845305133633,1.13,"Higher Access, Medium Earnings"
156286,Bellarmine University,Kentucky,Professions-focused Undergraduate/Graduate-Doctorate Small,0,0,31140,"Louisville/Jefferson County, KY-IN",0.2577,0.2158,1.01,,55131.0,34128.24139933936,1.62,"Opportunity Colleges and Universities – Higher Access, Higher Earnings"
156295,Berea College,Kentucky,Special Focus: Arts and Sciences,0,0,40080,"Richmond-Berea, KY",0.8221,0.4735,2.24,,39459.0,34045.30389975586,1.16,"Higher Access, Medium Earnings"
156338,Southcentral Kentucky Community and Technical College,Kentucky,Mixed Associate Medium,0,1,14540,"Bowling Green, KY",0.538,0.2298,1.65,,31722.0,30026.426978800966,1.06,"Higher Access, Medium Earnings"
156356,Brescia University,Kentucky,Professions-focused Baccalaureate Small,0,0,36980,"Owensboro, KY",0.4428,0.2183,1.26,,40820.0,32115.046687913127,1.27,"Higher Access, Medium Earnings"
156365,Campbellsville University,Kentucky,Professions-focused Undergraduate/Graduate-Master's Large/Medium,0,0,15820,"Campbellsville, KY",0.5042,0.2282,1.42,,37695.0,32778.098881481324,1.15,"Higher Access, Medium Earnings"
156392,Bluegrass Community and Technical College,Kentucky,Mixed Associate Medium,0,1,30460,"Lexington-Fayette, KY",0.4851,0.2886,1.59,,33814.0,34093.40294039326,0.99,"Higher Access, Lower Earnings"
156408,Centre College,Kentucky,Special Focus: Arts and Sciences,0,0,19220,"Danville, KY",0.2138,0.1824,0.77,,59224.0,35265.08021624423,1.68,"Lower Access, Higher Earnings"
156417,Clear Creek Baptist Bible College,Kentucky,Special Focus: Theological Studies,0,0,33180,"Middlesborough, KY",0.4504,0.0924,,,34447.0,,,Not Classified in SAEC
156471,Galen College of Nursing-Louisville,Kentucky,Special Focus: Nursing,0,0,31140,"Louisville/Jefferson County, KY-IN",0.2591,0.3495,1.6,,60671.0,31638.0616636528,1.92,"Opportunity Colleges and Universities – Higher Access, Higher Earnings"
156541,University of the Cumberlands,Kentucky,Professions-focused Undergraduate/Graduate-Doctorate Large,0,0,18340,"Corbin, KY",0.5437,0.0729,0.96,,41133.0,34028.06206708322,1.21,"Lower Access, Medium Earnings"
156620,Eastern Kentucky University,Kentucky,Professions-focused Undergraduate/Graduate-Master's Large/Medium,1,0,40080,"Richmond-Berea, KY",0.4155,0.1724,1.33,,43614.0,28407.41347695715,1.54,"Opportunity Colleges and Universities – Higher Access, Higher Earnings"
156648,Elizabethtown Community and Technical College,Kentucky,Mixed Associate Medium,0,1,21060,"Elizabethtown, KY",0.5447,0.198,1.38,,34181.0,33213.041451534424,1.03,"Higher Access, Medium Earnings"
156727,Frontier Nursing University,Kentucky,Special Focus: Nursing,0,0,30460,"Lexington-Fayette, KY",0.0,,,,,,,Not Classified in SAEC
156745,Georgetown College,Kentucky,Mixed Undergraduate/Graduate-Master's Small,0,0,30460,"Lexington-Fayette, KY",0.3522,0.2027,1.15,,44678.0,33352.23250705623,1.34,"Higher Access, Medium Earnings"
156790,Hazard Community and Technical College,Kentucky,Mixed Associate Small,0,1,-2,Kentucky -- Not in metropolitan statistical area,0.6867,0.0439,1.18,,29160.0,26689.952621896147,1.09,"Higher Access, Medium Earnings"
156851,Henderson Community College,Kentucky,Mixed Associate Small,0,1,25775,"Henderson, KY",0.5776,0.2398,2.82,,35090.0,27408.284078252018,1.28,"Opportunity Colleges and Universities – Higher Access, Higher Earnings"
156860,Hopkinsville Community College,Kentucky,Mixed Associate Small,0,1,17300,"Clarksville, TN-KY",0.5858,0.4346,1.5,,35599.0,32369.726211296635,1.1,"Higher Access, Medium Earnings"
156921,Jefferson Community and Technical College,Kentucky,Mixed Associate Medium,0,1,31140,"Louisville/Jefferson County, KY-IN",0.5009,0.4287,1.84,,35031.0,36613.92841618431,0.96,"Higher Access, Lower Earnings"
157021,American National University-Pikeville,Kentucky,Special Focus: Nursing,0,1,38210,"Pikeville, KY",0.8333,0.3574,2.02,,24935.0,27467.509102689342,0.91,"Higher Access, Lower Earnings"
157030,Kentucky Mountain Bible College,Kentucky,Special Focus: Theological Studies,0,0,-2,Kentucky -- Not in metropolitan statistical area,0.589,0.1,,,29597.0,,,Not Classified in SAEC
157058,Kentucky State University,Kentucky,Professions-focused Baccalaureate Small,1,0,23180,"Frankfort, KY",0.6776,0.9068,3.24,,33985.0,29842.429391718368,1.14,"Higher Access, Medium Earnings"
157076,Kentucky Wesleyan College,Kentucky,Mixed Baccalaureate,0,0,36980,"Owensboro, KY",0.4311,0.2203,1.21,,43584.0,32950.35248493599,1.32,"Higher Access, Medium Earnings"
157085,University of Kentucky,Kentucky,Professions-focused Undergraduate/Graduate-Doctorate Large,0,0,30460,"Lexington-Fayette, KY",0.2209,0.1809,0.79,,53326.0,34070.84318042391,1.57,"Lower Access, Higher Earnings"
157100,Kentucky Christian University,Kentucky,Professions-focused Baccalaureate Small,0,0,26580,"Huntington-Ashland, WV-KY-OH",0.4795,0.3569,1.43,,43722.0,34809.62445882935,1.26,"Higher Access, Medium Earnings"
157207,Lexington Theological Seminary,Kentucky,Special Focus: Theological Studies,0,0,30460,"Lexington-Fayette, KY",0.0,,,,,,,Not Classified in SAEC
157216,Lindsey Wilson College,Kentucky,Professions-focused Undergraduate/Graduate-Master's Small,0,0,-2,Kentucky -- Not in metropolitan statistical area,0.4988,0.185,1.27,,39265.0,32009.41795858532,1.23,"Higher Access, Medium Earnings"
157289,University of Louisville,Kentucky,Mixed Undergraduate/Graduate-Doctorate Large,0,0,31140,"Louisville/Jefferson County, KY-IN",0.3315,0.2984,1.35,,51032.0,32743.868069120712,1.56,"Opportunity Colleges and Universities – Higher Access, Higher Earnings"
157298,Louisville Presbyterian Theological Seminary,Kentucky,Special Focus: Theological Studies,0,0,31140,"Louisville/Jefferson County, KY-IN",0.0,,,,,,,Not Classified in SAEC
157304,Madisonville Community College,Kentucky,Professions-focused Associate Large/Medium,0,1,31580,"Madisonville, KY",0.5536,0.1638,1.44,,33568.0,29554.889334539945,1.14,"Higher Access, Medium Earnings"
157331,Maysville Community and Technical College,Kentucky,Mixed Associate Medium,0,1,-2,Kentucky -- Not in metropolitan statistical area,0.705,0.1009,1.69,,29493.0,27465.321696136918,1.07,"Higher Access, Medium Earnings"
157377,Midway University,Kentucky,Professions-focused Undergraduate/Graduate-Master's Small,0,0,30460,"Lexington-Fayette, KY",0.4676,0.2313,1.26,,40172.0,32921.86541005293,1.22,"Higher Access, Medium Earnings"
157386,Morehead State University,Kentucky,Professions-focused Undergraduate/Graduate-Master's Large/Medium,1,0,-2,Kentucky -- Not in metropolitan statistical area,0.4833,0.1024,1.2,,40571.0,28392.607292302342,1.43,"Higher Access, Medium Earnings"
157401,Murray State University,Kentucky,Professions-focused Undergraduate/Graduate-Doctorate Medium,1,0,34660,"Murray, KY",0.3611,0.1342,0.87,,41104.0,31895.490216132734,1.29,"Lower Access, Medium Earnings"
157438,Gateway Community and Technical College,Kentucky,Mixed Associate Medium,0,1,17140,"Cincinnati, OH-KY-IN",0.4767,0.2201,1.54,,34533.0,39261.09415671478,0.88,"Higher Access, Lower Earnings"
157447,Northern Kentucky University,Kentucky,Professions-focused Undergraduate/Graduate-Doctorate Medium,1,0,17140,"Cincinnati, OH-KY-IN",0.2924,0.1654,0.99,,46837.0,38923.68989928773,1.2,"Lower Access, Medium Earnings"
157483,West Kentucky Community and Technical College,Kentucky,Mixed Associate Medium,0,1,37140,"Paducah, KY-IL",0.5841,0.1902,1.46,,31446.0,29103.771386191485,1.08,"Higher Access, Medium Earnings"
157535,University of Pikeville,Kentucky,Professions-focused Undergraduate/Graduate-Doctorate Small,0,0,38210,"Pikeville, KY",0.5338,0.1532,1.17,,39752.0,33401.43314442328,1.19,"Higher Access, Medium Earnings"
157553,Big Sandy Community and Technical College,Kentucky,Mixed Associate Small,0,1,38210,"Pikeville, KY",0.6925,0.0369,1.12,,29277.0,26942.504455132206,1.09,"Higher Access, Medium Earnings"
157711,Somerset Community College,Kentucky,Mixed Associate Medium,0,1,43700,"Somerset, KY",0.6815,0.0678,1.51,,29403.0,28024.936124192714,1.05,"Higher Access, Medium Earnings"
157739,Southeast Kentucky Community & Technical College,Kentucky,Mixed Associate Small,0,1,-2,Kentucky -- Not in metropolitan statistical area,0.7028,0.0578,1.24,,29523.0,27903.986215787063,1.06,"Higher Access, Medium Earnings"
157748,The Southern Baptist Theological Seminary,Kentucky,Special Focus: Theological Studies,0,0,31140,"Louisville/Jefferson County, KY-IN",0.0,0.0263,,,,,,Not Classified in SAEC
157757,Spalding University,Kentucky,Special Focus: Other Health Professions,0,0,31140,"Louisville/Jefferson County, KY-IN",0.4299,0.35,1.62,,48021.0,31114.821005902882,1.54,"Opportunity Colleges and Universities – Higher Access, Higher Earnings"
157793,Sullivan University,Kentucky,Professions-focused Undergraduate/Graduate-Doctorate Small,0,0,31140,"Louisville/Jefferson County, KY-IN",0.1145,0.3954,1.3,,35849.0,32251.8210627107,1.11,"Higher Access, Medium Earnings"
157809,Thomas More University,Kentucky,Professions-focused Baccalaureate Small,0,0,17140,"Cincinnati, OH-KY-IN",0.2894,0.1679,0.94,,55624.0,34240.55720311957,1.62,"Lower Access, Higher Earnings"
157818,Transylvania University,Kentucky,Special Focus: Arts and Sciences,0,0,30460,"Lexington-Fayette, KY",0.2413,0.1702,0.86,,48944.0,33588.1344944909,1.46,"Lower Access, Medium Earnings"
157863,Union Commonwealth University,Kentucky,Professions-focused Undergraduate/Graduate-Master's Small,0,0,18340,"Corbin, KY",0.5062,0.2938,1.51,,40549.0,33440.08300442394,1.21,"Higher Access, Medium Earnings"
157951,Western Kentucky University,Kentucky,Professions-focused Undergraduate/Graduate-Master's Large/Medium,1,0,14540,"Bowling Green, KY",0.3413,0.1956,1.09,,40920.0,31156.516556614257,1.31,"Higher Access, Medium Earnings"
158088,Central Louisiana Technical Community College,Louisiana,Professions-focused Associate Small,0,1,10780,"Alexandria, LA",0.5657,0.4717,1.4,,29545.0,29774.4793814433,0.99,"Higher Access, Lower Earnings"
158431,Bossier Parish Community College,Louisiana,Professions-focused Associate Large/Medium,0,1,43340,"Shreveport-Bossier City, LA",0.559,0.5607,1.3,,31324.0,29202.744420851912,1.07,"Higher Access, Medium Earnings"
158477,Centenary College of Louisiana,Louisiana,Special Focus: Arts and Sciences,0,0,43340,"Shreveport-Bossier City, LA",0.3891,0.3581,0.95,,46597.0,35080.83192201697,1.33,"Lower Access, Medium Earnings"
158662,Delgado Community College,Louisiana,Professions-focused Associate Large/Medium,0,1,35380,"New Orleans-Metairie, LA",0.6696,0.659,1.66,,29963.0,30708.26052666746,0.98,"Higher Access, Lower Earnings"
158802,Dillard University,Louisiana,Special Focus: Arts and Sciences,0,0,35380,"New Orleans-Metairie, LA",0.6792,0.994,2.21,,34724.0,25136.453437388776,1.38,"Higher Access, Medium Earnings"
158884,Nunez Community College,Louisiana,Professions-focused Associate Small,0,1,35380,"New Orleans-Metairie, LA",0.7256,0.6698,1.74,,32625.0,32911.788192457505,0.99,"Higher Access, Lower Earnings"
159009,Grambling State University,Louisiana,Special Focus: Arts and Sciences,1,0,40820,"Ruston, LA",0.7217,0.9936,2.03,,29689.0,25493.51951395179,1.16,"Higher Access, Medium Earnings"
159197,ITI Technical College,Louisiana,Special Focus: Applied and Career Studies,0,1,12940,"Baton Rouge, LA",0.596,0.5013,1.57,,65501.0,34295.82311512517,1.91,"Opportunity Colleges and Universities – Higher Access, Higher Earnings"
159373,Louisiana State University Health Sciences Center-New Orleans,Louisiana,Special Focus: Medical Schools and Centers,0,0,35380,"New Orleans-Metairie, LA",0.2193,0.3159,,,75116.0,,,Not Classified in SAEC
159382,Louisiana State University-Alexandria,Louisiana,Special Focus: Arts and Sciences,1,0,10780,"Alexandria, LA",0.4225,0.3144,0.99,,39039.0,32942.822665382664,1.19,"Lower Access, Medium Earnings"
159391,Louisiana State University and Agricultural & Mechanical College,Louisiana,Mixed Undergraduate/Graduate-Doctorate Large,0,0,12940,"Baton Rouge, LA",0.2862,0.3128,0.8,,54621.0,34732.75473077148,1.57,"Lower Access, Higher Earnings"
159407,Louisiana State University-Eunice,Louisiana,Professions-focused Associate Small,0,1,29180,"Lafayette, LA",0.4653,0.333,1.17,,35569.0,31752.57119696011,1.12,"Higher Access, Medium Earnings"
159416,Louisiana State University-Shreveport,Louisiana,Mixed Undergraduate/Graduate-Master's Large/Medium,1,0,43340,"Shreveport-Bossier City, LA",0.4361,0.3577,0.92,,43811.0,30998.69415784143,1.41,"Lower Access, Medium Earnings"
159568,Louisiana Christian University,Louisiana,Professions-focused Undergraduate/Graduate-Master's Small,0,0,10780,"Alexandria, LA",0.442,0.3719,1.06,,42939.0,33465.67141971575,1.28,"Higher Access, Medium Earnings"
159647,Louisiana Tech University,Louisiana,Professions-focused Undergraduate/Graduate-Master's Large/Medium,1,0,40820,"Ruston, LA",0.2733,0.2065,0.52,,48864.0,33001.50473087491,1.48,"Lower Access, Medium Earnings"
159656,Loyola University New Orleans,Louisiana,Mixed Undergraduate/Graduate-Doctorate Medium,0,0,35380,"New Orleans-Metairie, LA",0.3873,0.4954,1.22,,44225.0,34470.49614343938,1.28,"Higher Access, Medium Earnings"
159717,McNeese State University,Louisiana,Mixed Baccalaureate,1,0,29340,"Lake Charles, LA",0.3587,0.2818,0.95,,41254.0,32575.059405851604,1.27,"Lower Access, Medium Earnings"
159939,University of New Orleans,Louisiana,Mixed Undergraduate/Graduate-Doctorate Medium,1,0,35380,"New Orleans-Metairie, LA",0.4765,0.4511,1.17,,43309.0,34804.09328664814,1.24,"Higher Access, Medium Earnings"
159948,New Orleans Baptist Theological Seminary,Louisiana,Special Focus: Theological Studies,0,0,35380,"New Orleans-Metairie, LA",0.0,0.3552,,,,,,Not Classified in SAEC
159966,Nicholls State University,Louisiana,Professions-focused Baccalaureate Medium,1,0,26380,"Houma-Bayou Cane-Thibodaux, LA",0.3854,0.3026,1.14,,42544.0,34011.20923133045,1.25,"Higher Access, Medium Earnings"
159993,University of Louisiana at Monroe,Louisiana,Professions-focused Undergraduate/Graduate-Doctorate Medium,1,0,33740,"Monroe, LA",0.4347,0.3291,0.93,,42240.0,28787.357194260818,1.47,"Lower Access, Medium Earnings"
160010,Northwest Louisiana Technical Community College,Louisiana,Special Focus: Applied and Career Studies,0,1,33380,"Minden, LA",0.6119,0.5379,1.31,,32033.0,28806.084713465505,1.11,"Higher Access, Medium Earnings"
160038,Northwestern State University of Louisiana,Louisiana,Professions-focused Undergraduate/Graduate-Master's Large/Medium,1,0,35060,"Natchitoches, LA",0.4655,0.4429,0.96,,43941.0,31382.92082404249,1.4,"Lower Access, Medium Earnings"
160065,University of Holy Cross,Louisiana,Special Focus: Other Health Professions,0,0,35380,"New Orleans-Metairie, LA",0.5023,0.4889,1.29,,47498.0,30871.23556701031,1.54,"Opportunity Colleges and Universities – Higher Access, Higher Earnings"
160074,Franciscan Missionaries of Our Lady University,Louisiana,Special Focus: Nursing,0,0,12940,"Baton Rouge, LA",0.374,0.3229,0.91,,57016.0,31369.328566987875,1.82,"Lower Access, Higher Earnings"
160409,Saint Joseph Seminary College,Louisiana,Special Focus: Theological Studies,0,0,43640,"Slidell-Mandeville-Covington, LA",0.0755,0.3133,,,,,,Not Classified in SAEC
160481,Fletcher Technical Community College,Louisiana,Professions-focused Associate Small,0,1,26380,"Houma-Bayou Cane-Thibodaux, LA",0.6588,0.44,1.82,,30468.0,32481.266347285986,0.94,"Higher Access, Lower Earnings"
160524,Remington College-Lafayette Campus,Louisiana,Special Focus: Applied and Career Studies,0,1,29180,"Lafayette, LA",0.9667,0.7627,2.58,,28019.0,27501.81552459611,1.02,"Higher Access, Medium Earnings"
160579,SOWELA Technical Community College,Louisiana,Special Focus: Applied and Career Studies,0,1,29340,"Lake Charles, LA",0.4887,0.3569,1.27,,32061.0,30805.001001729215,1.04,"Higher Access, Medium Earnings"
160612,Southeastern Louisiana University,Louisiana,Professions-focused Undergraduate/Graduate-Master's Large/Medium,1,0,25220,"Hammond, LA",0.4286,0.3223,1.05,,42305.0,29965.61998274775,1.41,"Higher Access, Medium Earnings"
160621,Southern University and A & M College,Louisiana,Mixed Undergraduate/Graduate-Doctorate Medium,1,0,12940,"Baton Rouge, LA",0.7027,0.9899,2.36,,38628.0,27524.174554432557,1.4,"Higher Access, Medium Earnings"
160630,Southern University at New Orleans,Louisiana,Professions-focused Undergraduate/Graduate-Master's Small,1,0,35380,"New Orleans-Metairie, LA",0.6547,0.9795,2.04,,33646.0,24692.230679795135,1.36,"Higher Access, Medium Earnings"
160649,Southern University at Shreveport,Louisiana,Professions-focused Associate Large/Medium,0,1,43340,"Shreveport-Bossier City, LA",0.7605,0.9349,1.98,,29048.0,24149.602048434524,1.2,"Higher Access, Medium Earnings"
160658,University of Louisiana at Lafayette,Louisiana,Mixed Undergraduate/Graduate-Master's Large/Medium,1,0,29180,"Lafayette, LA",0.4208,0.3657,1.18,,44392.0,32555.472236738973,1.36,"Higher Access, Medium Earnings"
160667,Northshore Technical Community College,Louisiana,Professions-focused Associate Large/Medium,0,1,43640,"Slidell-Mandeville-Covington, LA",0.607,0.4566,1.57,,29088.0,23031.03666893901,1.26,"Opportunity Colleges and Universities – Higher Access, Higher Earnings"
160755,Tulane University of Louisiana,Louisiana,Mixed Undergraduate/Graduate-Doctorate Medium,0,0,35380,"New Orleans-Metairie, LA",0.096,0.2309,0.47,,56725.0,38355.42499139077,1.48,"Lower Access, Medium Earnings"
160904,Xavier University of Louisiana,Louisiana,Mixed Undergraduate/Graduate-Doctorate Small,0,0,35380,"New Orleans-Metairie, LA",0.5204,0.962,2.1,,48490.0,27042.822086260872,1.79,"Opportunity Colleges and Universities – Higher Access, Higher Earnings"
160959,College of the Atlantic,Maine,Special Focus: Arts and Sciences,0,0,-2,Maine -- Not in metropolitan statistical area,0.2653,0.1347,0.69,,34650.0,40238.246268212904,0.86,"Lower Access, Lower Earnings"
160977,Bates College,Maine,Special Focus: Arts and Sciences,0,0,30340,"Lewiston-Auburn, ME",0.1022,0.2365,0.58,,69879.0,41484.43429212345,1.68,"Lower Access, Higher Earnings"
160995,Beal University,Maine,Special Focus: Nursing,0,1,12620,"Bangor, ME",0.648,0.1457,2.2,,33454.0,32758.504672897197,1.02,"Higher Access, Medium Earnings"
161004,Bowdoin College,Maine,Special Focus: Arts and Sciences,0,0,38860,"Portland-South Portland, ME",0.1619,0.3016,0.73,,79520.0,40753.89934422605,1.95,"Lower Access, Higher Earnings"
161022,Maine College of Health Professions,Maine,Special Focus: Nursing,0,1,30340,"Lewiston-Auburn, ME",0.5148,0.1254,1.82,,49857.0,38360.041474654376,1.3,"Opportunity Colleges and Universities – Higher Access, Higher Earnings"
161077,Central Maine Community College,Maine,Professions-focused Associate Small,0,1,30340,"Lewiston-Auburn, ME",0.508,0.178,2.04,,39911.0,36452.90855007442,1.09,"Higher Access, Medium Earnings"
161086,Colby College,Maine,Special Focus: Arts and Sciences,0,0,12300,"Augusta-Waterville, ME",0.1318,0.2303,0.63,,68015.0,40269.09966453498,1.69,"Lower Access, Higher Earnings"
161138,Eastern Maine Community College,Maine,Professions-focused Associate Small,0,1,12620,"Bangor, ME",0.4503,0.0921,1.49,,37661.0,33130.327888292166,1.14,"Higher Access, Medium Earnings"
161192,Kennebec Valley Community College,Maine,Professions-focused Associate Small,0,1,-2,Maine -- Not in metropolitan statistical area,0.5004,0.0772,1.39,,45906.0,32834.53602594067,1.4,"Opportunity Colleges and Universities – Higher Access, Higher Earnings"
161208,The Landing School,Maine,Special Focus: Applied and Career Studies,0,1,38860,"Portland-South Portland, ME",0.2,0.0889,0.6,,49209.0,42124.29510489514,1.17,"Lower Access, Medium Earnings"
161217,University of Maine at Augusta,Maine,Professions-focused Baccalaureate Medium,1,0,12300,"Augusta-Waterville, ME",0.4883,0.1442,1.73,,38850.0,33750.481507035445,1.15,"Higher Access, Medium Earnings"
161226,University of Maine at Farmington,Maine,Mixed Baccalaureate,1,0,-2,Maine -- Not in metropolitan statistical area,0.415,0.0983,1.11,,37423.0,34946.92184518209,1.07,"Higher Access, Medium Earnings"
161235,University of Maine at Fort Kent,Maine,Special Focus: Nursing,1,0,-2,Maine -- Not in metropolitan statistical area,0.2546,0.1823,1.13,,55899.0,32912.86137206282,1.7,"Opportunity Colleges and Universities – Higher Access, Higher Earnings"
161253,University of Maine,Maine,Mixed Undergraduate/Graduate-Master's Large/Medium,0,0,12620,"Bangor, ME",0.2487,0.1211,0.85,,47778.0,37804.0287812031,1.26,"Lower Access, Medium Earnings"
161299,Maine Maritime Academy,Maine,Professions-focused Baccalaureate Small,1,0,-2,Maine -- Not in metropolitan statistical area,0.2483,0.1013,0.68,,84472.0,35880.77350002351,2.35,"Lower Access, Higher Earnings"
161341,University of Maine at Presque Isle,Maine,Professions-focused Baccalaureate Small,1,0,-2,Maine -- Not in metropolitan statistical area,0.4248,0.2345,1.7,,37342.0,32680.052032590036,1.14,"Higher Access, Medium Earnings"
161457,University of New England,Maine,Professions-focused Undergraduate/Graduate-Doctorate Medium,0,0,38860,"Portland-South Portland, ME",0.1945,0.0845,0.6,,59059.0,39404.095152261754,1.5,"Lower Access, Higher Earnings"
161484,Northern Maine Community College,Maine,Professions-focused Associate Small,0,1,-2,Maine -- Not in metropolitan statistical area,0.5795,0.0865,1.5,,36022.0,32447.716414976312,1.11,"Higher Access, Medium Earnings"
161509,Maine College of Art & Design,Maine,"Special Focus: Arts, Music, and Design",0,0,38860,"Portland-South Portland, ME",0.2658,0.1488,0.84,,32039.0,39329.541066630394,0.81,"Lower Access, Lower Earnings"
161518,Saint Joseph's College of Maine,Maine,Professions-focused Undergraduate/Graduate-Master's Small,0,0,38860,"Portland-South Portland, ME",0.2133,0.1432,0.94,,62545.0,37627.88324417017,1.66,"Lower Access, Higher Earnings"
161545,Southern Maine Community College,Maine,Professions-focused Associate Large/Medium,0,1,38860,"Portland-South Portland, ME",0.3256,0.2121,2.05,,38965.0,40815.40864726023,0.95,"Higher Access, Lower Earnings"
161554,University of Southern Maine,Maine,Professions-focused Undergraduate/Graduate-Doctorate Medium,1,0,38860,"Portland-South Portland, ME",0.3415,0.1725,1.6,,47454.0,40428.78235047347,1.17,"Higher Access, Medium Earnings"
161563,Thomas College,Maine,Professions-focused Undergraduate/Graduate-Master's Small,0,0,12300,"Augusta-Waterville, ME",0.37,0.1156,1.33,,37492.0,37844.70214909607,0.99,"Higher Access, Lower Earnings"
161572,Unity Environmental University,Maine,Professions-focused Undergraduate/Graduate-Master's Large/Medium,0,0,38860,"Portland-South Portland, ME",0.5955,0.25,1.36,,36959.0,42875.29147948483,0.86,"Higher Access, Lower Earnings"
161581,Washington County Community College,Maine,Professions-focused Associate Small,0,1,-2,Maine -- Not in metropolitan statistical area,0.7802,0.165,2.47,,30398.0,31273.717325615256,0.97,"Higher Access, Lower Earnings"
161688,Allegany College of Maryland,Maryland,Professions-focused Associate Small,0,1,19060,"Cumberland, MD-WV",0.4427,0.2501,1.62,,35489.0,35799.668066478094,0.99,"Higher Access, Lower Earnings"
161767,Anne Arundel Community College,Maryland,Professions-focused Associate Large/Medium,0,1,12580,"Baltimore-Columbia-Towson, MD",0.2409,0.412,1.09,,42840.0,46958.979079558914,0.91,"Higher Access, Lower Earnings"
161864,Baltimore City Community College,Maryland,Professions-focused Associate Large/Medium,0,1,12580,"Baltimore-Columbia-Towson, MD",0.4784,0.9443,2.34,,32588.0,36630.11565207785,0.89,"Higher Access, Lower Earnings"
161873,University of Baltimore,Maryland,Professions-focused Undergraduate/Graduate-Doctorate Medium,1,0,12580,"Baltimore-Columbia-Towson, MD",0.4375,0.6677,1.86,,55807.0,41812.25217833285,1.33,"Higher Access, Medium Earnings"
162007,Bowie State University,Maryland,Professions-focused Undergraduate/Graduate-Master's Large/Medium,1,0,47900,"Washington-Arlington-Alexandria, DC-VA-MD-WV",0.4464,0.9574,2.19,,50034.0,39890.775644226036,1.25,"Higher Access, Medium Earnings"
162061,Capitol Technology University,Maryland,Professions-focused Undergraduate/Graduate-Doctorate Small,0,0,47900,"Washington-Arlington-Alexandria, DC-VA-MD-WV",0.3596,0.4808,1.36,,83027.0,43381.05377008653,1.91,"Opportunity Colleges and Universities – Higher Access, Higher Earnings"
162104,Cecil College,Maryland,Professions-focused Associate Small,0,1,37980,"Philadelphia-Camden-Wilmington, PA-NJ-DE-MD",0.3445,0.2459,1.04,,42455.0,45327.05677230239,0.94,"Higher Access, Lower Earnings"
162122,College of Southern Maryland,Maryland,Mixed Associate Medium,0,1,47900,"Washington-Arlington-Alexandria, DC-VA-MD-WV",0.275,0.4866,1.3,,40875.0,56358.91642805954,0.73,"Higher Access, Lower Earnings"
162168,Chesapeake College,Maryland,Professions-focused Associate Small,0,1,12580,"Baltimore-Columbia-Towson, MD",0.3739,0.2863,1.21,,35105.0,49191.469207455055,0.71,"Higher Access, Lower Earnings"
162210,Washington Adventist University,Maryland,Professions-focused Baccalaureate Small,0,0,47900,"Washington-Arlington-Alexandria, DC-VA-MD-WV",0.5371,0.9091,2.24,,50919.0,33833.168698207,1.51,"Opportunity Colleges and Universities – Higher Access, Higher Earnings"
162283,Coppin State University,Maryland,Professions-focused Baccalaureate Small,1,0,12580,"Baltimore-Columbia-Towson, MD",0.5457,0.98,2.52,,41640.0,34192.719242040344,1.22,"Higher Access, Medium Earnings"
162557,Frederick Community College,Maryland,Professions-focused Associate Large/Medium,0,1,47900,"Washington-Arlington-Alexandria, DC-VA-MD-WV",0.2627,0.4237,1.19,,41355.0,59214.76924271244,0.7,"Higher Access, Lower Earnings"
162584,Frostburg State University,Maryland,Mixed Undergraduate/Graduate-Master's Large/Medium,1,0,19060,"Cumberland, MD-WV",0.3729,0.4049,2.37,,50909.0,32063.942542806933,1.59,"Opportunity Colleges and Universities – Higher Access, Higher Earnings"
162609,Garrett College,Maryland,Professions-focused Associate Small,0,1,-2,Maryland -- Not in metropolitan statistical area,0.4796,0.2162,1.28,,34304.0,41723.08749227955,0.82,"Higher Access, Lower Earnings"
162654,Goucher College,Maryland,Mixed Undergraduate/Graduate-Master's Small,0,0,12580,"Baltimore-Columbia-Towson, MD",0.3187,0.3701,1.1,,45943.0,40881.71002670318,1.12,"Higher Access, Medium Earnings"
162690,Hagerstown Community College,Maryland,Professions-focused Associate Large/Medium,0,1,25180,"Hagerstown-Martinsburg, MD-WV",0.3907,0.3207,1.56,,39468.0,36847.43860355646,1.07,"Higher Access, Medium Earnings"
162706,Harford Community College,Maryland,Professions-focused Associate Large/Medium,0,1,12580,"Baltimore-Columbia-Towson, MD",0.2794,0.3305,1.06,,42096.0,49065.288393157934,0.86,"Higher Access, Lower Earnings"
162760,Hood College,Maryland,Mixed Undergraduate/Graduate-Master's Small,0,0,47900,"Washington-Arlington-Alexandria, DC-VA-MD-WV",0.3689,0.378,1.25,,52669.0,44556.59874838777,1.18,"Higher Access, Medium Earnings"
162779,Howard Community College,Maryland,Mixed Associate Medium,0,1,12580,"Baltimore-Columbia-Towson, MD",0.3328,0.5741,1.51,,43783.0,45540.37946775993,0.96,"Higher Access, Lower Earnings"
162928,Johns Hopkins University,Maryland,Mixed Undergraduate/Graduate-Doctorate Large,0,0,12580,"Baltimore-Columbia-Towson, MD",0.2116,0.4362,0.95,,94324.0,41893.352723040676,2.25,"Lower Access, Higher Earnings"
163028,Lincoln College of Technology-Columbia,Maryland,Special Focus: Applied and Career Studies,0,1,12580,"Baltimore-Columbia-Towson, MD",0.5253,0.7925,2.21,,39262.0,40585.64671157124,0.97,"Higher Access, Lower Earnings"
163046,Loyola University Maryland,Maryland,Mixed Undergraduate/Graduate-Master's Large/Medium,0,0,12580,"Baltimore-Columbia-Towson, MD",0.178,0.2921,0.72,,75881.0,44125.04741663541,1.72,"Lower Access, Higher Earnings"
163204,University of Maryland Global Campus,Maryland,Mixed Undergraduate/Graduate-Doctorate Large,0,0,47900,"Washington-Arlington-Alexandria, DC-VA-MD-WV",0.298,0.5625,1.26,,60167.0,39919.34385942967,1.51,"Opportunity Colleges and Universities – Higher Access, Higher Earnings"
163259,"University of Maryland, Baltimore",Maryland,Special Focus: Medical Schools and Centers,0,0,12580,"Baltimore-Columbia-Towson, MD",0.2552,0.4727,,,85792.0,,,Not Classified in SAEC
163268,University of Maryland-Baltimore County,Maryland,Mixed Undergraduate/Graduate-Doctorate Medium,0,0,12580,"Baltimore-Columbia-Towson, MD",0.2979,0.4104,1.14,,63658.0,45733.814361967685,1.39,"Higher Access, Medium Earnings"
163286,University of Maryland-College Park,Maryland,Mixed Undergraduate/Graduate-Doctorate Large,0,0,47900,"Washington-Arlington-Alexandria, DC-VA-MD-WV",0.1882,0.3108,0.77,,75472.0,45308.68948854572,1.67,"Lower Access, Higher Earnings"
163295,Maryland Institute College of Art,Maryland,"Special Focus: Arts, Music, and Design",0,0,12580,"Baltimore-Columbia-Towson, MD",0.2139,0.3863,0.91,,37601.0,40941.95580902805,0.92,"Lower Access, Lower Earnings"
163338,University of Maryland Eastern Shore,Maryland,Professions-focused Undergraduate/Graduate-Doctorate Small,1,0,41540,"Salisbury, MD",0.5411,0.8902,2.57,,42148.0,26377.552600997515,1.6,"Opportunity Colleges and Universities – Higher Access, Higher Earnings"
163426,Montgomery College,Maryland,Mixed Associate Large,0,1,47900,"Washington-Arlington-Alexandria, DC-VA-MD-WV",0.2727,0.6178,1.43,,44765.0,51522.24677966791,0.87,"Higher Access, Lower Earnings"
163453,Morgan State University,Maryland,Mixed Undergraduate/Graduate-Master's Large/Medium,1,0,12580,"Baltimore-Columbia-Towson, MD",0.5451,0.9862,2.42,,46142.0,33893.59731811791,1.36,"Higher Access, Medium Earnings"
163462,Mount St. Mary's University,Maryland,Mixed Undergraduate/Graduate-Master's Small,0,0,47900,"Washington-Arlington-Alexandria, DC-VA-MD-WV",0.2795,0.4072,1.11,,58069.0,43653.345289803525,1.33,"Higher Access, Medium Earnings"
163532,Ner Israel Rabbinical College,Maryland,Special Focus: Theological Studies,0,0,12580,"Baltimore-Columbia-Towson, MD",0.2073,0.0,,,57560.0,,,Not Classified in SAEC
163578,Notre Dame of Maryland University,Maryland,Professions-focused Undergraduate/Graduate-Doctorate Small,0,0,12580,"Baltimore-Columbia-Towson, MD",0.336,0.5537,1.39,,60395.0,43872.181455408005,1.38,"Higher Access, Medium Earnings"
163657,Prince George's Community College,Maryland,Mixed Associate Medium,0,1,47900,"Washington-Arlington-Alexandria, DC-VA-MD-WV",0.4099,0.9158,2.13,,42373.0,42071.32942439294,1.01,"Higher Access, Medium Earnings"
163851,Salisbury University,Maryland,Mixed Undergraduate/Graduate-Master's Large/Medium,1,0,41540,"Salisbury, MD",0.249,0.2498,0.89,,57867.0,37201.76687206453,1.56,"Lower Access, Higher Earnings"
163912,St. Mary's College of Maryland,Maryland,Special Focus: Arts and Sciences,1,0,30500,"Lexington Park, MD",0.2046,0.2693,1.02,,57190.0,51413.12474725756,1.11,"Higher Access, Medium Earnings"
163976,St. John's College,Maryland,Special Focus: Arts and Sciences,0,0,12580,"Baltimore-Columbia-Towson, MD",0.2208,0.1613,0.6,,41004.0,42454.57924687132,0.97,"Lower Access, Lower Earnings"
164076,Towson University,Maryland,Professions-focused Undergraduate/Graduate-Master's Large/Medium,1,0,12580,"Baltimore-Columbia-Towson, MD",0.3371,0.477,1.39,,59840.0,47007.17655579273,1.27,"Higher Access, Medium Earnings"
164085,Maryland University of Integrative Health,Maryland,Special Focus: Other Health Professions,0,0,12580,"Baltimore-Columbia-Towson, MD",0.0,,,,,,,Not Classified in SAEC
164155,United States Naval Academy,Maryland,Mixed Baccalaureate,0,0,12580,"Baltimore-Columbia-Towson, MD",0.0,0.3092,,,,,,Not Classified in SAEC
164173,Stevenson University,Maryland,Professions-focused Undergraduate/Graduate-Master's Large/Medium,0,0,12580,"Baltimore-Columbia-Towson, MD",0.2899,0.4444,1.17,,59433.0,43499.89242916305,1.37,"Higher Access, Medium Earnings"
164216,Washington College,Maryland,Special Focus: Arts and Sciences,0,0,-2,Maryland -- Not in metropolitan statistical area,0.2096,0.2375,0.73,,59385.0,44482.198759341474,1.34,"Lower Access, Medium Earnings"
164270,McDaniel College,Maryland,Mixed Undergraduate/Graduate-Master's Small,0,0,12580,"Baltimore-Columbia-Towson, MD",0.3415,0.418,1.24,,50310.0,44989.14033546648,1.12,"Higher Access, Medium Earnings"
164313,Wor-Wic Community College,Maryland,Professions-focused Associate Small,0,1,41540,"Salisbury, MD",0.526,0.4378,1.73,,35389.0,33943.69237186467,1.04,"Higher Access, Medium Earnings"
164368,Hult International Business School,Massachusetts,Special Focus: Business,0,0,14460,"Boston-Cambridge-Newton, MA-NH",0.0836,0.75,,,,,,Not Classified in SAEC
164447,American International College,Massachusetts,Professions-focused Undergraduate/Graduate-Doctorate Small,0,0,44140,"Springfield, MA",0.5096,0.6131,2.17,,47385.0,39760.80191835223,1.19,"Higher Access, Medium Earnings"
164465,Amherst College,Massachusetts,Special Focus: Arts and Sciences,0,0,11200,"Amherst Town-Northampton, MA",0.216,0.3995,0.95,,86438.0,38949.82972703954,2.22,"Lower Access, Higher Earnings"
164492,Anna Maria College,Massachusetts,Professions-focused Undergraduate/Graduate-Master's Small,0,0,49340,"Worcester, MA",0.3662,0.3119,1.31,,58760.0,44840.34528572892,1.31,"Higher Access, Medium Earnings"
164562,Assumption University,Massachusetts,Mixed Undergraduate/Graduate-Master's Small,0,0,49340,"Worcester, MA",0.1968,0.205,0.83,,52461.0,44607.28026696555,1.18,"Lower Access, Medium Earnings"
164580,Babson College,Massachusetts,Special Focus: Business,0,0,14460,"Boston-Cambridge-Newton, MA-NH",0.1451,0.3343,0.75,,102507.0,40638.99647742766,2.52,"Lower Access, Higher Earnings"
164614,Boston Baptist College,Massachusetts,Special Focus: Theological Studies,0,0,14460,"Boston-Cambridge-Newton, MA-NH",0.575,0.1951,,,39366.0,,,Not Classified in SAEC
164632,Bay Path University,Massachusetts,Professions-focused Undergraduate/Graduate-Doctorate Small,0,0,44140,"Springfield, MA",0.6616,0.4439,2.25,,47466.0,41501.95328694168,1.14,"Higher Access, Medium Earnings"
164739,Bentley University,Massachusetts,Special Focus: Business,0,0,14460,"Boston-Cambridge-Newton, MA-NH",0.1531,0.2191,0.68,,102857.0,44250.203450933644,2.32,"Lower Access, Higher Earnings"
164748,Berklee College of Music,Massachusetts,Professions-focused Undergraduate/Graduate-Master's Large/Medium,0,0,14460,"Boston-Cambridge-Newton, MA-NH",0.1558,0.3413,0.76,,27560.0,39036.51167807883,0.71,"Lower Access, Lower Earnings"
164775,Berkshire Community College,Massachusetts,Professions-focused Associate Small,0,1,38340,"Pittsfield, MA",0.4585,0.2994,2.29,,35877.0,36724.97030794136,0.98,"Higher Access, Lower Earnings"
164872,Boston Architectural College,Massachusetts,Special Focus: Graduate Studies,0,0,14460,"Boston-Cambridge-Newton, MA-NH",0.2308,0.3859,,,62292.0,,,Not Classified in SAEC
164915,Boston Graduate School of Psychoanalysis Inc,Massachusetts,Special Focus: Other Health Professions,0,0,14460,"Boston-Cambridge-Newton, MA-NH",0.0,,,,,,,Not Classified in SAEC
164924,Boston College,Massachusetts,Mixed Undergraduate/Graduate-Doctorate Medium,0,0,14460,"Boston-Cambridge-Newton, MA-NH",0.1303,0.2256,0.59,,89620.0,41653.38127924064,2.15,"Lower Access, Higher Earnings"
164988,Boston University,Massachusetts,Mixed Undergraduate/Graduate-Doctorate Large,0,0,14460,"Boston-Cambridge-Newton, MA-NH",0.1878,0.2828,0.75,,73661.0,41293.92639418274,1.78,"Lower Access, Higher Earnings"
165015,Brandeis University,Massachusetts,Mixed Undergraduate/Graduate-Doctorate Medium,0,0,14460,"Boston-Cambridge-Newton, MA-NH",0.1445,0.2236,0.61,,69857.0,42364.932238788286,1.65,"Lower Access, Higher Earnings"
165024,Bridgewater State University,Massachusetts,Mixed Undergraduate/Graduate-Master's Large/Medium,1,0,14460,"Boston-Cambridge-Newton, MA-NH",0.311,0.2704,1.37,,50191.0,53369.565379059255,0.94,"Higher Access, Lower Earnings"
165033,Bristol Community College,Massachusetts,Mixed Associate Medium,0,1,39300,"Providence-Warwick, RI-MA",0.5081,0.3241,1.65,,34395.0,39994.37119117377,0.86,"Higher Access, Lower Earnings"
165112,Bunker Hill Community College,Massachusetts,Professions-focused Associate Large/Medium,0,1,14460,"Boston-Cambridge-Newton, MA-NH",0.438,0.6945,2.69,,45843.0,43715.824082451814,1.05,"Higher Access, Medium Earnings"
165167,Cambridge College,Massachusetts,Special Focus: Business,0,0,14460,"Boston-Cambridge-Newton, MA-NH",0.4238,0.6377,2.27,,48185.0,37539.20708402943,1.28,"Opportunity Colleges and Universities – Higher Access, Higher Earnings"
165194,Cape Cod Community College,Massachusetts,Professions-focused Associate Small,0,1,12700,"Barnstable Town, MA",0.3669,0.2864,2.46,,37551.0,37592.94840717601,1.0,"Higher Access, Medium Earnings"
165264,Laboure College of Healthcare,Massachusetts,Special Focus: Nursing,0,1,14460,"Boston-Cambridge-Newton, MA-NH",0.3666,0.6235,2.27,,76691.0,49527.860863605216,1.55,"Opportunity Colleges and Universities – Higher Access, Higher Earnings"
165334,Clark University,Massachusetts,Mixed Undergraduate/Graduate-Doctorate Small,0,0,49340,"Worcester, MA",0.2163,0.2155,0.77,,52065.0,43425.91680376003,1.2,"Lower Access, Medium Earnings"
165495,Conway School of Landscape Design,Massachusetts,Special Focus: Graduate Studies,0,0,11200,"Amherst Town-Northampton, MA",0.0,,,,,,,Not Classified in SAEC
165529,Curry College,Massachusetts,Professions-focused Baccalaureate Small,0,0,14460,"Boston-Cambridge-Newton, MA-NH",0.2831,0.2934,1.2,,47710.0,43449.649931205124,1.1,"Higher Access, Medium Earnings"
165574,Dean College,Massachusetts,Professions-focused Baccalaureate Small,0,0,14460,"Boston-Cambridge-Newton, MA-NH",0.2983,0.3078,1.13,,33302.0,39934.89886384802,0.83,"Higher Access, Lower Earnings"
165644,Eastern Nazarene College,Massachusetts,Professions-focused Undergraduate/Graduate-Master's Small,0,0,14460,"Boston-Cambridge-Newton, MA-NH",0.3505,0.493,1.54,,48601.0,41335.78680997596,1.18,"Higher Access, Medium Earnings"
165662,Emerson College,Massachusetts,"Special Focus: Arts, Music, and Design",0,0,14460,"Boston-Cambridge-Newton, MA-NH",0.15,0.258,0.64,,53113.0,39828.88682409917,1.33,"Lower Access, Higher Earnings"
165671,Emmanuel College,Massachusetts,Special Focus: Arts and Sciences,0,0,14460,"Boston-Cambridge-Newton, MA-NH",0.2135,0.23,0.91,,60385.0,43160.76790778541,1.4,"Lower Access, Medium Earnings"
165699,Endicott College,Massachusetts,Professions-focused Undergraduate/Graduate-Doctorate Medium,0,0,14460,"Boston-Cambridge-Newton, MA-NH",0.1339,0.0974,0.48,,61678.0,44936.233042637454,1.37,"Lower Access, Medium Earnings"
165802,Fisher College,Massachusetts,Professions-focused Baccalaureate Small,0,0,14460,"Boston-Cambridge-Newton, MA-NH",0.4872,0.6094,1.87,,45266.0,39103.42229836667,1.16,"Higher Access, Medium Earnings"
165820,Fitchburg State University,Massachusetts,Professions-focused Undergraduate/Graduate-Master's Large/Medium,1,0,49340,"Worcester, MA",0.3372,0.3196,1.49,,53950.0,41668.392949852736,1.29,"Higher Access, Medium Earnings"
165866,Framingham State University,Massachusetts,Mixed Undergraduate/Graduate-Master's Large/Medium,1,0,14460,"Boston-Cambridge-Newton, MA-NH",0.3776,0.4097,1.84,,49378.0,52176.04803962911,0.95,"Higher Access, Lower Earnings"
165884,Benjamin Franklin Cummings Institute of Technology,Massachusetts,Special Focus: Applied and Career Studies,0,1,14460,"Boston-Cambridge-Newton, MA-NH",0.4732,0.6904,2.78,,42060.0,43577.30996186902,0.97,"Higher Access, Lower Earnings"
165936,Gordon College,Massachusetts,Special Focus: Arts and Sciences,0,0,14460,"Boston-Cambridge-Newton, MA-NH",0.2167,0.2458,0.86,,47385.0,43741.69755872176,1.08,"Lower Access, Medium Earnings"
165945,Gordon-Conwell Theological Seminary,Massachusetts,Special Focus: Theological Studies,0,0,14460,"Boston-Cambridge-Newton, MA-NH",0.0,,,,,,,Not Classified in SAEC
165981,Greenfield Community College,Massachusetts,Mixed Associate Small,0,1,24640,"Greenfield, MA",0.3914,0.2361,2.99,,35403.0,48460.49335802019,0.73,"Higher Access, Lower Earnings"
166018,Hampshire College,Massachusetts,Special Focus: Arts and Sciences,0,0,11200,"Amherst Town-Northampton, MA",0.3782,0.3361,1.2,,34148.0,40890.07224036721,0.84,"Higher Access, Lower Earnings"
166027,Harvard University,Massachusetts,Mixed Undergraduate/Graduate-Doctorate Large,0,0,14460,"Boston-Cambridge-Newton, MA-NH",0.1855,0.3382,0.82,,101095.0,39533.84667068195,2.56,"Lower Access, Higher Earnings"
166045,Hebrew College,Massachusetts,Special Focus: Theological Studies,0,0,14460,"Boston-Cambridge-Newton, MA-NH",0.0,,,,,,,Not Classified in SAEC
166054,Hellenic College-Holy Cross Greek Orthodox School of Theology,Massachusetts,Special Focus: Theological Studies,0,0,14460,"Boston-Cambridge-Newton, MA-NH",0.2258,0.0667,,,54820.0,,,Not Classified in SAEC
166124,College of the Holy Cross,Massachusetts,Special Focus: Arts and Sciences,0,0,49340,"Worcester, MA",0.1483,0.1995,0.62,,84240.0,42491.55850848934,1.98,"Lower Access, Higher Earnings"
166133,Holyoke Community College,Massachusetts,Mixed Associate Medium,0,1,44140,"Springfield, MA",0.4526,0.4273,1.55,,35578.0,35440.11907494473,1.0,"Higher Access, Medium Earnings"
166391,Lasell University,Massachusetts,Professions-focused Undergraduate/Graduate-Master's Small,0,0,14460,"Boston-Cambridge-Newton, MA-NH",0.3252,0.3012,1.24,,50915.0,44978.66829245063,1.13,"Higher Access, Medium Earnings"
166407,Lawrence Memorial Hospital School of Nursing,Massachusetts,Special Focus: Nursing,0,1,14460,"Boston-Cambridge-Newton, MA-NH",0.4844,0.4667,,,95006.0,,,Not Classified in SAEC
166452,Lesley University,Massachusetts,Professions-focused Undergraduate/Graduate-Master's Large/Medium,0,0,14460,"Boston-Cambridge-Newton, MA-NH",0.3122,0.3511,1.36,,41277.0,43461.31739712192,0.95,"Higher Access, Lower Earnings"
166489,Longy School of Music of Bard College,Massachusetts,"Special Focus: Arts, Music, and Design",0,0,14460,"Boston-Cambridge-Newton, MA-NH",0.1026,0.1818,0.43,,37534.0,46092.81842105263,0.81,"Lower Access, Lower Earnings"
166513,University of Massachusetts-Lowell,Massachusetts,Mixed Undergraduate/Graduate-Doctorate Large,0,0,14460,"Boston-Cambridge-Newton, MA-NH",0.2831,0.2804,1.27,,64695.0,47137.65290920898,1.37,"Higher Access, Medium Earnings"
166629,University of Massachusetts-Amherst,Massachusetts,Mixed Undergraduate/Graduate-Doctorate Large,0,0,11200,"Amherst Town-Northampton, MA",0.2053,0.1967,0.82,,66904.0,46245.90126749092,1.45,"Lower Access, Medium Earnings"
166638,University of Massachusetts-Boston,Massachusetts,Mixed Undergraduate/Graduate-Doctorate Medium,1,0,14460,"Boston-Cambridge-Newton, MA-NH",0.4422,0.4597,2.07,,64922.0,47642.42774184207,1.36,"Higher Access, Medium Earnings"
166647,Massachusetts Bay Community College,Massachusetts,Professions-focused Associate Large/Medium,0,1,14460,"Boston-Cambridge-Newton, MA-NH",0.3183,0.4911,1.92,,42595.0,48518.61074556974,0.88,"Higher Access, Lower Earnings"
166656,MCPHS University,Massachusetts,Special Focus: Other Health Professions,0,0,14460,"Boston-Cambridge-Newton, MA-NH",0.285,0.3238,1.23,,108480.0,44494.99005731229,2.44,"Opportunity Colleges and Universities – Higher Access, Higher Earnings"
166674,Massachusetts College of Art and Design,Massachusetts,"Special Focus: Arts, Music, and Design",0,0,14460,"Boston-Cambridge-Newton, MA-NH",0.2886,0.2829,1.19,,38459.0,43923.957807714985,0.88,"Higher Access, Lower Earnings"
166683,Massachusetts Institute of Technology,Massachusetts,"Special Focus: Technology, Engineering, and Sciences",0,0,14460,"Boston-Cambridge-Newton, MA-NH",0.1904,0.3519,0.77,,135278.0,40176.52591537689,3.37,"Lower Access, Higher Earnings"
166692,Massachusetts Maritime Academy,Massachusetts,Mixed Baccalaureate,1,0,12700,"Barnstable Town, MA",0.1697,0.1026,0.69,,99847.0,39561.18789998705,2.52,"Lower Access, Higher Earnings"
166708,University of Massachusetts Chan Medical School,Massachusetts,Special Focus: Medical Schools and Centers,0,0,49340,"Worcester, MA",0.0,,,,,,,Not Classified in SAEC
166717,William James College,Massachusetts,Special Focus: Graduate Studies,0,0,14460,"Boston-Cambridge-Newton, MA-NH",0.35,0.4792,,,,,,Not Classified in SAEC
166823,Massasoit Community College,Massachusetts,Professions-focused Associate Large/Medium,0,1,14460,"Boston-Cambridge-Newton, MA-NH",0.3678,0.4946,2.06,,44680.0,49203.953846936405,0.91,"Higher Access, Lower Earnings"
166850,Merrimack College,Massachusetts,Professions-focused Undergraduate/Graduate-Master's Large/Medium,0,0,14460,"Boston-Cambridge-Newton, MA-NH",0.1579,0.1684,0.7,,55201.0,44950.99487545661,1.23,"Lower Access, Medium Earnings"
166869,MGH Institute of Health Professions,Massachusetts,Special Focus: Other Health Professions,0,0,14460,"Boston-Cambridge-Newton, MA-NH",0.0,0.2444,,,89388.0,,,Not Classified in SAEC
166887,Middlesex Community College,Massachusetts,Professions-focused Associate Large/Medium,0,1,14460,"Boston-Cambridge-Newton, MA-NH",0.3256,0.3693,1.69,,45369.0,51301.143540681674,0.88,"Higher Access, Lower Earnings"
166911,Montserrat College of Art,Massachusetts,"Special Focus: Arts, Music, and Design",0,0,14460,"Boston-Cambridge-Newton, MA-NH",0.3333,0.2723,1.17,,28328.0,43839.08535815008,0.65,"Higher Access, Lower Earnings"
166939,Mount Holyoke College,Massachusetts,Special Focus: Arts and Sciences,0,0,11200,"Amherst Town-Northampton, MA",0.2038,0.242,0.72,,55754.0,40910.74404340278,1.36,"Lower Access, Medium Earnings"
166957,Mount Wachusett Community College,Massachusetts,Professions-focused Associate Large/Medium,0,1,49340,"Worcester, MA",0.4593,0.3657,1.93,,38341.0,40587.07928887631,0.94,"Higher Access, Lower Earnings"
167057,The New England Conservatory of Music,Massachusetts,"Special Focus: Arts, Music, and Design",0,0,14460,"Boston-Cambridge-Newton, MA-NH",0.0785,0.1844,0.4,,29543.0,42407.336171606396,0.7,"Lower Access, Lower Earnings"
167093,New England College of Optometry,Massachusetts,Special Focus: Other Health Professions,0,0,14460,"Boston-Cambridge-Newton, MA-NH",0.0,,,,,,,Not Classified in SAEC
167215,New England Law-Boston,Massachusetts,Special Focus: Law,0,0,14460,"Boston-Cambridge-Newton, MA-NH",0.0,,,,,,,Not Classified in SAEC
167260,Nichols College,Massachusetts,Special Focus: Business,0,0,49340,"Worcester, MA",0.3041,0.2552,1.12,,48868.0,46452.74711586755,1.05,"Higher Access, Medium Earnings"
167288,Massachusetts College of Liberal Arts,Massachusetts,Special Focus: Arts and Sciences,1,0,38340,"Pittsfield, MA",0.4461,0.2654,1.5,,45267.0,37726.12185054665,1.2,"Higher Access, Medium Earnings"
167312,North Shore Community College,Massachusetts,Professions-focused Associate Large/Medium,0,1,14460,"Boston-Cambridge-Newton, MA-NH",0.4022,0.5012,2.17,,43774.0,50097.71334588601,0.87,"Higher Access, Lower Earnings"
167358,Northeastern University,Massachusetts,Mixed Undergraduate/Graduate-Doctorate Large,0,0,14460,"Boston-Cambridge-Newton, MA-NH",0.1244,0.2587,0.63,,82813.0,41760.06804764169,1.98,"Lower Access, Higher Earnings"
167376,Northern Essex Community College,Massachusetts,Professions-focused Associate Large/Medium,0,1,14460,"Boston-Cambridge-Newton, MA-NH",0.4359,0.5679,2.49,,39480.0,46744.11218478729,0.84,"Higher Access, Lower Earnings"
167394,College of Our Lady of the Elms,Massachusetts,Professions-focused Undergraduate/Graduate-Master's Small,0,0,44140,"Springfield, MA",0.4481,0.3897,1.75,,53542.0,42451.69241177207,1.26,"Higher Access, Medium Earnings"
167464,Pope St John XXIII National Seminary,Massachusetts,Special Focus: Theological Studies,0,0,14460,"Boston-Cambridge-Newton, MA-NH",0.0,,,,,,,Not Classified in SAEC
167525,Quincy College,Massachusetts,Professions-focused Associate Large/Medium,0,1,14460,"Boston-Cambridge-Newton, MA-NH",0.419,0.4349,2.05,,47794.0,49377.72105641657,0.97,"Higher Access, Lower Earnings"
167534,Quinsigamond Community College,Massachusetts,Professions-focused Associate Large/Medium,0,1,49340,"Worcester, MA",0.4839,0.4613,2.21,,43873.0,39998.24797792015,1.1,"Higher Access, Medium Earnings"
167598,Regis College,Massachusetts,Special Focus: Nursing,0,0,14460,"Boston-Cambridge-Newton, MA-NH",0.2838,0.391,1.45,,50322.0,42663.43714895086,1.18,"Higher Access, Medium Earnings"
167631,Roxbury Community College,Massachusetts,Professions-focused Associate Small,0,1,14460,"Boston-Cambridge-Newton, MA-NH",0.6063,0.9248,3.66,,42185.0,37081.2673713837,1.14,"Higher Access, Medium Earnings"
167677,Saint John's Seminary,Massachusetts,Special Focus: Theological Studies,0,0,14460,"Boston-Cambridge-Newton, MA-NH",0.0,0.1176,,,,,,Not Classified in SAEC
167729,Salem State University,Massachusetts,Professions-focused Undergraduate/Graduate-Master's Large/Medium,1,0,14460,"Boston-Cambridge-Newton, MA-NH",0.3905,0.368,1.79,,54540.0,51787.30886309095,1.05,"Higher Access, Medium Earnings"
167783,Simmons University,Massachusetts,Professions-focused Undergraduate/Graduate-Doctorate Medium,0,0,14460,"Boston-Cambridge-Newton, MA-NH",0.2987,0.3024,1.2,,59301.0,43792.806901925986,1.35,"Higher Access, Medium Earnings"
167792,Bard College at Simon's Rock,Massachusetts,Mixed Associate/Baccalaureate,0,1,38340,"Pittsfield, MA",0.2713,0.2217,0.82,,37534.0,38549.81605906366,0.97,"Lower Access, Lower Earnings"
167835,Smith College,Massachusetts,Special Focus: Arts and Sciences,0,0,11200,"Amherst Town-Northampton, MA",0.1821,0.2821,0.73,,57322.0,40100.70280606915,1.43,"Lower Access, Medium Earnings"
167899,Springfield College,Massachusetts,Professions-focused Undergraduate/Graduate-Doctorate Small,0,0,44140,"Springfield, MA",0.2169,0.1749,0.73,,45448.0,44662.983045596986,1.02,"Lower Access, Medium Earnings"
167905,Springfield Technical Community College,Massachusetts,Professions-focused Associate Large/Medium,0,1,44140,"Springfield, MA",0.5202,0.5499,1.89,,35265.0,34186.3126853464,1.03,"Higher Access, Medium Earnings"
167987,University of Massachusetts-Dartmouth,Massachusetts,Mixed Undergraduate/Graduate-Doctorate Medium,1,0,39300,"Providence-Warwick, RI-MA",0.3688,0.3669,1.47,,59968.0,39988.83254189927,1.5,"Opportunity Colleges and Universities – Higher Access, Higher Earnings"
167996,Stonehill College,Massachusetts,Special Focus: Arts and Sciences,0,0,39300,"Providence-Warwick, RI-MA",0.1498,0.1594,0.62,,70520.0,46630.42986387818,1.51,"Lower Access, Higher Earnings"
168005,Suffolk University,Massachusetts,Professions-focused Undergraduate/Graduate-Doctorate Medium,0,0,14460,"Boston-Cambridge-Newton, MA-NH",0.2777,0.3302,1.24,,61452.0,42397.22854028972,1.45,"Higher Access, Medium Earnings"
168148,Tufts University,Massachusetts,Mixed Undergraduate/Graduate-Doctorate Medium,0,0,14460,"Boston-Cambridge-Newton, MA-NH",0.1169,0.277,0.63,,70761.0,41095.461929148114,1.72,"Lower Access, Higher Earnings"
168218,Wellesley College,Massachusetts,Special Focus: Arts and Sciences,0,0,14460,"Boston-Cambridge-Newton, MA-NH",0.2138,0.355,0.88,,72216.0,41123.78589978452,1.76,"Lower Access, Higher Earnings"
168227,Wentworth Institute of Technology,Massachusetts,"Special Focus: Technology, Engineering, and Sciences",0,0,14460,"Boston-Cambridge-Newton, MA-NH",0.2375,0.2396,1.01,,80509.0,44470.42401553511,1.81,"Opportunity Colleges and Universities – Higher Access, Higher Earnings"
168254,Western New England University,Massachusetts,Mixed Undergraduate/Graduate-Doctorate Small,0,0,44140,"Springfield, MA",0.2502,0.2018,0.89,,68753.0,45621.68062484458,1.51,"Lower Access, Higher Earnings"
168263,Westfield State University,Massachusetts,Mixed Undergraduate/Graduate-Master's Large/Medium,1,0,44140,"Springfield, MA",0.3562,0.2325,1.01,,51731.0,37155.77063727089,1.39,"Higher Access, Medium Earnings"
168281,Wheaton College (Massachusetts),Massachusetts,Special Focus: Arts and Sciences,0,0,39300,"Providence-Warwick, RI-MA",0.1978,0.1885,0.73,,57990.0,42547.13943103676,1.36,"Lower Access, Medium Earnings"
168342,Williams College,Massachusetts,Special Focus: Arts and Sciences,0,0,38340,"Pittsfield, MA",0.174,0.2998,0.73,,79082.0,41055.13789291644,1.93,"Lower Access, Higher Earnings"
168421,Worcester Polytechnic Institute,Massachusetts,"Special Focus: Technology, Engineering, and Sciences",0,0,49340,"Worcester, MA",0.1049,0.1664,0.5,,100553.0,44542.848420985254,2.26,"Lower Access, Higher Earnings"
168430,Worcester State University,Massachusetts,Mixed Undergraduate/Graduate-Master's Large/Medium,1,0,49340,"Worcester, MA",0.3215,0.2949,1.42,,53751.0,41357.105439206614,1.3,"Higher Access, Medium Earnings"
168528,Adrian College,Michigan,Professions-focused Baccalaureate Small,0,0,10300,"Adrian, MI",0.3223,0.2198,0.98,,47820.0,34563.454642105506,1.38,"Lower Access, Medium Earnings"
168546,Albion College,Michigan,Special Focus: Arts and Sciences,0,0,12980,"Battle Creek, MI",0.4561,0.3647,1.45,,55035.0,35232.07382563683,1.56,"Opportunity Colleges and Universities – Higher Access, Higher Earnings"
168591,Alma College,Michigan,Mixed Baccalaureate,0,0,10940,"Alma, MI",0.211,0.1323,0.64,,50698.0,35824.107494381526,1.42,"Lower Access, Medium Earnings"
168607,Alpena Community College,Michigan,Professions-focused Associate Small,0,1,10980,"Alpena, MI",0.4358,0.0805,1.31,,35994.0,27905.992923743746,1.29,"Opportunity Colleges and Universities – Higher Access, Higher Earnings"
168740,Andrews University,Michigan,Mixed Undergraduate/Graduate-Doctorate Medium,0,0,35660,"Niles, MI",0.2279,0.5538,1.25,,51682.0,35354.95081005266,1.46,"Higher Access, Medium Earnings"
168786,Aquinas College,Michigan,Professions-focused Baccalaureate Small,0,0,24340,"Grand Rapids-Wyoming-Kentwood, MI",0.243,0.1794,0.79,,46514.0,35499.51126074829,1.31,"Lower Access, Medium Earnings"
168847,Baker College,Michigan,Professions-focused Baccalaureate Medium,0,0,37020,"Owosso, MI",0.4455,0.2228,1.23,,34389.0,33077.95234437121,1.04,"Higher Access, Medium Earnings"
168883,Bay de Noc Community College,Michigan,Professions-focused Associate Small,0,1,21540,"Escanaba, MI",0.4256,0.1338,1.26,,35407.0,30732.147622577562,1.15,"Higher Access, Medium Earnings"
169080,Calvin University,Michigan,Mixed Baccalaureate,0,0,24340,"Grand Rapids-Wyoming-Kentwood, MI",0.1504,0.1363,0.52,,53142.0,37622.756215204776,1.41,"Lower Access, Medium Earnings"
169099,Calvin Theological Seminary,Michigan,Special Focus: Theological Studies,0,0,24340,"Grand Rapids-Wyoming-Kentwood, MI",0.0,,,,,,,Not Classified in SAEC
169220,Michigan School of Psychology,Michigan,Special Focus: Graduate Studies,0,0,19820,"Detroit-Warren-Dearborn, MI",0.0,,,,,,,Not Classified in SAEC
169248,Central Michigan University,Michigan,Professions-focused Undergraduate/Graduate-Doctorate Medium,1,0,34380,"Mount Pleasant, MI",0.3095,0.2054,1.14,,50848.0,24124.744849295592,2.11,"Opportunity Colleges and Universities – Higher Access, Higher Earnings"
169275,Mott Community College,Michigan,Mixed Associate Medium,0,1,22420,"Flint, MI",0.4098,0.4624,1.46,,30285.0,28741.515869707873,1.05,"Higher Access, Medium Earnings"
169327,Cleary University,Michigan,Special Focus: Business,0,0,19820,"Detroit-Warren-Dearborn, MI",0.2855,0.425,1.44,,57677.0,34276.641470180286,1.68,"Opportunity Colleges and Universities – Higher Access, Higher Earnings"
169363,Concordia University Ann Arbor,Michigan,Professions-focused Baccalaureate Small,0,0,11460,"Ann Arbor, MI",0.2822,0.216,0.94,,54071.0,34761.476959119915,1.56,"Lower Access, Higher Earnings"
169424,Cranbrook Academy of Art,Michigan,"Special Focus: Arts, Music, and Design",0,0,19820,"Detroit-Warren-Dearborn, MI",0.0,,,,,,,Not Classified in SAEC
169442,College for Creative Studies,Michigan,"Special Focus: Arts, Music, and Design",0,0,19820,"Detroit-Warren-Dearborn, MI",0.3113,0.2823,1.09,,44290.0,33749.08670675999,1.31,"Opportunity Colleges and Universities – Higher Access, Higher Earnings"
169479,Davenport University,Michigan,Professions-focused Undergraduate/Graduate-Master's Large/Medium,0,0,24340,"Grand Rapids-Wyoming-Kentwood, MI",0.3452,0.2745,1.16,,44540.0,32294.990745945463,1.38,"Higher Access, Medium Earnings"
169521,Delta College,Michigan,Professions-focused Associate Large/Medium,0,1,13020,"Bay City, MI",0.4436,0.2619,1.97,,34813.0,31868.349833488865,1.09,"Higher Access, Medium Earnings"
169655,MIAT College of Technology,Michigan,Special Focus: Applied and Career Studies,0,1,19820,"Detroit-Warren-Dearborn, MI",0.2955,0.5235,1.56,,54146.0,34609.94500942766,1.56,"Opportunity Colleges and Universities – Higher Access, Higher Earnings"
169716,University of Detroit Mercy,Michigan,Professions-focused Undergraduate/Graduate-Doctorate Medium,0,0,19820,"Detroit-Warren-Dearborn, MI",0.3415,0.2662,1.17,,67682.0,33219.348306034626,2.04,"Opportunity Colleges and Universities – Higher Access, Higher Earnings"
169798,Eastern Michigan University,Michigan,Professions-focused Undergraduate/Graduate-Master's Large/Medium,1,0,11460,"Ann Arbor, MI",0.379,0.3394,1.62,,46385.0,33620.38459699528,1.38,"Higher Access, Medium Earnings"
169910,Ferris State University,Michigan,Professions-focused Undergraduate/Graduate-Doctorate Medium,1,0,13660,"Big Rapids, MI",0.3601,0.2063,1.53,,52215.0,25579.879463272686,2.04,"Opportunity Colleges and Universities – Higher Access, Higher Earnings"
169974,Glen Oaks Community College,Michigan,Mixed Associate Small,0,1,44780,"Sturgis, MI",0.4885,0.2246,1.66,,37705.0,32526.047139411854,1.16,"Higher Access, Medium Earnings"
169983,Kettering University,Michigan,"Special Focus: Technology, Engineering, and Sciences",0,0,22420,"Flint, MI",0.1706,0.1217,0.55,,85240.0,35608.36619280252,2.39,"Lower Access, Higher Earnings"
169992,Gogebic Community College,Michigan,Professions-focused Associate Small,0,1,-2,Michigan -- Not in metropolitan statistical area,0.5541,0.133,1.53,,38080.0,32487.46830338516,1.17,"Higher Access, Medium Earnings"
170000,Grace Christian University,Michigan,Professions-focused Baccalaureate Small,0,0,24340,"Grand Rapids-Wyoming-Kentwood, MI",0.5905,0.454,1.79,,37842.0,35100.504941947744,1.08,"Higher Access, Medium Earnings"
170037,Cornerstone University,Michigan,Professions-focused Undergraduate/Graduate-Master's Small,0,0,24340,"Grand Rapids-Wyoming-Kentwood, MI",0.308,0.2006,0.94,,45964.0,35824.86733577535,1.28,"Lower Access, Medium Earnings"
170055,Grand Rapids Community College,Michigan,Mixed Associate Medium,0,1,24340,"Grand Rapids-Wyoming-Kentwood, MI",0.3052,0.3293,1.52,,36728.0,36913.19025826781,0.99,"Higher Access, Lower Earnings"
170082,Grand Valley State University,Michigan,Professions-focused Undergraduate/Graduate-Master's Large/Medium,1,0,24340,"Grand Rapids-Wyoming-Kentwood, MI",0.2601,0.1663,0.94,,51712.0,39173.60118361702,1.32,"Lower Access, Medium Earnings"
170091,Great Lakes Christian College,Michigan,Special Focus: Theological Studies,0,0,29620,"Lansing-East Lansing, MI",0.6241,0.3567,,,31348.0,,,Not Classified in SAEC
170240,Henry Ford College,Michigan,Professions-focused Associate Large/Medium,0,1,19820,"Detroit-Warren-Dearborn, MI",0.5744,0.3409,1.55,,28920.0,31779.361009468368,0.91,"Higher Access, Lower Earnings"
170286,Hillsdale College,Michigan,Special Focus: Arts and Sciences,0,0,25880,"Hillsdale, MI",0.0,,,,,,,Not Classified in SAEC
170301,Hope College,Michigan,Mixed Baccalaureate,0,0,24340,"Grand Rapids-Wyoming-Kentwood, MI",0.1685,0.1532,0.59,,55768.0,37322.7559740352,1.49,"Lower Access, Medium Earnings"
170444,Jackson College,Michigan,Professions-focused Associate Large/Medium,0,1,27100,"Jackson, MI",0.4899,0.2604,1.63,,34336.0,30059.29196539283,1.14,"Higher Access, Medium Earnings"
170532,Kalamazoo College,Michigan,Special Focus: Arts and Sciences,0,0,28020,"Kalamazoo-Portage, MI",0.2357,0.2819,0.91,,56248.0,36539.78546509174,1.54,"Lower Access, Higher Earnings"
170541,Kalamazoo Valley Community College,Michigan,Mixed Associate Medium,0,1,28020,"Kalamazoo-Portage, MI",0.3421,0.3078,1.42,,35370.0,32859.76997237421,1.08,"Higher Access, Medium Earnings"
170550,Kellogg Community College,Michigan,Professions-focused Associate Large/Medium,0,1,12980,"Battle Creek, MI",0.3213,0.2152,0.99,,35461.0,30907.044890042693,1.15,"Lower Access, Medium Earnings"
170587,Kirtland Community College,Michigan,Professions-focused Associate Small,0,1,-2,Michigan -- Not in metropolitan statistical area,0.4835,0.1009,1.32,,34953.0,30305.17184035477,1.15,"Higher Access, Medium Earnings"
170620,Lake Michigan College,Michigan,Mixed Associate Medium,0,1,35660,"Niles, MI",0.2514,0.3279,1.11,,32717.0,32264.94090164243,1.01,"Higher Access, Medium Earnings"
170639,Lake Superior State University,Michigan,Professions-focused Baccalaureate Small,1,0,42300,"Sault Ste. Marie, MI",0.3279,0.1592,0.72,,48815.0,27804.394467398826,1.76,"Lower Access, Higher Earnings"
170657,Lansing Community College,Michigan,Professions-focused Associate Large/Medium,0,1,29620,"Lansing-East Lansing, MI",0.323,0.2682,1.33,,36744.0,33266.03605213969,1.1,"Higher Access, Medium Earnings"
170675,Lawrence Technological University,Michigan,"Special Focus: Technology, Engineering, and Sciences",0,0,19820,"Detroit-Warren-Dearborn, MI",0.204,0.2096,0.8,,66979.0,35823.10661972964,1.87,"Lower Access, Higher Earnings"
170790,Macomb Community College,Michigan,Mixed Associate Large,0,1,19820,"Detroit-Warren-Dearborn, MI",0.3672,0.2527,1.05,,37169.0,36719.352185536256,1.01,"Higher Access, Medium Earnings"
170806,Madonna University,Michigan,Professions-focused Baccalaureate Small,0,0,19820,"Detroit-Warren-Dearborn, MI",0.3077,0.2305,1.02,,53389.0,33655.04819683182,1.59,"Opportunity Colleges and Universities – Higher Access, Higher Earnings"
170967,Rochester Christian University,Michigan,Professions-focused Baccalaureate Small,0,0,19820,"Detroit-Warren-Dearborn, MI",0.4155,0.3063,1.36,,43869.0,32535.58533028223,1.35,"Higher Access, Medium Earnings"
170976,University of Michigan-Ann Arbor,Michigan,Mixed Undergraduate/Graduate-Doctorate Large,0,0,11460,"Ann Arbor, MI",0.177,0.2045,0.67,,78273.0,37226.54132333168,2.1,"Lower Access, Higher Earnings"
171100,Michigan State University,Michigan,Mixed Undergraduate/Graduate-Doctorate Large,0,0,29620,"Lansing-East Lansing, MI",0.2011,0.1899,0.73,,62777.0,35392.98809196862,1.77,"Lower Access, Higher Earnings"
171128,Michigan Technological University,Michigan,"Special Focus: Technology, Engineering, and Sciences",0,0,26340,"Houghton, MI",0.1844,0.0856,0.5,,75629.0,37103.87909821373,2.04,"Lower Access, Higher Earnings"
171137,University of Michigan-Dearborn,Michigan,Mixed Undergraduate/Graduate-Master's Large/Medium,1,0,19820,"Detroit-Warren-Dearborn, MI",0.4498,0.2098,1.1,,57847.0,37232.10706727051,1.55,"Opportunity Colleges and Universities – Higher Access, Higher Earnings"
171146,University of Michigan-Flint,Michigan,Professions-focused Undergraduate/Graduate-Doctorate Medium,1,0,22420,"Flint, MI",0.3964,0.262,1.03,,51939.0,30044.71823466634,1.73,"Opportunity Colleges and Universities – Higher Access, Higher Earnings"
171155,Mid Michigan College,Michigan,Professions-focused Associate Small,0,1,-2,Michigan -- Not in metropolitan statistical area,0.5057,0.1617,1.64,,34831.0,30074.901121015842,1.16,"Higher Access, Medium Earnings"
171225,Monroe County Community College,Michigan,Professions-focused Associate Small,0,1,33780,"Monroe, MI",0.3647,0.1691,1.64,,38095.0,33828.87491234432,1.13,"Higher Access, Medium Earnings"
171234,Montcalm Community College,Michigan,Professions-focused Associate Small,0,1,24340,"Grand Rapids-Wyoming-Kentwood, MI",0.4582,0.085,1.13,,35822.0,38815.5556647825,0.92,"Higher Access, Lower Earnings"
171304,Muskegon Community College,Michigan,Mixed Associate Medium,0,1,34740,"Muskegon-Norton Shores, MI",0.361,0.2434,1.05,,34451.0,31470.746188292826,1.09,"Higher Access, Medium Earnings"
171395,North Central Michigan College,Michigan,Mixed Associate Small,0,1,37950,"Petoskey, MI",0.5589,0.1231,1.56,,32692.0,30721.966063280866,1.06,"Higher Access, Medium Earnings"
171456,Northern Michigan University,Michigan,Professions-focused Baccalaureate Medium,1,0,32100,"Marquette, MI",0.2787,0.117,0.97,,43141.0,32573.50534700515,1.32,"Lower Access, Medium Earnings"
171483,Northwestern Michigan College,Michigan,Mixed Associate Small,0,1,45900,"Traverse City, MI",0.3284,0.1261,1.44,,36925.0,33989.259198007305,1.09,"Higher Access, Medium Earnings"
171492,Northwood University,Michigan,Special Focus: Business,0,0,33220,"Midland, MI",0.2507,0.2205,0.91,,57649.0,33802.91753023207,1.71,"Lower Access, Higher Earnings"
171535,Oakland Community College,Michigan,Professions-focused Associate Large/Medium,0,1,19820,"Detroit-Warren-Dearborn, MI",0.3106,0.368,1.17,,32401.0,34956.65224480945,0.93,"Higher Access, Lower Earnings"
171571,Oakland University,Michigan,Professions-focused Undergraduate/Graduate-Doctorate Medium,1,0,19820,"Detroit-Warren-Dearborn, MI",0.3034,0.1969,0.85,,53392.0,37552.33788667178,1.42,"Lower Access, Medium Earnings"
171599,The University of Olivet,Michigan,Professions-focused Baccalaureate Small,0,0,29620,"Lansing-East Lansing, MI",0.4414,0.3244,1.46,,47402.0,34524.40766666251,1.37,"Higher Access, Medium Earnings"
171881,Kuyper College,Michigan,Professions-focused Baccalaureate Small,0,0,24340,"Grand Rapids-Wyoming-Kentwood, MI",0.3205,0.3125,1.27,,38142.0,35328.82113293297,1.08,"Higher Access, Medium Earnings"
172033,Sacred Heart Major Seminary,Michigan,Special Focus: Theological Studies,0,1,19820,"Detroit-Warren-Dearborn, MI",0.0724,0.2356,,,43974.0,,,Not Classified in SAEC
172051,Saginaw Valley State University,Michigan,Professions-focused Undergraduate/Graduate-Master's Large/Medium,1,0,40980,"Saginaw, MI",0.3371,0.1823,0.73,,47805.0,32288.95548568177,1.48,"Lower Access, Medium Earnings"
172200,Schoolcraft Community College District,Michigan,Professions-focused Associate Large/Medium,0,1,19820,"Detroit-Warren-Dearborn, MI",0.3135,0.3266,1.1,,37762.0,36089.26993304025,1.05,"Higher Access, Medium Earnings"
172264,Siena Heights University,Michigan,Professions-focused Baccalaureate Small,0,0,10300,"Adrian, MI",0.3368,0.2727,1.19,,54441.0,33862.42899992056,1.61,"Opportunity Colleges and Universities – Higher Access, Higher Earnings"
172291,St Clair County Community College,Michigan,Mixed Associate Medium,0,1,19820,"Detroit-Warren-Dearborn, MI",0.3742,0.1271,0.83,,36136.0,38128.64170824079,0.95,"Lower Access, Lower Earnings"
172307,Southwestern Michigan College,Michigan,Professions-focused Associate Small,0,1,43780,"South Bend-Mishawaka, IN-MI",0.5289,0.277,1.41,,35881.0,34582.9473469419,1.04,"Higher Access, Medium Earnings"
172334,Spring Arbor University,Michigan,Professions-focused Undergraduate/Graduate-Master's Small,0,0,27100,"Jackson, MI",0.2866,0.163,0.83,,48600.0,34224.201380965365,1.42,"Lower Access, Medium Earnings"
172477,Cooley Law School,Michigan,Special Focus: Law,0,0,29620,"Lansing-East Lansing, MI",0.0,,,,,,,Not Classified in SAEC
172608,Walsh College,Michigan,Special Focus: Business,0,0,19820,"Detroit-Warren-Dearborn, MI",0.3114,0.1216,,,67342.0,,,Not Classified in SAEC
172617,Washtenaw Community College,Michigan,Professions-focused Associate Large/Medium,0,1,11460,"Ann Arbor, MI",0.3552,0.3384,1.62,,37137.0,33706.47096825966,1.1,"Higher Access, Medium Earnings"
172635,Wayne County Community College District,Michigan,Mixed Associate Medium,0,1,19820,"Detroit-Warren-Dearborn, MI",0.3902,0.845,2.17,,25501.0,28550.365260090264,0.89,"Higher Access, Lower Earnings"
172644,Wayne State University,Michigan,Professions-focused Undergraduate/Graduate-Doctorate Large,1,0,19820,"Detroit-Warren-Dearborn, MI",0.4383,0.2897,1.23,,50384.0,34900.977389307605,1.44,"Higher Access, Medium Earnings"
172671,West Shore Community College,Michigan,Mixed Associate Small,0,1,31220,"Ludington, MI",0.4806,0.1758,1.78,,34684.0,31030.40364583333,1.12,"Higher Access, Medium Earnings"
172699,Western Michigan University,Michigan,Professions-focused Undergraduate/Graduate-Doctorate Large,1,0,28020,"Kalamazoo-Portage, MI",0.26,0.2347,0.99,,48394.0,34130.640943657985,1.42,"Lower Access, Medium Earnings"
172705,Western Theological Seminary,Michigan,Special Focus: Theological Studies,0,0,24340,"Grand Rapids-Wyoming-Kentwood, MI",0.0,,,,,,,Not Classified in SAEC
172866,Academy College,Minnesota,Professions-focused Baccalaureate Small,0,0,33460,"Minneapolis-St. Paul-Bloomington, MN-WI",0.3495,0.1273,1.14,,45488.0,41675.19533527697,1.09,"Higher Access, Medium Earnings"
172918,Alexandria Technical & Community College,Minnesota,Professions-focused Associate Small,0,1,10820,"Alexandria, MN",0.3139,0.1107,1.87,,47509.0,42914.69895974942,1.11,"Higher Access, Medium Earnings"
172954,Anoka Technical College,Minnesota,Special Focus: Applied and Career Studies,0,1,33460,"Minneapolis-St. Paul-Bloomington, MN-WI",0.3697,0.2781,1.84,,47256.0,48709.94016903515,0.97,"Higher Access, Lower Earnings"
172963,Anoka-Ramsey Community College,Minnesota,Mixed Associate Medium,0,1,33460,"Minneapolis-St. Paul-Bloomington, MN-WI",0.3859,0.2956,1.94,,46269.0,48794.851021436014,0.95,"Higher Access, Lower Earnings"
173045,Augsburg University,Minnesota,Professions-focused Undergraduate/Graduate-Doctorate Small,0,0,33460,"Minneapolis-St. Paul-Bloomington, MN-WI",0.5203,0.4859,2.86,,53837.0,42106.23107143995,1.28,"Higher Access, Medium Earnings"
173063,Riverland Community College,Minnesota,Mixed Associate Medium,0,1,12380,"Austin, MN",0.4313,0.3037,1.67,,41797.0,42927.0470094138,0.97,"Higher Access, Lower Earnings"
173115,Northwest Technical College,Minnesota,Special Focus: Nursing,0,1,13420,"Bemidji, MN",0.4296,0.2135,1.05,,41401.0,35501.42790006327,1.17,"Higher Access, Medium Earnings"
173124,Bemidji State University,Minnesota,Professions-focused Baccalaureate Medium,1,0,13420,"Bemidji, MN",0.3031,0.1702,0.79,,52433.0,37267.9209878053,1.41,"Lower Access, Medium Earnings"
173142,Bethany Lutheran College,Minnesota,Mixed Baccalaureate,0,0,31860,"Mankato, MN",0.273,0.1832,1.07,,44246.0,43398.219931916,1.02,"Higher Access, Medium Earnings"
173160,Bethel University,Minnesota,Professions-focused Undergraduate/Graduate-Doctorate Medium,0,0,33460,"Minneapolis-St. Paul-Bloomington, MN-WI",0.2378,0.1725,1.04,,61932.0,44169.991330237564,1.4,"Higher Access, Medium Earnings"
173203,Central Lakes College-Brainerd,Minnesota,Mixed Associate Medium,0,1,14660,"Brainerd, MN",0.4354,0.1542,1.54,,40383.0,36472.57679307827,1.11,"Higher Access, Medium Earnings"
173258,Carleton College,Minnesota,Special Focus: Arts and Sciences,0,0,22060,"Faribault-Northfield, MN",0.144,0.288,0.72,,70720.0,41203.84789083501,1.72,"Lower Access, Higher Earnings"
173300,Concordia College at Moorhead,Minnesota,Mixed Baccalaureate,0,0,22020,"Fargo, ND-MN",0.2006,0.1163,0.8,,53785.0,44413.49976603665,1.21,"Lower Access, Medium Earnings"
173328,Concordia University-Saint Paul,Minnesota,Professions-focused Undergraduate/Graduate-Doctorate Medium,0,0,33460,"Minneapolis-St. Paul-Bloomington, MN-WI",0.3779,0.3137,1.76,,56160.0,41789.33111861287,1.34,"Higher Access, Medium Earnings"
173416,Dakota County Technical College,Minnesota,Special Focus: Applied and Career Studies,0,1,33460,"Minneapolis-St. Paul-Bloomington, MN-WI",0.3528,0.3067,1.88,,49316.0,47635.85216820609,1.04,"Higher Access, Medium Earnings"
173452,Martin Luther College,Minnesota,Professions-focused Baccalaureate Small,0,0,35580,"New Ulm, MN",0.2453,0.0537,0.57,,43748.0,42159.495142951484,1.04,"Lower Access, Medium Earnings"
173461,Lake Superior College,Minnesota,Professions-focused Associate Large/Medium,0,1,20260,"Duluth, MN-WI",0.3006,0.1335,1.4,,43647.0,36906.86289025167,1.18,"Higher Access, Medium Earnings"
173559,Minnesota State Community and Technical College,Minnesota,Professions-focused Associate Large/Medium,0,1,22260,"Fergus Falls, MN",0.4508,0.2885,2.59,,42714.0,41310.60892690225,1.03,"Higher Access, Medium Earnings"
173638,Minnesota West Community and Technical College,Minnesota,Professions-focused Associate Large/Medium,0,1,-2,Minnesota -- Not in metropolitan statistical area,0.2769,0.2489,1.84,,41082.0,38460.87047012199,1.07,"Higher Access, Medium Earnings"
173647,Gustavus Adolphus College,Minnesota,Special Focus: Arts and Sciences,0,0,31860,"Mankato, MN",0.2159,0.1264,0.85,,57206.0,44786.64488409567,1.28,"Lower Access, Medium Earnings"
173665,Hamline University,Minnesota,Mixed Undergraduate/Graduate-Master's Small,0,0,33460,"Minneapolis-St. Paul-Bloomington, MN-WI",0.4023,0.327,1.88,,55414.0,42947.666637378774,1.29,"Higher Access, Medium Earnings"
173683,Hazelden Betty Ford Graduate School,Minnesota,Special Focus: Other Health Professions,0,0,33460,"Minneapolis-St. Paul-Bloomington, MN-WI",0.0,,,,,,,Not Classified in SAEC
173708,Hennepin Technical College,Minnesota,Special Focus: Applied and Career Studies,0,1,33460,"Minneapolis-St. Paul-Bloomington, MN-WI",0.3785,0.4138,2.3,,48862.0,45305.29473945754,1.08,"Higher Access, Medium Earnings"
173735,Minnesota North College,Minnesota,Mixed Associate Small,0,1,20260,"Duluth, MN-WI",0.4518,0.2428,1.79,,42222.0,36465.32274996185,1.16,"Higher Access, Medium Earnings"
173799,Inver Hills Community College,Minnesota,Mixed Associate Medium,0,1,33460,"Minneapolis-St. Paul-Bloomington, MN-WI",0.3821,0.4044,2.29,,48538.0,47020.40289476051,1.03,"Higher Access, Medium Earnings"
173896,Luther Seminary,Minnesota,Special Focus: Theological Studies,0,0,33460,"Minneapolis-St. Paul-Bloomington, MN-WI",0.0,,,,,,,Not Classified in SAEC
173902,Macalester College,Minnesota,Special Focus: Arts and Sciences,0,0,33460,"Minneapolis-St. Paul-Bloomington, MN-WI",0.1741,0.2868,0.76,,57106.0,41025.17158218187,1.39,"Lower Access, Medium Earnings"
173911,South Central College,Minnesota,Professions-focused Associate Large/Medium,0,1,31860,"Mankato, MN",0.4362,0.2829,2.41,,44025.0,37805.46203957884,1.16,"Higher Access, Medium Earnings"
173920,Minnesota State University-Mankato,Minnesota,Professions-focused Undergraduate/Graduate-Master's Large/Medium,1,0,31860,"Mankato, MN",0.2285,0.1747,1.24,,53926.0,38077.93268374891,1.42,"Higher Access, Medium Earnings"
173957,Mayo Clinic College of Medicine and Science,Minnesota,Special Focus: Medical Schools and Centers,0,0,40340,"Rochester, MN",0.0075,0.1772,,,73850.0,,,Not Classified in SAEC
174020,Metropolitan State University,Minnesota,Professions-focused Undergraduate/Graduate-Master's Large/Medium,1,0,33460,"Minneapolis-St. Paul-Bloomington, MN-WI",0.4719,0.4291,2.58,,59836.0,45922.484338253365,1.3,"Higher Access, Medium Earnings"
174066,University of Minnesota-Twin Cities,Minnesota,Mixed Undergraduate/Graduate-Doctorate Large,0,0,33460,"Minneapolis-St. Paul-Bloomington, MN-WI",0.2166,0.2069,1.1,,63477.0,43458.009462298294,1.46,"Higher Access, Medium Earnings"
174075,University of Minnesota-Crookston,Minnesota,Professions-focused Baccalaureate Small,1,0,24220,"Grand Forks, ND-MN",0.2968,0.1889,1.06,,55896.0,38645.80251876466,1.45,"Higher Access, Medium Earnings"
174127,Minneapolis College of Art and Design,Minnesota,"Special Focus: Arts, Music, and Design",0,0,33460,"Minneapolis-St. Paul-Bloomington, MN-WI",0.4093,0.2504,1.45,,39565.0,40844.84885800149,0.97,"Higher Access, Lower Earnings"
174136,Minneapolis Community and Technical College,Minnesota,Professions-focused Associate Large/Medium,0,1,33460,"Minneapolis-St. Paul-Bloomington, MN-WI",0.527,0.608,3.27,,36022.0,41662.09106992183,0.86,"Higher Access, Lower Earnings"
174154,Herzing University-Minneapolis,Minnesota,Special Focus: Nursing,0,0,33460,"Minneapolis-St. Paul-Bloomington, MN-WI",0.5186,0.4167,2.71,,38007.0,42818.229958391115,0.89,"Higher Access, Lower Earnings"
174233,University of Minnesota-Duluth,Minnesota,Mixed Undergraduate/Graduate-Master's Large/Medium,1,0,20260,"Duluth, MN-WI",0.2071,0.1106,1.07,,57662.0,37120.9390831213,1.55,"Opportunity Colleges and Universities – Higher Access, Higher Earnings"
174251,University of Minnesota-Morris,Minnesota,Special Focus: Arts and Sciences,1,0,-2,Minnesota -- Not in metropolitan statistical area,0.3213,0.428,2.49,,48133.0,37073.395692555874,1.3,"Higher Access, Medium Earnings"
174358,Minnesota State University Moorhead,Minnesota,Professions-focused Undergraduate/Graduate-Master's Large/Medium,1,0,22020,"Fargo, ND-MN",0.2946,0.1601,1.27,,47860.0,43037.52076340838,1.11,"Higher Access, Medium Earnings"
174376,North Hennepin Community College,Minnesota,Mixed Associate Medium,0,1,33460,"Minneapolis-St. Paul-Bloomington, MN-WI",0.4385,0.4849,2.69,,46360.0,45185.355787034445,1.03,"Higher Access, Medium Earnings"
174428,Normandale Community College,Minnesota,Mixed Associate Medium,0,1,33460,"Minneapolis-St. Paul-Bloomington, MN-WI",0.4323,0.4751,2.63,,46647.0,46397.44164263401,1.01,"Higher Access, Medium Earnings"
174437,North Central University,Minnesota,Professions-focused Baccalaureate Small,0,0,33460,"Minneapolis-St. Paul-Bloomington, MN-WI",0.4576,0.3118,1.56,,41804.0,40775.78126433081,1.03,"Higher Access, Medium Earnings"
174473,Northland Community and Technical College,Minnesota,Professions-focused Associate Small,0,1,-2,Minnesota -- Not in metropolitan statistical area,0.3604,0.2148,1.67,,44219.0,40397.711363951974,1.09,"Higher Access, Medium Earnings"
174491,University of Northwestern-St Paul,Minnesota,Mixed Baccalaureate,0,0,33460,"Minneapolis-St. Paul-Bloomington, MN-WI",0.3148,0.1579,1.18,,50059.0,44351.30954056929,1.13,"Higher Access, Medium Earnings"
174507,Northwestern Health Sciences University,Minnesota,Special Focus: Other Health Professions,0,0,33460,"Minneapolis-St. Paul-Bloomington, MN-WI",0.2863,0.25,1.32,,48409.0,45822.31645569621,1.06,"Higher Access, Medium Earnings"
174525,Oak Hills Christian College,Minnesota,Special Focus: Theological Studies,0,0,13420,"Bemidji, MN",0.5111,0.3137,,,32633.0,,,Not Classified in SAEC
174570,Pine Technical & Community College,Minnesota,Professions-focused Associate Small,0,1,-2,Minnesota -- Not in metropolitan statistical area,0.4698,0.1462,1.79,,41656.0,39604.03614036429,1.05,"Higher Access, Medium Earnings"
174738,Rochester Community and Technical College,Minnesota,Professions-focused Associate Large/Medium,0,1,40340,"Rochester, MN",0.4127,0.3049,2.41,,43764.0,46655.82040133882,0.94,"Higher Access, Lower Earnings"
174747,College of Saint Benedict,Minnesota,Special Focus: Arts and Sciences,0,0,41060,"St. Cloud, MN",0.1888,0.1353,0.83,,60025.0,45377.6616549404,1.32,"Lower Access, Medium Earnings"
174756,St Cloud Technical and Community College,Minnesota,Professions-focused Associate Large/Medium,0,1,41060,"St. Cloud, MN",0.4319,0.3062,2.31,,45943.0,40791.61596809111,1.13,"Higher Access, Medium Earnings"
174783,Saint Cloud State University,Minnesota,Mixed Undergraduate/Graduate-Master's Large/Medium,1,0,41060,"St. Cloud, MN",0.322,0.2326,1.63,,51694.0,40803.252893320496,1.27,"Higher Access, Medium Earnings"
174792,Saint Johns University,Minnesota,Mixed Baccalaureate,0,0,41060,"St. Cloud, MN",0.1835,0.1296,0.79,,68170.0,44886.05018384302,1.52,"Lower Access, Higher Earnings"
174817,Saint Mary's University of Minnesota,Minnesota,Professions-focused Undergraduate/Graduate-Doctorate Medium,0,0,49100,"Winona, MN",0.2248,0.2409,1.11,,58719.0,40039.86403259191,1.47,"Higher Access, Medium Earnings"
174844,St Olaf College,Minnesota,Special Focus: Arts and Sciences,0,0,22060,"Faribault-Northfield, MN",0.2024,0.1826,0.8,,56797.0,43354.49551696602,1.31,"Lower Access, Medium Earnings"
174862,Crown College,Minnesota,Professions-focused Undergraduate/Graduate-Master's Small,0,0,33460,"Minneapolis-St. Paul-Bloomington, MN-WI",0.4042,0.2164,1.24,,42807.0,42934.0364316878,1.0,"Higher Access, Medium Earnings"
174899,The College of Saint Scholastica,Minnesota,Professions-focused Undergraduate/Graduate-Doctorate Medium,0,0,20260,"Duluth, MN-WI",0.2415,0.1326,0.95,,64743.0,44356.892995466034,1.46,"Lower Access, Medium Earnings"
174914,University of St Thomas,Minnesota,Mixed Undergraduate/Graduate-Doctorate Medium,0,0,33460,"Minneapolis-St. Paul-Bloomington, MN-WI",0.1968,0.2037,1.09,,70906.0,44511.16530016849,1.59,"Opportunity Colleges and Universities – Higher Access, Higher Earnings"
175005,St Catherine University,Minnesota,Special Focus: Other Health Professions,0,0,33460,"Minneapolis-St. Paul-Bloomington, MN-WI",0.3661,0.3442,1.88,,57610.0,42801.02751330513,1.35,"Opportunity Colleges and Universities – Higher Access, Higher Earnings"
175014,Rasmussen University-Minnesota,Minnesota,Special Focus: Nursing,0,1,41060,"St. Cloud, MN",0.5112,0.4755,3.42,,41304.0,39527.04815644074,1.04,"Higher Access, Medium Earnings"
175041,Saint Paul College,Minnesota,Mixed Associate Medium,0,1,33460,"Minneapolis-St. Paul-Bloomington, MN-WI",0.5673,0.5586,3.25,,37105.0,41814.26724932611,0.89,"Higher Access, Lower Earnings"
175078,Southwest Minnesota State University,Minnesota,Professions-focused Undergraduate/Graduate-Master's Large/Medium,1,0,32140,"Marshall, MN",0.3599,0.2214,1.28,,48039.0,42720.8874220134,1.12,"Higher Access, Medium Earnings"
175139,United Theological Seminary of the Twin Cities,Minnesota,Special Focus: Theological Studies,0,0,33460,"Minneapolis-St. Paul-Bloomington, MN-WI",0.0,,,,,,,Not Classified in SAEC
175227,Dunwoody College of Technology,Minnesota,Special Focus: Applied and Career Studies,0,1,33460,"Minneapolis-St. Paul-Bloomington, MN-WI",0.2946,0.1996,1.39,,58506.0,47257.051201604,1.24,"Higher Access, Medium Earnings"
175236,Ridgewater College,Minnesota,Professions-focused Associate Small,0,1,48820,"Willmar, MN",0.4478,0.2124,1.45,,43677.0,41471.754926383306,1.05,"Higher Access, Medium Earnings"
175263,Minnesota State College Southeast,Minnesota,Professions-focused Associate Small,0,1,49100,"Winona, MN",0.3897,0.1463,1.58,,41678.0,37232.41965668756,1.12,"Higher Access, Medium Earnings"
175272,Winona State University,Minnesota,Professions-focused Undergraduate/Graduate-Master's Large/Medium,1,0,49100,"Winona, MN",0.2415,0.1203,1.15,,55462.0,37899.24310853209,1.46,"Higher Access, Medium Earnings"
175281,Mitchell Hamline School of Law,Minnesota,Special Focus: Law,0,0,33460,"Minneapolis-St. Paul-Bloomington, MN-WI",0.0,,,,,,,Not Classified in SAEC
175315,Century College,Minnesota,Professions-focused Associate Large/Medium,0,1,33460,"Minneapolis-St. Paul-Bloomington, MN-WI",0.425,0.3018,2.04,,44419.0,46283.00137894144,0.96,"Higher Access, Lower Earnings"
175342,Alcorn State University,Mississippi,Special Focus: Arts and Sciences,1,0,-2,Mississippi -- Not in metropolitan statistical area,0.8029,0.9706,2.38,,32667.0,20971.15815564892,1.56,"Opportunity Colleges and Universities – Higher Access, Higher Earnings"
175421,Belhaven University,Mississippi,Professions-focused Undergraduate/Graduate-Doctorate Medium,0,0,27140,"Jackson, MS",0.4708,0.5924,1.43,,42414.0,31114.475959311352,1.36,"Higher Access, Medium Earnings"
175430,Blue Mountain Christian University,Mississippi,Professions-focused Baccalaureate Small,0,0,-2,Mississippi -- Not in metropolitan statistical area,0.4333,0.2519,0.9,,37321.0,32826.381440129844,1.14,"Lower Access, Medium Earnings"
175519,Coahoma Community College,Mississippi,Professions-focused Associate Small,0,1,17260,"Clarksdale, MS",0.7666,0.9548,1.29,,23980.0,21822.778082487665,1.1,"Higher Access, Medium Earnings"
175573,Copiah-Lincoln Community College,Mississippi,Professions-focused Associate Small,0,1,27140,"Jackson, MS",0.5449,0.4508,1.19,,30678.0,31627.692170005063,0.97,"Higher Access, Lower Earnings"
175616,Delta State University,Mississippi,Professions-focused Undergraduate/Graduate-Master's Small,1,0,17380,"Cleveland, MS",0.5003,0.4307,0.9,,38771.0,29586.832734462132,1.31,"Lower Access, Medium Earnings"
175643,East Central Community College,Mississippi,Mixed Associate Small,0,1,-2,Mississippi -- Not in metropolitan statistical area,0.6107,0.4869,1.42,,31157.0,25958.776249016813,1.2,"Higher Access, Medium Earnings"
175652,East Mississippi Community College,Mississippi,Professions-focused Associate Large/Medium,0,1,-2,Mississippi -- Not in metropolitan statistical area,0.5732,0.5247,1.45,,29910.0,24712.693459900063,1.21,"Higher Access, Medium Earnings"
175786,Hinds Community College,Mississippi,Mixed Associate Medium,0,1,27140,"Jackson, MS",0.5474,0.7039,1.47,,28537.0,29298.005782384764,0.97,"Higher Access, Lower Earnings"
175810,Holmes Community College,Mississippi,Professions-focused Associate Large/Medium,0,1,27140,"Jackson, MS",0.5327,0.5318,1.26,,30091.0,30806.34146839246,0.98,"Higher Access, Lower Earnings"
175829,Itawamba Community College,Mississippi,Professions-focused Associate Large/Medium,0,1,46180,"Tupelo, MS",0.5614,0.358,1.53,,32960.0,32114.752883075238,1.03,"Higher Access, Medium Earnings"
175856,Jackson State University,Mississippi,Mixed Undergraduate/Graduate-Doctorate Medium,1,0,27140,"Jackson, MS",0.6869,0.9801,2.32,,34769.0,26245.218561692076,1.32,"Higher Access, Medium Earnings"
175883,Jones County Junior College,Mississippi,Mixed Associate Medium,0,1,29860,"Laurel, MS",0.4747,0.3961,1.13,,31091.0,28652.48984366336,1.09,"Higher Access, Medium Earnings"
175935,Meridian Community College,Mississippi,Professions-focused Associate Large/Medium,0,1,32940,"Meridian, MS",0.4887,0.5586,1.19,,31184.0,27876.640853450932,1.12,"Higher Access, Medium Earnings"
175980,Millsaps College,Mississippi,Special Focus: Arts and Sciences,0,0,27140,"Jackson, MS",0.3591,0.3452,0.93,,54296.0,35520.667125660606,1.53,"Lower Access, Higher Earnings"
176008,Mississippi Delta Community College,Mississippi,Professions-focused Associate Small,0,1,-2,Mississippi -- Not in metropolitan statistical area,0.6224,0.6693,1.73,,26440.0,22983.70518935505,1.15,"Higher Access, Medium Earnings"
176017,University of Mississippi,Mississippi,Professions-focused Undergraduate/Graduate-Doctorate Large,0,0,37060,"Oxford, MS",0.226,0.1958,0.58,,48889.0,34793.15705475393,1.41,"Lower Access, Medium Earnings"
176035,Mississippi University for Women,Mississippi,Special Focus: Nursing,1,0,18060,"Columbus, MS",0.5085,0.4429,1.18,,44664.0,32211.40555294167,1.39,"Opportunity Colleges and Universities – Higher Access, Higher Earnings"
176044,Mississippi Valley State University,Mississippi,Professions-focused Undergraduate/Graduate-Master's Small,1,0,24900,"Greenwood, MS",0.8248,0.9756,1.85,,29820.0,23442.550529884917,1.27,"Higher Access, Medium Earnings"
176053,Mississippi College,Mississippi,Professions-focused Undergraduate/Graduate-Doctorate Medium,0,0,27140,"Jackson, MS",0.2986,0.2687,0.75,,45878.0,31669.874506940145,1.45,"Lower Access, Medium Earnings"
176071,Mississippi Gulf Coast Community College,Mississippi,Professions-focused Associate Large/Medium,0,1,25060,"Gulfport-Biloxi, MS",0.5092,0.4013,1.32,,30516.0,28184.939556394624,1.08,"Higher Access, Medium Earnings"
176080,Mississippi State University,Mississippi,Mixed Undergraduate/Graduate-Doctorate Large,0,0,44260,"Starkville, MS",0.2877,0.2364,0.71,,46795.0,31606.377710016488,1.48,"Lower Access, Medium Earnings"
176169,Northeast Mississippi Community College,Mississippi,Mixed Associate Medium,0,1,46180,"Tupelo, MS",0.6894,0.285,1.54,,31334.0,33040.66323723718,0.95,"Higher Access, Lower Earnings"
176178,Northwest Mississippi Community College,Mississippi,Mixed Associate Medium,0,1,32820,"Memphis, TN-MS-AR",0.4517,0.449,1.03,,34401.0,34518.06120337289,1.0,"Higher Access, Medium Earnings"
176239,Pearl River Community College,Mississippi,Mixed Associate Medium,0,1,38100,"Picayune, MS",0.5637,0.3689,1.65,,31344.0,30502.10677763453,1.03,"Higher Access, Medium Earnings"
176318,Rust College,Mississippi,Professions-focused Baccalaureate Small,0,0,32820,"Memphis, TN-MS-AR",0.7157,0.9744,2.58,,26918.0,25209.46269849196,1.07,"Higher Access, Medium Earnings"
176336,Southeastern Baptist College,Mississippi,Special Focus: Business,0,1,29860,"Laurel, MS",0.7054,0.5182,1.66,,24870.0,28198.77192982456,0.88,"Higher Access, Lower Earnings"
176354,Southwest Mississippi Community College,Mississippi,Mixed Associate Small,0,1,32620,"McComb, MS",0.6162,0.5197,1.07,,29770.0,28621.916922721466,1.04,"Higher Access, Medium Earnings"
176372,University of Southern Mississippi,Mississippi,Professions-focused Undergraduate/Graduate-Doctorate Medium,1,0,25620,"Hattiesburg, MS",0.4709,0.3838,1.18,,40972.0,28451.64765755309,1.44,"Higher Access, Medium Earnings"
176406,Tougaloo College,Mississippi,Special Focus: Arts and Sciences,0,0,27140,"Jackson, MS",0.7808,0.9944,2.28,,31934.0,22611.21872699906,1.41,"Higher Access, Medium Earnings"
176451,Wesley Biblical Seminary,Mississippi,Special Focus: Theological Studies,0,0,27140,"Jackson, MS",0.0,0.3704,,,,,,Not Classified in SAEC
176479,William Carey University,Mississippi,Professions-focused Undergraduate/Graduate-Doctorate Medium,0,0,25620,"Hattiesburg, MS",0.4565,0.3695,1.05,,41079.0,29350.043325777926,1.4,"Higher Access, Medium Earnings"
176600,Aquinas Institute of Theology,Missouri,Special Focus: Theological Studies,0,0,41180,"St. Louis, MO-IL",0.0,,,,,,,Not Classified in SAEC
176628,Avila University,Missouri,Professions-focused Undergraduate/Graduate-Master's Small,0,0,28140,"Kansas City, MO-KS",0.5123,0.5116,1.92,,50961.0,34752.75814211831,1.47,"Higher Access, Medium Earnings"
176664,Mission University,Missouri,Special Focus: Theological Studies,0,0,44180,"Springfield, MO",0.4891,0.1169,,,34193.0,,,Not Classified in SAEC
176770,Cox College,Missouri,Special Focus: Nursing,0,1,44180,"Springfield, MO",0.3491,0.1112,1.16,,56602.0,31624.91746148873,1.79,"Opportunity Colleges and Universities – Higher Access, Higher Earnings"
176789,Calvary University,Missouri,Professions-focused Baccalaureate Small,0,0,28140,"Kansas City, MO-KS",0.3649,0.1835,0.95,,36121.0,37084.15099147003,0.97,"Lower Access, Lower Earnings"
176910,Central Christian College of the Bible,Missouri,Special Focus: Theological Studies,0,0,33620,"Moberly, MO",0.549,0.2614,,,35739.0,,,Not Classified in SAEC
176947,Central Methodist University-College of Liberal Arts and Sciences,Missouri,Professions-focused Baccalaureate Small,0,0,17860,"Columbia, MO",0.3708,0.2942,1.19,,46676.0,35669.98621478874,1.31,"Higher Access, Medium Earnings"
176965,University of Central Missouri,Missouri,Professions-focused Undergraduate/Graduate-Master's Large/Medium,1,0,47660,"Warrensburg, MO",0.3191,0.2078,1.43,,45855.0,31558.12198951322,1.45,"Higher Access, Medium Earnings"
177038,Cleveland University-Kansas City,Kansas,Special Focus: Other Health Professions,0,0,28140,"Kansas City, MO-KS",0.5667,0.227,1.54,,53940.0,34178.732954545456,1.58,"Opportunity Colleges and Universities – Higher Access, Higher Earnings"
177065,Columbia College,Missouri,Professions-focused Baccalaureate Medium,0,0,17860,"Columbia, MO",0.4588,0.445,1.63,,41679.0,33775.334156515746,1.23,"Higher Access, Medium Earnings"
177083,Conception Seminary College,Missouri,Special Focus: Theological Studies,0,0,32340,"Maryville, MO",0.1154,0.3704,,,41051.0,,,Not Classified in SAEC
177092,Concordia Seminary,Missouri,Special Focus: Theological Studies,0,0,41180,"St. Louis, MO-IL",0.0,,,,,,,Not Classified in SAEC
177117,Cottey College,Missouri,Special Focus: Arts and Sciences,0,0,-2,Missouri -- Not in metropolitan statistical area,0.4534,0.2339,1.15,,37043.0,38537.22409838154,0.96,"Higher Access, Lower Earnings"
177126,Covenant Theological Seminary,Missouri,Special Focus: Theological Studies,0,0,41180,"St. Louis, MO-IL",0.0,,,,,,,Not Classified in SAEC
177135,Crowder College,Missouri,Professions-focused Associate Large/Medium,0,1,27900,"Joplin, MO-KS",0.5166,0.2341,1.45,,33996.0,29259.97782431262,1.16,"Higher Access, Medium Earnings"
177144,Culver-Stockton College,Missouri,Professions-focused Baccalaureate Small,0,0,39500,"Quincy, IL-MO",0.3753,0.2783,1.1,,48917.0,37766.17376209209,1.3,"Higher Access, Medium Earnings"
177214,Drury University,Missouri,Mixed Baccalaureate,0,0,44180,"Springfield, MO",0.2732,0.1122,0.69,,39507.0,36149.39398309313,1.09,"Lower Access, Medium Earnings"
177250,East Central College,Missouri,Mixed Associate Small,0,1,41180,"St. Louis, MO-IL",0.5034,0.0903,1.16,,34643.0,42685.95336855362,0.81,"Higher Access, Lower Earnings"
177278,Eden Theological Seminary,Missouri,Special Focus: Theological Studies,0,0,41180,"St. Louis, MO-IL",0.0,,,,,,,Not Classified in SAEC
177302,Pinnacle Career Institute,Missouri,Special Focus: Applied and Career Studies,0,1,28140,"Kansas City, MO-KS",0.688,0.4473,1.97,,32099.0,36888.356710680295,0.87,"Higher Access, Lower Earnings"
177339,Evangel University,Missouri,Professions-focused Undergraduate/Graduate-Doctorate Small,0,0,44180,"Springfield, MO",0.3612,0.1904,0.96,,41521.0,37411.504448754975,1.11,"Lower Access, Medium Earnings"
177418,Fontbonne University,Missouri,Professions-focused Undergraduate/Graduate-Master's Small,0,0,41180,"St. Louis, MO-IL",0.491,0.3338,1.6,,48035.0,35457.75821714245,1.35,"Higher Access, Medium Earnings"
177472,Ozarks Technical Community College,Missouri,Professions-focused Associate Large/Medium,0,1,44180,"Springfield, MO",0.5091,0.177,1.73,,33954.0,31501.065627193573,1.08,"Higher Access, Medium Earnings"
177542,Hannibal-LaGrange University,Missouri,Professions-focused Baccalaureate Small,0,0,25300,"Hannibal, MO",0.3317,0.1799,0.98,,43436.0,37955.27748655383,1.14,"Lower Access, Medium Earnings"
177551,Harris-Stowe State University,Missouri,Special Focus: Arts and Sciences,1,0,41180,"St. Louis, MO-IL",0.7328,0.9594,3.14,,30944.0,29324.0579538003,1.06,"Higher Access, Medium Earnings"
177676,Jefferson College,Missouri,Mixed Associate Medium,0,1,41180,"St. Louis, MO-IL",0.4304,0.0967,1.04,,36508.0,42199.56453721972,0.87,"Higher Access, Lower Earnings"
177719,Barnes-Jewish College Goldfarb School of Nursing,Missouri,Special Focus: Nursing,0,0,41180,"St. Louis, MO-IL",0.2458,0.2052,,,75389.0,,,Not Classified in SAEC
177746,Kansas City Art Institute,Missouri,"Special Focus: Arts, Music, and Design",0,0,28140,"Kansas City, MO-KS",0.419,0.3087,1.29,,34132.0,35957.6651645768,0.95,"Higher Access, Lower Earnings"
177816,Kenrick Glennon Seminary,Missouri,Special Focus: Theological Studies,0,0,41180,"St. Louis, MO-IL",0.0,,,,,,,Not Classified in SAEC
177834,A T Still University of Health Sciences,Missouri,Special Focus: Medical Schools and Centers,0,0,28860,"Kirksville, MO",0.0,,,,,,,Not Classified in SAEC
177940,Lincoln University,Missouri,Professions-focused Baccalaureate Small,1,0,27620,"Jefferson City, MO",0.5865,0.7103,3.05,,36168.0,33691.06146155724,1.07,"Higher Access, Medium Earnings"
177968,Lindenwood University,Missouri,Professions-focused Undergraduate/Graduate-Doctorate Medium,0,0,41180,"St. Louis, MO-IL",0.3002,0.2658,1.03,,49353.0,35539.39896351341,1.39,"Higher Access, Medium Earnings"
177977,State Technical College of Missouri,Missouri,Special Focus: Applied and Career Studies,0,1,27620,"Jefferson City, MO",0.3315,0.0608,0.84,,52921.0,36351.869106499726,1.46,"Lower Access, Higher Earnings"
177986,Logan University,Missouri,Special Focus: Other Health Professions,0,0,41180,"St. Louis, MO-IL",0.4306,0.2361,,,52430.0,,,Not Classified in SAEC
177995,Metropolitan Community College-Kansas City,Missouri,Mixed Associate Medium,0,1,28140,"Kansas City, MO-KS",0.3696,0.3973,1.58,,37559.0,41187.39502006036,0.91,"Higher Access, Lower Earnings"
178059,Maryville University of Saint Louis,Missouri,Professions-focused Undergraduate/Graduate-Doctorate Medium,0,0,41180,"St. Louis, MO-IL",0.3572,0.2928,1.21,,59194.0,36715.49850684168,1.61,"Opportunity Colleges and Universities – Higher Access, Higher Earnings"
178183,Midwest Institute,Missouri,Professions-focused Associate Small,0,1,41180,"St. Louis, MO-IL",0.4167,0.4036,1.69,,35662.0,39148.002444987775,0.91,"Higher Access, Lower Earnings"
178208,Midwestern Baptist Theological Seminary,Missouri,Special Focus: Theological Studies,0,0,28140,"Kansas City, MO-KS",0.3549,0.1622,,,39745.0,,,Not Classified in SAEC
178217,Mineral Area College,Missouri,Mixed Associate Small,0,1,22100,"Farmington, MO",0.4735,0.0738,0.94,,32975.0,26928.081285305794,1.22,"Lower Access, Medium Earnings"
178244,Missouri Baptist University,Missouri,Professions-focused Undergraduate/Graduate-Master's Large/Medium,0,0,41180,"St. Louis, MO-IL",0.3681,0.1933,1.02,,42247.0,34727.66268816413,1.22,"Higher Access, Medium Earnings"
178341,Missouri Southern State University,Missouri,Professions-focused Baccalaureate Medium,1,0,27900,"Joplin, MO-KS",0.4364,0.2462,1.29,,42477.0,29824.148223754903,1.42,"Higher Access, Medium Earnings"
178369,Missouri Valley College,Missouri,Professions-focused Baccalaureate Small,0,0,32180,"Marshall, MO",0.3611,0.48,1.37,,40071.0,35044.22462580843,1.14,"Higher Access, Medium Earnings"
178387,Missouri Western State University,Missouri,Professions-focused Baccalaureate Medium,1,0,41140,"St. Joseph, MO-KS",0.4117,0.265,1.47,,40961.0,31914.993345787952,1.28,"Higher Access, Medium Earnings"
178396,University of Missouri-Columbia,Missouri,Professions-focused Undergraduate/Graduate-Doctorate Large,0,0,17860,"Columbia, MO",0.2057,0.1633,0.7,,58213.0,37511.32014212041,1.55,"Lower Access, Higher Earnings"
178402,University of Missouri-Kansas City,Missouri,Mixed Undergraduate/Graduate-Doctorate Medium,1,0,28140,"Kansas City, MO-KS",0.3925,0.3575,1.5,,53412.0,39876.981027682545,1.34,"Higher Access, Medium Earnings"
178411,Missouri University of Science and Technology,Missouri,"Special Focus: Technology, Engineering, and Sciences",0,0,40620,"Rolla, MO",0.2092,0.1229,0.63,,75241.0,36682.5601936359,2.05,"Lower Access, Higher Earnings"
178420,University of Missouri-St Louis,Missouri,Mixed Undergraduate/Graduate-Doctorate Medium,1,0,41180,"St. Louis, MO-IL",0.4094,0.2897,1.39,,51418.0,39661.143397473345,1.3,"Higher Access, Medium Earnings"
178448,Moberly Area Community College,Missouri,Mixed Associate Medium,0,1,33620,"Moberly, MO",0.3629,0.2128,1.31,,35323.0,28099.72507987649,1.26,"Opportunity Colleges and Universities – Higher Access, Higher Earnings"
178518,Nazarene Theological Seminary,Missouri,Special Focus: Theological Studies,0,0,28140,"Kansas City, MO-KS",0.0,,,,,,,Not Classified in SAEC
178615,Truman State University,Missouri,Special Focus: Arts and Sciences,1,0,28860,"Kirksville, MO",0.1897,0.1061,0.75,,48947.0,36814.28442422317,1.33,"Lower Access, Medium Earnings"
178624,Northwest Missouri State University,Missouri,Professions-focused Undergraduate/Graduate-Master's Large/Medium,1,0,32340,"Maryville, MO",0.3095,0.1411,1.27,,44756.0,36753.20696357438,1.22,"Higher Access, Medium Earnings"
178679,Ozark Christian College,Missouri,Special Focus: Theological Studies,0,0,27900,"Joplin, MO-KS",0.3939,0.1369,,,35679.0,,,Not Classified in SAEC
178697,College of the Ozarks,Missouri,Professions-focused Baccalaureate Small,0,0,14700,"Branson, MO",0.4364,0.1007,0.88,,40008.0,36105.90546537662,1.11,"Lower Access, Medium Earnings"
178721,Park University,Missouri,Professions-focused Undergraduate/Graduate-Master's Large/Medium,0,0,28140,"Kansas City, MO-KS",0.3972,0.54,1.49,,55055.0,33914.55645312165,1.62,"Opportunity Colleges and Universities – Higher Access, Higher Earnings"
178767,Stevens-The Institute of Business & Arts,Missouri,Special Focus: Business,0,0,41180,"St. Louis, MO-IL",0.7701,0.6288,2.6,,29806.0,30104.74082747853,0.99,"Higher Access, Lower Earnings"
178891,Ranken Technical College,Missouri,Special Focus: Applied and Career Studies,0,1,41180,"St. Louis, MO-IL",0.4171,0.2849,1.38,,51427.0,39073.91738482307,1.32,"Opportunity Colleges and Universities – Higher Access, Higher Earnings"
178989,Research College of Nursing,Missouri,Special Focus: Nursing,0,0,28140,"Kansas City, MO-KS",0.1762,0.2178,,,79903.0,,,Not Classified in SAEC
179043,Rockhurst University,Missouri,Professions-focused Undergraduate/Graduate-Doctorate Medium,0,0,28140,"Kansas City, MO-KS",0.2841,0.3109,1.23,,65635.0,36058.5487284806,1.82,"Opportunity Colleges and Universities – Higher Access, Higher Earnings"
179159,Saint Louis University,Missouri,Professions-focused Undergraduate/Graduate-Doctorate Medium,0,0,41180,"St. Louis, MO-IL",0.2234,0.2399,0.82,,66316.0,38964.49390212358,1.7,"Lower Access, Higher Earnings"
179265,University of Health Sciences and Pharmacy in St. Louis,Missouri,Special Focus: Other Health Professions,0,0,41180,"St. Louis, MO-IL",0.2879,0.2253,0.87,,130493.0,39396.96737337427,3.31,"Lower Access, Higher Earnings"
179308,Saint Louis Community College,Missouri,Mixed Associate Large,0,1,41180,"St. Louis, MO-IL",0.3732,0.4615,1.75,,32078.0,36720.92240460545,0.87,"Higher Access, Lower Earnings"
179317,Saint Paul School of Theology,Kansas,Special Focus: Theological Studies,0,0,28140,"Kansas City, MO-KS",0.0,,,,,,,Not Classified in SAEC
179326,Southwest Baptist University,Missouri,Professions-focused Undergraduate/Graduate-Doctorate Small,0,0,44180,"Springfield, MO",0.4373,0.1406,0.97,,42382.0,35676.68905158778,1.19,"Lower Access, Medium Earnings"
179344,Missouri State University-West Plains,Missouri,Professions-focused Associate Small,0,1,48460,"West Plains, MO",0.5268,0.0956,1.14,,33978.0,25914.473527389997,1.31,"Opportunity Colleges and Universities – Higher Access, Higher Earnings"
179539,State Fair Community College,Missouri,Mixed Associate Medium,0,1,42740,"Sedalia, MO",0.5008,0.2017,1.48,,33698.0,33428.29849205774,1.01,"Higher Access, Medium Earnings"
179548,Stephens College,Missouri,Professions-focused Undergraduate/Graduate-Master's Small,0,0,17860,"Columbia, MO",0.4182,0.2601,1.19,,41996.0,35923.13229441381,1.17,"Higher Access, Medium Earnings"
179557,Southeast Missouri State University,Missouri,Professions-focused Undergraduate/Graduate-Master's Large/Medium,1,0,16020,"Cape Girardeau, MO-IL",0.3548,0.1705,1.13,,42027.0,33351.04084464111,1.26,"Higher Access, Medium Earnings"
179566,Missouri State University-Springfield,Missouri,Professions-focused Undergraduate/Graduate-Doctorate Large,1,0,44180,"Springfield, MO",0.2944,0.1371,1.0,,45032.0,32166.170574635657,1.4,"Higher Access, Medium Earnings"
179645,Three Rivers College,Missouri,Professions-focused Associate Small,0,1,38740,"Poplar Bluff, MO",0.6694,0.1621,1.32,,30781.0,27677.309800514176,1.11,"Higher Access, Medium Earnings"
179715,North Central Missouri College,Missouri,Professions-focused Associate Small,0,1,-2,Missouri -- Not in metropolitan statistical area,0.5301,0.1017,1.29,,37606.0,29062.133166450894,1.29,"Opportunity Colleges and Universities – Higher Access, Higher Earnings"
179812,Kansas City University,Missouri,Special Focus: Medical Schools and Centers,0,0,28140,"Kansas City, MO-KS",0.0,,,,,,,Not Classified in SAEC
179867,Washington University in St Louis,Missouri,Mixed Undergraduate/Graduate-Doctorate Medium,0,0,41180,"St. Louis, MO-IL",0.1651,0.3043,0.72,,81347.0,40336.707342771144,2.02,"Lower Access, Higher Earnings"
179894,Webster University,Missouri,Mixed Undergraduate/Graduate-Doctorate Medium,0,0,41180,"St. Louis, MO-IL",0.2833,0.2957,1.09,,46628.0,35809.650029718665,1.3,"Higher Access, Medium Earnings"
179946,Westminster College,Missouri,Mixed Baccalaureate,0,0,27620,"Jefferson City, MO",0.398,0.1842,1.07,,48149.0,35932.56289364652,1.34,"Higher Access, Medium Earnings"
179955,William Jewell College,Missouri,Professions-focused Baccalaureate Small,0,0,28140,"Kansas City, MO-KS",0.2791,0.31,1.14,,59150.0,36709.345987204535,1.61,"Opportunity Colleges and Universities – Higher Access, Higher Earnings"
179964,William Woods University,Missouri,Professions-focused Undergraduate/Graduate-Doctorate Small,0,0,27620,"Jefferson City, MO",0.317,0.2343,1.03,,42138.0,37541.78001348757,1.12,"Higher Access, Medium Earnings"
180054,Blackfeet Community College,Montana,Professions-focused Associate Small,0,1,-2,Montana -- Not in metropolitan statistical area,0.7982,0.9387,4.7,,24748.0,16622.258323765785,1.49,"Opportunity Colleges and Universities – Higher Access, Higher Earnings"
180081,Highlands College of Montana Tech,Montana,Special Focus: Applied and Career Studies,0,1,15580,"Butte-Silver Bow, MT",0.3168,0.1288,1.03,,52895.0,28195.540216020174,1.88,"Opportunity Colleges and Universities – Higher Access, Higher Earnings"
180106,Carroll College,Montana,Professions-focused Baccalaureate Small,0,0,25740,"Helena, MT",0.1829,0.1262,0.61,,56040.0,37213.28175202958,1.51,"Lower Access, Higher Earnings"
180151,Dawson Community College,Montana,Mixed Associate Small,0,1,-2,Montana -- Not in metropolitan statistical area,0.4939,0.1864,1.16,,34533.0,34648.59180971714,1.0,"Higher Access, Medium Earnings"
180160,Chief Dull Knife College,Montana,Mixed Associate Small,0,1,-2,Montana -- Not in metropolitan statistical area,0.3417,0.981,4.16,,20094.0,17455.14693877551,1.15,"Higher Access, Medium Earnings"
180179,Montana State University Billings,Montana,Professions-focused Baccalaureate Medium,1,0,13740,"Billings, MT",0.3505,0.2067,1.42,,43272.0,37815.01769359515,1.14,"Higher Access, Medium Earnings"
180197,Flathead Valley Community College,Montana,Mixed Associate Small,0,1,28060,"Kalispell, MT",0.3214,0.1085,1.07,,35738.0,33194.664758819505,1.08,"Higher Access, Medium Earnings"
180203,Aaniiih Nakoda College,Montana,Professions-focused Associate Small,0,1,-2,Montana -- Not in metropolitan statistical area,0.7391,0.929,4.57,,26949.0,17654.58717948718,1.53,"Opportunity Colleges and Universities – Higher Access, Higher Earnings"
180212,Fort Peck Community College,Montana,Professions-focused Associate Small,0,1,-2,Montana -- Not in metropolitan statistical area,0.2496,0.7765,3.09,,25990.0,19452.398527865404,1.34,"Opportunity Colleges and Universities – Higher Access, Higher Earnings"
180249,Great Falls College Montana State University,Montana,Special Focus: Other Health Professions,0,1,24500,"Great Falls, MT",0.4619,0.224,1.45,,36005.0,33733.646317229155,1.07,"Higher Access, Medium Earnings"
180258,University of Providence,Montana,Special Focus: Other Health Professions,0,0,24500,"Great Falls, MT",0.3103,0.1641,0.89,,45879.0,36157.72049404994,1.27,"Lower Access, Higher Earnings"
180276,Helena College University of Montana,Montana,Professions-focused Associate Small,0,1,25740,"Helena, MT",0.4201,0.1701,1.84,,37804.0,37126.629437561074,1.02,"Higher Access, Medium Earnings"
180328,Little Big Horn College,Montana,Professions-focused Associate Small,0,1,-2,Montana -- Not in metropolitan statistical area,0.3993,0.9766,4.23,,24035.0,17065.96555855047,1.41,"Opportunity Colleges and Universities – Higher Access, Higher Earnings"
180373,Miles Community College,Montana,Professions-focused Associate Small,0,1,-2,Montana -- Not in metropolitan statistical area,0.3613,0.1407,1.01,,45004.0,33955.06297932909,1.33,"Opportunity Colleges and Universities – Higher Access, Higher Earnings"
180416,Montana Technological University,Montana,"Special Focus: Technology, Engineering, and Sciences",1,0,15580,"Butte-Silver Bow, MT",0.2156,0.0976,0.7,,52895.0,29537.24672747755,1.79,"Lower Access, Higher Earnings"
180461,Montana State University,Montana,Mixed Undergraduate/Graduate-Doctorate Medium,1,0,14580,"Bozeman, MT",0.1701,0.1332,0.63,,48622.0,38283.30411469809,1.27,"Lower Access, Medium Earnings"
180489,The University of Montana,Montana,Mixed Undergraduate/Graduate-Doctorate Medium,1,0,33540,"Missoula, MT",0.2863,0.238,1.21,,40221.0,34079.256442662125,1.18,"Higher Access, Medium Earnings"
180522,Montana State University-Northern,Montana,Professions-focused Baccalaureate Small,1,0,-2,Montana -- Not in metropolitan statistical area,0.3269,0.2887,1.46,,46435.0,31938.061345421742,1.45,"Higher Access, Medium Earnings"
180595,Rocky Mountain College,Montana,Professions-focused Undergraduate/Graduate-Doctorate Small,0,0,13740,"Billings, MT",0.3213,0.2566,1.13,,44955.0,35906.54144022744,1.25,"Higher Access, Medium Earnings"
180647,Salish Kootenai College,Montana,Professions-focused Associate/Baccalaureate,0,1,-2,Montana -- Not in metropolitan statistical area,0.6712,0.7729,3.59,,29606.0,23227.956919978256,1.27,"Opportunity Colleges and Universities – Higher Access, Higher Earnings"
180692,The University of Montana-Western,Montana,Professions-focused Baccalaureate Small,1,0,-2,Montana -- Not in metropolitan statistical area,0.4,0.1789,1.13,,40640.0,34587.862786285084,1.17,"Higher Access, Medium Earnings"
180814,Bellevue University,Nebraska,Professions-focused Undergraduate/Graduate-Master's Large/Medium,0,0,36540,"Omaha, NE-IA",0.3029,0.4131,1.1,,59118.0,35908.276483677306,1.65,"Opportunity Colleges and Universities – Higher Access, Higher Earnings"
180832,Clarkson College,Nebraska,Special Focus: Nursing,0,0,36540,"Omaha, NE-IA",0.3043,0.2886,1.49,,65073.0,38853.025505235775,1.67,"Opportunity Colleges and Universities – Higher Access, Higher Earnings"
180878,Bryan College of Health Sciences,Nebraska,Special Focus: Nursing,0,0,30700,"Lincoln, NE",0.2356,0.1085,0.76,,65885.0,40704.885056070205,1.62,"Lower Access, Higher Earnings"
180902,Central Community College,Nebraska,Professions-focused Associate Large/Medium,0,1,24260,"Grand Island, NE",0.3947,0.3486,1.29,,38405.0,37798.4191838253,1.02,"Higher Access, Medium Earnings"
180948,Chadron State College,Nebraska,Professions-focused Undergraduate/Graduate-Master's Small,1,0,-2,Nebraska -- Not in metropolitan statistical area,0.3852,0.2099,1.26,,44887.0,38155.28326568101,1.18,"Higher Access, Medium Earnings"
180984,Concordia University-Nebraska,Nebraska,Professions-focused Undergraduate/Graduate-Master's Small,0,0,30700,"Lincoln, NE",0.2603,0.1306,0.71,,46998.0,40250.04420160043,1.17,"Lower Access, Medium Earnings"
181002,Creighton University,Nebraska,Professions-focused Undergraduate/Graduate-Doctorate Medium,0,0,36540,"Omaha, NE-IA",0.0527,0.1996,0.47,,69364.0,39875.50361123294,1.74,"Lower Access, Higher Earnings"
181020,Doane University,Nebraska,Professions-focused Undergraduate/Graduate-Master's Small,0,0,-2,Nebraska -- Not in metropolitan statistical area,0.2806,0.2012,0.93,,50194.0,40215.92972096591,1.25,"Lower Access, Medium Earnings"
181127,Hastings College,Nebraska,Professions-focused Baccalaureate Small,0,0,25580,"Hastings, NE",0.2898,0.2217,1.0,,48337.0,41378.027974214616,1.17,"Higher Access, Medium Earnings"
181145,CHI Health School of Radiologic Technology,Nebraska,Special Focus: Other Health Professions,0,0,36540,"Omaha, NE-IA",0.125,0.2917,,,,,,Not Classified in SAEC
181215,University of Nebraska at Kearney,Nebraska,Professions-focused Undergraduate/Graduate-Master's Large/Medium,1,0,28260,"Kearney, NE",0.3443,0.2144,1.46,,48009.0,36732.63727614468,1.31,"Higher Access, Medium Earnings"
181297,Nebraska Methodist College of Nursing & Allied Health,Nebraska,Special Focus: Nursing,0,0,36540,"Omaha, NE-IA",0.323,0.1746,1.14,,63758.0,39681.26551155114,1.61,"Opportunity Colleges and Universities – Higher Access, Higher Earnings"
181303,Metropolitan Community College Area,Nebraska,Mixed Associate Large,0,1,36540,"Omaha, NE-IA",0.3631,0.4212,1.88,,39316.0,40922.69412227216,0.96,"Higher Access, Lower Earnings"
181312,Mid-Plains Community College,Nebraska,Mixed Associate Small,0,1,35820,"North Platte, NE",0.378,0.1947,1.24,,37587.0,35320.11388071522,1.06,"Higher Access, Medium Earnings"
181330,Midland University,Nebraska,Professions-focused Baccalaureate Small,0,0,23340,"Fremont, NE",0.3154,0.2984,1.1,,49402.0,37848.387214317794,1.31,"Higher Access, Medium Earnings"
181394,University of Nebraska at Omaha,Nebraska,Mixed Undergraduate/Graduate-Doctorate Medium,1,0,36540,"Omaha, NE-IA",0.3355,0.309,1.5,,50883.0,42335.73241960091,1.2,"Higher Access, Medium Earnings"
181419,Nebraska Indian Community College,Nebraska,Mixed Associate Small,0,1,-2,Nebraska -- Not in metropolitan statistical area,0.5622,0.9127,3.96,,23845.0,23243.554541305348,1.03,"Higher Access, Medium Earnings"
181428,University of Nebraska Medical Center,Nebraska,Special Focus: Medical Schools and Centers,0,0,36540,"Omaha, NE-IA",0.2271,0.1764,,,72465.0,,,Not Classified in SAEC
181446,Nebraska Wesleyan University,Nebraska,Mixed Baccalaureate,0,0,30700,"Lincoln, NE",0.296,0.1697,0.94,,52815.0,40000.468092964154,1.32,"Lower Access, Medium Earnings"
181464,University of Nebraska-Lincoln,Nebraska,Professions-focused Undergraduate/Graduate-Doctorate Large,0,0,30700,"Lincoln, NE",0.2228,0.1663,0.81,,53022.0,40063.43859314887,1.32,"Lower Access, Medium Earnings"
181491,Northeast Community College,Nebraska,Professions-focused Associate Large/Medium,0,1,35740,"Norfolk, NE",0.3619,0.2188,1.41,,40804.0,38652.063884537856,1.06,"Higher Access, Medium Earnings"
181534,Peru State College,Nebraska,Professions-focused Undergraduate/Graduate-Master's Small,1,0,-2,Nebraska -- Not in metropolitan statistical area,0.4461,0.2563,1.61,,43246.0,36667.563947301576,1.18,"Higher Access, Medium Earnings"
181543,Summit Christian College,Nebraska,Special Focus: Theological Studies,0,0,42420,"Scottsbluff, NE",0.4444,0.0417,,,,,,Not Classified in SAEC
181604,College of Saint Mary,Nebraska,Special Focus: Other Health Professions,0,0,36540,"Omaha, NE-IA",0.3964,0.383,1.82,,54464.0,38819.43482017611,1.4,"Opportunity Colleges and Universities – Higher Access, Higher Earnings"
181640,Southeast Community College Area,Nebraska,Professions-focused Associate Large/Medium,0,1,30700,"Lincoln, NE",0.312,0.2482,1.5,,41041.0,36341.16036458695,1.13,"Higher Access, Medium Earnings"
181738,Union Adventist University,Nebraska,Professions-focused Baccalaureate Small,0,0,30700,"Lincoln, NE",0.3064,0.4091,1.31,,52448.0,38751.8518038583,1.35,"Higher Access, Medium Earnings"
181765,Nebraska College of Technical Agriculture,Nebraska,Special Focus: Applied and Career Studies,0,1,-2,Nebraska -- Not in metropolitan statistical area,0.4322,0.0695,0.99,,53022.0,38352.336731135074,1.38,"Lower Access, Higher Earnings"
181783,Wayne State College,Nebraska,Professions-focused Undergraduate/Graduate-Master's Large/Medium,1,0,-2,Nebraska -- Not in metropolitan statistical area,0.3356,0.1718,1.52,,43712.0,36970.31011244418,1.18,"Higher Access, Medium Earnings"
181817,Western Nebraska Community College,Nebraska,Professions-focused Associate Small,0,1,42420,"Scottsbluff, NE",0.4272,0.3684,1.44,,36228.0,36600.30183278287,0.99,"Higher Access, Lower Earnings"
181853,York University,Nebraska,Mixed Undergraduate/Graduate-Master's Small,0,0,-2,Nebraska -- Not in metropolitan statistical area,0.4374,0.4104,1.34,,39779.0,38743.018371314334,1.03,"Higher Access, Medium Earnings"
181941,Career College of Northern Nevada,Nevada,Special Focus: Applied and Career Studies,0,1,39900,"Reno, NV",0.548,0.4725,,,40315.0,,,Not Classified in SAEC
182005,College of Southern Nevada,Nevada,Professions-focused Associate Large/Medium,0,1,29820,"Las Vegas-Henderson-North Las Vegas, NV",0.3135,0.6467,1.14,,35472.0,33730.160271254994,1.05,"Higher Access, Medium Earnings"
182148,Las Vegas College,Nevada,Special Focus: Nursing,0,1,29820,"Las Vegas-Henderson-North Las Vegas, NV",0.5016,0.5876,1.33,,34190.0,32483.023740195687,1.05,"Higher Access, Medium Earnings"
182281,University of Nevada-Las Vegas,Nevada,Mixed Undergraduate/Graduate-Doctorate Large,1,0,29820,"Las Vegas-Henderson-North Las Vegas, NV",0.4194,0.5904,1.25,,49396.0,35029.270026522056,1.41,"Higher Access, Medium Earnings"
182290,University of Nevada-Reno,Nevada,Mixed Undergraduate/Graduate-Doctorate Large,0,0,39900,"Reno, NV",0.2572,0.3848,0.85,,54896.0,38163.15569616173,1.44,"Lower Access, Medium Earnings"
182306,Great Basin College,Nevada,Professions-focused Associate/Baccalaureate,1,1,21220,"Elko, NV",0.3344,0.3657,1.18,,39239.0,39815.526392795466,0.99,"Higher Access, Lower Earnings"
182500,Truckee Meadows Community College,Nevada,Professions-focused Associate Large/Medium,0,1,39900,"Reno, NV",0.2226,0.4746,1.21,,40580.0,40222.337713600435,1.01,"Higher Access, Medium Earnings"
182564,Western Nevada College,Nevada,Mixed Associate Medium,0,1,16180,"Carson City, NV",0.3466,0.41,1.21,,40368.0,37156.89443954825,1.09,"Higher Access, Medium Earnings"
182634,Colby-Sawyer College,New Hampshire,Professions-focused Baccalaureate Small,0,0,18180,"Concord, NH",0.2448,0.098,0.84,,45879.0,41721.53991652858,1.1,"Lower Access, Medium Earnings"
182670,Dartmouth College,New Hampshire,Mixed Undergraduate/Graduate-Doctorate Medium,0,0,30150,"Lebanon-Claremont, NH-VT",0.1498,0.2789,0.66,,97905.0,39376.39222568243,2.49,"Lower Access, Higher Earnings"
182795,Franklin Pierce University,New Hampshire,Professions-focused Undergraduate/Graduate-Doctorate Small,0,0,28300,"Keene, NH",0.2723,0.207,1.01,,55911.0,43326.304766207984,1.29,"Higher Access, Medium Earnings"
182829,University of New Hampshire-Franklin Pierce School of Law,New Hampshire,Special Focus: Law,0,0,18180,"Concord, NH",0.0,,,,58415.0,,,Not Classified in SAEC
182917,Magdalen College,New Hampshire,Special Focus: Arts and Sciences,0,0,18180,"Concord, NH",0.4576,0.0484,,,,,,Not Classified in SAEC
182980,New England College,New Hampshire,Professions-focused Undergraduate/Graduate-Master's Large/Medium,0,0,18180,"Concord, NH",0.4218,0.3626,1.6,,32390.0,40809.05751331652,0.79,"Higher Access, Lower Earnings"
183026,Southern New Hampshire University,New Hampshire,Professions-focused Undergraduate/Graduate-Master's Large/Medium,0,0,18180,"Concord, NH",0.4782,0.4053,1.42,,43845.0,35308.03781281605,1.24,"Higher Access, Medium Earnings"
183044,University of New Hampshire-Main Campus,New Hampshire,Mixed Undergraduate/Graduate-Master's Large/Medium,0,0,14460,"Boston-Cambridge-Newton, MA-NH",0.1794,0.0788,0.6,,58415.0,44055.51971860477,1.33,"Lower Access, Medium Earnings"
183062,Keene State College,New Hampshire,Professions-focused Baccalaureate Small,1,0,28300,"Keene, NH",0.2413,0.1145,0.83,,50144.0,42033.72214581471,1.19,"Lower Access, Medium Earnings"
183071,University of New Hampshire at Manchester,New Hampshire,Mixed Baccalaureate,1,0,31700,"Manchester-Nashua, NH",0.3314,0.1359,1.41,,58415.0,44307.12107344743,1.32,"Higher Access, Medium Earnings"
183080,Plymouth State University,New Hampshire,Professions-focused Undergraduate/Graduate-Doctorate Medium,1,0,30150,"Lebanon-Claremont, NH-VT",0.2581,0.1083,0.86,,55556.0,41037.500502176365,1.35,"Lower Access, Medium Earnings"
183099,NHTI-Concord's Community College,New Hampshire,Professions-focused Associate Large/Medium,0,1,18180,"Concord, NH",0.3327,0.1708,2.26,,45569.0,40275.91209816733,1.13,"Higher Access, Medium Earnings"
183105,White Mountains Community College,New Hampshire,Professions-focused Associate Small,0,1,-2,New Hampshire -- Not in metropolitan statistical area,0.4423,0.1139,1.47,,33365.0,37485.89656947499,0.89,"Higher Access, Lower Earnings"
183114,River Valley Community College,New Hampshire,Special Focus: Other Health Professions,0,1,30150,"Lebanon-Claremont, NH-VT",0.3644,0.1383,1.97,,34011.0,37360.36539814431,0.91,"Higher Access, Lower Earnings"
183123,Lakes Region Community College,New Hampshire,Professions-focused Associate Small,0,1,29060,"Laconia, NH",0.3579,0.1105,1.7,,40604.0,35549.37222631191,1.14,"Higher Access, Medium Earnings"
183132,Manchester Community College,New Hampshire,Professions-focused Associate Large/Medium,0,1,31700,"Manchester-Nashua, NH",0.3112,0.2604,1.77,,39664.0,43205.27892835182,0.92,"Higher Access, Lower Earnings"
183141,Nashua Community College,New Hampshire,Professions-focused Associate Small,0,1,31700,"Manchester-Nashua, NH",0.3042,0.3152,2.02,,40680.0,44256.731297121056,0.92,"Higher Access, Lower Earnings"
183150,Great Bay Community College,New Hampshire,Professions-focused Associate Small,0,1,14460,"Boston-Cambridge-Newton, MA-NH",0.3001,0.1496,1.11,,39260.0,53016.54549712449,0.74,"Higher Access, Lower Earnings"
183211,Rivier University,New Hampshire,Special Focus: Nursing,0,0,31700,"Manchester-Nashua, NH",0.2746,0.2179,1.3,,47442.0,44069.06630915296,1.08,"Higher Access, Medium Earnings"
183239,Saint Anselm College,New Hampshire,Mixed Baccalaureate,0,0,31700,"Manchester-Nashua, NH",0.1054,0.0893,0.45,,69503.0,44129.51896686337,1.57,"Lower Access, Higher Earnings"
183248,St Joseph School of Nursing,New Hampshire,Special Focus: Nursing,0,1,31700,"Manchester-Nashua, NH",0.128,0.3857,,,,,,Not Classified in SAEC
183257,Granite State College,New Hampshire,Professions-focused Baccalaureate Small,1,0,31700,"Manchester-Nashua, NH",0.336,0.1249,1.1,,46278.0,44532.55031914817,1.04,"Higher Access, Medium Earnings"
183275,Thomas More College of Liberal Arts,New Hampshire,Special Focus: Arts and Sciences,0,0,31700,"Manchester-Nashua, NH",0.5053,0.1139,1.12,,30829.0,40827.21525444817,0.76,"Higher Access, Lower Earnings"
183488,Eastwick College-Hackensack,New Jersey,Special Focus: Business,0,1,35620,"New York-Newark-Jersey City, NY-NJ",0.7633,0.4278,1.85,,39676.0,36876.06608138752,1.08,"Higher Access, Medium Earnings"
183600,Assumption College for Sisters,New Jersey,Mixed Associate Small,0,1,35620,"New York-Newark-Jersey City, NY-NJ",0.0,0.15,,,,,,Not Classified in SAEC
183655,Atlantic Cape Community College,New Jersey,Professions-focused Associate Large/Medium,0,1,12100,"Atlantic City-Hammonton, NJ",0.528,0.4846,1.45,,33388.0,36991.682224573146,0.9,"Higher Access, Lower Earnings"
183743,Bergen Community College,New Jersey,Mixed Associate Medium,0,1,35620,"New York-Newark-Jersey City, NY-NJ",0.3832,0.5655,1.32,,42271.0,43267.04374244359,0.98,"Higher Access, Lower Earnings"
183789,Berkeley College-Woodland Park,New Jersey,Professions-focused Baccalaureate Small,0,0,35620,"New York-Newark-Jersey City, NY-NJ",0.6506,0.8585,2.51,,39328.0,35992.91540379627,1.09,"Higher Access, Medium Earnings"
183804,Beth Medrash Govoha,New Jersey,Special Focus: Theological Studies,0,0,35620,"New York-Newark-Jersey City, NY-NJ",0.7274,0.0002,,,43236.0,,,Not Classified in SAEC
183822,Bloomfield College of Montclair State University,New Jersey,Special Focus: Arts and Sciences,0,0,35620,"New York-Newark-Jersey City, NY-NJ",0.6893,0.8805,2.59,,42438.0,32805.05484013738,1.29,"Higher Access, Medium Earnings"
183859,Brookdale Community College,New Jersey,Professions-focused Associate Large/Medium,0,1,35620,"New York-Newark-Jersey City, NY-NJ",0.2925,0.3745,0.95,,41090.0,50737.632317910575,0.81,"Lower Access, Lower Earnings"
183877,Rowan College at Burlington County,New Jersey,Mixed Associate Medium,0,1,37980,"Philadelphia-Camden-Wilmington, PA-NJ-DE-MD",0.3011,0.4109,1.22,,40318.0,41405.94195207807,0.97,"Higher Access, Lower Earnings"
183910,Caldwell University,New Jersey,Professions-focused Undergraduate/Graduate-Master's Small,0,0,35620,"New York-Newark-Jersey City, NY-NJ",0.4612,0.6168,1.79,,48158.0,40742.57140200517,1.18,"Higher Access, Medium Earnings"
183938,Camden County College,New Jersey,Professions-focused Associate Large/Medium,0,1,37980,"Philadelphia-Camden-Wilmington, PA-NJ-DE-MD",0.4755,0.5557,1.79,,36278.0,40525.63263509522,0.9,"Higher Access, Lower Earnings"
183974,Centenary University,New Jersey,Professions-focused Undergraduate/Graduate-Master's Small,0,0,10900,"Allentown-Bethlehem-Easton, PA-NJ",0.3832,0.3158,1.21,,50419.0,42438.56894984149,1.19,"Higher Access, Medium Earnings"
184180,County College of Morris,New Jersey,Professions-focused Associate Large/Medium,0,1,35620,"New York-Newark-Jersey City, NY-NJ",0.27,0.4096,0.94,,45857.0,48752.301865267524,0.94,"Lower Access, Lower Earnings"
184205,Rowan College of South Jersey-Cumberland Campus,New Jersey,Mixed Associate Small,0,1,47220,"Vineland, NJ",0.4828,0.5927,1.17,,38733.0,32869.5115265496,1.18,"Higher Access, Medium Earnings"
184348,Drew University,New Jersey,Mixed Undergraduate/Graduate-Doctorate Small,0,0,35620,"New York-Newark-Jersey City, NY-NJ",0.2905,0.2644,0.94,,52274.0,41616.44473043227,1.26,"Lower Access, Medium Earnings"
184481,Essex County College,New Jersey,Professions-focused Associate Large/Medium,0,1,35620,"New York-Newark-Jersey City, NY-NJ",0.574,0.9089,2.05,,33895.0,35190.40128223681,0.96,"Higher Access, Lower Earnings"
184603,Fairleigh Dickinson University-Metropolitan Campus,New Jersey,Mixed Undergraduate/Graduate-Doctorate Medium,0,0,35620,"New York-Newark-Jersey City, NY-NJ",0.4787,0.654,1.86,,52354.0,41795.74030480946,1.25,"Higher Access, Medium Earnings"
184612,Felician University,New Jersey,Special Focus: Other Health Professions,0,0,35620,"New York-Newark-Jersey City, NY-NJ",0.5307,0.6715,2.0,,54646.0,38820.855519015946,1.41,"Opportunity Colleges and Universities – Higher Access, Higher Earnings"
184694,Fairleigh Dickinson University-Florham Campus,New Jersey,Mixed Undergraduate/Graduate-Doctorate Medium,0,0,35620,"New York-Newark-Jersey City, NY-NJ",0.3576,0.4213,1.3,,52354.0,43021.99401780335,1.22,"Higher Access, Medium Earnings"
184773,Georgian Court University,New Jersey,Professions-focused Undergraduate/Graduate-Master's Small,0,0,35620,"New York-Newark-Jersey City, NY-NJ",0.3816,0.3321,1.22,,50285.0,41464.61204576534,1.21,"Higher Access, Medium Earnings"
184782,Rowan University,New Jersey,Mixed Undergraduate/Graduate-Doctorate Large,1,0,37980,"Philadelphia-Camden-Wilmington, PA-NJ-DE-MD",0.3196,0.2931,1.07,,57460.0,45223.17098612189,1.27,"Higher Access, Medium Earnings"
184791,Rowan College of South Jersey-Gloucester Campus,New Jersey,Professions-focused Associate Large/Medium,0,1,37980,"Philadelphia-Camden-Wilmington, PA-NJ-DE-MD",0.3412,0.3112,1.14,,38733.0,43936.66721123921,0.88,"Higher Access, Lower Earnings"
184959,Eastwick College-Ramsey,New Jersey,Special Focus: Applied and Career Studies,0,1,35620,"New York-Newark-Jersey City, NY-NJ",0.4491,0.6047,1.5,,54393.0,40095.30191160548,1.36,"Opportunity Colleges and Universities – Higher Access, Higher Earnings"
184995,Hudson County Community College,New Jersey,Professions-focused Associate Large/Medium,0,1,35620,"New York-Newark-Jersey City, NY-NJ",0.6126,0.799,2.0,,32753.0,36524.30012839056,0.9,"Higher Access, Lower Earnings"
185129,New Jersey City University,New Jersey,Professions-focused Undergraduate/Graduate-Doctorate Medium,1,0,35620,"New York-Newark-Jersey City, NY-NJ",0.5482,0.7415,1.82,,48714.0,40228.241457732154,1.21,"Higher Access, Medium Earnings"
185262,Kean University,New Jersey,Professions-focused Undergraduate/Graduate-Master's Large/Medium,1,0,35620,"New York-Newark-Jersey City, NY-NJ",0.477,0.6468,1.59,,53438.0,43204.21198642674,1.24,"Higher Access, Medium Earnings"
185509,Mercer County Community College,New Jersey,Professions-focused Associate Large/Medium,0,1,45940,"Trenton-Princeton, NJ",0.3523,0.5706,1.48,,38726.0,38390.333466292956,1.01,"Higher Access, Medium Earnings"
185536,Middlesex College,New Jersey,Mixed Associate Medium,0,1,35620,"New York-Newark-Jersey City, NY-NJ",0.4298,0.5939,1.44,,43083.0,43721.37642871004,0.99,"Higher Access, Lower Earnings"
185572,Monmouth University,New Jersey,Professions-focused Undergraduate/Graduate-Doctorate Medium,0,0,35620,"New York-Newark-Jersey City, NY-NJ",0.3036,0.2587,0.96,,61303.0,45906.828536458495,1.34,"Lower Access, Medium Earnings"
185590,Montclair State University,New Jersey,Mixed Undergraduate/Graduate-Doctorate Large,1,0,35620,"New York-Newark-Jersey City, NY-NJ",0.4541,0.547,1.44,,56215.0,45849.53462585648,1.23,"Higher Access, Medium Earnings"
185721,Eastwick College-Nutley,New Jersey,Special Focus: Applied and Career Studies,0,1,35620,"New York-Newark-Jersey City, NY-NJ",0.6361,0.7365,1.97,,38352.0,40759.256895193066,0.94,"Higher Access, Lower Earnings"
185758,New Brunswick Theological Seminary,New Jersey,Special Focus: Theological Studies,0,0,35620,"New York-Newark-Jersey City, NY-NJ",0.0,,,,,,,Not Classified in SAEC
185828,New Jersey Institute of Technology,New Jersey,"Special Focus: Technology, Engineering, and Sciences",0,0,35620,"New York-Newark-Jersey City, NY-NJ",0.4202,0.424,1.45,,77642.0,44953.01456226365,1.73,"Opportunity Colleges and Universities – Higher Access, Higher Earnings"
185873,Ocean County College,New Jersey,Mixed Associate Medium,0,1,35620,"New York-Newark-Jersey City, NY-NJ",0.346,0.3031,0.97,,42110.0,52336.65429962851,0.8,"Lower Access, Lower Earnings"
186034,Passaic County Community College,New Jersey,Mixed Associate Medium,0,1,35620,"New York-Newark-Jersey City, NY-NJ",0.5656,0.7946,1.91,,34704.0,38835.017662653074,0.89,"Higher Access, Lower Earnings"
186122,Princeton Theological Seminary,New Jersey,Special Focus: Theological Studies,0,0,45940,"Trenton-Princeton, NJ",0.0,,,,,,,Not Classified in SAEC
186131,Princeton University,New Jersey,Mixed Undergraduate/Graduate-Doctorate Medium,0,0,45940,"Trenton-Princeton, NJ",0.1898,0.2925,0.73,,112152.0,41772.21159356961,2.68,"Lower Access, Higher Earnings"
186186,Rabbinical College of America,New Jersey,Special Focus: Theological Studies,0,0,35620,"New York-Newark-Jersey City, NY-NJ",0.3854,0.0,,,29514.0,,,Not Classified in SAEC
186201,Ramapo College of New Jersey,New Jersey,Mixed Undergraduate/Graduate-Master's Large/Medium,1,0,35620,"New York-Newark-Jersey City, NY-NJ",0.2829,0.3174,0.87,,59937.0,51263.64252226066,1.17,"Lower Access, Medium Earnings"
186283,Rider University,New Jersey,Professions-focused Undergraduate/Graduate-Master's Large/Medium,0,0,45940,"Trenton-Princeton, NJ",0.3413,0.3786,1.21,,57671.0,43685.86217433072,1.32,"Higher Access, Medium Earnings"
186371,Rutgers University-Camden,New Jersey,Professions-focused Undergraduate/Graduate-Doctorate Medium,1,0,37980,"Philadelphia-Camden-Wilmington, PA-NJ-DE-MD",0.4547,0.47,1.6,,67665.0,42461.740022606835,1.59,"Opportunity Colleges and Universities – Higher Access, Higher Earnings"
186380,Rutgers University-New Brunswick,New Jersey,Mixed Undergraduate/Graduate-Doctorate Large,0,0,35620,"New York-Newark-Jersey City, NY-NJ",0.271,0.2879,0.95,,67665.0,48349.20889161266,1.4,"Lower Access, Medium Earnings"
186399,Rutgers University-Newark,New Jersey,Professions-focused Undergraduate/Graduate-Doctorate Medium,1,0,35620,"New York-Newark-Jersey City, NY-NJ",0.5819,0.6051,1.73,,67665.0,43878.20399537625,1.54,"Opportunity Colleges and Universities – Higher Access, Higher Earnings"
186432,Saint Peter's University,New Jersey,Mixed Undergraduate/Graduate-Doctorate Small,0,0,35620,"New York-Newark-Jersey City, NY-NJ",0.585,0.645,2.07,,51554.0,39554.5210255298,1.3,"Higher Access, Medium Earnings"
186469,Salem Community College,New Jersey,Professions-focused Associate Small,0,1,37980,"Philadelphia-Camden-Wilmington, PA-NJ-DE-MD",0.4338,0.5256,1.64,,37945.0,40747.7205301078,0.93,"Higher Access, Lower Earnings"
186584,Seton Hall University,New Jersey,Mixed Undergraduate/Graduate-Doctorate Medium,0,0,35620,"New York-Newark-Jersey City, NY-NJ",0.3053,0.4071,1.16,,67462.0,42080.00485638178,1.6,"Opportunity Colleges and Universities – Higher Access, Higher Earnings"
186618,Saint Elizabeth University,New Jersey,Professions-focused Undergraduate/Graduate-Doctorate Small,0,0,35620,"New York-Newark-Jersey City, NY-NJ",0.5938,0.7289,2.22,,43755.0,39897.78063015116,1.1,"Higher Access, Medium Earnings"
186645,Raritan Valley Community College,New Jersey,Professions-focused Associate Large/Medium,0,1,35620,"New York-Newark-Jersey City, NY-NJ",0.3326,0.4854,1.14,,44402.0,48805.534810162855,0.91,"Higher Access, Lower Earnings"
186867,Stevens Institute of Technology,New Jersey,"Special Focus: Technology, Engineering, and Sciences",0,0,35620,"New York-Newark-Jersey City, NY-NJ",0.2055,0.2341,0.72,,100949.0,43750.478601563074,2.31,"Lower Access, Higher Earnings"
186876,Stockton University,New Jersey,Mixed Undergraduate/Graduate-Master's Large/Medium,1,0,12100,"Atlantic City-Hammonton, NJ",0.4167,0.3336,1.08,,55740.0,40649.38299865852,1.37,"Higher Access, Medium Earnings"
186900,Talmudical Academy-New Jersey,New Jersey,Special Focus: Theological Studies,0,0,35620,"New York-Newark-Jersey City, NY-NJ",0.5616,0.0,,,26543.0,,,Not Classified in SAEC
187046,Thomas Edison State University,New Jersey,Mixed Undergraduate/Graduate-Master's Large/Medium,1,0,45940,"Trenton-Princeton, NJ",0.2094,0.4131,,,68218.0,,,Not Classified in SAEC
187134,The College of New Jersey,New Jersey,Mixed Undergraduate/Graduate-Master's Large/Medium,1,0,45940,"Trenton-Princeton, NJ",0.2072,0.2775,0.79,,68792.0,44184.62647357705,1.56,"Lower Access, Higher Earnings"
187198,"UCNJ Union College of Union County, New Jersey",New Jersey,Professions-focused Associate Large/Medium,0,1,35620,"New York-Newark-Jersey City, NY-NJ",0.4571,0.8033,1.72,,36627.0,38358.38467630039,0.95,"Higher Access, Lower Earnings"
187444,William Paterson University of New Jersey,New Jersey,Mixed Undergraduate/Graduate-Master's Large/Medium,1,0,35620,"New York-Newark-Jersey City, NY-NJ",0.4457,0.5672,1.44,,52612.0,45602.46184684162,1.15,"Higher Access, Medium Earnings"
187532,Central New Mexico Community College,New Mexico,Mixed Associate Large,0,1,10740,"Albuquerque, NM",0.3177,0.7067,1.01,,33905.0,31556.425314730845,1.07,"Higher Access, Medium Earnings"
187596,Navajo Technical University,New Mexico,Professions-focused Associate/Baccalaureate,0,1,23700,"Gallup, NM",0.7261,0.9966,1.35,,23736.0,19201.314948989966,1.24,"Higher Access, Medium Earnings"
187620,New Mexico State University-Dona Ana,New Mexico,Mixed Associate Medium,0,1,29740,"Las Cruces, NM",0.4796,0.8015,1.03,,36423.0,25353.463398927077,1.44,"Opportunity Colleges and Universities – Higher Access, Higher Earnings"
187639,Clovis Community College,New Mexico,Mixed Associate Small,0,1,17580,"Clovis, NM",0.5307,0.6223,1.27,,34939.0,32481.696500851867,1.08,"Higher Access, Medium Earnings"
187648,Eastern New Mexico University-Main Campus,New Mexico,Mixed Undergraduate/Graduate-Master's Large/Medium,1,0,17580,"Clovis, NM",0.422,0.5892,1.13,,36430.0,31818.228011211497,1.14,"Higher Access, Medium Earnings"
187666,Eastern New Mexico University-Roswell Campus,New Mexico,Professions-focused Associate Small,0,1,40740,"Roswell, NM",0.3711,0.6814,0.98,,36430.0,29190.171525311136,1.25,"Lower Access, Higher Earnings"
187745,Institute of American Indian and Alaska Native Culture and Arts Development,New Mexico,"Special Focus: Arts, Music, and Design",0,0,42140,"Santa Fe, NM",0.5078,0.9134,1.64,,22733.0,22422.32410686787,1.01,"Higher Access, Medium Earnings"
187897,New Mexico Highlands University,New Mexico,Professions-focused Undergraduate/Graduate-Master's Small,1,0,29780,"Las Vegas, NM",0.5034,0.8312,1.01,,40392.0,29768.663013907335,1.36,"Higher Access, Medium Earnings"
187903,New Mexico Junior College,New Mexico,Mixed Associate Small,0,1,26020,"Hobbs, NM",0.2698,0.7092,0.96,,35614.0,30920.14224606208,1.15,"Lower Access, Medium Earnings"
187912,New Mexico Military Institute,New Mexico,Mixed Associate Small,0,1,40740,"Roswell, NM",0.3159,0.7375,1.24,,49832.0,33937.75241518866,1.47,"Opportunity Colleges and Universities – Higher Access, Higher Earnings"
187958,University of New Mexico-Gallup Campus,New Mexico,Mixed Associate Small,0,1,23700,"Gallup, NM",0.4218,0.8439,0.89,,41307.0,20034.673110096614,2.06,"Lower Access, Higher Earnings"
187967,New Mexico Institute of Mining and Technology,New Mexico,"Special Focus: Technology, Engineering, and Sciences",0,0,-2,New Mexico -- Not in metropolitan statistical area,0.3241,0.4987,0.81,,60432.0,31772.962687663905,1.9,"Lower Access, Higher Earnings"
187976,University of New Mexico-Los Alamos Campus,New Mexico,Mixed Associate Small,0,1,31060,"Los Alamos, NM",0.0681,0.6822,1.47,,41307.0,29768.439803744644,1.39,"Opportunity Colleges and Universities – Higher Access, Higher Earnings"
187985,University of New Mexico-Main Campus,New Mexico,Mixed Undergraduate/Graduate-Doctorate Large,0,0,10740,"Albuquerque, NM",0.3687,0.6614,1.02,,41307.0,29195.904007220397,1.41,"Higher Access, Medium Earnings"
187994,New Mexico State University-Alamogordo,New Mexico,Professions-focused Associate Small,0,1,10460,"Alamogordo, NM",0.4926,0.5138,1.06,,36423.0,27413.020880313547,1.33,"Opportunity Colleges and Universities – Higher Access, Higher Earnings"
188003,Southeast New Mexico College,New Mexico,Professions-focused Associate Small,0,1,16100,"Carlsbad-Artesia, NM",0.3812,0.6086,1.31,,36423.0,29487.282993349847,1.24,"Higher Access, Medium Earnings"
188021,New Mexico State University-Grants,New Mexico,Mixed Associate Small,0,1,-2,New Mexico -- Not in metropolitan statistical area,0.5928,0.8093,1.29,,36423.0,23307.002153780202,1.56,"Opportunity Colleges and Universities – Higher Access, Higher Earnings"
188030,New Mexico State University-Main Campus,New Mexico,Mixed Undergraduate/Graduate-Doctorate Medium,0,0,29740,"Las Cruces, NM",0.4221,0.7434,1.16,,36423.0,29761.889456728735,1.22,"Higher Access, Medium Earnings"
188049,University of New Mexico-Valencia County Campus,New Mexico,Mixed Associate Small,0,1,10740,"Albuquerque, NM",0.2085,0.7339,0.9,,41307.0,31457.043893129772,1.31,"Lower Access, Higher Earnings"
188058,Northern New Mexico College,New Mexico,Professions-focused Associate/Baccalaureate,1,1,21580,"Espa√É¬±ola, NM",0.5031,0.8596,1.0,,36577.0,26792.950186646725,1.37,"Opportunity Colleges and Universities – Higher Access, Higher Earnings"
188100,San Juan College,New Mexico,Professions-focused Associate Large/Medium,0,1,22140,"Farmington, NM",0.4538,0.6518,1.1,,31914.0,26388.996594390526,1.21,"Higher Access, Medium Earnings"
188137,Santa Fe Community College,New Mexico,Professions-focused Associate Large/Medium,0,1,42140,"Santa Fe, NM",0.2234,0.6477,0.88,,34768.0,30626.72154779019,1.14,"Lower Access, Medium Earnings"
188182,University of the Southwest,New Mexico,Professions-focused Undergraduate/Graduate-Master's Small,0,0,26020,"Hobbs, NM",0.5573,0.7432,1.4,,40326.0,31070.24721484119,1.3,"Higher Access, Medium Earnings"
188207,Southwestern College,New Mexico,Special Focus: Other Health Professions,0,0,42140,"Santa Fe, NM",0.0,,,,,,,Not Classified in SAEC
188216,Southwestern Indian Polytechnic Institute,New Mexico,Professions-focused Associate Small,0,1,10740,"Albuquerque, NM",0.3665,1.0,1.42,,27502.0,22088.712,1.25,"Opportunity Colleges and Universities – Higher Access, Higher Earnings"
188225,University of New Mexico-Taos Campus,New Mexico,Mixed Associate Small,0,1,45340,"Taos, NM",0.2273,0.6946,0.82,,41307.0,27530.376257528027,1.5,"Lower Access, Higher Earnings"
188261,Mesalands Community College,New Mexico,Mixed Associate Small,0,1,-2,New Mexico -- Not in metropolitan statistical area,0.2227,0.6143,0.77,,26195.0,27481.16391311514,0.95,"Lower Access, Lower Earnings"
188304,Western New Mexico University,New Mexico,Professions-focused Undergraduate/Graduate-Master's Small,1,0,43500,"Silver City, NM",0.5562,0.7047,1.27,,33484.0,24496.555631404757,1.37,"Higher Access, Medium Earnings"
188340,Vaughn College of Aeronautics and Technology,New York,Special Focus: Applied and Career Studies,0,1,35620,"New York-Newark-Jersey City, NY-NJ",0.5251,0.6391,1.68,,58315.0,38173.028987323116,1.53,"Opportunity Colleges and Universities – Higher Access, Higher Earnings"
188429,Adelphi University,New York,Professions-focused Undergraduate/Graduate-Doctorate Medium,0,0,35620,"New York-Newark-Jersey City, NY-NJ",0.2974,0.3663,0.98,,71399.0,40643.518306425336,1.76,"Lower Access, Higher Earnings"
188438,SUNY Adirondack,New York,Professions-focused Associate Small,0,1,24020,"Glens Falls, NY",0.545,0.1594,2.22,,39434.0,36525.22023485168,1.08,"Higher Access, Medium Earnings"
188517,Bryant & Stratton College-Albany,New York,Professions-focused Associate Small,0,1,10580,"Albany-Schenectady-Troy, NY",0.6852,0.7151,3.31,,30130.0,38248.14637391883,0.79,"Higher Access, Lower Earnings"
188526,Albany College of Pharmacy and Health Sciences,New York,Special Focus: Other Health Professions,0,0,10580,"Albany-Schenectady-Troy, NY",0.2928,0.2983,0.9,,125222.0,44139.40630934841,2.84,"Lower Access, Higher Earnings"
188535,Albany Law School,New York,Special Focus: Law,0,0,10580,"Albany-Schenectady-Troy, NY",0.0,,,,,,,Not Classified in SAEC
188580,Albany Medical College,New York,Special Focus: Medical Schools and Centers,0,0,10580,"Albany-Schenectady-Troy, NY",0.0,,,,,,,Not Classified in SAEC
188641,Alfred University,New York,Mixed Undergraduate/Graduate-Master's Small,0,0,-2,New York -- Not in metropolitan statistical area,0.4042,0.2696,1.03,,51231.0,41467.67676342341,1.24,"Higher Access, Medium Earnings"
188678,American Academy of Dramatic Arts-New York,New York,"Special Focus: Arts, Music, and Design",0,1,35620,"New York-Newark-Jersey City, NY-NJ",0.2249,0.3533,0.86,,25632.0,40025.329309632085,0.64,"Lower Access, Lower Earnings"
188687,American Academy McAllister Institute of Funeral Service,New York,Special Focus: Applied and Career Studies,0,1,35620,"New York-Newark-Jersey City, NY-NJ",0.3665,0.4414,1.19,,50646.0,42623.65638033899,1.19,"Higher Access, Medium Earnings"
188854,American Musical and Dramatic Academy,New York,"Special Focus: Arts, Music, and Design",0,0,35620,"New York-Newark-Jersey City, NY-NJ",0.3596,0.563,1.35,,23876.0,36468.09144577939,0.65,"Higher Access, Lower Earnings"
188915,Arnot Ogden Medical Center,New York,Special Focus: Nursing,0,1,21300,"Elmira, NY",0.5,0.125,1.19,,66747.0,36947.03142857143,1.81,"Opportunity Colleges and Universities – Higher Access, Higher Earnings"
188942,Associated Beth Rivkah Schools,New York,Professions-focused Associate Small,0,1,35620,"New York-Newark-Jersey City, NY-NJ",0.658,0.0,1.12,,21520.0,51743.7081517001,0.42,"Higher Access, Lower Earnings"
189015,Bank Street College of Education,New York,Special Focus: Graduate Studies,0,0,35620,"New York-Newark-Jersey City, NY-NJ",0.0,,,,,,,Not Classified in SAEC
189088,Bard College,New York,Special Focus: Arts and Sciences,0,0,28880,"Kiryas Joel-Poughkeepsie-Newburgh, NY",0.2433,0.4365,1.01,,37534.0,40226.981746925,0.93,"Higher Access, Lower Earnings"
189097,Barnard College,New York,Special Focus: Arts and Sciences,0,0,35620,"New York-Newark-Jersey City, NY-NJ",0.1662,0.3274,0.72,,80465.0,42765.70941622318,1.88,"Lower Access, Higher Earnings"
189228,Berkeley College-New York,New York,Professions-focused Baccalaureate Small,0,0,35620,"New York-Newark-Jersey City, NY-NJ",0.672,0.9049,2.32,,43408.0,32542.519148120926,1.33,"Higher Access, Medium Earnings"
189273,Beth Hamedrash Shaarei Yosher Institute,New York,Special Focus: Theological Studies,0,1,35620,"New York-Newark-Jersey City, NY-NJ",0.7703,0.0,,,,,,Not Classified in SAEC
189282,Mount Sinai Phillips School of Nursing,New York,Special Focus: Nursing,0,0,35620,"New York-Newark-Jersey City, NY-NJ",0.0152,0.4147,,,94236.0,,,Not Classified in SAEC
189413,Boricua College,New York,Professions-focused Associate/Baccalaureate,0,1,35620,"New York-Newark-Jersey City, NY-NJ",0.8517,0.9654,2.62,,34112.0,32839.73249475891,1.04,"Higher Access, Medium Earnings"
189501,Brooklyn Law School,New York,Special Focus: Law,0,0,35620,"New York-Newark-Jersey City, NY-NJ",0.0,,,,,,,Not Classified in SAEC
189547,SUNY Broome Community College,New York,Professions-focused Associate Large/Medium,0,1,13780,"Binghamton, NY",0.5934,0.2885,2.18,,37745.0,31855.01711502283,1.18,"Higher Access, Medium Earnings"
189565,Bryant & Stratton College-Syracuse North,New York,Special Focus: Other Health Professions,0,1,45060,"Syracuse, NY",0.6559,0.4974,2.6,,30130.0,36428.50930460333,0.83,"Higher Access, Lower Earnings"
189583,Bryant & Stratton College-Buffalo,New York,Professions-focused Associate/Baccalaureate,0,1,15380,"Buffalo-Cheektowaga, NY",0.758,0.6476,2.99,,30130.0,29576.122334455664,1.02,"Higher Access, Medium Earnings"
189592,Bryant & Stratton College-Greece,New York,Special Focus: Other Health Professions,0,1,40380,"Rochester, NY",0.6648,0.6509,2.75,,30130.0,33029.716959064324,0.91,"Higher Access, Lower Earnings"
189705,Canisius University,New York,Professions-focused Undergraduate/Graduate-Master's Small,0,0,15380,"Buffalo-Cheektowaga, NY",0.2737,0.221,0.75,,55431.0,42799.26638833896,1.3,"Lower Access, Medium Earnings"
189811,St Paul's School of Nursing-Queens,New York,Special Focus: Nursing,0,1,35620,"New York-Newark-Jersey City, NY-NJ",0.4512,0.7547,1.66,,81314.0,36695.010298661175,2.22,"Opportunity Colleges and Universities – Higher Access, Higher Earnings"
189839,Cayuga County Community College,New York,Mixed Associate Medium,0,1,12180,"Auburn, NY",0.5165,0.1652,1.79,,37735.0,34677.98753824284,1.09,"Higher Access, Medium Earnings"
189857,Central Yeshiva Tomchei Tmimim Lubavitz,New York,Special Focus: Theological Studies,0,0,35620,"New York-Newark-Jersey City, NY-NJ",0.6445,0.0,,,24633.0,,,Not Classified in SAEC
190044,Clarkson University,New York,"Special Focus: Technology, Engineering, and Sciences",0,0,32390,"Massena-Ogdensburg, NY",0.2111,0.1441,0.56,,78777.0,44303.68695138863,1.78,"Lower Access, Higher Earnings"
190053,Clinton Community College,New York,Professions-focused Associate Small,0,1,38460,"Plattsburgh, NY",0.5213,0.1995,1.94,,35693.0,37844.05275345333,0.94,"Higher Access, Lower Earnings"
190071,Cochran School of Nursing,New York,Special Focus: Nursing,0,1,35620,"New York-Newark-Jersey City, NY-NJ",0.4435,0.7163,,,,,,Not Classified in SAEC
190080,Colgate Rochester Crozer Divinity School,New York,Special Focus: Theological Studies,0,0,40380,"Rochester, NY",0.0,,,,,,,Not Classified in SAEC
190099,Colgate University,New York,Special Focus: Arts and Sciences,0,0,45060,"Syracuse, NY",0.1271,0.2167,0.54,,74696.0,41847.22428878644,1.78,"Lower Access, Higher Earnings"
190114,Metropolitan College of New York,New York,Professions-focused Undergraduate/Graduate-Master's Small,0,0,35620,"New York-Newark-Jersey City, NY-NJ",0.6962,0.9432,2.4,,40788.0,31747.052120990236,1.28,"Higher Access, Medium Earnings"
190150,Columbia University in the City of New York,New York,Mixed Undergraduate/Graduate-Doctorate Large,0,0,35620,"New York-Newark-Jersey City, NY-NJ",0.2303,0.3725,0.89,,98435.0,39776.053465218276,2.47,"Lower Access, Higher Earnings"
190169,Columbia-Greene Community College,New York,Mixed Associate Small,0,1,26460,"Hudson, NY",0.4841,0.3124,2.16,,42561.0,30862.70447128875,1.38,"Opportunity Colleges and Universities – Higher Access, Higher Earnings"
190372,The Cooper Union for the Advancement of Science and Art,New York,"Special Focus: Technology, Engineering, and Sciences",0,0,35620,"New York-Newark-Jersey City, NY-NJ",0.2814,0.2741,0.84,,57789.0,39906.756169741166,1.45,"Lower Access, Medium Earnings"
190415,Cornell University,New York,Mixed Undergraduate/Graduate-Doctorate Large,0,0,27060,"Ithaca, NY",0.1828,0.333,0.76,,97098.0,40543.15413709659,2.39,"Lower Access, Higher Earnings"
190424,Weill Medical College of Cornell University,New York,Special Focus: Medical Schools and Centers,0,0,35620,"New York-Newark-Jersey City, NY-NJ",0.0,,,,97098.0,,,Not Classified in SAEC
190442,SUNY Corning Community College,New York,Mixed Associate Medium,0,1,18500,"Corning, NY",0.4767,0.1368,1.8,,35498.0,32617.373430989748,1.09,"Higher Access, Medium Earnings"
190451,Pomeroy College of Nursing at Crouse Hospital,New York,Special Focus: Nursing,0,1,45060,"Syracuse, NY",0.3488,0.2279,1.37,,67987.0,36994.47777777778,1.84,"Opportunity Colleges and Universities – Higher Access, Higher Earnings"
190503,Culinary Institute of America,New York,Special Focus: Applied and Career Studies,0,1,28880,"Kiryas Joel-Poughkeepsie-Newburgh, NY",0.2789,0.3817,1.02,,43549.0,40173.253225492896,1.08,"Higher Access, Medium Earnings"
190512,CUNY Bernard M Baruch College,New York,Special Focus: Business,1,0,35620,"New York-Newark-Jersey City, NY-NJ",0.5654,0.4293,1.5,,70543.0,48115.60325406564,1.47,"Opportunity Colleges and Universities – Higher Access, Higher Earnings"
190521,CUNY Borough of Manhattan Community College,New York,Professions-focused Associate Large/Medium,0,1,35620,"New York-Newark-Jersey City, NY-NJ",0.607,0.7828,1.98,,37750.0,37720.792143968014,1.0,"Higher Access, Medium Earnings"
190530,CUNY Bronx Community College,New York,Professions-focused Associate Large/Medium,0,1,35620,"New York-Newark-Jersey City, NY-NJ",0.6357,0.94,2.2,,38945.0,33521.33870232469,1.16,"Higher Access, Medium Earnings"
190549,CUNY Brooklyn College,New York,Mixed Undergraduate/Graduate-Master's Large/Medium,1,0,35620,"New York-Newark-Jersey City, NY-NJ",0.6097,0.4937,1.66,,54349.0,46054.5355626089,1.18,"Higher Access, Medium Earnings"
190558,College of Staten Island CUNY,New York,Mixed Undergraduate/Graduate-Master's Large/Medium,1,0,35620,"New York-Newark-Jersey City, NY-NJ",0.5096,0.4566,1.43,,48653.0,49706.49470387696,0.98,"Higher Access, Lower Earnings"
190567,CUNY City College,New York,Mixed Undergraduate/Graduate-Doctorate Medium,1,0,35620,"New York-Newark-Jersey City, NY-NJ",0.6189,0.6147,1.81,,55183.0,41648.048166022665,1.32,"Higher Access, Medium Earnings"
190576,CUNY Graduate School and University Center,New York,Professions-focused Undergraduate/Graduate-Doctorate Medium,1,0,35620,"New York-Newark-Jersey City, NY-NJ",0.3968,0.6553,,,68817.0,,,Not Classified in SAEC
190585,CUNY Hostos Community College,New York,Professions-focused Associate Large/Medium,0,1,35620,"New York-Newark-Jersey City, NY-NJ",0.6997,0.9488,2.33,,39402.0,33713.06510807013,1.17,"Higher Access, Medium Earnings"
190594,CUNY Hunter College,New York,Mixed Undergraduate/Graduate-Doctorate Large,1,0,35620,"New York-Newark-Jersey City, NY-NJ",0.5735,0.491,1.59,,55766.0,47067.35852787164,1.18,"Higher Access, Medium Earnings"
190600,CUNY John Jay College of Criminal Justice,New York,Professions-focused Undergraduate/Graduate-Master's Large/Medium,1,0,35620,"New York-Newark-Jersey City, NY-NJ",0.6089,0.7293,1.93,,56676.0,40256.93811363744,1.41,"Higher Access, Medium Earnings"
190619,CUNY Kingsborough Community College,New York,Professions-focused Associate Large/Medium,0,1,35620,"New York-Newark-Jersey City, NY-NJ",0.6022,0.6166,1.78,,39434.0,43949.755371104635,0.9,"Higher Access, Lower Earnings"
190628,CUNY LaGuardia Community College,New York,Professions-focused Associate Large/Medium,0,1,35620,"New York-Newark-Jersey City, NY-NJ",0.5237,0.7204,1.75,,38067.0,40144.6051816191,0.95,"Higher Access, Lower Earnings"
190637,CUNY Lehman College,New York,Professions-focused Undergraduate/Graduate-Master's Large/Medium,1,0,35620,"New York-Newark-Jersey City, NY-NJ",0.6471,0.8823,2.17,,54571.0,35908.42277009206,1.52,"Opportunity Colleges and Universities – Higher Access, Higher Earnings"
190646,CUNY Medgar Evers College,New York,Special Focus: Arts and Sciences,1,0,35620,"New York-Newark-Jersey City, NY-NJ",0.6382,0.9472,2.22,,40716.0,32731.683489440547,1.24,"Higher Access, Medium Earnings"
190655,CUNY New York City College of Technology,New York,Professions-focused Baccalaureate Medium,1,0,35620,"New York-Newark-Jersey City, NY-NJ",0.5892,0.6782,1.83,,45560.0,39540.44854102246,1.15,"Higher Access, Medium Earnings"
190664,CUNY Queens College,New York,Mixed Undergraduate/Graduate-Master's Large/Medium,1,0,35620,"New York-Newark-Jersey City, NY-NJ",0.5085,0.4655,1.44,,55518.0,48782.9979829588,1.14,"Higher Access, Medium Earnings"
190673,CUNY Queensborough Community College,New York,Professions-focused Associate Large/Medium,0,1,35620,"New York-Newark-Jersey City, NY-NJ",0.5189,0.6565,1.68,,41046.0,42416.93476414064,0.97,"Higher Access, Lower Earnings"
190682,CUNY School of Law,New York,Special Focus: Law,0,0,35620,"New York-Newark-Jersey City, NY-NJ",0.0,,,,,,,Not Classified in SAEC
190691,CUNY York College,New York,Professions-focused Baccalaureate Medium,1,0,35620,"New York-Newark-Jersey City, NY-NJ",0.5583,0.7253,1.83,,52476.0,38292.88624267909,1.37,"Higher Access, Medium Earnings"
190716,D'Youville University,New York,Special Focus: Other Health Professions,0,0,15380,"Buffalo-Cheektowaga, NY",0.3582,0.2892,0.97,,61535.0,42628.76973160047,1.44,"Lower Access, Higher Earnings"
190725,Daemen University,New York,Professions-focused Undergraduate/Graduate-Doctorate Small,0,0,15380,"Buffalo-Cheektowaga, NY",0.4417,0.1812,0.96,,59602.0,42705.536865839815,1.4,"Lower Access, Medium Earnings"
190752,Yeshiva of Far Rockaway Derech Ayson Rabbinical Seminary,New York,Special Focus: Theological Studies,0,0,35620,"New York-Newark-Jersey City, NY-NJ",0.1731,0.0,,,,,,Not Classified in SAEC
190761,Dominican University New York,New York,Professions-focused Undergraduate/Graduate-Doctorate Small,0,0,35620,"New York-Newark-Jersey City, NY-NJ",0.418,0.6355,1.55,,58086.0,38606.38238145152,1.5,"Opportunity Colleges and Universities – Higher Access, Higher Earnings"
190840,Dutchess Community College,New York,Mixed Associate Medium,0,1,28880,"Kiryas Joel-Poughkeepsie-Newburgh, NY",0.3622,0.4683,1.41,,40645.0,36952.61770268802,1.1,"Higher Access, Medium Earnings"
190956,Belanger School of Nursing,New York,Special Focus: Nursing,0,1,10580,"Albany-Schenectady-Troy, NY",0.227,0.338,1.59,,81097.0,43678.563492063484,1.86,"Opportunity Colleges and Universities – Higher Access, Higher Earnings"
190983,Elmira College,New York,Professions-focused Baccalaureate Small,0,0,21300,"Elmira, NY",0.3562,0.167,0.82,,53139.0,41585.3206667114,1.28,"Lower Access, Medium Earnings"
191083,Erie Community College,New York,Professions-focused Associate Large/Medium,0,1,15380,"Buffalo-Cheektowaga, NY",0.4833,0.3593,1.75,,38405.0,37546.24748445915,1.02,"Higher Access, Medium Earnings"
191126,Fashion Institute of Technology,New York,Professions-focused Associate/Baccalaureate,1,1,35620,"New York-Newark-Jersey City, NY-NJ",0.3327,0.4127,1.09,,58998.0,45245.6396806356,1.3,"Opportunity Colleges and Universities – Higher Access, Higher Earnings"
191199,Finger Lakes Community College,New York,Professions-focused Associate Large/Medium,0,1,40380,"Rochester, NY",0.4835,0.2426,1.43,,36556.0,38470.339010440715,0.95,"Higher Access, Lower Earnings"
191205,Five Towns College,New York,"Special Focus: Arts, Music, and Design",0,0,35620,"New York-Newark-Jersey City, NY-NJ",0.4682,0.5321,1.48,,34228.0,40470.415259654284,0.85,"Higher Access, Lower Earnings"
191241,Fordham University,New York,Mixed Undergraduate/Graduate-Doctorate Medium,0,0,35620,"New York-Newark-Jersey City, NY-NJ",0.214,0.312,0.79,,75002.0,41731.52119199802,1.8,"Lower Access, Higher Earnings"
191302,Fulton-Montgomery Community College,New York,Professions-focused Associate Small,0,1,11220,"Amsterdam, NY",0.4956,0.2687,1.28,,38932.0,34005.81391759738,1.14,"Higher Access, Medium Earnings"
191339,Genesee Community College,New York,Professions-focused Associate Large/Medium,0,1,12860,"Batavia, NY",0.4714,0.2809,2.38,,36660.0,34492.56975310261,1.06,"Higher Access, Medium Earnings"
191515,Hamilton College,New York,Special Focus: Arts and Sciences,0,0,46540,"Utica-Rome, NY",0.1811,0.1955,0.61,,74462.0,42031.146841701986,1.77,"Lower Access, Higher Earnings"
191533,Hartwick College,New York,Mixed Baccalaureate,0,0,36580,"Oneonta, NY",0.3548,0.3117,1.01,,54028.0,41297.5999417538,1.31,"Higher Access, Medium Earnings"
191597,Helene Fuld College of Nursing,New York,Special Focus: Nursing,0,1,35620,"New York-Newark-Jersey City, NY-NJ",0.3676,0.838,1.6,,97321.0,36087.806136680614,2.7,"Opportunity Colleges and Universities – Higher Access, Higher Earnings"
191612,Herkimer County Community College,New York,Professions-focused Associate Small,0,1,46540,"Utica-Rome, NY",0.6171,0.3354,2.39,,37347.0,36929.25623099944,1.01,"Higher Access, Medium Earnings"
191621,Hilbert College,New York,Professions-focused Baccalaureate Small,0,0,15380,"Buffalo-Cheektowaga, NY",0.4492,0.2593,1.09,,48876.0,41567.70056307276,1.18,"Higher Access, Medium Earnings"
191630,Hobart William Smith Colleges,New York,Special Focus: Arts and Sciences,0,0,40380,"Rochester, NY",0.2437,0.2272,0.75,,65589.0,41109.6267614451,1.6,"Lower Access, Higher Earnings"
191649,Hofstra University,New York,Professions-focused Undergraduate/Graduate-Doctorate Medium,0,0,35620,"New York-Newark-Jersey City, NY-NJ",0.2454,0.3147,0.85,,64563.0,41688.47292648694,1.55,"Lower Access, Higher Earnings"
191676,Houghton University,New York,Special Focus: Arts and Sciences,0,0,-2,New York -- Not in metropolitan statistical area,0.3651,0.158,0.83,,42148.0,43838.44384245549,0.96,"Lower Access, Lower Earnings"
191719,Hudson Valley Community College,New York,Professions-focused Associate Large/Medium,0,1,10580,"Albany-Schenectady-Troy, NY",0.4164,0.2813,1.76,,43081.0,42764.705467575994,1.01,"Higher Access, Medium Earnings"
191931,Iona University,New York,Professions-focused Undergraduate/Graduate-Master's Large/Medium,0,0,35620,"New York-Newark-Jersey City, NY-NJ",0.3012,0.4428,1.11,,61052.0,40916.44324574781,1.49,"Higher Access, Medium Earnings"
191959,Island Drafting and Technical Institute,New York,Special Focus: Applied and Career Studies,0,1,35620,"New York-Newark-Jersey City, NY-NJ",0.7015,0.5556,1.89,,51514.0,46657.71428571429,1.1,"Higher Access, Medium Earnings"
191968,Ithaca College,New York,Professions-focused Undergraduate/Graduate-Master's Large/Medium,0,0,27060,"Ithaca, NY",0.1908,0.2082,0.63,,58247.0,41085.52216037332,1.42,"Lower Access, Medium Earnings"
191986,Jamestown Community College,New York,Professions-focused Associate Large/Medium,0,1,27460,"Jamestown-Dunkirk, NY",0.4994,0.1935,1.37,,36332.0,30542.879454155376,1.19,"Higher Access, Medium Earnings"
192004,Jamestown Business College,New York,Special Focus: Business,0,1,27460,"Jamestown-Dunkirk, NY",0.6864,0.3419,2.22,,34449.0,31291.290320317978,1.1,"Higher Access, Medium Earnings"
192022,Jefferson Community College,New York,Professions-focused Associate Small,0,1,48060,"Watertown-Fort Drum, NY",0.4819,0.279,1.52,,37675.0,33905.02871757124,1.11,"Higher Access, Medium Earnings"
192040,Jewish Theological Seminary of America,New York,Special Focus: Theological Studies,0,0,35620,"New York-Newark-Jersey City, NY-NJ",0.0537,0.0652,,,,,,Not Classified in SAEC
192110,The Juilliard School,New York,"Special Focus: Arts, Music, and Design",0,0,35620,"New York-Newark-Jersey City, NY-NJ",0.1632,0.3303,0.7,,28067.0,38166.14471356308,0.74,"Lower Access, Lower Earnings"
192165,Kehilath Yakov Rabbinical Seminary,New York,Special Focus: Theological Studies,0,0,35620,"New York-Newark-Jersey City, NY-NJ",0.8717,0.0,,,,,,Not Classified in SAEC
192192,Keuka College,New York,Professions-focused Undergraduate/Graduate-Master's Small,0,0,-2,New York -- Not in metropolitan statistical area,0.4364,0.1592,0.93,,52528.0,43170.71455467607,1.22,"Lower Access, Medium Earnings"
192271,LIM College,New York,Special Focus: Business,0,0,35620,"New York-Newark-Jersey City, NY-NJ",0.3574,0.5028,1.3,,57314.0,41086.73528861973,1.39,"Opportunity Colleges and Universities – Higher Access, Higher Earnings"
192323,Le Moyne College,New York,Mixed Undergraduate/Graduate-Master's Small,0,0,45060,"Syracuse, NY",0.3152,0.2035,0.79,,59119.0,44032.03874072469,1.34,"Lower Access, Medium Earnings"
192448,Long Island University,New York,Special Focus: Other Health Professions,0,0,35620,"New York-Newark-Jersey City, NY-NJ",0.3738,0.4156,1.17,,54687.0,38019.51579804202,1.44,"Opportunity Colleges and Universities – Higher Access, Higher Earnings"
192509,Long Island Business Institute,New York,Special Focus: Business,0,1,35620,"New York-Newark-Jersey City, NY-NJ",0.9048,0.4899,2.19,,20410.0,48111.878391019636,0.42,"Higher Access, Lower Earnings"
192624,Machzikei Hadath Rabbinical College,New York,Special Focus: Theological Studies,0,0,35620,"New York-Newark-Jersey City, NY-NJ",0.838,0.0,,,,,,Not Classified in SAEC
192688,Mandl School-The College of Allied Health,New York,Special Focus: Applied and Career Studies,0,1,35620,"New York-Newark-Jersey City, NY-NJ",0.8435,0.8825,2.51,,36595.0,33887.56641870351,1.08,"Higher Access, Medium Earnings"
192703,Manhattan University,New York,Mixed Undergraduate/Graduate-Master's Small,0,0,35620,"New York-Newark-Jersey City, NY-NJ",0.3121,0.4335,1.11,,78388.0,41318.25404167707,1.9,"Opportunity Colleges and Universities – Higher Access, Higher Earnings"
192712,Manhattan School of Music,New York,"Special Focus: Arts, Music, and Design",0,0,35620,"New York-Newark-Jersey City, NY-NJ",0.1332,0.323,0.66,,37166.0,41355.14176954732,0.9,"Lower Access, Lower Earnings"
192749,Manhattanville University,New York,Mixed Undergraduate/Graduate-Master's Small,0,0,35620,"New York-Newark-Jersey City, NY-NJ",0.3399,0.4675,1.21,,48595.0,37901.67562236081,1.28,"Higher Access, Medium Earnings"
192785,Maria College of Albany,New York,Special Focus: Nursing,0,1,10580,"Albany-Schenectady-Troy, NY",0.4074,0.3693,2.06,,55505.0,42268.032668881504,1.31,"Opportunity Colleges and Universities – Higher Access, Higher Earnings"
192819,Marist University,New York,Mixed Undergraduate/Graduate-Master's Large/Medium,0,0,28880,"Kiryas Joel-Poughkeepsie-Newburgh, NY",0.1589,0.2158,0.58,,70306.0,39869.92887632146,1.76,"Lower Access, Higher Earnings"
192864,Marymount Manhattan College,New York,Special Focus: Arts and Sciences,0,0,35620,"New York-Newark-Jersey City, NY-NJ",0.2915,0.4185,1.07,,42125.0,39900.29104167776,1.06,"Higher Access, Medium Earnings"
192961,St. Peter's Hospital College of Nursing,New York,Special Focus: Nursing,0,1,10580,"Albany-Schenectady-Troy, NY",0.3471,0.3056,1.72,,70402.0,43893.05213270142,1.6,"Opportunity Colleges and Universities – Higher Access, Higher Earnings"
193016,Mercy University,New York,Professions-focused Undergraduate/Graduate-Doctorate Medium,0,0,35620,"New York-Newark-Jersey City, NY-NJ",0.548,0.7797,1.95,,49047.0,35759.67232064979,1.37,"Higher Access, Medium Earnings"
193052,Mesivta Torah Vodaath Rabbinical Seminary,New York,Special Focus: Theological Studies,0,0,35620,"New York-Newark-Jersey City, NY-NJ",0.5407,0.0,,,19383.0,,,Not Classified in SAEC
193061,Mesivta of Eastern Parkway-Yeshiva Zichron Meilech,New York,Special Focus: Theological Studies,0,1,35620,"New York-Newark-Jersey City, NY-NJ",0.6596,0.0,,,,,,Not Classified in SAEC
193070,Mesivtha Tifereth Jerusalem of America,New York,Special Focus: Theological Studies,0,0,35620,"New York-Newark-Jersey City, NY-NJ",0.3462,0.0,,,,,,Not Classified in SAEC
193201,Mildred Elley School-Albany Campus,New York,Professions-focused Associate Small,0,1,10580,"Albany-Schenectady-Troy, NY",0.8049,0.6397,3.76,,32495.0,37679.24040387948,0.86,"Higher Access, Lower Earnings"
193247,Mirrer Yeshiva Cent Institute,New York,Special Focus: Theological Studies,0,1,35620,"New York-Newark-Jersey City, NY-NJ",0.3667,0.0,,,,,,Not Classified in SAEC
193283,Mohawk Valley Community College,New York,Professions-focused Associate Large/Medium,0,1,46540,"Utica-Rome, NY",0.5694,0.2666,2.07,,37737.0,36914.65018205599,1.02,"Higher Access, Medium Earnings"
193292,Molloy University,New York,Special Focus: Other Health Professions,0,0,35620,"New York-Newark-Jersey City, NY-NJ",0.3053,0.3889,1.01,,76573.0,42164.13763862144,1.82,"Opportunity Colleges and Universities – Higher Access, Higher Earnings"
193308,Monroe University,New York,Professions-focused Undergraduate/Graduate-Master's Large/Medium,0,0,35620,"New York-Newark-Jersey City, NY-NJ",0.6277,0.941,2.3,,40036.0,31212.724950974036,1.28,"Higher Access, Medium Earnings"
193326,Monroe Community College,New York,Professions-focused Associate Large/Medium,0,1,40380,"Rochester, NY",0.5225,0.4055,1.93,,37324.0,36551.85096584183,1.02,"Higher Access, Medium Earnings"
193353,Mount Saint Mary College,New York,Professions-focused Undergraduate/Graduate-Master's Small,0,0,28880,"Kiryas Joel-Poughkeepsie-Newburgh, NY",0.3124,0.4059,1.07,,64512.0,41477.17644615579,1.56,"Opportunity Colleges and Universities – Higher Access, Higher Earnings"
193380,Montefiore School of Nursing,New York,Special Focus: Nursing,0,1,35620,"New York-Newark-Jersey City, NY-NJ",0.3663,0.8217,,,,,,Not Classified in SAEC
193399,University of Mount Saint Vincent,New York,Mixed Undergraduate/Graduate-Master's Small,0,0,35620,"New York-Newark-Jersey City, NY-NJ",0.4385,0.4858,1.37,,61111.0,36846.929572678484,1.66,"Opportunity Colleges and Universities – Higher Access, Higher Earnings"
193405,Icahn School of Medicine at Mount Sinai,New York,Special Focus: Medical Schools and Centers,0,0,35620,"New York-Newark-Jersey City, NY-NJ",0.0,,,,,,,Not Classified in SAEC
193478,Nassau Community College,New York,Mixed Associate Medium,0,1,35620,"New York-Newark-Jersey City, NY-NJ",0.3994,0.6088,1.4,,44016.0,44773.35609643476,0.98,"Higher Access, Lower Earnings"
193584,Nazareth University,New York,Professions-focused Undergraduate/Graduate-Doctorate Small,0,0,40380,"Rochester, NY",0.2604,0.1595,0.65,,53205.0,42975.077701542985,1.24,"Lower Access, Medium Earnings"
193654,The New School,New York,"Special Focus: Arts, Music, and Design",0,0,35620,"New York-Newark-Jersey City, NY-NJ",0.1539,0.3108,0.67,,49944.0,40849.066504090835,1.22,"Lower Access, Medium Earnings"
193751,Northeast College of Health Sciences,New York,Special Focus: Other Health Professions,0,0,42900,"Seneca Falls, NY",0.0,,,,,,,Not Classified in SAEC
193821,New York Law School,New York,Special Focus: Law,0,0,35620,"New York-Newark-Jersey City, NY-NJ",0.0,,,,,,,Not Classified in SAEC
193830,New York Medical College,New York,Special Focus: Medical Schools and Centers,0,0,35620,"New York-Newark-Jersey City, NY-NJ",0.0,,,,,,,Not Classified in SAEC
193858,New York School for Medical and Dental Assistants,New York,Special Focus: Applied and Career Studies,0,1,35620,"New York-Newark-Jersey City, NY-NJ",0.8884,0.8483,2.56,,35198.0,35949.323420074346,0.98,"Higher Access, Lower Earnings"
193894,New York Theological Seminary,New York,Special Focus: Theological Studies,0,0,35620,"New York-Newark-Jersey City, NY-NJ",0.0,,,,,,,Not Classified in SAEC
193900,New York University,New York,Mixed Undergraduate/Graduate-Doctorate Large,0,0,35620,"New York-Newark-Jersey City, NY-NJ",0.1871,0.4008,0.85,,76035.0,40838.67837848047,1.86,"Lower Access, Higher Earnings"
193946,Niagara County Community College,New York,Professions-focused Associate Large/Medium,0,1,15380,"Buffalo-Cheektowaga, NY",0.4651,0.2659,1.46,,38697.0,39550.692424102206,0.98,"Higher Access, Lower Earnings"
193973,Niagara University,New York,Professions-focused Undergraduate/Graduate-Master's Large/Medium,0,0,15380,"Buffalo-Cheektowaga, NY",0.2632,0.1703,0.66,,49762.0,43423.788811910024,1.15,"Lower Access, Medium Earnings"
194028,North Country Community College,New York,Professions-focused Associate Small,0,1,-2,New York -- Not in metropolitan statistical area,0.6159,0.1895,1.76,,37988.0,33157.547324529674,1.15,"Higher Access, Medium Earnings"
194073,New York College of Podiatric Medicine,New York,Special Focus: Other Health Professions,0,0,35620,"New York-Newark-Jersey City, NY-NJ",0.0,,,,,,,Not Classified in SAEC
194091,New York Institute of Technology,New York,Mixed Undergraduate/Graduate-Doctorate Medium,0,0,35620,"New York-Newark-Jersey City, NY-NJ",0.4602,0.4415,1.36,,64194.0,37118.39490904187,1.73,"Opportunity Colleges and Universities – Higher Access, Higher Earnings"
194116,New York School of Interior Design,New York,"Special Focus: Arts, Music, and Design",0,0,35620,"New York-Newark-Jersey City, NY-NJ",0.1596,0.2544,,,,,,Not Classified in SAEC
194189,Ohr Hameir Theological Seminary,New York,Special Focus: Theological Studies,0,1,35620,"New York-Newark-Jersey City, NY-NJ",0.604,0.0,,,,,,Not Classified in SAEC
194222,Onondaga Community College,New York,Professions-focused Associate Large/Medium,0,1,45060,"Syracuse, NY",0.4867,0.3445,2.0,,38224.0,35096.48204376833,1.09,"Higher Access, Medium Earnings"
194240,Orange County Community College,New York,Professions-focused Associate Large/Medium,0,1,28880,"Kiryas Joel-Poughkeepsie-Newburgh, NY",0.3806,0.5073,1.5,,43891.0,36723.93585170257,1.2,"Higher Access, Medium Earnings"
194310,Pace University,New York,Professions-focused Undergraduate/Graduate-Doctorate Medium,0,0,35620,"New York-Newark-Jersey City, NY-NJ",0.2866,0.4055,1.04,,61062.0,39943.88021806248,1.53,"Opportunity Colleges and Universities – Higher Access, Higher Earnings"
194392,Paul Smiths College of Arts and Science,New York,Professions-focused Baccalaureate Small,0,0,-2,New York -- Not in metropolitan statistical area,0.3679,0.0915,0.74,,43916.0,43582.817930857425,1.01,"Lower Access, Medium Earnings"
194499,Plaza College,New York,Special Focus: Other Health Professions,0,1,35620,"New York-Newark-Jersey City, NY-NJ",0.8684,0.7771,2.44,,28199.0,39399.619047619046,0.72,"Higher Access, Lower Earnings"
194569,Davis College,New York,Special Focus: Theological Studies,0,0,24020,"Glens Falls, NY",0.5049,0.2427,,,35229.0,,,Not Classified in SAEC
194578,Pratt Institute-Main,New York,"Special Focus: Arts, Music, and Design",0,0,35620,"New York-Newark-Jersey City, NY-NJ",0.1762,0.2777,0.67,,47795.0,41686.56614968006,1.15,"Lower Access, Medium Earnings"
194657,Rabbinical Academy Mesivta Rabbi Chaim Berlin,New York,Special Focus: Theological Studies,0,0,35620,"New York-Newark-Jersey City, NY-NJ",0.2222,0.0,,,,,,Not Classified in SAEC
194666,Rabbinical College Bobover Yeshiva Bnei Zion,New York,Special Focus: Theological Studies,0,0,35620,"New York-Newark-Jersey City, NY-NJ",0.8794,0.0,,,35458.0,,,Not Classified in SAEC
194693,Rabbinical College Beth Shraga,New York,Special Focus: Theological Studies,0,1,35620,"New York-Newark-Jersey City, NY-NJ",0.2162,0.0,,,,,,Not Classified in SAEC
194736,Rabbinical College of Long Island,New York,Special Focus: Theological Studies,0,1,35620,"New York-Newark-Jersey City, NY-NJ",0.3041,0.0,,,,,,Not Classified in SAEC
194763,Rabbinical Seminary of America,New York,Special Focus: Theological Studies,0,0,35620,"New York-Newark-Jersey City, NY-NJ",0.1389,0.0,,,,,,Not Classified in SAEC
194824,Rensselaer Polytechnic Institute,New York,"Special Focus: Technology, Engineering, and Sciences",0,0,10580,"Albany-Schenectady-Troy, NY",0.1871,0.2558,0.7,,95369.0,43241.81470044525,2.21,"Lower Access, Higher Earnings"
194958,Roberts Wesleyan University,New York,Professions-focused Undergraduate/Graduate-Master's Small,0,0,40380,"Rochester, NY",0.4027,0.304,1.07,,55991.0,43320.65747713546,1.29,"Higher Access, Medium Earnings"
195003,Rochester Institute of Technology,New York,Mixed Undergraduate/Graduate-Doctorate Medium,0,0,40380,"Rochester, NY",0.2768,0.2112,0.77,,70978.0,40289.499594585985,1.76,"Lower Access, Higher Earnings"
195030,University of Rochester,New York,Mixed Undergraduate/Graduate-Doctorate Medium,0,0,40380,"Rochester, NY",0.1694,0.2313,0.62,,75218.0,42048.47137666369,1.79,"Lower Access, Higher Earnings"
195049,The Rockefeller University,New York,Special Focus: Graduate Studies,0,0,35620,"New York-Newark-Jersey City, NY-NJ",0.0,,,,,,,Not Classified in SAEC
195058,Rockland Community College,New York,Mixed Associate Medium,0,1,35620,"New York-Newark-Jersey City, NY-NJ",0.3489,0.6231,1.33,,46357.0,44616.85396559605,1.04,"Higher Access, Medium Earnings"
195128,Russell Sage College,New York,Professions-focused Undergraduate/Graduate-Doctorate Small,0,0,10580,"Albany-Schenectady-Troy, NY",0.4351,0.2991,1.13,,52727.0,40834.38311688312,1.29,"Higher Access, Medium Earnings"
195155,St Bernard's School of Theology and Ministry,New York,Special Focus: Theological Studies,0,0,40380,"Rochester, NY",0.0,,,,,,,Not Classified in SAEC
195164,St Bonaventure University,New York,Professions-focused Undergraduate/Graduate-Master's Small,0,0,36460,"Olean, NY",0.2274,0.1618,0.6,,54580.0,41597.002675878175,1.31,"Lower Access, Medium Earnings"
195173,St. Francis College,New York,Professions-focused Baccalaureate Small,0,0,35620,"New York-Newark-Jersey City, NY-NJ",0.4778,0.7059,1.72,,56896.0,37867.90650654196,1.5,"Opportunity Colleges and Universities – Higher Access, Higher Earnings"
195191,St. Joseph's College of Nursing,New York,Special Focus: Nursing,0,1,45060,"Syracuse, NY",0.4034,0.1747,1.25,,80905.0,37353.72268907563,2.17,"Opportunity Colleges and Universities – Higher Access, Higher Earnings"
195216,St Lawrence University,New York,Special Focus: Arts and Sciences,0,0,32390,"Massena-Ogdensburg, NY",0.2113,0.1274,0.57,,58917.0,43865.19065200732,1.34,"Lower Access, Medium Earnings"
195234,The College of Saint Rose,New York,Professions-focused Undergraduate/Graduate-Master's Large/Medium,0,0,10580,"Albany-Schenectady-Troy, NY",0.3911,0.3904,1.18,,52099.0,43498.08685286848,1.2,"Higher Access, Medium Earnings"
195243,St. Thomas Aquinas College,New York,Professions-focused Baccalaureate Small,0,0,35620,"New York-Newark-Jersey City, NY-NJ",0.3369,0.4147,1.12,,50468.0,42559.51008140135,1.19,"Higher Access, Medium Earnings"
195289,Samaritan Hospital School of Nursing,New York,Special Focus: Nursing,0,1,10580,"Albany-Schenectady-Troy, NY",0.3386,0.2434,1.5,,70003.0,44287.23655913978,1.58,"Opportunity Colleges and Universities – Higher Access, Higher Earnings"
195304,Sarah Lawrence College,New York,Special Focus: Arts and Sciences,0,0,35620,"New York-Newark-Jersey City, NY-NJ",0.1306,0.243,0.55,,43274.0,40356.95768311937,1.07,"Lower Access, Medium Earnings"
195322,Schenectady County Community College,New York,Professions-focused Associate Large/Medium,0,1,10580,"Albany-Schenectady-Troy, NY",0.5715,0.3584,2.34,,36952.0,42543.234024051366,0.87,"Higher Access, Lower Earnings"
195438,Sh'or Yoshuv Rabbinical College,New York,Special Focus: Theological Studies,0,0,35620,"New York-Newark-Jersey City, NY-NJ",0.0449,0.0,,,,,,Not Classified in SAEC
195474,Siena College,New York,Mixed Baccalaureate,0,0,10580,"Albany-Schenectady-Troy, NY",0.2359,0.167,0.62,,66308.0,44557.83314232424,1.49,"Lower Access, Medium Earnings"
195526,Skidmore College,New York,Special Focus: Arts and Sciences,0,0,10580,"Albany-Schenectady-Troy, NY",0.1378,0.2272,0.58,,59421.0,42190.956366680126,1.41,"Lower Access, Medium Earnings"
195544,St. Joseph's University-New York,New York,Professions-focused Undergraduate/Graduate-Master's Large/Medium,0,0,35620,"New York-Newark-Jersey City, NY-NJ",0.3447,0.3555,1.04,,61290.0,41346.17674187435,1.48,"Higher Access, Medium Earnings"
195580,Saint Vladimirs Orthodox Theological Seminary,New York,Special Focus: Theological Studies,0,0,35620,"New York-Newark-Jersey City, NY-NJ",0.0,,,,,,,Not Classified in SAEC
195702,Saint Elizabeth College of Nursing,New York,Special Focus: Nursing,0,1,46540,"Utica-Rome, NY",0.3972,0.0974,,,73991.0,,,Not Classified in SAEC
195720,St. John Fisher University,New York,Professions-focused Undergraduate/Graduate-Doctorate Small,0,0,40380,"Rochester, NY",0.2819,0.1383,0.65,,62486.0,44743.472767166866,1.4,"Lower Access, Medium Earnings"
195784,St Paul's School of Nursing-Staten Island,New York,Special Focus: Nursing,0,1,35620,"New York-Newark-Jersey City, NY-NJ",0.4738,0.6177,1.55,,56991.0,46468.719675424116,1.23,"Higher Access, Medium Earnings"
195809,St. John's University-New York,New York,Professions-focused Undergraduate/Graduate-Doctorate Large,0,0,35620,"New York-Newark-Jersey City, NY-NJ",0.3675,0.4265,1.18,,61041.0,39892.83856978242,1.53,"Opportunity Colleges and Universities – Higher Access, Higher Earnings"
195988,Sullivan County Community College,New York,Professions-focused Associate Small,0,1,33910,"Monticello, NY",0.5039,0.5941,4.01,,35996.0,30903.432238944548,1.16,"Higher Access, Medium Earnings"
196006,SUNY College of Technology at Alfred,New York,Special Focus: Applied and Career Studies,1,1,-2,New York -- Not in metropolitan statistical area,0.4499,0.2898,2.14,,48594.0,32708.580473111404,1.49,"Opportunity Colleges and Universities – Higher Access, Higher Earnings"
196015,SUNY College of Technology at Canton,New York,Professions-focused Baccalaureate Medium,1,0,32390,"Massena-Ogdensburg, NY",0.4844,0.2775,2.59,,43414.0,32890.55733498125,1.32,"Higher Access, Medium Earnings"
196024,SUNY College of Technology at Delhi,New York,Professions-focused Baccalaureate Small,1,0,-2,New York -- Not in metropolitan statistical area,0.4622,0.3748,2.6,,45226.0,31824.73401267692,1.42,"Higher Access, Medium Earnings"
196033,SUNY College of Agriculture and Technology at Cobleskill,New York,Professions-focused Baccalaureate Small,1,0,10580,"Albany-Schenectady-Troy, NY",0.4273,0.2734,1.7,,42423.0,43080.28110446131,0.98,"Higher Access, Lower Earnings"
196042,Farmingdale State College,New York,Professions-focused Baccalaureate Medium,1,0,35620,"New York-Newark-Jersey City, NY-NJ",0.3696,0.4259,1.14,,63080.0,49906.99303743784,1.26,"Higher Access, Medium Earnings"
196051,SUNY Morrisville,New York,Professions-focused Associate/Baccalaureate,1,1,45060,"Syracuse, NY",0.5546,0.3948,2.22,,42006.0,33788.82698422244,1.24,"Higher Access, Medium Earnings"
196060,University at Albany,New York,Mixed Undergraduate/Graduate-Doctorate Medium,0,0,10580,"Albany-Schenectady-Troy, NY",0.4243,0.4704,1.32,,60335.0,41502.930239821,1.45,"Higher Access, Medium Earnings"
196079,Binghamton University,New York,Mixed Undergraduate/Graduate-Doctorate Large,0,0,13780,"Binghamton, NY",0.2748,0.2325,0.77,,73402.0,42520.01620381111,1.73,"Lower Access, Higher Earnings"
196088,University at Buffalo,New York,Mixed Undergraduate/Graduate-Doctorate Large,0,0,15380,"Buffalo-Cheektowaga, NY",0.3255,0.2486,0.86,,63080.0,42735.47968068104,1.48,"Lower Access, Medium Earnings"
196097,Stony Brook University,New York,Mixed Undergraduate/Graduate-Doctorate Large,0,0,35620,"New York-Newark-Jersey City, NY-NJ",0.386,0.2845,1.02,,69248.0,41505.072928837486,1.67,"Opportunity Colleges and Universities – Higher Access, Higher Earnings"
196103,SUNY College of Environmental Science and Forestry,New York,Mixed Baccalaureate,0,0,45060,"Syracuse, NY",0.2594,0.1582,0.64,,54896.0,44592.87219522763,1.23,"Lower Access, Medium Earnings"
196112,SUNY Polytechnic Institute,New York,Professions-focused Undergraduate/Graduate-Master's Small,1,0,46540,"Utica-Rome, NY",0.3893,0.2307,1.62,,61959.0,37379.94689627054,1.66,"Opportunity Colleges and Universities – Higher Access, Higher Earnings"
196121,SUNY Brockport,New York,Professions-focused Undergraduate/Graduate-Master's Large/Medium,1,0,40380,"Rochester, NY",0.3904,0.2491,1.3,,51404.0,38657.1015380966,1.33,"Higher Access, Medium Earnings"
196130,SUNY Buffalo State University,New York,Professions-focused Undergraduate/Graduate-Master's Large/Medium,1,0,15380,"Buffalo-Cheektowaga, NY",0.5423,0.4665,2.13,,46928.0,37354.58295091479,1.26,"Higher Access, Medium Earnings"
196149,State University of New York at Cortland,New York,Professions-focused Undergraduate/Graduate-Master's Large/Medium,1,0,18660,"Cortland, NY",0.2691,0.2104,1.66,,56579.0,34409.931246501874,1.64,"Opportunity Colleges and Universities – Higher Access, Higher Earnings"
196158,SUNY at Fredonia,New York,Professions-focused Baccalaureate Medium,1,0,27460,"Jamestown-Dunkirk, NY",0.3768,0.2294,1.39,,48232.0,30138.671263729233,1.6,"Opportunity Colleges and Universities – Higher Access, Higher Earnings"
196167,SUNY College at Geneseo,New York,Special Focus: Arts and Sciences,1,0,40380,"Rochester, NY",0.2547,0.1266,0.75,,60682.0,38885.76300582017,1.56,"Lower Access, Higher Earnings"
196176,State University of New York at New Paltz,New York,Mixed Undergraduate/Graduate-Master's Large/Medium,1,0,28740,"Kingston, NY",0.3342,0.343,1.42,,53453.0,35829.55997160857,1.49,"Higher Access, Medium Earnings"
196185,SUNY Oneonta,New York,Mixed Undergraduate/Graduate-Master's Large/Medium,1,0,36580,"Oneonta, NY",0.3341,0.257,2.12,,57701.0,31946.338128071027,1.81,"Opportunity Colleges and Universities – Higher Access, Higher Earnings"
196194,State University of New York at Oswego,New York,Professions-focused Undergraduate/Graduate-Master's Large/Medium,1,0,45060,"Syracuse, NY",0.3888,0.2989,1.59,,52620.0,36405.74290394241,1.45,"Higher Access, Medium Earnings"
196200,SUNY College at Potsdam,New York,Special Focus: Arts and Sciences,1,0,32390,"Massena-Ogdensburg, NY",0.4273,0.2419,2.32,,47269.0,33390.33445879937,1.42,"Higher Access, Medium Earnings"
196219,SUNY at Purchase College,New York,Special Focus: Arts and Sciences,1,0,35620,"New York-Newark-Jersey City, NY-NJ",0.363,0.4554,1.18,,40518.0,43853.364540048366,0.92,"Higher Access, Lower Earnings"
196228,SUNY College of Optometry,New York,Special Focus: Other Health Professions,0,0,35620,"New York-Newark-Jersey City, NY-NJ",0.0,,,,,,,Not Classified in SAEC
196237,SUNY Old Westbury,New York,Special Focus: Arts and Sciences,1,0,35620,"New York-Newark-Jersey City, NY-NJ",0.4868,0.6206,1.57,,55233.0,42729.54928985505,1.29,"Higher Access, Medium Earnings"
196246,State University of New York at Plattsburgh,New York,Professions-focused Baccalaureate Medium,1,0,38460,"Plattsburgh, NY",0.3929,0.3001,2.36,,51739.0,38114.99669716534,1.36,"Higher Access, Medium Earnings"
196255,SUNY Downstate Health Sciences University,New York,Special Focus: Medical Schools and Centers,0,0,35620,"New York-Newark-Jersey City, NY-NJ",0.078,0.4063,,,100169.0,,,Not Classified in SAEC
196264,Empire State University,New York,Professions-focused Undergraduate/Graduate-Master's Large/Medium,1,0,10580,"Albany-Schenectady-Troy, NY",0.3849,0.4142,2.06,,52603.0,39528.85695833819,1.33,"Higher Access, Medium Earnings"
196291,SUNY Maritime College,New York,Professions-focused Baccalaureate Small,1,0,35620,"New York-Newark-Jersey City, NY-NJ",0.2068,0.2495,0.67,,84435.0,48587.0680557109,1.74,"Lower Access, Higher Earnings"
196307,Upstate Medical University,New York,Special Focus: Medical Schools and Centers,0,0,45060,"Syracuse, NY",0.2484,0.1479,,,86601.0,,,Not Classified in SAEC
196389,Swedish Institute a College of Health Sciences,New York,Special Focus: Other Health Professions,0,1,35620,"New York-Newark-Jersey City, NY-NJ",0.8575,0.8936,2.56,,31266.0,40088.938391526506,0.78,"Higher Access, Lower Earnings"
196413,Syracuse University,New York,Mixed Undergraduate/Graduate-Doctorate Large,0,0,45060,"Syracuse, NY",0.166,0.2766,0.69,,70598.0,40997.39186928514,1.72,"Lower Access, Higher Earnings"
196431,Talmudical Seminary Oholei Torah,New York,Special Focus: Theological Studies,0,0,35620,"New York-Newark-Jersey City, NY-NJ",0.6023,0.0,,,27080.0,,,Not Classified in SAEC
196468,Teachers College at Columbia University,New York,Special Focus: Graduate Studies,0,0,35620,"New York-Newark-Jersey City, NY-NJ",0.0,,,,,,,Not Classified in SAEC
196565,Tompkins Cortland Community College,New York,Professions-focused Associate Large/Medium,0,1,27060,"Ithaca, NY",0.5367,0.298,2.31,,36174.0,35217.70701153538,1.03,"Higher Access, Medium Earnings"
196583,Torah Temimah Talmudical Seminary,New York,Special Focus: Theological Studies,0,0,35620,"New York-Newark-Jersey City, NY-NJ",0.5821,0.0,,,,,,Not Classified in SAEC
196592,Touro University,New York,Mixed Undergraduate/Graduate-Doctorate Medium,0,0,35620,"New York-Newark-Jersey City, NY-NJ",0.3889,0.3114,1.06,,48276.0,40199.63739723267,1.2,"Higher Access, Medium Earnings"
196653,Trocaire College,New York,Special Focus: Nursing,0,1,15380,"Buffalo-Cheektowaga, NY",0.5301,0.4494,2.09,,52049.0,38208.413398392964,1.36,"Opportunity Colleges and Universities – Higher Access, Higher Earnings"
196680,Excelsior University,New York,Professions-focused Undergraduate/Graduate-Master's Large/Medium,0,0,10580,"Albany-Schenectady-Troy, NY",0.2491,0.372,,,75790.0,,,Not Classified in SAEC
196699,Ulster County Community College,New York,Mixed Associate Small,0,1,28740,"Kingston, NY",0.3632,0.3286,1.46,,38569.0,35255.084044380215,1.09,"Higher Access, Medium Earnings"
196866,Union College,New York,Special Focus: Arts and Sciences,0,0,10580,"Albany-Schenectady-Troy, NY",0.1325,0.189,0.54,,81488.0,44673.892541453366,1.82,"Lower Access, Higher Earnings"
196884,Union Theological Seminary in the City of New York,New York,Special Focus: Theological Studies,0,0,35620,"New York-Newark-Jersey City, NY-NJ",0.0,,,,,,,Not Classified in SAEC
197018,United Talmudical Seminary,New York,Special Focus: Theological Studies,0,0,35620,"New York-Newark-Jersey City, NY-NJ",0.856,0.001,,,21721.0,,,Not Classified in SAEC
197027,United States Merchant Marine Academy,New York,"Special Focus: Technology, Engineering, and Sciences",0,0,35620,"New York-Newark-Jersey City, NY-NJ",0.073,0.1668,0.35,,96520.0,40467.6870533234,2.39,"Lower Access, Higher Earnings"
197036,United States Military Academy,New York,Mixed Baccalaureate,0,0,28880,"Kiryas Joel-Poughkeepsie-Newburgh, NY",0.0,0.2754,,,,,,Not Classified in SAEC
197045,Utica University,New York,Professions-focused Undergraduate/Graduate-Doctorate Medium,0,0,46540,"Utica-Rome, NY",0.3136,0.239,0.84,,63771.0,42707.06211477915,1.49,"Lower Access, Medium Earnings"
197133,Vassar College,New York,Special Focus: Arts and Sciences,0,0,28880,"Kiryas Joel-Poughkeepsie-Newburgh, NY",0.2111,0.2656,0.73,,60671.0,41364.58344960559,1.47,"Lower Access, Medium Earnings"
197142,Villa Maria College,New York,Professions-focused Baccalaureate Small,0,0,15380,"Buffalo-Cheektowaga, NY",0.622,0.5196,1.7,,34748.0,43025.569776803044,0.81,"Higher Access, Lower Earnings"
197151,School of Visual Arts,New York,"Special Focus: Arts, Music, and Design",0,0,35620,"New York-Newark-Jersey City, NY-NJ",0.1478,0.286,0.64,,41013.0,41987.05507952179,0.98,"Lower Access, Lower Earnings"
197197,Wagner College,New York,Professions-focused Undergraduate/Graduate-Master's Small,0,0,35620,"New York-Newark-Jersey City, NY-NJ",0.2292,0.3072,0.82,,69365.0,41390.9951455571,1.68,"Lower Access, Higher Earnings"
197221,Webb Institute,New York,"Special Focus: Technology, Engineering, and Sciences",0,0,35620,"New York-Newark-Jersey City, NY-NJ",0.0882,0.1649,,,,,,Not Classified in SAEC
197230,Wells College,New York,Special Focus: Arts and Sciences,0,0,12180,"Auburn, NY",0.4758,0.3376,1.26,,45975.0,40767.707462914856,1.13,"Higher Access, Medium Earnings"
197285,The College of Westchester,New York,Special Focus: Other Health Professions,0,1,35620,"New York-Newark-Jersey City, NY-NJ",0.7429,0.9183,2.37,,37415.0,36977.59848125216,1.01,"Higher Access, Medium Earnings"
197294,SUNY Westchester Community College,New York,Mixed Associate Medium,0,1,35620,"New York-Newark-Jersey City, NY-NJ",0.4049,0.7107,1.52,,44223.0,43066.26088601233,1.03,"Higher Access, Medium Earnings"
197601,Yeshiva Karlin Stolin,New York,Special Focus: Theological Studies,0,0,35620,"New York-Newark-Jersey City, NY-NJ",0.7869,0.0,,,,,,Not Classified in SAEC
197647,Yeshiva Derech Chaim,New York,Special Focus: Theological Studies,0,0,35620,"New York-Newark-Jersey City, NY-NJ",0.3964,0.0,,,,,,Not Classified in SAEC
197674,Yeshiva of Nitra Rabbinical College,New York,Special Focus: Theological Studies,0,0,28880,"Kiryas Joel-Poughkeepsie-Newburgh, NY",0.7788,0.0,,,38078.0,,,Not Classified in SAEC
197692,Yeshivath Shaar Hatorah,New York,Special Focus: Theological Studies,0,0,35620,"New York-Newark-Jersey City, NY-NJ",0.1408,0.0,,,,,,Not Classified in SAEC
197708,Yeshiva University,New York,Mixed Undergraduate/Graduate-Doctorate Medium,0,0,35620,"New York-Newark-Jersey City, NY-NJ",0.1429,0.0404,0.3,,66267.0,45225.978902599825,1.47,"Lower Access, Medium Earnings"
197735,Yeshivath Viznitz,New York,Special Focus: Theological Studies,0,0,35620,"New York-Newark-Jersey City, NY-NJ",0.8095,0.0,,,20142.0,,,Not Classified in SAEC
197744,Yeshivath Zichron Moshe,New York,Special Focus: Theological Studies,0,1,33910,"Monticello, NY",0.5031,0.0,,,,,,Not Classified in SAEC
197814,College of the Albemarle,North Carolina,Mixed Associate Small,0,1,21020,"Elizabeth City, NC",0.3733,0.3164,0.94,,30270.0,33401.18567964056,0.91,"Lower Access, Lower Earnings"
197850,South Piedmont Community College,North Carolina,Mixed Associate Medium,0,1,16740,"Charlotte-Concord-Gastonia, NC-SC",0.3772,0.4719,1.36,,35072.0,40483.864453308954,0.87,"Higher Access, Lower Earnings"
197869,Appalachian State University,North Carolina,Professions-focused Undergraduate/Graduate-Master's Large/Medium,1,0,14380,"Boone, NC",0.2582,0.1652,1.29,,48423.0,37529.638161891045,1.29,"Higher Access, Medium Earnings"
197887,Asheville-Buncombe Technical Community College,North Carolina,Professions-focused Associate Large/Medium,0,1,11700,"Asheville, NC",0.4737,0.2474,1.72,,34641.0,32879.846543488195,1.05,"Higher Access, Medium Earnings"
197911,Barton College,North Carolina,Professions-focused Baccalaureate Small,0,0,48980,"Wilson, NC",0.4144,0.4036,1.25,,44419.0,35127.17506008954,1.26,"Higher Access, Medium Earnings"
197966,Beaufort County Community College,North Carolina,Mixed Associate Small,0,1,47820,"Washington, NC",0.361,0.4815,1.31,,31168.0,33213.39167092488,0.94,"Higher Access, Lower Earnings"
197984,Belmont Abbey College,North Carolina,Professions-focused Baccalaureate Small,0,0,16740,"Charlotte-Concord-Gastonia, NC-SC",0.2654,0.2166,0.73,,45771.0,32650.100173624545,1.4,"Lower Access, Medium Earnings"
197993,Bennett College,North Carolina,Special Focus: Arts and Sciences,0,0,24660,"Greensboro-High Point, NC",0.75,0.9925,2.63,,33417.0,30521.10830195388,1.09,"Higher Access, Medium Earnings"
198011,Bladen Community College,North Carolina,Mixed Associate Small,0,1,-2,North Carolina -- Not in metropolitan statistical area,0.8241,0.6071,2.25,,29154.0,24158.542217700917,1.21,"Higher Access, Medium Earnings"
198039,Blue Ridge Community College,North Carolina,Mixed Associate Small,0,1,11700,"Asheville, NC",0.4786,0.214,1.59,,32900.0,33054.8074618373,1.0,"Higher Access, Medium Earnings"
198066,Brevard College,North Carolina,Professions-focused Baccalaureate Small,0,0,14820,"Brevard, NC",0.3789,0.2939,1.0,,40128.0,36565.06084467809,1.1,"Higher Access, Medium Earnings"
198084,Brunswick Community College,North Carolina,Mixed Associate Small,0,1,48900,"Wilmington, NC",0.5037,0.2665,1.48,,33220.0,35091.67025368219,0.95,"Higher Access, Lower Earnings"
198109,Cabarrus College of Health Sciences,North Carolina,Special Focus: Nursing,0,1,16740,"Charlotte-Concord-Gastonia, NC-SC",0.2784,0.3464,1.01,,57776.0,42805.850409836065,1.35,"Opportunity Colleges and Universities – Higher Access, Higher Earnings"
198118,Caldwell Community College and Technical Institute,North Carolina,Mixed Associate Medium,0,1,25860,"Hickory-Lenoir-Morganton, NC",0.4676,0.1865,1.25,,32111.0,31381.62063029731,1.02,"Higher Access, Medium Earnings"
198136,Campbell University,North Carolina,Professions-focused Undergraduate/Graduate-Doctorate Medium,0,0,11360,"Anderson Creek, NC",0.3369,0.3671,1.09,,50428.0,34605.755742291076,1.46,"Higher Access, Medium Earnings"
198154,Cape Fear Community College,North Carolina,Mixed Associate Large,0,1,48900,"Wilmington, NC",0.2647,0.2622,1.08,,34391.0,35442.17128260379,0.97,"Higher Access, Lower Earnings"
198206,Carteret Community College,North Carolina,Mixed Associate Small,0,1,33980,"Morehead City, NC",0.5056,0.2322,1.99,,29994.0,33577.404454333344,0.89,"Higher Access, Lower Earnings"
198215,Catawba College,North Carolina,Professions-focused Baccalaureate Small,0,0,16740,"Charlotte-Concord-Gastonia, NC-SC",0.3942,0.3981,1.2,,43359.0,36356.673419960745,1.19,"Higher Access, Medium Earnings"
198233,Catawba Valley Community College,North Carolina,Mixed Associate Medium,0,1,25860,"Hickory-Lenoir-Morganton, NC",0.4485,0.2821,1.55,,35885.0,31155.634671421754,1.15,"Higher Access, Medium Earnings"
198251,Central Carolina Community College,North Carolina,Mixed Associate Medium,0,1,41820,"Sanford, NC",0.4228,0.4852,1.15,,31317.0,34307.64557858817,0.91,"Higher Access, Lower Earnings"
198260,Central Piedmont Community College,North Carolina,Mixed Associate Large,0,1,16740,"Charlotte-Concord-Gastonia, NC-SC",0.3563,0.5675,1.47,,36044.0,38730.17598688584,0.93,"Higher Access, Lower Earnings"
198303,Chowan University,North Carolina,Special Focus: Arts and Sciences,0,0,-2,North Carolina -- Not in metropolitan statistical area,0.6075,0.772,2.19,,34849.0,33242.77031425567,1.05,"Higher Access, Medium Earnings"
198321,Cleveland Community College,North Carolina,Mixed Associate Small,0,1,43140,"Shelby-Kings Mountain, NC",0.6203,0.3377,1.32,,30761.0,29223.614701495804,1.05,"Higher Access, Medium Earnings"
198330,Coastal Carolina Community College,North Carolina,Mixed Associate Medium,0,1,27340,"Jacksonville, NC",0.399,0.4052,1.11,,36296.0,32609.847180439385,1.11,"Higher Access, Medium Earnings"
198367,Craven Community College,North Carolina,Mixed Associate Small,0,1,35100,"New Bern, NC",0.5214,0.3767,1.33,,34886.0,31384.741789667896,1.11,"Higher Access, Medium Earnings"
198376,Davidson-Davie Community College,North Carolina,Mixed Associate Medium,0,1,49180,"Winston-Salem, NC",0.48,0.3361,1.25,,33978.0,33043.21588914637,1.03,"Higher Access, Medium Earnings"
198385,Davidson College,North Carolina,Special Focus: Arts and Sciences,0,0,16740,"Charlotte-Concord-Gastonia, NC-SC",0.166,0.2337,0.62,,71470.0,38224.47839257023,1.87,"Lower Access, Higher Earnings"
198419,Duke University,North Carolina,Mixed Undergraduate/Graduate-Doctorate Medium,0,0,20500,"Durham-Chapel Hill, NC",0.1288,0.3197,0.67,,95882.0,39254.71359965083,2.44,"Lower Access, Higher Earnings"
198455,Durham Technical Community College,North Carolina,Mixed Associate Medium,0,1,20500,"Durham-Chapel Hill, NC",0.3664,0.6552,1.55,,33625.0,34784.75010210838,0.97,"Higher Access, Lower Earnings"
198464,East Carolina University,North Carolina,Professions-focused Undergraduate/Graduate-Doctorate Large,1,0,24780,"Greenville, NC",0.3334,0.3111,0.81,,51582.0,34425.77645015935,1.5,"Lower Access, Higher Earnings"
198491,Edgecombe Community College,North Carolina,Special Focus: Other Health Professions,0,1,40580,"Rocky Mount, NC",0.6794,0.7308,1.47,,29406.0,28121.707316513737,1.05,"Higher Access, Medium Earnings"
198507,Elizabeth City State University,North Carolina,Professions-focused Baccalaureate Small,1,0,21020,"Elizabeth City, NC",0.5586,0.8306,1.98,,36361.0,31771.80200181689,1.14,"Higher Access, Medium Earnings"
198516,Elon University,North Carolina,Professions-focused Undergraduate/Graduate-Doctorate Medium,0,0,15500,"Burlington, NC",0.0928,0.1633,0.41,,65954.0,40281.14770363602,1.64,"Lower Access, Higher Earnings"
198534,Fayetteville Technical Community College,North Carolina,Professions-focused Associate Large/Medium,0,1,22180,"Fayetteville, NC",0.4126,0.6426,1.15,,29975.0,29704.852611899805,1.01,"Higher Access, Medium Earnings"
198543,Fayetteville State University,North Carolina,Professions-focused Undergraduate/Graduate-Master's Large/Medium,1,0,22180,"Fayetteville, NC",0.579,0.8081,1.56,,38524.0,28007.019150709843,1.38,"Higher Access, Medium Earnings"
198552,Forsyth Technical Community College,North Carolina,Mixed Associate Medium,0,1,49180,"Winston-Salem, NC",0.4996,0.5357,1.65,,32740.0,31699.86175373675,1.03,"Higher Access, Medium Earnings"
198561,Gardner-Webb University,North Carolina,Professions-focused Undergraduate/Graduate-Doctorate Medium,0,0,43140,"Shelby-Kings Mountain, NC",0.2684,0.3326,0.91,,46747.0,35528.03954059078,1.32,"Lower Access, Medium Earnings"
198570,Gaston College,North Carolina,Mixed Associate Medium,0,1,16740,"Charlotte-Concord-Gastonia, NC-SC",0.4483,0.3686,1.33,,33209.0,41050.72035932906,0.81,"Higher Access, Lower Earnings"
198598,Greensboro College,North Carolina,Mixed Undergraduate/Graduate-Master's Small,0,0,24660,"Greensboro-High Point, NC",0.5315,0.4992,1.55,,43270.0,34589.17767567568,1.25,"Higher Access, Medium Earnings"
198613,Guilford College,North Carolina,Special Focus: Arts and Sciences,0,0,24660,"Greensboro-High Point, NC",0.4814,0.5254,1.56,,42478.0,36675.251915978355,1.16,"Higher Access, Medium Earnings"
198622,Guilford Technical Community College,North Carolina,Mixed Associate Medium,0,1,24660,"Greensboro-High Point, NC",0.5181,0.5689,1.46,,31540.0,30999.35096073599,1.02,"Higher Access, Medium Earnings"
198640,Halifax Community College,North Carolina,Mixed Associate Small,0,1,40260,"Roanoke Rapids, NC",0.5965,0.5733,1.04,,29407.0,30504.13639187386,0.96,"Higher Access, Lower Earnings"
198668,Haywood Community College,North Carolina,Professions-focused Associate Small,0,1,48200,"Waynesville, NC",0.4939,0.1614,0.9,,33627.0,30235.732380406476,1.11,"Lower Access, Medium Earnings"
198677,Heritage Bible College,North Carolina,Special Focus: Theological Studies,0,0,11360,"Anderson Creek, NC",0.7692,0.4444,,,32907.0,,,Not Classified in SAEC
198695,High Point University,North Carolina,Professions-focused Undergraduate/Graduate-Doctorate Medium,0,0,24660,"Greensboro-High Point, NC",0.1065,0.1829,0.44,,57804.0,40005.06061142366,1.44,"Lower Access, Medium Earnings"
198710,Isothermal Community College,North Carolina,Mixed Associate Small,0,1,22580,"Forest City, NC",0.5709,0.2424,1.37,,28966.0,26574.487587033218,1.09,"Higher Access, Medium Earnings"
198729,James Sprunt Community College,North Carolina,Mixed Associate Small,0,1,-2,North Carolina -- Not in metropolitan statistical area,0.4976,0.5685,1.81,,29510.0,24315.235592146928,1.21,"Higher Access, Medium Earnings"
198756,Johnson C Smith University,North Carolina,Mixed Baccalaureate,0,0,16740,"Charlotte-Concord-Gastonia, NC-SC",0.6849,0.9892,2.57,,35892.0,28266.717646908473,1.27,"Higher Access, Medium Earnings"
198774,Johnston Community College,North Carolina,Mixed Associate Medium,0,1,39580,"Raleigh-Cary, NC",0.3782,0.4108,1.56,,34730.0,43647.92237751768,0.8,"Higher Access, Lower Earnings"
198808,Lees-McRae College,North Carolina,Professions-focused Baccalaureate Small,0,0,-2,North Carolina -- Not in metropolitan statistical area,0.3747,0.1707,0.81,,44802.0,32862.30932179652,1.36,"Lower Access, Medium Earnings"
198817,Lenoir Community College,North Carolina,Mixed Associate Small,0,1,28820,"Kinston, NC",0.7371,0.4877,1.18,,31072.0,31301.94263639088,0.99,"Higher Access, Lower Earnings"
198835,Lenoir-Rhyne University,North Carolina,Professions-focused Undergraduate/Graduate-Doctorate Small,0,0,25860,"Hickory-Lenoir-Morganton, NC",0.4362,0.3345,1.16,,48452.0,35820.3960154739,1.35,"Higher Access, Medium Earnings"
198862,Livingstone College,North Carolina,Mixed Baccalaureate,0,0,16740,"Charlotte-Concord-Gastonia, NC-SC",0.8393,0.9703,2.69,,28272.0,28362.284553129306,1.0,"Higher Access, Medium Earnings"
198871,Louisburg College,North Carolina,Mixed Associate Small,0,1,39580,"Raleigh-Cary, NC",0.6437,0.736,2.59,,32104.0,35542.418524810935,0.9,"Higher Access, Lower Earnings"
198899,Mars Hill University,North Carolina,Professions-focused Baccalaureate Small,0,0,11700,"Asheville, NC",0.4299,0.3106,1.11,,41050.0,35896.439433459935,1.14,"Higher Access, Medium Earnings"
198905,Martin Community College,North Carolina,Mixed Associate Small,0,1,-2,North Carolina -- Not in metropolitan statistical area,0.5515,0.4631,1.63,,27871.0,23914.86451211933,1.17,"Higher Access, Medium Earnings"
198914,Mayland Community College,North Carolina,Mixed Associate Small,0,1,-2,North Carolina -- Not in metropolitan statistical area,0.5201,0.0805,0.75,,33277.0,30029.260648366315,1.11,"Lower Access, Medium Earnings"
198923,McDowell Technical Community College,North Carolina,Mixed Associate Small,0,1,32000,"Marion, NC",0.5009,0.1796,1.49,,31195.0,31090.735841737784,1.0,"Higher Access, Medium Earnings"
198950,Meredith College,North Carolina,Special Focus: Arts and Sciences,0,0,39580,"Raleigh-Cary, NC",0.3356,0.2693,0.93,,46864.0,36689.68007916606,1.28,"Lower Access, Medium Earnings"
198969,Methodist University,North Carolina,Professions-focused Undergraduate/Graduate-Doctorate Small,0,0,22180,"Fayetteville, NC",0.3867,0.4251,1.23,,44007.0,33691.97309359916,1.31,"Higher Access, Medium Earnings"
198978,Miller-Motte College-Wilmington,North Carolina,Special Focus: Business,0,1,48900,"Wilmington, NC",0.6488,0.628,2.05,,28099.0,32794.21931012963,0.86,"Higher Access, Lower Earnings"
198987,Mitchell Community College,North Carolina,Mixed Associate Medium,0,1,16740,"Charlotte-Concord-Gastonia, NC-SC",0.4297,0.3236,1.23,,31159.0,41371.47656574036,0.75,"Higher Access, Lower Earnings"
199023,Montgomery Community College,North Carolina,Professions-focused Associate Small,0,1,-2,North Carolina -- Not in metropolitan statistical area,0.3223,0.3722,1.16,,33482.0,28383.65949866513,1.18,"Higher Access, Medium Earnings"
199032,Montreat College,North Carolina,Professions-focused Baccalaureate Small,0,0,11700,"Asheville, NC",0.4056,0.2489,0.97,,44336.0,34563.34459832143,1.28,"Lower Access, Medium Earnings"
199069,University of Mount Olive,North Carolina,Professions-focused Baccalaureate Small,0,0,24140,"Goldsboro, NC",0.4874,0.4458,1.42,,47331.0,33895.65729478156,1.4,"Higher Access, Medium Earnings"
199087,Nash Community College,North Carolina,Mixed Associate Small,0,1,40580,"Rocky Mount, NC",0.4943,0.5191,1.06,,34656.0,29976.737671204744,1.16,"Higher Access, Medium Earnings"
199102,North Carolina A & T State University,North Carolina,Mixed Undergraduate/Graduate-Master's Large/Medium,1,0,24660,"Greensboro-High Point, NC",0.5188,0.9575,2.09,,40737.0,29004.938691254636,1.4,"Higher Access, Medium Earnings"
199111,University of North Carolina at Asheville,North Carolina,Special Focus: Arts and Sciences,1,0,11700,"Asheville, NC",0.3257,0.1937,1.1,,41255.0,34382.41648076366,1.2,"Higher Access, Medium Earnings"
199120,University of North Carolina at Chapel Hill,North Carolina,Mixed Undergraduate/Graduate-Doctorate Large,0,0,20500,"Durham-Chapel Hill, NC",0.2035,0.2562,0.71,,65584.0,36529.29707864504,1.8,"Lower Access, Higher Earnings"
199139,University of North Carolina at Charlotte,North Carolina,Mixed Undergraduate/Graduate-Doctorate Large,1,0,16740,"Charlotte-Concord-Gastonia, NC-SC",0.3435,0.3746,1.15,,52208.0,40979.58054548451,1.27,"Higher Access, Medium Earnings"
199148,University of North Carolina at Greensboro,North Carolina,Mixed Undergraduate/Graduate-Doctorate Large,1,0,24660,"Greensboro-High Point, NC",0.4815,0.5237,1.36,,44972.0,32971.36345120642,1.36,"Higher Access, Medium Earnings"
199157,North Carolina Central University,North Carolina,Mixed Undergraduate/Graduate-Doctorate Medium,1,0,20500,"Durham-Chapel Hill, NC",0.625,0.9425,2.36,,38793.0,30838.20955747928,1.26,"Higher Access, Medium Earnings"
199184,University of North Carolina School of the Arts,North Carolina,"Special Focus: Arts, Music, and Design",0,0,49180,"Winston-Salem, NC",0.2492,0.3208,0.86,,36465.0,36732.80606198553,0.99,"Lower Access, Lower Earnings"
199193,North Carolina State University at Raleigh,North Carolina,Mixed Undergraduate/Graduate-Doctorate Large,0,0,39580,"Raleigh-Cary, NC",0.1994,0.2008,0.61,,65113.0,36944.36106340989,1.76,"Lower Access, Higher Earnings"
199209,North Carolina Wesleyan University,North Carolina,Professions-focused Baccalaureate Small,0,0,40580,"Rocky Mount, NC",0.4826,0.6584,1.76,,42505.0,32106.294733724353,1.32,"Higher Access, Medium Earnings"
199218,University of North Carolina Wilmington,North Carolina,Professions-focused Undergraduate/Graduate-Doctorate Large,1,0,48900,"Wilmington, NC",0.2436,0.1752,0.8,,51021.0,37001.18104621975,1.38,"Lower Access, Medium Earnings"
199263,Pamlico Community College,North Carolina,Professions-focused Associate Small,0,1,35100,"New Bern, NC",0.5229,0.4506,1.47,,29141.0,30367.738533772543,0.96,"Higher Access, Lower Earnings"
199272,William Peace University,North Carolina,Special Focus: Arts and Sciences,0,0,39580,"Raleigh-Cary, NC",0.3844,0.4235,1.24,,41665.0,34150.60509396056,1.22,"Higher Access, Medium Earnings"
199281,University of North Carolina at Pembroke,North Carolina,Mixed Undergraduate/Graduate-Master's Large/Medium,1,0,31300,"Lumberton, NC",0.4848,0.6134,0.91,,40911.0,28223.907961343757,1.45,"Lower Access, Medium Earnings"
199306,Pfeiffer University,North Carolina,Professions-focused Undergraduate/Graduate-Master's Small,0,0,10620,"Albemarle, NC",0.5564,0.4048,1.45,,49941.0,35408.31516727652,1.41,"Higher Access, Medium Earnings"
199324,Piedmont Community College,North Carolina,Professions-focused Associate Small,0,1,20500,"Durham-Chapel Hill, NC",0.5117,0.4116,1.45,,30873.0,37630.75632684694,0.82,"Higher Access, Lower Earnings"
199333,Pitt Community College,North Carolina,Professions-focused Associate Large/Medium,0,1,24780,"Greenville, NC",0.5372,0.5304,1.3,,34316.0,30839.665797420297,1.11,"Higher Access, Medium Earnings"
199412,Queens University of Charlotte,North Carolina,Professions-focused Undergraduate/Graduate-Master's Small,0,0,16740,"Charlotte-Concord-Gastonia, NC-SC",0.2198,0.3296,0.84,,49415.0,35015.64176749163,1.41,"Lower Access, Medium Earnings"
199421,Randolph Community College,North Carolina,Mixed Associate Small,0,1,24660,"Greensboro-High Point, NC",0.533,0.2981,1.09,,32980.0,33408.19723596656,0.99,"Higher Access, Lower Earnings"
199449,Richmond Community College,North Carolina,Mixed Associate Small,0,1,40460,"Rockingham, NC",0.561,0.583,1.24,,28711.0,32588.70160210057,0.88,"Higher Access, Lower Earnings"
199458,Mid-Atlantic Christian University,North Carolina,Special Focus: Theological Studies,0,0,21020,"Elizabeth City, NC",0.496,0.3471,,,40049.0,,,Not Classified in SAEC
199467,Roanoke-Chowan Community College,North Carolina,Mixed Associate Small,0,1,-2,North Carolina -- Not in metropolitan statistical area,0.7256,0.7182,2.39,,26569.0,21655.45513164965,1.23,"Higher Access, Medium Earnings"
199476,Robeson Community College,North Carolina,Professions-focused Associate Small,0,1,31300,"Lumberton, NC",0.6088,0.8019,1.11,,28609.0,26538.434230194318,1.08,"Higher Access, Medium Earnings"
199485,Rockingham Community College,North Carolina,Mixed Associate Small,0,1,24660,"Greensboro-High Point, NC",0.7283,0.3386,1.39,,32017.0,33192.06338912253,0.96,"Higher Access, Lower Earnings"
199494,Rowan-Cabarrus Community College,North Carolina,Mixed Associate Medium,0,1,16740,"Charlotte-Concord-Gastonia, NC-SC",0.4514,0.4457,1.45,,33733.0,40675.74908588207,0.83,"Higher Access, Lower Earnings"
199582,Saint Augustine's University,North Carolina,Professions-focused Baccalaureate Small,0,0,39580,"Raleigh-Cary, NC",0.6073,0.9862,2.42,,33922.0,29354.985667809728,1.16,"Higher Access, Medium Earnings"
199607,Salem College,North Carolina,Special Focus: Arts and Sciences,0,0,49180,"Winston-Salem, NC",0.5347,0.4686,1.53,,42430.0,35515.89145728963,1.19,"Higher Access, Medium Earnings"
199625,Sampson Community College,North Carolina,Mixed Associate Small,0,1,-2,North Carolina -- Not in metropolitan statistical area,0.8945,0.5859,2.28,,32442.0,25688.96588693957,1.26,"Opportunity Colleges and Universities – Higher Access, Higher Earnings"
199634,Sandhills Community College,North Carolina,Mixed Associate Medium,0,1,38240,"Pinehurst-Southern Pines, NC",0.409,0.4375,2.04,,29738.0,36213.463631088845,0.82,"Higher Access, Lower Earnings"
199643,Shaw University,North Carolina,Mixed Baccalaureate,0,0,39580,"Raleigh-Cary, NC",0.6565,0.9492,2.49,,31522.0,29165.303843499587,1.08,"Higher Access, Medium Earnings"
199698,St. Andrews University,North Carolina,Professions-focused Baccalaureate Small,0,0,29900,"Laurinburg, NC",0.4769,0.537,1.52,,43286.0,36404.331831781055,1.19,"Higher Access, Medium Earnings"
199722,Southeastern Community College,North Carolina,Mixed Associate Small,0,1,-2,North Carolina -- Not in metropolitan statistical area,0.7107,0.4376,1.74,,28362.0,26061.562429625155,1.09,"Higher Access, Medium Earnings"
199731,Southwestern Community College,North Carolina,Professions-focused Associate Small,0,1,-2,North Carolina -- Not in metropolitan statistical area,0.4963,0.2517,1.1,,32805.0,30433.124907768673,1.08,"Higher Access, Medium Earnings"
199740,Stanly Community College,North Carolina,Professions-focused Associate Small,0,1,10620,"Albemarle, NC",0.5157,0.3318,1.79,,32732.0,35031.049174137755,0.93,"Higher Access, Lower Earnings"
199759,Southeastern Baptist Theological Seminary,North Carolina,Special Focus: Theological Studies,0,0,39580,"Raleigh-Cary, NC",0.2713,0.1435,,,,,,Not Classified in SAEC
199768,Surry Community College,North Carolina,Mixed Associate Small,0,1,34340,"Mount Airy, NC",0.465,0.2311,1.45,,34723.0,32280.65350943215,1.08,"Higher Access, Medium Earnings"
199786,Alamance Community College,North Carolina,Mixed Associate Medium,0,1,15500,"Burlington, NC",0.3609,0.4072,1.12,,32465.0,32932.15725393902,0.99,"Higher Access, Lower Earnings"
199795,Tri-County Community College,North Carolina,Mixed Associate Small,0,1,-2,North Carolina -- Not in metropolitan statistical area,0.631,0.1238,0.96,,30263.0,31266.835594223783,0.97,"Lower Access, Lower Earnings"
199838,Vance-Granville Community College,North Carolina,Mixed Associate Small,0,1,25780,"Henderson, NC",0.4974,0.5596,0.98,,32412.0,32929.81698532621,0.98,"Lower Access, Lower Earnings"
199847,Wake Forest University,North Carolina,Mixed Undergraduate/Graduate-Doctorate Medium,0,0,49180,"Winston-Salem, NC",0.0949,0.2309,0.5,,80513.0,38778.022128664175,2.08,"Lower Access, Higher Earnings"
199856,Wake Technical Community College,North Carolina,Mixed Associate Large,0,1,39580,"Raleigh-Cary, NC",0.3263,0.4661,1.53,,38144.0,42383.20793454302,0.9,"Higher Access, Lower Earnings"
199865,Warren Wilson College,North Carolina,Special Focus: Arts and Sciences,0,0,11700,"Asheville, NC",0.3845,0.1841,0.88,,30464.0,39355.82024634333,0.77,"Lower Access, Lower Earnings"
199883,Watts College of Nursing,North Carolina,Special Focus: Nursing,0,0,20500,"Durham-Chapel Hill, NC",0.2454,0.3353,,,,,,Not Classified in SAEC
199892,Wayne Community College,North Carolina,Professions-focused Associate Small,0,1,24140,"Goldsboro, NC",0.5378,0.4813,1.2,,35000.0,32491.038110781898,1.08,"Higher Access, Medium Earnings"
199908,Western Piedmont Community College,North Carolina,Mixed Associate Small,0,1,25860,"Hickory-Lenoir-Morganton, NC",0.4516,0.2041,1.3,,32184.0,31481.694121834145,1.02,"Higher Access, Medium Earnings"
199926,Wilkes Community College,North Carolina,Mixed Associate Small,0,1,35900,"North Wilkesboro, NC",0.5408,0.1817,1.39,,33645.0,28342.89584982913,1.19,"Higher Access, Medium Earnings"
199953,Wilson Community College,North Carolina,Mixed Associate Small,0,1,48980,"Wilson, NC",0.4994,0.6049,1.19,,34455.0,32402.710961130542,1.06,"Higher Access, Medium Earnings"
199962,Wingate University,North Carolina,Professions-focused Undergraduate/Graduate-Doctorate Small,0,0,16740,"Charlotte-Concord-Gastonia, NC-SC",0.4148,0.4724,1.35,,50095.0,35187.719862455415,1.42,"Higher Access, Medium Earnings"
199971,Carolina Christian College,North Carolina,Special Focus: Theological Studies,0,0,49180,"Winston-Salem, NC",1.0,1.0,,,35066.0,,,Not Classified in SAEC
199999,Winston-Salem State University,North Carolina,Professions-focused Baccalaureate Medium,1,0,49180,"Winston-Salem, NC",0.6233,0.9165,2.47,,43867.0,28134.34723415386,1.56,"Opportunity Colleges and Universities – Higher Access, Higher Earnings"
200004,Western Carolina University,North Carolina,Professions-focused Undergraduate/Graduate-Master's Large/Medium,1,0,-2,North Carolina -- Not in metropolitan statistical area,0.3334,0.1971,0.78,,45617.0,30585.985342216147,1.49,"Lower Access, Medium Earnings"
200013,Rasmussen University-North Dakota,North Dakota,Special Focus: Nursing,0,1,22020,"Fargo, ND-MN",0.4623,0.4323,2.86,,41304.0,41671.85543301573,0.99,"Higher Access, Lower Earnings"
200022,Bismarck State College,North Dakota,Professions-focused Associate Large/Medium,0,1,13900,"Bismarck, ND",0.2062,0.173,1.38,,50690.0,47335.544043307265,1.07,"Higher Access, Medium Earnings"
200059,Dickinson State University,North Dakota,Professions-focused Baccalaureate Small,1,0,19860,"Dickinson, ND",0.2674,0.1893,1.18,,50628.0,41110.38558276907,1.23,"Higher Access, Medium Earnings"
200086,Nueta Hidatsa Sahnish College,North Dakota,Mixed Associate/Baccalaureate,0,1,-2,North Dakota -- Not in metropolitan statistical area,0.3869,0.9167,,,,,,Not Classified in SAEC
200156,University of Jamestown,North Dakota,Professions-focused Undergraduate/Graduate-Doctorate Small,0,0,27420,"Jamestown, ND",0.2634,0.1976,0.94,,53638.0,43246.56124759691,1.24,"Lower Access, Medium Earnings"
200192,Lake Region State College,North Dakota,Professions-focused Associate Small,0,1,-2,North Dakota -- Not in metropolitan statistical area,0.2841,0.2688,1.48,,45507.0,42770.169284019874,1.06,"Higher Access, Medium Earnings"
200208,Cankdeska Cikana Community College,North Dakota,Professions-focused Associate Small,0,1,-2,North Dakota -- Not in metropolitan statistical area,0.668,0.9227,4.95,,11712.0,24548.18240343348,0.48,"Higher Access, Lower Earnings"
200217,University of Mary,North Dakota,Professions-focused Undergraduate/Graduate-Doctorate Medium,0,0,13900,"Bismarck, ND",0.2163,0.1503,0.78,,55628.0,39983.01490595826,1.39,"Lower Access, Medium Earnings"
200226,Mayville State University,North Dakota,Professions-focused Baccalaureate Small,1,0,-2,North Dakota -- Not in metropolitan statistical area,0.3429,0.1867,1.2,,44780.0,42582.97042303341,1.05,"Higher Access, Medium Earnings"
200253,Minot State University,North Dakota,Professions-focused Baccalaureate Small,1,0,33500,"Minot, ND",0.2804,0.246,1.33,,50455.0,41740.21196944796,1.21,"Higher Access, Medium Earnings"
200280,University of North Dakota,North Dakota,Professions-focused Undergraduate/Graduate-Doctorate Medium,1,0,24220,"Grand Forks, ND-MN",0.1805,0.1518,0.79,,58225.0,41168.473731701895,1.41,"Lower Access, Medium Earnings"
200305,North Dakota State College of Science,North Dakota,Special Focus: Applied and Career Studies,0,1,47420,"Wahpeton, ND-MN",0.2771,0.1715,1.26,,49782.0,40616.85776736647,1.23,"Higher Access, Medium Earnings"
200314,Dakota College at Bottineau,North Dakota,Mixed Associate Small,0,1,-2,North Dakota -- Not in metropolitan statistical area,0.3211,0.2829,1.37,,37988.0,36023.10603041959,1.05,"Higher Access, Medium Earnings"
200332,North Dakota State University-Main Campus,North Dakota,Mixed Undergraduate/Graduate-Doctorate Medium,1,0,22020,"Fargo, ND-MN",0.1929,0.1135,0.85,,57779.0,44134.16472808773,1.31,"Lower Access, Medium Earnings"
200341,Williston State College,North Dakota,Mixed Associate Small,0,1,48780,"Williston, ND",0.2906,0.3041,1.25,,46349.0,41661.09353146852,1.11,"Higher Access, Medium Earnings"
200466,Sitting Bull College,North Dakota,Professions-focused Associate/Baccalaureate,0,1,-2,North Dakota -- Not in metropolitan statistical area,0.7004,0.9236,5.16,,29073.0,23834.612140323214,1.22,"Higher Access, Medium Earnings"
200484,Trinity Bible College and Graduate School,North Dakota,Special Focus: Theological Studies,0,0,-2,North Dakota -- Not in metropolitan statistical area,0.5,0.2153,,,32687.0,,,Not Classified in SAEC
200527,Turtle Mountain Community College,North Dakota,Mixed Associate/Baccalaureate,0,1,-2,North Dakota -- Not in metropolitan statistical area,0.6791,0.9714,5.36,,32599.0,23476.57589285714,1.39,"Opportunity Colleges and Universities – Higher Access, Higher Earnings"
200554,United Tribes Technical College,North Dakota,Professions-focused Associate/Baccalaureate,0,1,13900,"Bismarck, ND",0.757,0.9637,5.46,,19395.0,25523.42033041591,0.76,"Higher Access, Lower Earnings"
200572,Valley City State University,North Dakota,Professions-focused Baccalaureate Small,1,0,-2,North Dakota -- Not in metropolitan statistical area,0.2881,0.1802,1.08,,47396.0,42281.47938970951,1.12,"Higher Access, Medium Earnings"
200590,ETI Technical College of Niles,Ohio,Special Focus: Nursing,0,1,49660,"Youngstown-Warren, OH",0.7303,0.3458,2.02,,33222.0,30540.20107238606,1.09,"Higher Access, Medium Earnings"
200697,Air Force Institute of Technology-Graduate School of Engineering & Management,Ohio,"Special Focus: Technology, Engineering, and Sciences",0,0,19430,"Dayton-Kettering-Beavercreek, OH",0.0,,,,,,,Not Classified in SAEC
200785,Herzing University-Akron,Ohio,Special Focus: Nursing,0,1,10420,"Akron, OH",0.7832,0.5021,2.86,,38007.0,32306.452702702703,1.18,"Higher Access, Medium Earnings"
200800,University of Akron Main Campus,Ohio,Professions-focused Undergraduate/Graduate-Doctorate Medium,1,0,10420,"Akron, OH",0.3235,0.2199,1.21,,43166.0,34628.96726147432,1.25,"Higher Access, Medium Earnings"
200873,Allegheny Wesleyan College,Ohio,Special Focus: Theological Studies,0,0,41400,"Salem, OH",0.4875,0.1061,,,,,,Not Classified in SAEC
201061,Art Academy of Cincinnati,Ohio,"Special Focus: Arts, Music, and Design",0,0,17140,"Cincinnati, OH-KY-IN",0.4803,0.3372,1.58,,30435.0,36329.090773993834,0.84,"Higher Access, Lower Earnings"
201104,Ashland University,Ohio,Professions-focused Undergraduate/Graduate-Doctorate Medium,0,0,11740,"Ashland, OH",0.3649,0.179,1.02,,49201.0,36243.90824632589,1.36,"Higher Access, Medium Earnings"
201140,Athenaeum of Ohio,Ohio,Special Focus: Theological Studies,0,0,17140,"Cincinnati, OH-KY-IN",0.0,0.0,,,,,,Not Classified in SAEC
201177,Aultman College of Nursing and Health Sciences,Ohio,Special Focus: Nursing,0,0,15940,"Canton-Massillon, OH",0.3796,0.1596,1.03,,56639.0,37156.04006163328,1.52,"Opportunity Colleges and Universities – Higher Access, Higher Earnings"
201195,Baldwin Wallace University,Ohio,Professions-focused Undergraduate/Graduate-Master's Small,0,0,17410,"Cleveland, OH",0.2888,0.199,0.93,,48203.0,37220.442704105335,1.3,"Lower Access, Medium Earnings"
201283,Belmont College,Ohio,Special Focus: Applied and Career Studies,0,1,48540,"Wheeling, WV-OH",0.4531,0.0794,1.25,,34419.0,27872.420428079397,1.23,"Higher Access, Medium Earnings"
201371,Bluffton University,Ohio,Professions-focused Baccalaureate Small,0,0,30620,"Lima, OH",0.3821,0.2144,1.15,,45970.0,36800.17817414652,1.25,"Higher Access, Medium Earnings"
201432,Bowling Green State University-Firelands,Ohio,Mixed Associate/Baccalaureate,0,1,41780,"Sandusky, OH",0.4436,0.2579,1.46,,44746.0,32146.73618157445,1.39,"Opportunity Colleges and Universities – Higher Access, Higher Earnings"
201441,Bowling Green State University-Main Campus,Ohio,Professions-focused Undergraduate/Graduate-Doctorate Large,1,0,45780,"Toledo, OH",0.2571,0.1616,0.73,,44746.0,34111.44120045789,1.31,"Lower Access, Medium Earnings"
201469,Bryant & Stratton College-Parma,Ohio,Special Focus: Nursing,0,1,17410,"Cleveland, OH",0.6827,0.5583,2.07,,30130.0,37352.003361353716,0.81,"Higher Access, Lower Earnings"
201548,Capital University,Ohio,Professions-focused Undergraduate/Graduate-Doctorate Medium,0,0,18140,"Columbus, OH",0.316,0.2603,1.19,,49433.0,36498.2149023001,1.35,"Higher Access, Medium Earnings"
201645,Case Western Reserve University,Ohio,Mixed Undergraduate/Graduate-Doctorate Medium,0,0,17410,"Cleveland, OH",0.1734,0.2743,0.71,,77640.0,38249.402269640115,2.03,"Lower Access, Higher Earnings"
201654,Cedarville University,Ohio,Professions-focused Baccalaureate Medium,0,0,19430,"Dayton-Kettering-Beavercreek, OH",0.1813,0.0764,0.44,,54170.0,38544.38962146392,1.41,"Lower Access, Medium Earnings"
201672,Central Ohio Technical College,Ohio,Special Focus: Other Health Professions,0,1,18140,"Columbus, OH",0.4645,0.2781,1.46,,38088.0,42127.01215566712,0.9,"Higher Access, Lower Earnings"
201690,Central State University,Ohio,Professions-focused Baccalaureate Medium,1,0,19430,"Dayton-Kettering-Beavercreek, OH",0.4219,0.6438,2.01,,29380.0,26661.733178973485,1.1,"Higher Access, Medium Earnings"
201821,The Christ College of Nursing and Health Sciences,Ohio,Special Focus: Nursing,0,0,17140,"Cincinnati, OH-KY-IN",0.343,0.2105,1.13,,66631.0,36393.19797506484,1.83,"Opportunity Colleges and Universities – Higher Access, Higher Earnings"
201867,Cincinnati College of Mortuary Science,Ohio,Professions-focused Baccalaureate Small,0,0,17140,"Cincinnati, OH-KY-IN",0.2418,0.1557,,,55623.0,,,Not Classified in SAEC
201885,University of Cincinnati-Main Campus,Ohio,Professions-focused Undergraduate/Graduate-Doctorate Large,0,0,17140,"Cincinnati, OH-KY-IN",0.1944,0.1818,0.79,,52188.0,36371.061462983926,1.43,"Lower Access, Medium Earnings"
201928,Cincinnati State Technical and Community College,Ohio,Professions-focused Associate Large/Medium,0,1,17140,"Cincinnati, OH-KY-IN",0.4559,0.4011,2.05,,37127.0,35506.32841261342,1.05,"Higher Access, Medium Earnings"
201946,University of Cincinnati-Clermont College,Ohio,Professions-focused Associate Large/Medium,1,1,17140,"Cincinnati, OH-KY-IN",0.3822,0.2253,1.35,,52188.0,39471.75116325661,1.32,"Opportunity Colleges and Universities – Higher Access, Higher Earnings"
201955,University of Cincinnati-Blue Ash College,Ohio,Professions-focused Associate Large/Medium,0,1,17140,"Cincinnati, OH-KY-IN",0.3785,0.3393,1.71,,52188.0,36797.54416596581,1.42,"Opportunity Colleges and Universities – Higher Access, Higher Earnings"
201964,Ohio Christian University,Ohio,Professions-focused Baccalaureate Small,0,0,18140,"Columbus, OH",0.522,0.3136,1.59,,33843.0,33183.40584548806,1.02,"Higher Access, Medium Earnings"
201973,Clark State College,Ohio,Professions-focused Associate Large/Medium,0,1,44220,"Springfield, OH",0.5425,0.3039,1.85,,35410.0,32920.47025872179,1.08,"Higher Access, Medium Earnings"
202046,Cleveland Institute of Art,Ohio,"Special Focus: Arts, Music, and Design",0,0,17410,"Cleveland, OH",0.3843,0.2804,1.21,,34159.0,37537.01414718866,0.91,"Higher Access, Lower Earnings"
202073,Cleveland Institute of Music,Ohio,"Special Focus: Arts, Music, and Design",0,0,17410,"Cleveland, OH",0.1457,0.2216,,,,,,Not Classified in SAEC
202134,Cleveland State University,Ohio,Professions-focused Undergraduate/Graduate-Doctorate Medium,1,0,17410,"Cleveland, OH",0.4001,0.3224,1.23,,49061.0,36960.389275551395,1.33,"Higher Access, Medium Earnings"
202170,Columbus College of Art & Design,Ohio,"Special Focus: Arts, Music, and Design",0,0,18140,"Columbus, OH",0.3983,0.2562,1.21,,37503.0,36565.18433138817,1.03,"Higher Access, Medium Earnings"
202222,Columbus State Community College,Ohio,Mixed Associate Large,0,1,18140,"Columbus, OH",0.3976,0.4236,1.69,,37353.0,39251.51583856318,0.95,"Higher Access, Lower Earnings"
202356,Cuyahoga Community College District,Ohio,Mixed Associate Large,0,1,17410,"Cleveland, OH",0.4188,0.3858,1.39,,33795.0,34662.933493412274,0.97,"Higher Access, Lower Earnings"
202435,Davis College,Ohio,Professions-focused Associate Small,0,1,45780,"Toledo, OH",0.5618,0.6638,2.35,,24958.0,30379.498507462686,0.82,"Higher Access, Lower Earnings"
202480,University of Dayton,Ohio,Mixed Undergraduate/Graduate-Doctorate Medium,0,0,19430,"Dayton-Kettering-Beavercreek, OH",0.1564,0.1634,0.59,,69652.0,38961.20475240645,1.79,"Lower Access, Higher Earnings"
202514,Defiance College,Ohio,Professions-focused Baccalaureate Small,0,0,19580,"Defiance, OH",0.4795,0.3516,1.48,,42218.0,36077.24319667964,1.17,"Higher Access, Medium Earnings"
202523,Denison University,Ohio,Special Focus: Arts and Sciences,0,0,18140,"Columbus, OH",0.1285,0.2082,0.58,,58826.0,38558.031600934846,1.53,"Lower Access, Higher Earnings"
202648,Edison State Community College,Ohio,Professions-focused Associate Large/Medium,0,1,19430,"Dayton-Kettering-Beavercreek, OH",0.4321,0.115,0.94,,39646.0,36998.50048529674,1.07,"Lower Access, Medium Earnings"
202763,The University of Findlay,Ohio,Professions-focused Undergraduate/Graduate-Doctorate Medium,0,0,22300,"Findlay, OH",0.2317,0.1257,0.67,,54500.0,37322.040189839056,1.46,"Lower Access, Medium Earnings"
202806,Franklin University,Ohio,Special Focus: Business,0,0,18140,"Columbus, OH",0.369,0.3548,1.47,,49999.0,34792.83489290577,1.44,"Opportunity Colleges and Universities – Higher Access, Higher Earnings"
202903,Gods Bible School and College,Ohio,Special Focus: Arts and Sciences,0,0,17140,"Cincinnati, OH-KY-IN",0.3643,0.1636,0.91,,28292.0,37396.35349351009,0.76,"Lower Access, Lower Earnings"
202912,Good Samaritan College of Nursing and Health Science,Ohio,Special Focus: Nursing,0,1,17140,"Cincinnati, OH-KY-IN",0.4324,0.3638,1.92,,65053.0,38780.54036087371,1.68,"Opportunity Colleges and Universities – Higher Access, Higher Earnings"
203067,Hebrew Union College-Jewish Institute of Religion,New York,Special Focus: Theological Studies,0,0,35620,"New York-Newark-Jersey City, NY-NJ",0.0,,,,,,,Not Classified in SAEC
203085,Heidelberg University,Ohio,Mixed Undergraduate/Graduate-Master's Small,0,0,45660,"Tiffin, OH",0.3122,0.1738,0.91,,47379.0,35989.616131597344,1.32,"Lower Access, Medium Earnings"
203128,Hiram College,Ohio,Mixed Baccalaureate,0,0,10420,"Akron, OH",0.4328,0.2962,1.31,,48410.0,36270.55891541852,1.33,"Higher Access, Medium Earnings"
203155,Hocking College,Ohio,Professions-focused Associate Small,0,1,11900,"Athens, OH",0.5133,0.236,2.13,,35084.0,22627.396339990028,1.55,"Opportunity Colleges and Universities – Higher Access, Higher Earnings"
203289,International College of Broadcasting,Ohio,"Special Focus: Arts, Music, and Design",0,1,19430,"Dayton-Kettering-Beavercreek, OH",0.7429,0.4674,2.3,,27888.0,32792.03278688524,0.85,"Higher Access, Lower Earnings"
203331,Eastern Gateway Community College,Ohio,Professions-focused Associate Large/Medium,0,1,48260,"Weirton-Steubenville, WV-OH",0.3156,0.4591,1.34,,28550.0,29425.57116760457,0.97,"Higher Access, Lower Earnings"
203368,John Carroll University,Ohio,Mixed Undergraduate/Graduate-Master's Small,0,0,17410,"Cleveland, OH",0.2023,0.1197,0.59,,62706.0,38169.96858404586,1.64,"Lower Access, Higher Earnings"
203386,Hondros College of Nursing,Ohio,Special Focus: Nursing,0,1,18140,"Columbus, OH",0.7009,0.6239,2.69,,54397.0,39231.561863743154,1.39,"Opportunity Colleges and Universities – Higher Access, Higher Earnings"
203447,Kent State University at Ashtabula,Ohio,Special Focus: Other Health Professions,0,1,17410,"Cleveland, OH",0.4826,0.1764,1.08,,43003.0,40325.19703695713,1.07,"Higher Access, Medium Earnings"
203456,Kent State University at East Liverpool,Ohio,Special Focus: Other Health Professions,0,1,41400,"Salem, OH",0.4554,0.1591,1.7,,43003.0,28204.288101018046,1.52,"Opportunity Colleges and Universities – Higher Access, Higher Earnings"
203465,Kent State University at Stark,Ohio,Mixed Associate Medium,0,1,15940,"Canton-Massillon, OH",0.4041,0.1736,1.37,,43003.0,32221.31747423958,1.33,"Opportunity Colleges and Universities – Higher Access, Higher Earnings"
203474,Kent State University at Trumbull,Ohio,Mixed Associate/Baccalaureate,1,1,49660,"Youngstown-Warren, OH",0.4502,0.1672,1.09,,43003.0,30811.38485460476,1.4,"Opportunity Colleges and Universities – Higher Access, Higher Earnings"
203483,Kent State University at Tuscarawas,Ohio,Professions-focused Associate/Baccalaureate,1,1,35420,"New Philadelphia-Dover, OH",0.3969,0.1435,2.18,,43003.0,33539.37041372491,1.28,"Opportunity Colleges and Universities – Higher Access, Higher Earnings"
203492,Kent State University at Salem,Ohio,Professions-focused Associate/Baccalaureate,1,1,41400,"Salem, OH",0.4388,0.1495,1.69,,43003.0,27861.419897305543,1.54,"Opportunity Colleges and Universities – Higher Access, Higher Earnings"
203517,Kent State University at Kent,Ohio,Professions-focused Undergraduate/Graduate-Doctorate Large,1,0,10420,"Akron, OH",0.2887,0.1886,1.01,,43003.0,35962.17880076199,1.2,"Higher Access, Medium Earnings"
203526,Kent State University at Geauga,Ohio,Mixed Associate Small,0,1,17410,"Cleveland, OH",0.4031,0.2075,1.02,,43003.0,39535.79303560889,1.09,"Higher Access, Medium Earnings"
203535,Kenyon College,Ohio,Special Focus: Arts and Sciences,0,0,34540,"Mount Vernon, OH",0.1012,0.1828,0.44,,52468.0,40280.29270605682,1.3,"Lower Access, Medium Earnings"
203544,Kettering College,Ohio,Special Focus: Nursing,0,0,19430,"Dayton-Kettering-Beavercreek, OH",0.2727,0.1855,0.91,,65252.0,36779.69712280968,1.77,"Lower Access, Higher Earnings"
203580,Lake Erie College,Ohio,Professions-focused Undergraduate/Graduate-Master's Small,0,0,17410,"Cleveland, OH",0.3233,0.288,1.1,,46643.0,37140.600114309156,1.26,"Higher Access, Medium Earnings"
203599,Lakeland Community College,Ohio,Mixed Associate Medium,0,1,17410,"Cleveland, OH",0.325,0.2914,1.06,,36676.0,38318.78318930437,0.96,"Higher Access, Lower Earnings"
203678,James A. Rhodes State College,Ohio,Special Focus: Other Health Professions,0,1,30620,"Lima, OH",0.3796,0.1426,1.01,,38391.0,33643.8629212565,1.14,"Higher Access, Medium Earnings"
203720,Ohio Business College-Sheffield,Ohio,Special Focus: Business,0,1,17410,"Cleveland, OH",0.8456,0.6221,2.5,,27443.0,35814.84347826087,0.77,"Higher Access, Lower Earnings"
203739,Ohio Business College-Sandusky,Ohio,Special Focus: Business,0,1,41780,"Sandusky, OH",0.8372,0.44,2.68,,27443.0,31562.546116504855,0.87,"Higher Access, Lower Earnings"
203748,Lorain County Community College,Ohio,Mixed Associate Medium,0,1,17410,"Cleveland, OH",0.45,0.3029,1.27,,35096.0,38930.56150579271,0.9,"Higher Access, Lower Earnings"
203757,Lourdes University,Ohio,Professions-focused Undergraduate/Graduate-Master's Small,0,0,45780,"Toledo, OH",0.3521,0.2984,1.28,,43450.0,35004.40405553183,1.24,"Higher Access, Medium Earnings"
203775,Malone University,Ohio,Professions-focused Undergraduate/Graduate-Master's Small,0,0,15940,"Canton-Massillon, OH",0.3512,0.1548,0.94,,47831.0,37463.829981094204,1.28,"Lower Access, Medium Earnings"
203845,Marietta College,Ohio,Mixed Baccalaureate,0,0,31930,"Marietta, OH",0.2813,0.1309,0.78,,51840.0,36351.46315316912,1.43,"Lower Access, Medium Earnings"
203881,Marion Technical College,Ohio,Professions-focused Associate Small,0,1,32020,"Marion, OH",0.4299,0.1986,1.38,,40236.0,29373.69476164582,1.37,"Opportunity Colleges and Universities – Higher Access, Higher Earnings"
203960,Mercy College of Ohio,Ohio,Special Focus: Nursing,0,1,45780,"Toledo, OH",0.3689,0.2779,1.18,,62035.0,34187.763100581076,1.81,"Opportunity Colleges and Universities – Higher Access, Higher Earnings"
203997,Methodist Theological School in Ohio,Ohio,Special Focus: Theological Studies,0,0,18140,"Columbus, OH",0.0,,,,,,,Not Classified in SAEC
204006,Miami University-Hamilton,Ohio,Professions-focused Baccalaureate Small,1,0,17140,"Cincinnati, OH-KY-IN",0.3295,0.2019,1.2,,52974.0,39268.26002606914,1.35,"Higher Access, Medium Earnings"
204015,Miami University-Middletown,Ohio,Professions-focused Baccalaureate Small,1,0,17140,"Cincinnati, OH-KY-IN",0.3125,0.1678,1.08,,52974.0,39443.89227250748,1.34,"Higher Access, Medium Earnings"
204024,Miami University-Oxford,Ohio,Professions-focused Undergraduate/Graduate-Master's Large/Medium,0,0,17140,"Cincinnati, OH-KY-IN",0.1138,0.1271,0.46,,52974.0,38328.526896126685,1.38,"Lower Access, Medium Earnings"
204176,Mount Carmel College of Nursing,Ohio,Special Focus: Nursing,0,0,18140,"Columbus, OH",0.3041,0.3016,1.32,,71810.0,37087.43220367391,1.94,"Opportunity Colleges and Universities – Higher Access, Higher Earnings"
204185,University of Mount Union,Ohio,Professions-focused Baccalaureate Small,0,0,15940,"Canton-Massillon, OH",0.2908,0.147,0.81,,53316.0,37086.23603133917,1.44,"Lower Access, Medium Earnings"
204194,Mount Vernon Nazarene University,Ohio,Professions-focused Undergraduate/Graduate-Master's Small,0,0,34540,"Mount Vernon, OH",0.334,0.1085,0.8,,46275.0,36664.25304558944,1.26,"Lower Access, Medium Earnings"
204200,Mount St. Joseph University,Ohio,Professions-focused Undergraduate/Graduate-Doctorate Small,0,0,17140,"Cincinnati, OH-KY-IN",0.3713,0.2267,1.18,,47555.0,35719.92721749366,1.33,"Higher Access, Medium Earnings"
204255,Zane State College,Ohio,Professions-focused Associate Small,0,1,49780,"Zanesville, OH",0.4128,0.0827,1.07,,32374.0,31044.449362380918,1.04,"Higher Access, Medium Earnings"
204264,Muskingum University,Ohio,Professions-focused Baccalaureate Small,0,0,49780,"Zanesville, OH",0.4248,0.1502,1.01,,44603.0,36606.55534614164,1.22,"Higher Access, Medium Earnings"
204422,North Central State College,Ohio,Professions-focused Associate Small,0,1,31900,"Mansfield, OH",0.4653,0.1618,1.2,,37963.0,31583.844601004228,1.2,"Higher Access, Medium Earnings"
204440,Northwest State Community College,Ohio,Professions-focused Associate Large/Medium,0,1,-2,Ohio -- Not in metropolitan statistical area,0.3395,0.1865,2.19,,37356.0,32579.00694980767,1.15,"Higher Access, Medium Earnings"
204468,Notre Dame College,Ohio,Professions-focused Baccalaureate Small,0,0,17410,"Cleveland, OH",0.485,0.4657,,,46489.0,,,Not Classified in SAEC
204477,Northeast Ohio Medical University,Ohio,Special Focus: Medical Schools and Centers,0,0,10420,"Akron, OH",0.0,,,,,,,Not Classified in SAEC
204486,University of Northwestern Ohio,Ohio,Special Focus: Applied and Career Studies,0,1,30620,"Lima, OH",0.3207,0.1222,0.75,,48874.0,33513.41765776967,1.46,"Lower Access, Higher Earnings"
204501,Oberlin College,Ohio,Special Focus: Arts and Sciences,0,0,17410,"Cleveland, OH",0.0884,0.2519,0.5,,46579.0,41264.415464450925,1.13,"Lower Access, Medium Earnings"
204608,Ohio Technical College,Ohio,Special Focus: Applied and Career Studies,0,1,17410,"Cleveland, OH",0.4948,0.3025,1.34,,46252.0,38301.959918864624,1.21,"Higher Access, Medium Earnings"
204617,Ohio Dominican University,Ohio,Professions-focused Undergraduate/Graduate-Master's Small,0,0,18140,"Columbus, OH",0.4151,0.4247,1.78,,46413.0,34610.74882756653,1.34,"Higher Access, Medium Earnings"
204635,Ohio Northern University,Ohio,Professions-focused Undergraduate/Graduate-Doctorate Small,0,0,-2,Ohio -- Not in metropolitan statistical area,0.2027,0.0997,0.57,,69461.0,37561.46254994053,1.85,"Lower Access, Higher Earnings"
204662,Ohio State University Agricultural Technical Institute,Ohio,Professions-focused Associate Small,0,1,49300,"Wooster, OH",0.2732,0.0414,0.85,,56186.0,35721.207160964266,1.57,"Lower Access, Higher Earnings"
204671,Ohio State University-Lima Campus,Ohio,Mixed Associate/Baccalaureate,1,1,30620,"Lima, OH",0.3488,0.1634,1.03,,56186.0,33790.68354199865,1.66,"Opportunity Colleges and Universities – Higher Access, Higher Earnings"
204680,Ohio State University-Mansfield Campus,Ohio,Mixed Associate/Baccalaureate,1,1,31900,"Mansfield, OH",0.3587,0.2269,1.33,,56186.0,31692.89166734251,1.77,"Opportunity Colleges and Universities – Higher Access, Higher Earnings"
204699,Ohio State University-Marion Campus,Ohio,Mixed Associate/Baccalaureate,1,1,32020,"Marion, OH",0.2785,0.1483,0.98,,56186.0,29505.103650628895,1.9,"Lower Access, Higher Earnings"
204705,Ohio State University-Newark Campus,Ohio,Mixed Associate/Baccalaureate,1,1,18140,"Columbus, OH",0.3643,0.3065,1.36,,56186.0,41257.03199306231,1.36,"Opportunity Colleges and Universities – Higher Access, Higher Earnings"
204796,Ohio State University-Main Campus,Ohio,Mixed Undergraduate/Graduate-Doctorate Large,0,0,18140,"Columbus, OH",0.1986,0.201,0.77,,56186.0,37276.033745710105,1.51,"Lower Access, Higher Earnings"
204802,Ohio University-Eastern Campus,Ohio,Mixed Baccalaureate,0,0,48540,"Wheeling, WV-OH",0.3646,0.0827,0.79,,52244.0,37165.45342191832,1.41,"Lower Access, Medium Earnings"
204820,Ohio University-Chillicothe Campus,Ohio,Professions-focused Associate/Baccalaureate,0,1,17060,"Chillicothe, OH",0.4116,0.1046,1.08,,52244.0,29999.482953661747,1.74,"Opportunity Colleges and Universities – Higher Access, Higher Earnings"
204839,Ohio University-Southern Campus,Ohio,Special Focus: Nursing,0,1,26580,"Huntington-Ashland, WV-KY-OH",0.4607,0.0921,1.27,,52244.0,26991.39354264376,1.94,"Opportunity Colleges and Universities – Higher Access, Higher Earnings"
204848,Ohio University-Lancaster Campus,Ohio,Professions-focused Associate/Baccalaureate,0,1,18140,"Columbus, OH",0.2986,0.1066,0.77,,52244.0,42946.380147278716,1.22,"Lower Access, Medium Earnings"
204857,Ohio University-Main Campus,Ohio,Professions-focused Undergraduate/Graduate-Doctorate Large,1,0,11900,"Athens, OH",0.2095,0.1493,1.11,,52244.0,23968.213257423635,2.18,"Opportunity Colleges and Universities – Higher Access, Higher Earnings"
204866,Ohio University-Zanesville Campus,Ohio,Special Focus: Nursing,0,1,49780,"Zanesville, OH",0.3589,0.1121,1.21,,52244.0,31004.263805354094,1.69,"Opportunity Colleges and Universities – Higher Access, Higher Earnings"
204884,East Ohio College,Ohio,Special Focus: Other Health Professions,0,1,41400,"Salem, OH",0.7584,0.1239,1.65,,28871.0,28797.84624697336,1.0,"Higher Access, Medium Earnings"
204909,Ohio Wesleyan University,Ohio,Special Focus: Arts and Sciences,0,0,18140,"Columbus, OH",0.2461,0.1911,0.81,,48945.0,38305.10266441783,1.28,"Lower Access, Medium Earnings"
204936,Otterbein University,Ohio,Professions-focused Baccalaureate Small,0,0,18140,"Columbus, OH",0.2926,0.2265,1.03,,50652.0,36698.74163165405,1.38,"Higher Access, Medium Earnings"
204945,Owens Community College,Ohio,Professions-focused Associate Large/Medium,0,1,45780,"Toledo, OH",0.3924,0.2821,1.21,,35606.0,33305.354052296,1.07,"Higher Access, Medium Earnings"
204990,Payne Theological Seminary,Ohio,Special Focus: Theological Studies,0,0,19430,"Dayton-Kettering-Beavercreek, OH",0.0,,,,,,,Not Classified in SAEC
205027,Pontifical College Josephinum,Ohio,Special Focus: Theological Studies,0,0,18140,"Columbus, OH",0.0882,0.1818,,,,,,Not Classified in SAEC
205054,Professional Skills Institute,Ohio,Special Focus: Nursing,0,1,45780,"Toledo, OH",0.7302,0.6893,2.7,,50599.0,32969.52139461173,1.53,"Opportunity Colleges and Universities – Higher Access, Higher Earnings"
205124,Rabbinical College Telshe,Ohio,Special Focus: Theological Studies,0,0,17410,"Cleveland, OH",0.3636,0.0,,,,,,Not Classified in SAEC
205179,Fortis College-Centerville,Ohio,Special Focus: Nursing,0,1,19430,"Dayton-Kettering-Beavercreek, OH",0.7067,0.4508,2.2,,33761.0,32130.112401464718,1.05,"Higher Access, Medium Earnings"
205203,University of Rio Grande,Ohio,Special Focus: Other Health Professions,0,1,23680,"Gallipolis, OH",0.4668,0.0619,1.13,,32794.0,32406.532390593686,1.01,"Higher Access, Medium Earnings"
205391,The Modern College of Design,Ohio,"Special Focus: Arts, Music, and Design",0,1,19430,"Dayton-Kettering-Beavercreek, OH",0.4719,0.15,1.09,,41807.0,37170.97294563844,1.12,"Higher Access, Medium Earnings"
205443,Shawnee State University,Ohio,Professions-focused Baccalaureate Small,1,0,39020,"Portsmouth, OH",0.4474,0.0845,1.01,,37101.0,23508.754049891897,1.58,"Opportunity Colleges and Universities – Higher Access, Higher Earnings"
205470,Sinclair Community College,Ohio,Professions-focused Associate Large/Medium,0,1,19430,"Dayton-Kettering-Beavercreek, OH",0.3708,0.3183,1.36,,35083.0,34669.188859134374,1.01,"Higher Access, Medium Earnings"
205841,Stark State College,Ohio,Professions-focused Associate Large/Medium,0,1,15940,"Canton-Massillon, OH",0.4368,0.2487,1.76,,31454.0,30923.837855701844,1.02,"Higher Access, Medium Earnings"
205887,Stautzenberger College-Maumee,Ohio,Professions-focused Associate Small,0,1,45780,"Toledo, OH",0.7543,0.4621,2.15,,30752.0,32227.02184156377,0.95,"Higher Access, Lower Earnings"
205957,Franciscan University of Steubenville,Ohio,Professions-focused Undergraduate/Graduate-Master's Large/Medium,0,0,48260,"Weirton-Steubenville, WV-OH",0.2246,0.2137,0.74,,47252.0,38598.654057500076,1.22,"Lower Access, Medium Earnings"
205966,Southern State Community College,Ohio,Mixed Associate Small,0,1,-2,Ohio -- Not in metropolitan statistical area,0.5414,0.084,1.55,,33821.0,32918.230450629555,1.03,"Higher Access, Medium Earnings"
206011,Terra State Community College,Ohio,Professions-focused Associate Small,0,1,23380,"Fremont, OH",0.5018,0.1735,1.21,,34849.0,32372.987783333556,1.08,"Higher Access, Medium Earnings"
206048,Tiffin University,Ohio,Professions-focused Undergraduate/Graduate-Master's Large/Medium,0,0,45660,"Tiffin, OH",0.4186,0.3089,1.37,,31360.0,31557.062973383523,0.99,"Higher Access, Lower Earnings"
206084,University of Toledo,Ohio,Professions-focused Undergraduate/Graduate-Doctorate Medium,1,0,45780,"Toledo, OH",0.2851,0.2223,0.92,,47257.0,33214.62303328003,1.42,"Lower Access, Medium Earnings"
206279,Union Institute & University,Ohio,Professions-focused Baccalaureate Small,0,0,17140,"Cincinnati, OH-KY-IN",0.0,0.553,,,60187.0,,,Not Classified in SAEC
206288,United Theological Seminary,Ohio,Special Focus: Theological Studies,0,0,19430,"Dayton-Kettering-Beavercreek, OH",0.0,,,,,,,Not Classified in SAEC
206349,Ursuline College,Ohio,Special Focus: Nursing,0,0,17410,"Cleveland, OH",0.3948,0.3892,1.61,,57198.0,34335.631162596976,1.67,"Opportunity Colleges and Universities – Higher Access, Higher Earnings"
206394,The North Coast College,Ohio,"Special Focus: Arts, Music, and Design",0,0,17410,"Cleveland, OH",0.0,0.7556,,,33795.0,,,Not Classified in SAEC
206437,Walsh University,Ohio,Professions-focused Undergraduate/Graduate-Doctorate Small,0,0,15940,"Canton-Massillon, OH",0.2544,0.1732,0.85,,54500.0,36385.75972952141,1.5,"Lower Access, Higher Earnings"
206446,Washington State College of Ohio,Ohio,Professions-focused Associate Small,0,1,31930,"Marietta, OH",0.4195,0.0788,1.29,,33401.0,29453.855327029458,1.13,"Higher Access, Medium Earnings"
206491,Wilberforce University,Ohio,Professions-focused Baccalaureate Small,0,0,19430,"Dayton-Kettering-Beavercreek, OH",0.7436,0.9911,3.4,,31540.0,27181.519478160357,1.16,"Higher Access, Medium Earnings"
206507,Wilmington College,Ohio,Professions-focused Baccalaureate Small,0,0,48940,"Wilmington, OH",0.3752,0.2012,1.12,,46196.0,35050.332585069555,1.32,"Higher Access, Medium Earnings"
206516,Winebrenner Theological Seminary,Ohio,Special Focus: Theological Studies,0,0,22300,"Findlay, OH",0.0,,,,,,,Not Classified in SAEC
206525,Wittenberg University,Ohio,Special Focus: Arts and Sciences,0,0,44220,"Springfield, OH",0.2996,0.2255,1.03,,50830.0,37401.512163109954,1.36,"Higher Access, Medium Earnings"
206589,The College of Wooster,Ohio,Special Focus: Arts and Sciences,0,0,49300,"Wooster, OH",0.1952,0.2388,0.78,,52139.0,37101.8607328345,1.41,"Lower Access, Medium Earnings"
206604,Wright State University-Main Campus,Ohio,Mixed Undergraduate/Graduate-Doctorate Medium,1,0,19430,"Dayton-Kettering-Beavercreek, OH",0.3598,0.2309,1.11,,46058.0,35805.00147568203,1.29,"Higher Access, Medium Earnings"
206613,Wright State University-Lake Campus,Ohio,Professions-focused Baccalaureate Small,1,0,16380,"Celina, OH",0.2083,0.1079,1.55,,46058.0,46832.05808992419,0.98,"Higher Access, Lower Earnings"
206622,Xavier University,Ohio,Professions-focused Undergraduate/Graduate-Doctorate Medium,0,0,17140,"Cincinnati, OH-KY-IN",0.1454,0.2192,0.67,,57972.0,36774.634367819104,1.58,"Lower Access, Higher Earnings"
206695,Youngstown State University,Ohio,Professions-focused Undergraduate/Graduate-Doctorate Medium,1,0,49660,"Youngstown-Warren, OH",0.3545,0.1744,0.98,,39179.0,31235.58367071974,1.25,"Lower Access, Medium Earnings"
206817,Bacone College,Oklahoma,Professions-focused Baccalaureate Small,0,0,34780,"Muskogee, OK",0.5296,0.7636,,,36223.0,,,Not Classified in SAEC
206835,Oklahoma Wesleyan University,Oklahoma,Professions-focused Baccalaureate Small,0,0,12780,"Bartlesville, OK",0.3934,0.3839,1.09,,58104.0,34651.69174409644,1.68,"Opportunity Colleges and Universities – Higher Access, Higher Earnings"
206862,Southern Nazarene University,Oklahoma,Professions-focused Undergraduate/Graduate-Doctorate Small,0,0,36420,"Oklahoma City, OK",0.4553,0.444,1.27,,51885.0,34305.27995930895,1.51,"Opportunity Colleges and Universities – Higher Access, Higher Earnings"
206914,Cameron University,Oklahoma,Professions-focused Baccalaureate Medium,1,0,30020,"Lawton, OK",0.4866,0.4668,1.19,,35739.0,28558.341558982964,1.25,"Higher Access, Medium Earnings"
206923,Carl Albert State College,Oklahoma,Professions-focused Associate Small,0,1,-2,Oklahoma -- Not in metropolitan statistical area,0.5948,0.5004,1.72,,32780.0,27732.57903480373,1.18,"Higher Access, Medium Earnings"
206932,Central Oklahoma College,Oklahoma,Special Focus: Nursing,0,1,36420,"Oklahoma City, OK",0.6995,0.617,2.08,,21179.0,31537.17813765182,0.67,"Higher Access, Lower Earnings"
206941,University of Central Oklahoma,Oklahoma,Professions-focused Undergraduate/Graduate-Master's Large/Medium,1,0,36420,"Oklahoma City, OK",0.3661,0.4075,1.23,,44951.0,34914.35903634239,1.29,"Higher Access, Medium Earnings"
206996,Connors State College,Oklahoma,Professions-focused Associate Small,0,1,34780,"Muskogee, OK",0.5811,0.5466,1.33,,35373.0,27567.375125704653,1.28,"Opportunity Colleges and Universities – Higher Access, Higher Earnings"
207041,East Central University,Oklahoma,Professions-focused Undergraduate/Graduate-Master's Large/Medium,1,0,10220,"Ada, OK",0.4207,0.4112,1.25,,42292.0,31421.81060570608,1.35,"Higher Access, Medium Earnings"
207050,Eastern Oklahoma State College,Oklahoma,Professions-focused Associate Small,0,1,-2,Oklahoma -- Not in metropolitan statistical area,0.5479,0.4595,1.53,,34120.0,27583.553080970327,1.24,"Higher Access, Medium Earnings"
207069,Redlands Community College,Oklahoma,Mixed Associate Small,0,1,36420,"Oklahoma City, OK",0.502,0.3606,1.33,,35661.0,35134.106306794354,1.01,"Higher Access, Medium Earnings"
207157,Randall University,Oklahoma,Special Focus: Arts and Sciences,0,0,36420,"Oklahoma City, OK",0.4327,0.5328,1.39,,39381.0,33504.00915918666,1.18,"Higher Access, Medium Earnings"
207209,Langston University,Oklahoma,Professions-focused Baccalaureate Small,1,0,36420,"Oklahoma City, OK",0.6843,0.9399,2.25,,31869.0,28684.496808973527,1.11,"Higher Access, Medium Earnings"
207236,Murray State College,Oklahoma,Professions-focused Associate Small,0,1,-2,Oklahoma -- Not in metropolitan statistical area,0.4277,0.3959,1.24,,37282.0,27682.677090808225,1.35,"Opportunity Colleges and Universities – Higher Access, Higher Earnings"
207254,Spartan College of Aeronautics and Technology,Oklahoma,Special Focus: Applied and Career Studies,0,1,46140,"Tulsa, OK",0.1268,0.4126,0.78,,47210.0,36136.910525743035,1.31,"Lower Access, Higher Earnings"
207263,Northeastern State University,Oklahoma,Professions-focused Undergraduate/Graduate-Doctorate Medium,1,0,45140,"Tahlequah, OK",0.4545,0.4966,1.05,,44103.0,27283.339525268722,1.62,"Opportunity Colleges and Universities – Higher Access, Higher Earnings"
207281,Northern Oklahoma College,Oklahoma,Professions-focused Associate Large/Medium,0,1,38620,"Ponca City, OK",0.5112,0.3363,1.29,,36322.0,28678.247481343216,1.27,"Opportunity Colleges and Universities – Higher Access, Higher Earnings"
207290,Northeastern Oklahoma A&M College,Oklahoma,Professions-focused Associate Small,0,1,33060,"Miami, OK",0.5839,0.5008,1.41,,34800.0,27914.276171691487,1.25,"Opportunity Colleges and Universities – Higher Access, Higher Earnings"
207306,Northwestern Oklahoma State University,Oklahoma,Professions-focused Baccalaureate Small,1,0,-2,Oklahoma -- Not in metropolitan statistical area,0.4685,0.356,1.21,,43114.0,29654.767773990283,1.45,"Higher Access, Medium Earnings"
207315,Oklahoma State University Center for Health Sciences,Oklahoma,Special Focus: Medical Schools and Centers,0,0,46140,"Tulsa, OK",0.0,,,,,,,Not Classified in SAEC
207324,Oklahoma Christian University,Oklahoma,Mixed Undergraduate/Graduate-Master's Small,0,0,36420,"Oklahoma City, OK",0.3184,0.3103,0.91,,48426.0,36145.49353070424,1.34,"Lower Access, Medium Earnings"
207342,University of Oklahoma-Health Sciences Center,Oklahoma,Special Focus: Medical Schools and Centers,0,0,36420,"Oklahoma City, OK",0.0,0.2375,,,57099.0,,,Not Classified in SAEC
207351,Oklahoma Panhandle State University,Oklahoma,Professions-focused Baccalaureate Small,1,0,25100,"Guymon, OK",0.4795,0.4578,1.2,,41985.0,36613.61303430316,1.15,"Higher Access, Medium Earnings"
207388,Oklahoma State University-Main Campus,Oklahoma,Professions-focused Undergraduate/Graduate-Doctorate Large,0,0,44660,"Stillwater, OK",0.2657,0.2986,0.8,,53121.0,34592.869262437154,1.54,"Lower Access, Higher Earnings"
207397,Oklahoma State University-Oklahoma City,Oklahoma,Professions-focused Associate Large/Medium,0,1,36420,"Oklahoma City, OK",0.3651,0.4349,1.28,,37909.0,34425.8047667969,1.1,"Higher Access, Medium Earnings"
207403,Oklahoma Baptist University,Oklahoma,Professions-focused Baccalaureate Small,0,0,43060,"Shawnee, OK",0.3122,0.3073,0.89,,45143.0,32841.806818234836,1.37,"Lower Access, Medium Earnings"
207449,Oklahoma City Community College,Oklahoma,Mixed Associate Medium,0,1,36420,"Oklahoma City, OK",0.3366,0.4706,1.31,,35161.0,34708.80861562084,1.01,"Higher Access, Medium Earnings"
207458,Oklahoma City University,Oklahoma,Mixed Undergraduate/Graduate-Doctorate Small,0,0,36420,"Oklahoma City, OK",0.2387,0.3218,0.8,,53863.0,35404.46856858555,1.52,"Lower Access, Higher Earnings"
207500,University of Oklahoma-Norman Campus,Oklahoma,Mixed Undergraduate/Graduate-Doctorate Large,0,0,36420,"Oklahoma City, OK",0.2426,0.3318,0.79,,57099.0,34412.95593054006,1.66,"Lower Access, Higher Earnings"
207564,Oklahoma State University Institute of Technology,Oklahoma,Professions-focused Associate/Baccalaureate,1,1,46140,"Tulsa, OK",0.4641,0.4371,1.4,,42274.0,32556.36734970149,1.3,"Opportunity Colleges and Universities – Higher Access, Higher Earnings"
207582,Oral Roberts University,Oklahoma,Professions-focused Baccalaureate Medium,0,0,46140,"Tulsa, OK",0.4425,0.481,1.33,,45092.0,34537.585788636134,1.31,"Higher Access, Medium Earnings"
207661,Rogers State University,Oklahoma,Professions-focused Baccalaureate Small,1,0,46140,"Tulsa, OK",0.4595,0.4364,1.39,,40612.0,33302.03007913388,1.22,"Higher Access, Medium Earnings"
207670,Rose State College,Oklahoma,Mixed Associate Medium,0,1,36420,"Oklahoma City, OK",0.437,0.4847,1.47,,35054.0,34094.34374925702,1.03,"Higher Access, Medium Earnings"
207722,University of Science and Arts of Oklahoma,Oklahoma,Special Focus: Arts and Sciences,1,0,36420,"Oklahoma City, OK",0.4802,0.3161,1.23,,37782.0,36056.05725614446,1.05,"Higher Access, Medium Earnings"
207740,Seminole State College,Oklahoma,Mixed Associate Small,0,1,-2,Oklahoma -- Not in metropolitan statistical area,0.4853,0.435,1.43,,33002.0,27905.30966273549,1.18,"Higher Access, Medium Earnings"
207847,Southeastern Oklahoma State University,Oklahoma,Professions-focused Undergraduate/Graduate-Master's Large/Medium,1,0,20460,"Durant, OK",0.4217,0.4684,1.23,,42333.0,32059.035288004656,1.32,"Higher Access, Medium Earnings"
207856,Southwestern Christian University,Oklahoma,Professions-focused Baccalaureate Small,0,0,36420,"Oklahoma City, OK",0.4119,0.4633,1.27,,36081.0,33075.176275641046,1.09,"Higher Access, Medium Earnings"
207865,Southwestern Oklahoma State University,Oklahoma,Professions-focused Undergraduate/Graduate-Doctorate Medium,1,0,48220,"Weatherford, OK",0.4215,0.3525,1.2,,46753.0,34185.636901021266,1.37,"Higher Access, Medium Earnings"
207935,Tulsa Community College,Oklahoma,Mixed Associate Large,0,1,46140,"Tulsa, OK",0.4453,0.4407,1.39,,36800.0,33164.80043188826,1.11,"Higher Access, Medium Earnings"
207962,Tulsa Welding School-Tulsa,Oklahoma,Special Focus: Applied and Career Studies,0,1,46140,"Tulsa, OK",0.6761,0.5091,1.77,,39602.0,33933.77724536796,1.17,"Higher Access, Medium Earnings"
207971,University of Tulsa,Oklahoma,Mixed Undergraduate/Graduate-Doctorate Medium,0,0,46140,"Tulsa, OK",0.2649,0.374,0.93,,55527.0,34864.86590046584,1.59,"Lower Access, Higher Earnings"
208035,Western Oklahoma State College,Oklahoma,Professions-focused Associate Small,0,1,11060,"Altus, OK",0.4912,0.4827,1.42,,34460.0,32429.447673689272,1.06,"Higher Access, Medium Earnings"
208275,Blue Mountain Community College,Oregon,Mixed Associate Small,0,1,25840,"Hermiston-Pendleton, OR",0.5129,0.4249,1.53,,36322.0,32157.233495762273,1.13,"Higher Access, Medium Earnings"
208318,Central Oregon Community College,Oregon,Mixed Associate Medium,0,1,13460,"Bend, OR",0.3074,0.2403,1.49,,35591.0,36731.07653600604,0.97,"Higher Access, Lower Earnings"
208390,Chemeketa Community College,Oregon,Mixed Associate Medium,0,1,41420,"Salem, OR",0.3801,0.4419,1.37,,37929.0,33121.42285262559,1.15,"Higher Access, Medium Earnings"
208406,Clackamas Community College,Oregon,Mixed Associate Medium,0,1,38900,"Portland-Vancouver-Hillsboro, OR-WA",0.2749,0.3027,1.38,,40607.0,40373.667361883905,1.01,"Higher Access, Medium Earnings"
208415,Clatsop Community College,Oregon,Mixed Associate Small,0,1,11820,"Astoria, OR",0.5602,0.3652,2.34,,36147.0,35675.05933421959,1.01,"Higher Access, Medium Earnings"
208479,Concorde Career College-Portland,Oregon,Special Focus: Applied and Career Studies,0,1,38900,"Portland-Vancouver-Hillsboro, OR-WA",0.5531,0.5551,2.63,,42217.0,40197.59306531735,1.05,"Higher Access, Medium Earnings"
208512,Sumner College,Oregon,Special Focus: Nursing,0,1,38900,"Portland-Vancouver-Hillsboro, OR-WA",0.392,0.3551,1.7,,54647.0,40907.41233679007,1.34,"Opportunity Colleges and Universities – Higher Access, Higher Earnings"
208646,Eastern Oregon University,Oregon,Professions-focused Baccalaureate Medium,1,0,29260,"La Grande, OR",0.3833,0.2626,1.5,,45983.0,33963.880498547274,1.35,"Higher Access, Medium Earnings"
208725,New Hope Christian College-Eugene,Oregon,Special Focus: Theological Studies,0,0,21660,"Eugene-Springfield, OR",0.775,0.5106,,,36698.0,,,Not Classified in SAEC
208822,George Fox University,Oregon,Professions-focused Undergraduate/Graduate-Doctorate Medium,0,0,38900,"Portland-Vancouver-Hillsboro, OR-WA",0.2719,0.2779,1.03,,55771.0,38382.161242409435,1.45,"Higher Access, Medium Earnings"
209038,Lane Community College,Oregon,Mixed Associate Medium,0,1,21660,"Eugene-Springfield, OR",0.3539,0.3043,1.42,,34665.0,29268.930337595815,1.18,"Higher Access, Medium Earnings"
209056,Lewis & Clark College,Oregon,Mixed Undergraduate/Graduate-Doctorate Small,0,0,38900,"Portland-Vancouver-Hillsboro, OR-WA",0.1943,0.2304,0.66,,51866.0,38994.13068718473,1.33,"Lower Access, Medium Earnings"
209065,Linfield University,Oregon,Professions-focused Baccalaureate Small,0,0,38900,"Portland-Vancouver-Hillsboro, OR-WA",0.2927,0.3031,1.17,,73550.0,38544.40082543476,1.91,"Opportunity Colleges and Universities – Higher Access, Higher Earnings"
209074,Linn-Benton Community College,Oregon,Mixed Associate Medium,0,1,10540,"Albany, OR",0.2817,0.2539,1.2,,39683.0,33792.832098318504,1.17,"Higher Access, Medium Earnings"
209241,Mount Angel Seminary,Oregon,Special Focus: Theological Studies,0,0,41420,"Salem, OR",0.25,0.6786,,,,,,Not Classified in SAEC
209250,Mt Hood Community College,Oregon,Mixed Associate Medium,0,1,38900,"Portland-Vancouver-Hillsboro, OR-WA",0.384,0.3639,1.77,,37806.0,40662.09728911534,0.93,"Higher Access, Lower Earnings"
209287,Multnomah University,Oregon,Mixed Undergraduate/Graduate-Master's Small,0,0,38900,"Portland-Vancouver-Hillsboro, OR-WA",0.4773,0.5082,1.76,,43436.0,39907.86180987688,1.09,"Higher Access, Medium Earnings"
209296,National University of Natural Medicine,Oregon,Special Focus: Other Health Professions,0,0,38900,"Portland-Vancouver-Hillsboro, OR-WA",0.75,0.25,,,,,,Not Classified in SAEC
209409,Bushnell University,Oregon,Professions-focused Undergraduate/Graduate-Master's Small,0,0,21660,"Eugene-Springfield, OR",0.3493,0.279,1.19,,51441.0,37980.11314397279,1.35,"Higher Access, Medium Earnings"
209490,Oregon Health & Science University,Oregon,Special Focus: Medical Schools and Centers,0,0,38900,"Portland-Vancouver-Hillsboro, OR-WA",0.2806,0.3276,,,103740.0,,,Not Classified in SAEC
209506,Oregon Institute of Technology,Oregon,Professions-focused Baccalaureate Medium,1,0,28900,"Klamath Falls, OR",0.296,0.2496,0.86,,69982.0,33655.56283614731,2.08,"Lower Access, Higher Earnings"
209542,Oregon State University,Oregon,Mixed Undergraduate/Graduate-Doctorate Large,0,0,18700,"Corvallis, OR",0.2274,0.2373,0.87,,57210.0,37690.524407573685,1.52,"Lower Access, Higher Earnings"
209551,University of Oregon,Oregon,Mixed Undergraduate/Graduate-Doctorate Large,0,0,21660,"Eugene-Springfield, OR",0.2212,0.2924,0.86,,53823.0,39000.19852757001,1.38,"Lower Access, Medium Earnings"
209603,Pacific Northwest College of Art,Oregon,"Special Focus: Arts, Music, and Design",0,0,38900,"Portland-Vancouver-Hillsboro, OR-WA",0.4415,0.2694,1.26,,29008.0,39037.51610902082,0.74,"Higher Access, Lower Earnings"
209612,Pacific University,Oregon,Mixed Undergraduate/Graduate-Doctorate Medium,0,0,38900,"Portland-Vancouver-Hillsboro, OR-WA",0.2833,0.3746,1.09,,54158.0,38135.229132991095,1.42,"Higher Access, Medium Earnings"
209746,Portland Community College,Oregon,Mixed Associate Large,0,1,38900,"Portland-Vancouver-Hillsboro, OR-WA",0.3324,0.3614,1.65,,40198.0,40346.391715398044,1.0,"Higher Access, Medium Earnings"
209807,Portland State University,Oregon,Mixed Undergraduate/Graduate-Doctorate Large,1,0,38900,"Portland-Vancouver-Hillsboro, OR-WA",0.4662,0.3731,1.83,,52927.0,40974.476128393726,1.29,"Higher Access, Medium Earnings"
209825,University of Portland,Oregon,Mixed Baccalaureate,0,0,38900,"Portland-Vancouver-Hillsboro, OR-WA",0.1871,0.3239,0.86,,76376.0,40188.6744831671,1.9,"Lower Access, Higher Earnings"
209922,Reed College,Oregon,Special Focus: Arts and Sciences,0,0,38900,"Portland-Vancouver-Hillsboro, OR-WA",0.1252,0.2553,0.57,,46514.0,39019.16966023499,1.19,"Lower Access, Medium Earnings"
209940,Rogue Community College,Oregon,Mixed Associate Medium,0,1,24420,"Grants Pass, OR",0.4938,0.3187,1.61,,36377.0,26238.954340745855,1.39,"Opportunity Colleges and Universities – Higher Access, Higher Earnings"
210146,Southern Oregon University,Oregon,Mixed Undergraduate/Graduate-Master's Large/Medium,1,0,32780,"Medford, OR",0.3749,0.3294,1.15,,45016.0,34528.42361607799,1.3,"Higher Access, Medium Earnings"
210155,Southwestern Oregon Community College,Oregon,Mixed Associate Small,0,1,18300,"Coos Bay-North Bend, OR",0.4366,0.2782,1.27,,37331.0,31606.439790347653,1.18,"Higher Access, Medium Earnings"
210234,Treasure Valley Community College,Oregon,Mixed Associate Small,0,1,36620,"Ontario, OR-ID",0.5402,0.3342,1.43,,32844.0,35078.73864766195,0.94,"Higher Access, Lower Earnings"
210270,Umpqua Community College,Oregon,Mixed Associate Small,0,1,40700,"Roseburg, OR",0.3762,0.2385,1.21,,35311.0,28495.985731662226,1.24,"Higher Access, Medium Earnings"
210304,Warner Pacific University,Oregon,Professions-focused Baccalaureate Small,0,0,38900,"Portland-Vancouver-Hillsboro, OR-WA",0.4682,0.4763,1.92,,50481.0,36710.97032492993,1.38,"Higher Access, Medium Earnings"
210331,Corban University,Oregon,Professions-focused Undergraduate/Graduate-Master's Small,0,0,41420,"Salem, OR",0.3169,0.2937,1.19,,46377.0,38784.46087610368,1.2,"Higher Access, Medium Earnings"
210368,Western Seminary,Oregon,Special Focus: Theological Studies,0,0,38900,"Portland-Vancouver-Hillsboro, OR-WA",0.0,,,,,,,Not Classified in SAEC
210401,Willamette University,Oregon,Mixed Undergraduate/Graduate-Doctorate Small,0,0,41420,"Salem, OR",0.2232,0.2659,0.8,,50849.0,39606.667086775175,1.28,"Lower Access, Medium Earnings"
210429,Western Oregon University,Oregon,Special Focus: Arts and Sciences,1,0,41420,"Salem, OR",0.4034,0.3682,1.26,,46467.0,34673.15609345522,1.34,"Higher Access, Medium Earnings"
210438,University of Western States,Oregon,Mixed Undergraduate/Graduate-Doctorate Small,0,0,38900,"Portland-Vancouver-Hillsboro, OR-WA",0.0,0.1765,,,34673.0,,,Not Classified in SAEC
210492,Bryn Athyn College of the New Church,Pennsylvania,Special Focus: Arts and Sciences,0,0,37980,"Philadelphia-Camden-Wilmington, PA-NJ-DE-MD",0.4649,0.2706,1.39,,45938.0,39421.14171888293,1.17,"Higher Access, Medium Earnings"
210571,Albright College,Pennsylvania,Special Focus: Arts and Sciences,0,0,39740,"Reading, PA",0.5122,0.5217,1.94,,54656.0,39394.91128902956,1.39,"Higher Access, Medium Earnings"
210599,All-State Career School,Pennsylvania,Special Focus: Applied and Career Studies,0,1,37980,"Philadelphia-Camden-Wilmington, PA-NJ-DE-MD",0.6713,0.8955,2.68,,37053.0,32563.4385213928,1.14,"Higher Access, Medium Earnings"
210605,Community College of Allegheny County,Pennsylvania,Professions-focused Associate Large/Medium,0,1,38300,"Pittsburgh, PA",0.3253,0.2807,1.84,,36023.0,37125.99059699711,0.97,"Higher Access, Lower Earnings"
210669,Allegheny College,Pennsylvania,Special Focus: Arts and Sciences,0,0,32740,"Meadville, PA",0.2568,0.2245,0.86,,56341.0,40156.16143240192,1.4,"Lower Access, Medium Earnings"
210739,DeSales University,Pennsylvania,Professions-focused Undergraduate/Graduate-Doctorate Medium,0,0,10900,"Allentown-Bethlehem-Easton, PA-NJ",0.234,0.224,0.86,,60995.0,39967.18452000619,1.53,"Lower Access, Higher Earnings"
210775,Alvernia University,Pennsylvania,Special Focus: Other Health Professions,0,0,39740,"Reading, PA",0.34,0.2932,1.21,,53927.0,39875.017412053654,1.35,"Opportunity Colleges and Universities – Higher Access, Higher Earnings"
210809,American College of Financial Services,Pennsylvania,Special Focus: Business,0,0,37980,"Philadelphia-Camden-Wilmington, PA-NJ-DE-MD",0.0,0.1243,,,,,,Not Classified in SAEC
211024,Clarks Summit University,Pennsylvania,Professions-focused Undergraduate/Graduate-Master's Small,0,0,42540,"Scranton--Wilkes-Barre, PA",0.5013,0.1621,1.11,,38555.0,41219.2937378091,0.94,"Higher Access, Lower Earnings"
211079,Community College of Beaver County,Pennsylvania,Professions-focused Associate Small,0,1,38300,"Pittsburgh, PA",0.3779,0.1883,1.53,,40472.0,39909.272785028224,1.01,"Higher Access, Medium Earnings"
211088,Arcadia University,Pennsylvania,Mixed Undergraduate/Graduate-Doctorate Small,0,0,37980,"Philadelphia-Camden-Wilmington, PA-NJ-DE-MD",0.2954,0.2911,1.08,,54111.0,37665.84158001973,1.44,"Higher Access, Medium Earnings"
211130,Missio Theological Seminary,Pennsylvania,Special Focus: Theological Studies,0,0,37980,"Philadelphia-Camden-Wilmington, PA-NJ-DE-MD",0.0,,,,,,,Not Classified in SAEC
211273,Bryn Mawr College,Pennsylvania,Special Focus: Arts and Sciences,0,0,37980,"Philadelphia-Camden-Wilmington, PA-NJ-DE-MD",0.1441,0.2553,0.62,,63818.0,38397.51940158167,1.66,"Lower Access, Higher Earnings"
211291,Bucknell University,Pennsylvania,Special Focus: Arts and Sciences,0,0,30260,"Lewisburg, PA",0.1115,0.1594,0.44,,88483.0,42063.00868904251,2.1,"Lower Access, Higher Earnings"
211307,Bucks County Community College,Pennsylvania,Professions-focused Associate Large/Medium,0,1,37980,"Philadelphia-Camden-Wilmington, PA-NJ-DE-MD",0.2568,0.2207,0.83,,43856.0,42563.12205143348,1.03,"Lower Access, Medium Earnings"
211343,Butler County Community College,Pennsylvania,Professions-focused Associate Small,0,1,38300,"Pittsburgh, PA",0.4412,0.0917,1.28,,38563.0,40459.87342718326,0.95,"Higher Access, Lower Earnings"
211352,Cabrini University,Pennsylvania,Professions-focused Undergraduate/Graduate-Master's Small,0,0,37980,"Philadelphia-Camden-Wilmington, PA-NJ-DE-MD",0.3858,0.3939,1.49,,51128.0,40124.6526816003,1.27,"Higher Access, Medium Earnings"
211431,Carlow University,Pennsylvania,Special Focus: Other Health Professions,0,0,38300,"Pittsburgh, PA",0.4135,0.2848,1.39,,49372.0,33420.6000966197,1.48,"Opportunity Colleges and Universities – Higher Access, Higher Earnings"
211440,Carnegie Mellon University,Pennsylvania,"Special Focus: Technology, Engineering, and Sciences",0,0,38300,"Pittsburgh, PA",0.1533,0.2638,0.64,,105524.0,40824.69738448414,2.58,"Lower Access, Higher Earnings"
211468,Cedar Crest College,Pennsylvania,Professions-focused Undergraduate/Graduate-Master's Small,0,0,10900,"Allentown-Bethlehem-Easton, PA-NJ",0.3944,0.3356,1.39,,52869.0,39383.47580685642,1.34,"Higher Access, Medium Earnings"
211477,Central Penn College,Pennsylvania,Professions-focused Baccalaureate Small,0,0,25420,"Harrisburg-Carlisle, PA",0.4673,0.4002,1.74,,44033.0,36521.783529432556,1.21,"Higher Access, Medium Earnings"
211556,Chatham University,Pennsylvania,Mixed Undergraduate/Graduate-Doctorate Small,0,0,38300,"Pittsburgh, PA",0.2618,0.1334,0.73,,49088.0,36949.737796449255,1.33,"Lower Access, Medium Earnings"
211583,Chestnut Hill College,Pennsylvania,Professions-focused Undergraduate/Graduate-Master's Small,0,0,37980,"Philadelphia-Camden-Wilmington, PA-NJ-DE-MD",0.4984,0.5913,2.08,,49924.0,35762.145076129695,1.4,"Higher Access, Medium Earnings"
211608,Cheyney University of Pennsylvania,Pennsylvania,Special Focus: Arts and Sciences,1,0,37980,"Philadelphia-Camden-Wilmington, PA-NJ-DE-MD",0.4169,0.9803,2.33,,32774.0,29058.279323467246,1.13,"Higher Access, Medium Earnings"
211893,Curtis Institute of Music,Pennsylvania,"Special Focus: Arts, Music, and Design",0,0,37980,"Philadelphia-Camden-Wilmington, PA-NJ-DE-MD",0.0097,0.1111,0.16,,40313.0,42819.54845956355,0.94,"Lower Access, Lower Earnings"
211927,Delaware County Community College,Pennsylvania,Professions-focused Associate Large/Medium,0,1,37980,"Philadelphia-Camden-Wilmington, PA-NJ-DE-MD",0.398,0.4444,1.46,,41257.0,42391.05159765311,0.97,"Higher Access, Lower Earnings"
211981,Delaware Valley University,Pennsylvania,Professions-focused Baccalaureate Small,0,0,37980,"Philadelphia-Camden-Wilmington, PA-NJ-DE-MD",0.3182,0.2385,1.01,,49617.0,41450.87606871681,1.2,"Higher Access, Medium Earnings"
212009,Dickinson College,Pennsylvania,Special Focus: Arts and Sciences,0,0,25420,"Harrisburg-Carlisle, PA",0.1392,0.1918,0.55,,69231.0,41152.28293949391,1.68,"Lower Access, Higher Earnings"
212045,Douglas Education Center,Pennsylvania,Special Focus: Applied and Career Studies,0,1,38300,"Pittsburgh, PA",0.4798,0.2244,1.54,,29217.0,40765.871425452955,0.72,"Higher Access, Lower Earnings"
212054,Drexel University,Pennsylvania,Professions-focused Undergraduate/Graduate-Doctorate Large,0,0,37980,"Philadelphia-Camden-Wilmington, PA-NJ-DE-MD",0.2524,0.2336,0.86,,79235.0,41126.37003371681,1.93,"Lower Access, Higher Earnings"
212106,Duquesne University,Pennsylvania,Professions-focused Undergraduate/Graduate-Doctorate Medium,0,0,38300,"Pittsburgh, PA",0.1816,0.1386,0.61,,70050.0,39935.09156421819,1.75,"Lower Access, Higher Earnings"
212115,East Stroudsburg University of Pennsylvania,Pennsylvania,Professions-focused Undergraduate/Graduate-Master's Large/Medium,1,0,20700,"East Stroudsburg, PA",0.4049,0.439,1.32,,50052.0,33483.42067850893,1.49,"Higher Access, Medium Earnings"
212133,Eastern University,Pennsylvania,Professions-focused Undergraduate/Graduate-Master's Large/Medium,0,0,37980,"Philadelphia-Camden-Wilmington, PA-NJ-DE-MD",0.3895,0.521,1.7,,47074.0,36617.16057341535,1.29,"Higher Access, Medium Earnings"
212197,Elizabethtown College,Pennsylvania,Mixed Baccalaureate,0,0,29540,"Lancaster, PA",0.1955,0.1349,0.62,,60060.0,42311.54712489081,1.42,"Lower Access, Medium Earnings"
212434,Erie Institute of Technology Inc,Pennsylvania,Mixed Associate Small,0,1,21500,"Erie, PA",0.5071,0.1283,1.14,,39958.0,33997.96337821296,1.18,"Higher Access, Medium Earnings"
212577,Franklin and Marshall College,Pennsylvania,Special Focus: Arts and Sciences,0,0,29540,"Lancaster, PA",0.1672,0.2444,0.69,,64068.0,40894.00401730089,1.57,"Lower Access, Higher Earnings"
212601,Gannon University,Pennsylvania,Professions-focused Undergraduate/Graduate-Doctorate Medium,0,0,21500,"Erie, PA",0.2641,0.1732,0.81,,55227.0,39758.81116337376,1.39,"Lower Access, Medium Earnings"
212656,Geneva College,Pennsylvania,Mixed Baccalaureate,0,0,38300,"Pittsburgh, PA",0.35,0.1376,0.87,,48149.0,39469.68384435525,1.22,"Lower Access, Medium Earnings"
212674,Gettysburg College,Pennsylvania,Special Focus: Arts and Sciences,0,0,23900,"Gettysburg, PA",0.2102,0.2121,0.7,,66428.0,41441.30164784157,1.6,"Lower Access, Higher Earnings"
212771,Gratz College,Pennsylvania,Special Focus: Theological Studies,0,0,37980,"Philadelphia-Camden-Wilmington, PA-NJ-DE-MD",0.0093,0.0083,,,,,,Not Classified in SAEC
212805,Grove City College,Pennsylvania,Mixed Baccalaureate,0,0,25850,"Hermitage, PA",0.0,0.0587,,,,,,Not Classified in SAEC
212832,Gwynedd Mercy University,Pennsylvania,Special Focus: Nursing,0,0,37980,"Philadelphia-Camden-Wilmington, PA-NJ-DE-MD",0.3476,0.2785,1.22,,67016.0,38344.43806140351,1.75,"Opportunity Colleges and Universities – Higher Access, Higher Earnings"
212869,Harcum College,Pennsylvania,Professions-focused Associate Small,0,1,37980,"Philadelphia-Camden-Wilmington, PA-NJ-DE-MD",0.5479,0.6598,2.06,,40004.0,37229.083147402875,1.07,"Higher Access, Medium Earnings"
212878,Harrisburg Area Community College,Pennsylvania,Professions-focused Associate Large/Medium,0,1,25420,"Harrisburg-Carlisle, PA",0.419,0.3257,1.65,,39606.0,40483.09741466498,0.98,"Higher Access, Lower Earnings"
212911,Haverford College,Pennsylvania,Special Focus: Arts and Sciences,0,0,37980,"Philadelphia-Camden-Wilmington, PA-NJ-DE-MD",0.1411,0.2973,0.68,,67379.0,40061.07558554539,1.68,"Lower Access, Higher Earnings"
212975,Commonwealth Technical Institute,Pennsylvania,Special Focus: Applied and Career Studies,0,1,27780,"Johnstown, PA",0.4681,0.2,2.13,,22953.0,31726.14705882353,0.72,"Higher Access, Lower Earnings"
212984,Holy Family University,Pennsylvania,Special Focus: Nursing,0,0,37980,"Philadelphia-Camden-Wilmington, PA-NJ-DE-MD",0.4028,0.3128,1.43,,62234.0,38258.56770306407,1.63,"Opportunity Colleges and Universities – Higher Access, Higher Earnings"
213011,Immaculata University,Pennsylvania,Professions-focused Undergraduate/Graduate-Doctorate Small,0,0,37980,"Philadelphia-Camden-Wilmington, PA-NJ-DE-MD",0.2564,0.2418,0.93,,67820.0,39875.874476131175,1.7,"Lower Access, Higher Earnings"
213020,Indiana University of Pennsylvania-Main Campus,Pennsylvania,Professions-focused Undergraduate/Graduate-Doctorate Medium,1,0,26860,"Indiana, PA",0.3803,0.2155,2.17,,48361.0,29825.057744626403,1.62,"Opportunity Colleges and Universities – Higher Access, Higher Earnings"
213181,Great Lakes Institute of Technology,Pennsylvania,Special Focus: Applied and Career Studies,0,1,21500,"Erie, PA",0.6813,0.2772,1.91,,30559.0,32620.518315430847,0.94,"Higher Access, Lower Earnings"
213233,Johnson College,Pennsylvania,Special Focus: Applied and Career Studies,0,1,42540,"Scranton--Wilkes-Barre, PA",0.5105,0.1744,1.24,,46977.0,34097.35301175617,1.38,"Opportunity Colleges and Universities – Higher Access, Higher Earnings"
213251,Juniata College,Pennsylvania,Special Focus: Arts and Sciences,0,0,26500,"Huntingdon, PA",0.2769,0.1837,0.84,,56596.0,41058.86131799123,1.38,"Lower Access, Medium Earnings"
213303,Keystone College,Pennsylvania,Professions-focused Baccalaureate Small,0,0,42540,"Scranton--Wilkes-Barre, PA",0.4481,0.2895,1.35,,38176.0,38378.9213130843,0.99,"Higher Access, Lower Earnings"
213321,King's College,Pennsylvania,Professions-focused Baccalaureate Small,0,0,42540,"Scranton--Wilkes-Barre, PA",0.2859,0.2071,0.92,,55721.0,40617.74413728753,1.37,"Lower Access, Medium Earnings"
213349,Kutztown University of Pennsylvania,Pennsylvania,Professions-focused Undergraduate/Graduate-Master's Large/Medium,1,0,39740,"Reading, PA",0.314,0.2382,0.95,,49150.0,39499.72226896569,1.24,"Lower Access, Medium Earnings"
213358,La Roche University,Pennsylvania,Professions-focused Undergraduate/Graduate-Master's Small,0,0,38300,"Pittsburgh, PA",0.3035,0.2232,1.06,,50414.0,37627.56099159965,1.34,"Higher Access, Medium Earnings"
213367,La Salle University,Pennsylvania,Professions-focused Undergraduate/Graduate-Doctorate Medium,0,0,37980,"Philadelphia-Camden-Wilmington, PA-NJ-DE-MD",0.3892,0.4575,1.62,,60439.0,37865.11706129644,1.6,"Opportunity Colleges and Universities – Higher Access, Higher Earnings"
213376,Lackawanna College,Pennsylvania,Professions-focused Associate/Baccalaureate,0,1,42540,"Scranton--Wilkes-Barre, PA",0.6028,0.384,1.92,,38571.0,34203.6245732439,1.13,"Higher Access, Medium Earnings"
213385,Lafayette College,Pennsylvania,Special Focus: Arts and Sciences,0,0,10900,"Allentown-Bethlehem-Easton, PA-NJ",0.1031,0.2018,0.49,,84452.0,40790.47506399587,2.07,"Lower Access, Higher Earnings"
213400,Lancaster Bible College,Pennsylvania,Special Focus: Theological Studies,0,0,29540,"Lancaster, PA",0.366,0.3552,,,42133.0,,,Not Classified in SAEC
213446,Lancaster Theological Seminary,Pennsylvania,Special Focus: Theological Studies,0,0,29540,"Lancaster, PA",0.0,,,,,,,Not Classified in SAEC
213473,Lansdale School of Business,Pennsylvania,Special Focus: Applied and Career Studies,0,1,37980,"Philadelphia-Camden-Wilmington, PA-NJ-DE-MD",0.6222,0.5939,2.12,,38428.0,47096.559095580684,0.82,"Higher Access, Lower Earnings"
213507,Lebanon Valley College,Pennsylvania,Professions-focused Undergraduate/Graduate-Doctorate Small,0,0,30140,"Lebanon, PA",0.2281,0.1228,0.66,,57610.0,41316.686903677604,1.39,"Lower Access, Medium Earnings"
213525,Lehigh Carbon Community College,Pennsylvania,Professions-focused Associate Large/Medium,0,1,10900,"Allentown-Bethlehem-Easton, PA-NJ",0.4359,0.4572,1.64,,39728.0,37356.6673336001,1.06,"Higher Access, Medium Earnings"
213534,Miller-Motte College-Berks Technical Institute,Pennsylvania,Special Focus: Applied and Career Studies,0,1,39740,"Reading, PA",0.5683,0.7492,2.32,,28099.0,35268.64747191011,0.8,"Higher Access, Lower Earnings"
213543,Lehigh University,Pennsylvania,Mixed Undergraduate/Graduate-Doctorate Medium,0,0,10900,"Allentown-Bethlehem-Easton, PA-NJ",0.1784,0.2264,0.67,,97731.0,41854.78735893706,2.34,"Lower Access, Higher Earnings"
213570,Lincoln Technical Institute-Allentown,Pennsylvania,Special Focus: Applied and Career Studies,0,1,10900,"Allentown-Bethlehem-Easton, PA-NJ",0.6402,0.7151,2.47,,39262.0,36298.76569862794,1.08,"Higher Access, Medium Earnings"
213589,Lincoln Technical Institute-Philadelphia,Pennsylvania,Special Focus: Applied and Career Studies,0,1,37980,"Philadelphia-Camden-Wilmington, PA-NJ-DE-MD",0.7282,0.8075,2.64,,39262.0,36284.095554681786,1.08,"Higher Access, Medium Earnings"
213598,Lincoln University,Pennsylvania,Professions-focused Baccalaureate Small,1,0,37980,"Philadelphia-Camden-Wilmington, PA-NJ-DE-MD",0.6661,0.9905,2.67,,42416.0,29844.375454283996,1.42,"Higher Access, Medium Earnings"
213631,United Lutheran Seminary,Pennsylvania,Special Focus: Theological Studies,0,0,23900,"Gettysburg, PA",0.0,,,,,,,Not Classified in SAEC
213659,Luzerne County Community College,Pennsylvania,Professions-focused Associate Large/Medium,0,1,42540,"Scranton--Wilkes-Barre, PA",0.4539,0.3582,1.79,,37761.0,33731.27303044249,1.12,"Higher Access, Medium Earnings"
213668,Lycoming College,Pennsylvania,Special Focus: Arts and Sciences,0,0,48700,"Williamsport, PA",0.4063,0.3249,1.32,,50955.0,40476.03462510808,1.26,"Higher Access, Medium Earnings"
213774,Manor College,Pennsylvania,Professions-focused Associate/Baccalaureate,0,1,37980,"Philadelphia-Camden-Wilmington, PA-NJ-DE-MD",0.6161,0.5621,2.05,,41379.0,38275.52821794703,1.08,"Higher Access, Medium Earnings"
213826,Marywood University,Pennsylvania,Professions-focused Undergraduate/Graduate-Master's Small,0,0,42540,"Scranton--Wilkes-Barre, PA",0.3023,0.1582,0.85,,51306.0,41251.445914456264,1.24,"Lower Access, Medium Earnings"
213914,Vet Tech Institute,Pennsylvania,Special Focus: Applied and Career Studies,0,1,38300,"Pittsburgh, PA",0.5442,0.1686,1.65,,34851.0,41759.42491093926,0.83,"Higher Access, Lower Earnings"
213987,Mercyhurst University,Pennsylvania,Professions-focused Baccalaureate Small,0,0,21500,"Erie, PA",0.3082,0.1389,0.78,,45273.0,39615.64771627262,1.14,"Lower Access, Medium Earnings"
213996,Messiah University,Pennsylvania,Professions-focused Undergraduate/Graduate-Doctorate Small,0,0,25420,"Harrisburg-Carlisle, PA",0.2116,0.1616,0.69,,50641.0,41676.51051616267,1.22,"Lower Access, Medium Earnings"
214023,ASPIRA City College,Pennsylvania,Special Focus: Applied and Career Studies,0,1,37980,"Philadelphia-Camden-Wilmington, PA-NJ-DE-MD",0.7273,1.0,2.97,,25787.0,29459.52023121387,0.88,"Higher Access, Lower Earnings"
214041,Millersville University of Pennsylvania,Pennsylvania,Mixed Undergraduate/Graduate-Master's Large/Medium,1,0,29540,"Lancaster, PA",0.2708,0.213,1.13,,49899.0,40393.387087756164,1.24,"Higher Access, Medium Earnings"
214069,Misericordia University,Pennsylvania,Professions-focused Undergraduate/Graduate-Doctorate Small,0,0,42540,"Scranton--Wilkes-Barre, PA",0.1957,0.13,0.6,,62984.0,42728.63815641656,1.47,"Lower Access, Medium Earnings"
214111,Montgomery County Community College,Pennsylvania,Professions-focused Associate Large/Medium,0,1,37980,"Philadelphia-Camden-Wilmington, PA-NJ-DE-MD",0.3443,0.3797,1.25,,41645.0,42938.91775947633,0.97,"Higher Access, Lower Earnings"
214148,Moore College of Art and Design,Pennsylvania,"Special Focus: Arts, Music, and Design",0,0,37980,"Philadelphia-Camden-Wilmington, PA-NJ-DE-MD",0.4085,0.3211,1.27,,39544.0,39594.766054320295,1.0,"Higher Access, Medium Earnings"
214157,Moravian University,Pennsylvania,Mixed Undergraduate/Graduate-Master's Small,0,0,10900,"Allentown-Bethlehem-Easton, PA-NJ",0.2736,0.2365,0.96,,56840.0,42185.22690114471,1.35,"Lower Access, Medium Earnings"
214166,Mount Aloysius College,Pennsylvania,Special Focus: Other Health Professions,0,0,27780,"Johnstown, PA",0.4024,0.0522,0.82,,44762.0,37989.19971336961,1.18,"Lower Access, Medium Earnings"
214175,Muhlenberg College,Pennsylvania,Special Focus: Arts and Sciences,0,0,10900,"Allentown-Bethlehem-Easton, PA-NJ",0.2111,0.208,0.71,,64633.0,42051.79496619255,1.54,"Lower Access, Higher Earnings"
214272,Neumann University,Pennsylvania,Professions-focused Undergraduate/Graduate-Doctorate Small,0,0,37980,"Philadelphia-Camden-Wilmington, PA-NJ-DE-MD",0.4472,0.4238,1.66,,51317.0,36576.941976820155,1.4,"Higher Access, Medium Earnings"
214290,New Castle School of Trades,Pennsylvania,Special Focus: Applied and Career Studies,0,1,38300,"Pittsburgh, PA",0.6205,0.2052,1.78,,41697.0,38594.11469572569,1.08,"Higher Access, Medium Earnings"
214379,Northampton County Area Community College,Pennsylvania,Professions-focused Associate Large/Medium,0,1,10900,"Allentown-Bethlehem-Easton, PA-NJ",0.4474,0.4562,1.65,,38026.0,37098.06428996066,1.03,"Higher Access, Medium Earnings"
214564,Salus University,Pennsylvania,Special Focus: Other Health Professions,0,0,37980,"Philadelphia-Camden-Wilmington, PA-NJ-DE-MD",0.0,,,,,,,Not Classified in SAEC
214582,Pennsylvania Institute of Technology,Pennsylvania,Special Focus: Applied and Career Studies,0,1,37980,"Philadelphia-Camden-Wilmington, PA-NJ-DE-MD",0.7846,0.8381,2.78,,32476.0,32501.77810856031,1.0,"Higher Access, Medium Earnings"
214591,Pennsylvania State University-Penn State Erie-Behrend College,Pennsylvania,Mixed Baccalaureate,0,0,21500,"Erie, PA",0.2696,0.1186,0.72,,60370.0,40284.77213609481,1.5,"Lower Access, Higher Earnings"
214607,Pennsylvania State University-Penn State Great Valley,Pennsylvania,Special Focus: Business,0,0,37980,"Philadelphia-Camden-Wilmington, PA-NJ-DE-MD",0.0,,,,60370.0,,,Not Classified in SAEC
214625,Pennsylvania State University-Penn State New Kensington,Pennsylvania,Professions-focused Baccalaureate Small,0,0,38300,"Pittsburgh, PA",0.3295,0.1561,0.93,,60370.0,39700.819835951195,1.52,"Lower Access, Higher Earnings"
214634,Pennsylvania State University-Penn State Shenango,Pennsylvania,Special Focus: Other Health Professions,0,0,25850,"Hermitage, PA",0.5112,0.2324,1.44,,60370.0,38532.02446615998,1.57,"Opportunity Colleges and Universities – Higher Access, Higher Earnings"
214643,Pennsylvania State University-Penn State Wilkes-Barre,Pennsylvania,Mixed Baccalaureate,0,0,42540,"Scranton--Wilkes-Barre, PA",0.396,0.2249,1.19,,60370.0,39724.845397221776,1.52,"Opportunity Colleges and Universities – Higher Access, Higher Earnings"
214652,Pennsylvania State University-Penn State Scranton,Pennsylvania,Professions-focused Baccalaureate Small,0,0,42540,"Scranton--Wilkes-Barre, PA",0.4407,0.2211,1.24,,60370.0,40088.77207531151,1.51,"Opportunity Colleges and Universities – Higher Access, Higher Earnings"
214670,Pennsylvania State University-Penn State Lehigh Valley,Pennsylvania,Professions-focused Baccalaureate Small,0,0,10900,"Allentown-Bethlehem-Easton, PA-NJ",0.3488,0.3458,1.44,,60370.0,38786.677849952706,1.56,"Opportunity Colleges and Universities – Higher Access, Higher Earnings"
214689,Pennsylvania State University-Penn State Altoona,Pennsylvania,Professions-focused Baccalaureate Small,0,0,11020,"Altoona, PA",0.2596,0.1787,0.8,,60370.0,40184.45857611326,1.5,"Lower Access, Higher Earnings"
214698,Pennsylvania State University-Penn State Beaver,Pennsylvania,Mixed Baccalaureate,0,0,38300,"Pittsburgh, PA",0.3479,0.233,1.04,,60370.0,39009.316855697354,1.55,"Opportunity Colleges and Universities – Higher Access, Higher Earnings"
214704,Pennsylvania State University-Penn State Berks,Pennsylvania,Professions-focused Baccalaureate Small,0,0,39740,"Reading, PA",0.294,0.2743,1.06,,60370.0,39029.29147344162,1.55,"Opportunity Colleges and Universities – Higher Access, Higher Earnings"
214713,Pennsylvania State University-Penn State Harrisburg,Pennsylvania,Mixed Undergraduate/Graduate-Master's Large/Medium,0,0,25420,"Harrisburg-Carlisle, PA",0.2615,0.2674,0.97,,60370.0,39344.56886925844,1.53,"Lower Access, Higher Earnings"
214731,Pennsylvania State University-Penn State Brandywine,Pennsylvania,Mixed Baccalaureate,0,0,37980,"Philadelphia-Camden-Wilmington, PA-NJ-DE-MD",0.3499,0.3325,1.32,,60370.0,38655.829076106784,1.56,"Opportunity Colleges and Universities – Higher Access, Higher Earnings"
214740,Pennsylvania State University-Penn State DuBois,Pennsylvania,Professions-focused Associate/Baccalaureate,0,1,20180,"DuBois, PA",0.2853,0.0659,0.7,,60370.0,30263.02839423648,1.99,"Lower Access, Higher Earnings"
214759,Pennsylvania State University-Penn State Fayette- Eberly,Pennsylvania,Professions-focused Baccalaureate Small,0,0,38300,"Pittsburgh, PA",0.3571,0.1126,0.87,,60370.0,40173.13526450551,1.5,"Lower Access, Higher Earnings"
214768,Pennsylvania State University-Penn State Hazleton,Pennsylvania,Professions-focused Baccalaureate Small,0,0,42540,"Scranton--Wilkes-Barre, PA",0.4809,0.3871,1.68,,60370.0,38425.20338849406,1.57,"Opportunity Colleges and Universities – Higher Access, Higher Earnings"
214777,Pennsylvania State University-Main Campus,Pennsylvania,Mixed Undergraduate/Graduate-Doctorate Large,0,0,44300,"State College, PA",0.1337,0.1948,0.6,,60370.0,40862.82935396688,1.48,"Lower Access, Medium Earnings"
214786,Pennsylvania State University-Penn State Greater Allegheny,Pennsylvania,Mixed Baccalaureate,0,0,38300,"Pittsburgh, PA",0.4438,0.3516,1.49,,60370.0,36363.33577438854,1.66,"Opportunity Colleges and Universities – Higher Access, Higher Earnings"
214795,Pennsylvania State University-Penn State Mont Alto,Pennsylvania,Professions-focused Baccalaureate Small,0,0,16540,"Chambersburg, PA",0.2796,0.1705,0.85,,60370.0,40187.93396445239,1.5,"Lower Access, Higher Earnings"
214801,Pennsylvania State University-Penn State Abington,Pennsylvania,Mixed Baccalaureate,0,0,37980,"Philadelphia-Camden-Wilmington, PA-NJ-DE-MD",0.3857,0.3252,1.36,,60370.0,37558.470944066445,1.61,"Opportunity Colleges and Universities – Higher Access, Higher Earnings"
214810,Pennsylvania State University-Penn State Schuylkill,Pennsylvania,Professions-focused Baccalaureate Small,0,0,39060,"Pottsville, PA",0.3946,0.2449,1.24,,60370.0,38449.367949407955,1.57,"Opportunity Colleges and Universities – Higher Access, Higher Earnings"
214829,Pennsylvania State University-Penn State York,Pennsylvania,Mixed Baccalaureate,0,0,49620,"York-Hanover, PA",0.2991,0.2291,1.02,,60370.0,39640.99624007692,1.52,"Opportunity Colleges and Universities – Higher Access, Higher Earnings"
214883,Peirce College,Pennsylvania,Professions-focused Baccalaureate Small,0,0,37980,"Philadelphia-Camden-Wilmington, PA-NJ-DE-MD",0.5236,0.7692,2.61,,44368.0,30504.17684759846,1.45,"Higher Access, Medium Earnings"
214892,Penn Commercial Business/Technical School,Pennsylvania,Special Focus: Applied and Career Studies,0,1,38300,"Pittsburgh, PA",0.4486,0.1572,1.58,,27969.0,40331.24231207952,0.69,"Higher Access, Lower Earnings"
214944,Pennco Tech-Bristol,Pennsylvania,Special Focus: Applied and Career Studies,0,1,37980,"Philadelphia-Camden-Wilmington, PA-NJ-DE-MD",0.555,0.5138,1.85,,41850.0,41148.469040744305,1.02,"Higher Access, Medium Earnings"
214971,Pennsylvania Academy of the Fine Arts,Pennsylvania,"Special Focus: Arts, Music, and Design",0,0,37980,"Philadelphia-Camden-Wilmington, PA-NJ-DE-MD",0.3246,0.3077,1.13,,30898.0,38882.14825783971,0.79,"Higher Access, Lower Earnings"
215053,Pennsylvania College of Art and Design,Pennsylvania,"Special Focus: Arts, Music, and Design",0,0,29540,"Lancaster, PA",0.4612,0.1923,1.2,,28843.0,40715.613160262175,0.71,"Higher Access, Lower Earnings"
215062,University of Pennsylvania,Pennsylvania,Mixed Undergraduate/Graduate-Doctorate Large,0,0,37980,"Philadelphia-Camden-Wilmington, PA-NJ-DE-MD",0.1673,0.2887,0.71,,100118.0,39820.46386289217,2.51,"Lower Access, Higher Earnings"
215105,University of the Arts,Pennsylvania,"Special Focus: Arts, Music, and Design",0,0,37980,"Philadelphia-Camden-Wilmington, PA-NJ-DE-MD",0.3371,0.4135,1.29,,34466.0,39876.52321428571,0.86,"Higher Access, Lower Earnings"
215114,Cairn University-Langhorne,Pennsylvania,Professions-focused Undergraduate/Graduate-Master's Small,0,0,37980,"Philadelphia-Camden-Wilmington, PA-NJ-DE-MD",0.3179,0.2287,0.99,,43976.0,40241.38115058691,1.09,"Lower Access, Medium Earnings"
215123,Philadelphia College of Osteopathic Medicine,Pennsylvania,Special Focus: Medical Schools and Centers,0,0,37980,"Philadelphia-Camden-Wilmington, PA-NJ-DE-MD",0.0,,,,,,,Not Classified in SAEC
215239,Community College of Philadelphia,Pennsylvania,Professions-focused Associate Large/Medium,0,1,37980,"Philadelphia-Camden-Wilmington, PA-NJ-DE-MD",0.5724,0.7001,2.19,,36448.0,35155.692178733756,1.04,"Higher Access, Medium Earnings"
215266,University of Pittsburgh-Bradford,Pennsylvania,Professions-focused Baccalaureate Small,1,0,14620,"Bradford, PA",0.4672,0.2565,1.42,,61823.0,31197.669139706937,1.98,"Opportunity Colleges and Universities – Higher Access, Higher Earnings"
215275,University of Pittsburgh-Greensburg,Pennsylvania,Special Focus: Arts and Sciences,1,0,38300,"Pittsburgh, PA",0.3802,0.1663,1.31,,61823.0,40507.4069367915,1.53,"Opportunity Colleges and Universities – Higher Access, Higher Earnings"
215284,University of Pittsburgh-Johnstown,Pennsylvania,Mixed Baccalaureate,1,0,27780,"Johnstown, PA",0.2918,0.1386,1.18,,61823.0,33145.81393304267,1.87,"Opportunity Colleges and Universities – Higher Access, Higher Earnings"
215293,University of Pittsburgh-Pittsburgh Campus,Pennsylvania,Mixed Undergraduate/Graduate-Doctorate Large,0,0,38300,"Pittsburgh, PA",0.1685,0.1824,0.64,,61823.0,40393.788770834835,1.53,"Lower Access, Higher Earnings"
215309,University of Pittsburgh-Titusville,Pennsylvania,Special Focus: Nursing,0,1,32740,"Meadville, PA",0.5217,0.0,0.63,,61823.0,30949.31940956097,2.0,"Lower Access, Higher Earnings"
215381,Pittsburgh Institute of Aeronautics,Pennsylvania,Special Focus: Applied and Career Studies,0,1,38300,"Pittsburgh, PA",0.3771,0.1681,1.07,,57730.0,40677.98871905879,1.42,"Opportunity Colleges and Universities – Higher Access, Higher Earnings"
215390,Pittsburgh Institute of Mortuary Science Inc,Pennsylvania,Special Focus: Applied and Career Studies,0,1,38300,"Pittsburgh, PA",0.2518,0.1775,0.82,,48656.0,39815.52631030891,1.22,"Lower Access, Medium Earnings"
215415,Pittsburgh Technical College,Pennsylvania,Special Focus: Applied and Career Studies,0,1,38300,"Pittsburgh, PA",0.4835,0.1836,1.66,,37591.0,36232.74808751296,1.04,"Higher Access, Medium Earnings"
215424,Pittsburgh Theological Seminary,Pennsylvania,Special Focus: Theological Studies,0,0,38300,"Pittsburgh, PA",0.0,,,,,,,Not Classified in SAEC
215442,Point Park University,Pennsylvania,Mixed Undergraduate/Graduate-Doctorate Medium,0,0,38300,"Pittsburgh, PA",0.372,0.2861,1.21,,44369.0,37831.49989858911,1.17,"Higher Access, Medium Earnings"
215585,Reading Area Community College,Pennsylvania,Professions-focused Associate Large/Medium,0,1,39740,"Reading, PA",0.6016,0.6202,2.14,,38587.0,35696.6499415525,1.08,"Higher Access, Medium Earnings"
215619,Reconstructionist Rabbinical College,Pennsylvania,Special Focus: Theological Studies,0,0,37980,"Philadelphia-Camden-Wilmington, PA-NJ-DE-MD",0.0,,,,,,,Not Classified in SAEC
215637,Walnut Hill College,Pennsylvania,Special Focus: Applied and Career Studies,0,1,37980,"Philadelphia-Camden-Wilmington, PA-NJ-DE-MD",0.3315,0.4659,1.33,,34814.0,38483.29935606061,0.9,"Higher Access, Lower Earnings"
215655,Robert Morris University,Pennsylvania,Professions-focused Undergraduate/Graduate-Doctorate Medium,0,0,38300,"Pittsburgh, PA",0.277,0.1776,0.88,,58201.0,39258.62848356316,1.48,"Lower Access, Medium Earnings"
215682,Rosedale Technical College,Pennsylvania,Special Focus: Applied and Career Studies,0,1,38300,"Pittsburgh, PA",0.5588,0.1913,1.83,,49358.0,39928.20409905115,1.24,"Higher Access, Medium Earnings"
215691,Rosemont College,Pennsylvania,Mixed Undergraduate/Graduate-Master's Small,0,0,37980,"Philadelphia-Camden-Wilmington, PA-NJ-DE-MD",0.3857,0.5632,1.86,,49849.0,35148.730989155425,1.42,"Higher Access, Medium Earnings"
215743,Saint Francis University,Pennsylvania,Professions-focused Undergraduate/Graduate-Doctorate Small,0,0,27780,"Johnstown, PA",0.2643,0.1296,0.72,,61527.0,40092.59565403601,1.53,"Lower Access, Higher Earnings"
215770,Saint Joseph's University - Philadelphia,Pennsylvania,Professions-focused Undergraduate/Graduate-Doctorate Medium,0,0,37980,"Philadelphia-Camden-Wilmington, PA-NJ-DE-MD",0.1855,0.1952,0.68,,76633.0,42065.430990468034,1.82,"Lower Access, Higher Earnings"
215798,Saint Vincent College,Pennsylvania,Special Focus: Arts and Sciences,0,0,38300,"Pittsburgh, PA",0.2712,0.1436,0.76,,53120.0,40051.61822456006,1.33,"Lower Access, Medium Earnings"
215813,Saint Vincent Seminary,Pennsylvania,Special Focus: Theological Studies,0,0,38300,"Pittsburgh, PA",0.0,,,,53120.0,,,Not Classified in SAEC
215929,University of Scranton,Pennsylvania,Professions-focused Undergraduate/Graduate-Doctorate Medium,0,0,42540,"Scranton--Wilkes-Barre, PA",0.2279,0.193,0.73,,71098.0,42765.48767991519,1.66,"Lower Access, Higher Earnings"
215947,Seton Hill University,Pennsylvania,Professions-focused Undergraduate/Graduate-Master's Small,0,0,38300,"Pittsburgh, PA",0.2972,0.1417,0.81,,47063.0,39650.359675586944,1.19,"Lower Access, Medium Earnings"
215992,Laurel Technical Institute,Pennsylvania,Special Focus: Applied and Career Studies,0,1,25850,"Hermitage, PA",0.6271,0.2488,2.48,,28715.0,32024.26284818418,0.9,"Higher Access, Lower Earnings"
216010,Shippensburg University of Pennsylvania,Pennsylvania,Professions-focused Undergraduate/Graduate-Master's Large/Medium,1,0,25420,"Harrisburg-Carlisle, PA",0.307,0.2541,1.2,,50617.0,42038.0420674052,1.2,"Higher Access, Medium Earnings"
216038,Slippery Rock University of Pennsylvania,Pennsylvania,Professions-focused Undergraduate/Graduate-Doctorate Medium,1,0,38300,"Pittsburgh, PA",0.2821,0.1197,1.0,,49185.0,40522.74532214146,1.21,"Higher Access, Medium Earnings"
216047,Saint Charles Borromeo Seminary-Overbrook,Pennsylvania,Special Focus: Theological Studies,0,0,37980,"Philadelphia-Camden-Wilmington, PA-NJ-DE-MD",0.1481,0.3421,,,56045.0,,,Not Classified in SAEC
216083,South Hills School of Business & Technology,Pennsylvania,Professions-focused Associate Small,0,1,44300,"State College, PA",0.4834,0.0644,1.57,,36622.0,33711.73870499947,1.09,"Higher Access, Medium Earnings"
216278,Susquehanna University,Pennsylvania,Mixed Baccalaureate,0,0,42780,"Selinsgrove, PA",0.2491,0.1655,0.76,,56149.0,41928.490465620875,1.34,"Lower Access, Medium Earnings"
216287,Swarthmore College,Pennsylvania,Special Focus: Arts and Sciences,0,0,37980,"Philadelphia-Camden-Wilmington, PA-NJ-DE-MD",0.2008,0.4018,0.92,,72890.0,38307.8875755846,1.9,"Lower Access, Higher Earnings"
216296,Thaddeus Stevens College of Technology,Pennsylvania,Special Focus: Applied and Career Studies,0,1,29540,"Lancaster, PA",0.4059,0.3171,1.79,,48570.0,38694.99765807962,1.26,"Opportunity Colleges and Universities – Higher Access, Higher Earnings"
216311,Talmudical Yeshiva of Philadelphia,Pennsylvania,Special Focus: Theological Studies,0,0,37980,"Philadelphia-Camden-Wilmington, PA-NJ-DE-MD",0.2764,0.0,,,,,,Not Classified in SAEC
216339,Temple University,Pennsylvania,Professions-focused Undergraduate/Graduate-Doctorate Large,0,0,37980,"Philadelphia-Camden-Wilmington, PA-NJ-DE-MD",0.3059,0.3215,1.19,,59076.0,38495.8920581193,1.53,"Opportunity Colleges and Universities – Higher Access, Higher Earnings"
216348,Theological Seminary of the Reformed Episcopal Church,Pennsylvania,Special Focus: Theological Studies,0,0,37980,"Philadelphia-Camden-Wilmington, PA-NJ-DE-MD",0.0,,,,,,,Not Classified in SAEC
216357,Thiel College,Pennsylvania,Professions-focused Baccalaureate Small,0,0,25850,"Hermitage, PA",0.4046,0.187,1.11,,43971.0,37324.95823994935,1.18,"Higher Access, Medium Earnings"
216366,Thomas Jefferson University,Pennsylvania,Special Focus: Medical Schools and Centers,0,0,37980,"Philadelphia-Camden-Wilmington, PA-NJ-DE-MD",0.3415,0.3344,,,68761.0,,,Not Classified in SAEC
216436,Triangle Tech Inc-Pittsburgh,Pennsylvania,Special Focus: Applied and Career Studies,0,1,38300,"Pittsburgh, PA",0.6,0.4629,3.24,,41713.0,37620.50970092179,1.11,"Higher Access, Medium Earnings"
216445,Triangle Tech Inc-Greensburg,Pennsylvania,Special Focus: Applied and Career Studies,0,1,38300,"Pittsburgh, PA",0.4059,0.0688,1.09,,51438.0,42339.7893258427,1.21,"Higher Access, Medium Earnings"
216454,Triangle Tech Inc-Dubois,Pennsylvania,Special Focus: Applied and Career Studies,0,1,-2,Pennsylvania -- Not in metropolitan statistical area,0.5616,0.042,1.12,,46436.0,32628.453608247422,1.42,"Opportunity Colleges and Universities – Higher Access, Higher Earnings"
216463,Trinity Anglican Seminary,Pennsylvania,Special Focus: Theological Studies,0,0,38300,"Pittsburgh, PA",0.0,,,,,,,Not Classified in SAEC
216524,Ursinus College,Pennsylvania,Special Focus: Arts and Sciences,0,0,37980,"Philadelphia-Camden-Wilmington, PA-NJ-DE-MD",0.2007,0.1977,0.73,,60517.0,41261.44385006655,1.47,"Lower Access, Medium Earnings"
216542,University of Valley Forge,Pennsylvania,Professions-focused Baccalaureate Small,0,0,37980,"Philadelphia-Camden-Wilmington, PA-NJ-DE-MD",0.5276,0.4842,1.76,,38446.0,37811.108066410336,1.02,"Higher Access, Medium Earnings"
216551,Valley Forge Military College,Pennsylvania,Mixed Associate Small,0,1,37980,"Philadelphia-Camden-Wilmington, PA-NJ-DE-MD",0.3049,0.2375,0.89,,45508.0,39335.17274359885,1.16,"Lower Access, Medium Earnings"
216597,Villanova University,Pennsylvania,Mixed Undergraduate/Graduate-Doctorate Medium,0,0,37980,"Philadelphia-Camden-Wilmington, PA-NJ-DE-MD",0.1165,0.2147,0.53,,94574.0,42283.904901622045,2.24,"Lower Access, Higher Earnings"
216667,Washington & Jefferson College,Pennsylvania,Special Focus: Arts and Sciences,0,0,38300,"Pittsburgh, PA",0.2968,0.1954,0.93,,62758.0,39444.69380590731,1.59,"Lower Access, Higher Earnings"
216694,Waynesburg University,Pennsylvania,Professions-focused Undergraduate/Graduate-Master's Small,0,0,-2,Pennsylvania -- Not in metropolitan statistical area,0.3246,0.135,0.84,,54915.0,40516.74173740309,1.36,"Lower Access, Medium Earnings"
216764,West Chester University of Pennsylvania,Pennsylvania,Professions-focused Undergraduate/Graduate-Doctorate Medium,1,0,37980,"Philadelphia-Camden-Wilmington, PA-NJ-DE-MD",0.2515,0.2288,0.83,,58013.0,46248.933040773714,1.25,"Lower Access, Medium Earnings"
216807,Westminster College,Pennsylvania,Mixed Baccalaureate,0,0,38300,"Pittsburgh, PA",0.2779,0.1516,0.81,,50204.0,38705.259989821134,1.3,"Lower Access, Medium Earnings"
216816,Westminster Theological Seminary,Pennsylvania,Special Focus: Theological Studies,0,0,37980,"Philadelphia-Camden-Wilmington, PA-NJ-DE-MD",0.0,,,,,,,Not Classified in SAEC
216825,Westmoreland County Community College,Pennsylvania,Professions-focused Associate Large/Medium,0,1,38300,"Pittsburgh, PA",0.4185,0.1163,1.34,,36360.0,41814.81163264466,0.87,"Higher Access, Lower Earnings"
216852,Widener University,Pennsylvania,Professions-focused Undergraduate/Graduate-Doctorate Medium,0,0,37980,"Philadelphia-Camden-Wilmington, PA-NJ-DE-MD",0.2515,0.2798,0.99,,65135.0,40666.96499607439,1.6,"Lower Access, Higher Earnings"
216931,Wilkes University,Pennsylvania,Mixed Undergraduate/Graduate-Doctorate Medium,0,0,42540,"Scranton--Wilkes-Barre, PA",0.3125,0.1994,0.96,,64570.0,40157.879661465144,1.61,"Lower Access, Higher Earnings"
216940,Williamson College of the Trades,Pennsylvania,Special Focus: Applied and Career Studies,0,1,37980,"Philadelphia-Camden-Wilmington, PA-NJ-DE-MD",0.5863,0.276,,,,,,Not Classified in SAEC
217013,Wilson College,Pennsylvania,Professions-focused Undergraduate/Graduate-Master's Small,0,0,16540,"Chambersburg, PA",0.348,0.2061,1.01,,39356.0,38020.59470855498,1.04,"Higher Access, Medium Earnings"
217040,Yeshivath Beth Moshe,Pennsylvania,Special Focus: Theological Studies,0,1,42540,"Scranton--Wilkes-Barre, PA",0.3714,0.0,,,,,,Not Classified in SAEC
217059,York College of Pennsylvania,Pennsylvania,Professions-focused Baccalaureate Medium,0,0,49620,"York-Hanover, PA",0.2613,0.2019,0.85,,55342.0,42551.3471323572,1.3,"Lower Access, Medium Earnings"
217077,YTI Career Institute-York,Pennsylvania,Special Focus: Applied and Career Studies,0,1,49620,"York-Hanover, PA",0.6494,0.3728,2.44,,38187.0,38942.98440369009,0.98,"Higher Access, Lower Earnings"
217156,Brown University,Rhode Island,Mixed Undergraduate/Graduate-Doctorate Medium,0,0,39300,"Providence-Warwick, RI-MA",0.1404,0.3295,0.71,,84208.0,39677.5757455962,2.12,"Lower Access, Higher Earnings"
217165,Bryant University,Rhode Island,Special Focus: Business,0,0,39300,"Providence-Warwick, RI-MA",0.108,0.1574,0.51,,88274.0,44645.73382990005,1.98,"Lower Access, Higher Earnings"
217235,Johnson & Wales University-Providence,Rhode Island,Professions-focused Undergraduate/Graduate-Master's Large/Medium,0,0,39300,"Providence-Warwick, RI-MA",0.3046,0.3247,1.09,,40078.0,39406.79834621014,1.02,"Higher Access, Medium Earnings"
217305,New England Institute of Technology,Rhode Island,Special Focus: Applied and Career Studies,0,1,39300,"Providence-Warwick, RI-MA",0.4551,0.3063,1.52,,54535.0,42084.77137443036,1.3,"Opportunity Colleges and Universities – Higher Access, Higher Earnings"
217402,Providence College,Rhode Island,Professions-focused Undergraduate/Graduate-Master's Large/Medium,0,0,39300,"Providence-Warwick, RI-MA",0.1336,0.1648,0.53,,73021.0,43501.950626713966,1.68,"Lower Access, Higher Earnings"
217420,Rhode Island College,Rhode Island,Professions-focused Undergraduate/Graduate-Master's Large/Medium,1,0,39300,"Providence-Warwick, RI-MA",0.4252,0.4275,1.72,,47149.0,39856.25499477901,1.18,"Higher Access, Medium Earnings"
217475,Community College of Rhode Island,Rhode Island,Mixed Associate Medium,0,1,39300,"Providence-Warwick, RI-MA",0.4677,0.4799,1.93,,38768.0,38759.30108757391,1.0,"Higher Access, Medium Earnings"
217484,University of Rhode Island,Rhode Island,Mixed Undergraduate/Graduate-Doctorate Large,0,0,39300,"Providence-Warwick, RI-MA",0.2258,0.2044,0.79,,65323.0,40616.161565032206,1.61,"Lower Access, Higher Earnings"
217493,Rhode Island School of Design,Rhode Island,"Special Focus: Arts, Music, and Design",0,0,39300,"Providence-Warwick, RI-MA",0.1404,0.2899,0.62,,58975.0,39974.924655334966,1.48,"Lower Access, Higher Earnings"
217518,Roger Williams University,Rhode Island,Professions-focused Baccalaureate Medium,0,0,39300,"Providence-Warwick, RI-MA",0.1687,0.1899,0.68,,62340.0,43196.5588364175,1.44,"Lower Access, Medium Earnings"
217536,Salve Regina University,Rhode Island,Professions-focused Undergraduate/Graduate-Master's Small,0,0,39300,"Providence-Warwick, RI-MA",0.1559,0.1435,0.56,,58800.0,42361.5669437786,1.39,"Lower Access, Medium Earnings"
217606,Northpoint Bible College,Massachusetts,Special Focus: Theological Studies,0,0,14460,"Boston-Cambridge-Newton, MA-NH",0.6354,0.2821,,,35126.0,,,Not Classified in SAEC
217615,Aiken Technical College,South Carolina,Mixed Associate Small,0,1,12260,"Augusta-Richmond County, GA-SC",0.5186,0.4852,1.28,,35074.0,31558.478879879458,1.11,"Higher Access, Medium Earnings"
217624,Allen University,South Carolina,Special Focus: Arts and Sciences,0,0,17900,"Columbia, SC",0.7977,0.9942,2.55,,26980.0,27050.758561130217,1.0,"Higher Access, Medium Earnings"
217633,Anderson University,South Carolina,Professions-focused Undergraduate/Graduate-Doctorate Medium,0,0,24860,"Greenville-Anderson-Greer, SC",0.2341,0.1135,0.51,,45202.0,36467.35087363504,1.24,"Lower Access, Medium Earnings"
217688,Charleston Southern University,South Carolina,Professions-focused Undergraduate/Graduate-Doctorate Medium,0,0,16700,"Charleston-North Charleston, SC",0.3537,0.3572,1.06,,43795.0,34042.81409311105,1.29,"Higher Access, Medium Earnings"
217712,Technical College of the Lowcountry,South Carolina,Professions-focused Associate Small,0,1,25940,"Hilton Head Island-Bluffton-Port Royal, SC",0.4307,0.5463,1.52,,33236.0,33677.00815609579,0.99,"Higher Access, Lower Earnings"
217721,Benedict College,South Carolina,Professions-focused Baccalaureate Small,0,0,17900,"Columbia, SC",0.6605,0.9876,2.45,,28081.0,27563.158304028882,1.02,"Higher Access, Medium Earnings"
217749,Bob Jones University,South Carolina,Professions-focused Baccalaureate Small,0,0,24860,"Greenville-Anderson-Greer, SC",0.3281,0.1368,0.71,,40886.0,38489.604608727226,1.06,"Lower Access, Medium Earnings"
217776,Southern Wesleyan University,South Carolina,Professions-focused Baccalaureate Small,0,0,24860,"Greenville-Anderson-Greer, SC",0.3242,0.2908,0.91,,42347.0,34148.21915812432,1.24,"Lower Access, Medium Earnings"
217819,College of Charleston,South Carolina,Mixed Undergraduate/Graduate-Master's Large/Medium,1,0,16700,"Charleston-North Charleston, SC",0.2009,0.1749,0.61,,50232.0,42078.156794944276,1.19,"Lower Access, Medium Earnings"
217837,Northeastern Technical College,South Carolina,Mixed Associate Small,0,1,-2,South Carolina -- Not in metropolitan statistical area,0.4104,0.6495,1.51,,28914.0,25668.30547305897,1.13,"Higher Access, Medium Earnings"
217864,Citadel Military College of South Carolina,South Carolina,Professions-focused Undergraduate/Graduate-Master's Large/Medium,1,0,16700,"Charleston-North Charleston, SC",0.1945,0.2111,0.65,,67667.0,40844.04226731906,1.66,"Lower Access, Higher Earnings"
217873,Claflin University,South Carolina,Special Focus: Arts and Sciences,0,0,36700,"Orangeburg, SC",0.7341,0.9585,2.53,,36336.0,27111.051344665324,1.34,"Higher Access, Medium Earnings"
217882,Clemson University,South Carolina,Mixed Undergraduate/Graduate-Doctorate Large,0,0,24860,"Greenville-Anderson-Greer, SC",0.1475,0.1811,0.5,,65822.0,37414.25690277656,1.76,"Lower Access, Higher Earnings"
217891,Clinton College,South Carolina,Special Focus: Business,0,1,16740,"Charlotte-Concord-Gastonia, NC-SC",0.7614,0.9718,2.7,,24043.0,30295.680246913565,0.79,"Higher Access, Lower Earnings"
217907,Coker University,South Carolina,Professions-focused Baccalaureate Small,0,0,22500,"Florence, SC",0.4041,0.4216,1.23,,39450.0,32806.67395645006,1.2,"Higher Access, Medium Earnings"
217925,Columbia International University,South Carolina,Professions-focused Undergraduate/Graduate-Doctorate Small,0,0,17900,"Columbia, SC",0.3642,0.3017,0.98,,38912.0,36559.86722985753,1.06,"Lower Access, Medium Earnings"
217934,Columbia College,South Carolina,Professions-focused Undergraduate/Graduate-Master's Small,0,0,17900,"Columbia, SC",0.5313,0.5446,1.61,,40843.0,32725.767351170747,1.25,"Higher Access, Medium Earnings"
217961,Converse University,South Carolina,Mixed Undergraduate/Graduate-Doctorate Small,0,0,43900,"Spartanburg, SC",0.4066,0.3525,1.13,,36478.0,33622.15764214203,1.08,"Higher Access, Medium Earnings"
217989,Denmark Technical College,South Carolina,Mixed Associate Small,0,1,-2,South Carolina -- Not in metropolitan statistical area,0.7455,0.8944,2.22,,19454.0,20623.321975653387,0.94,"Higher Access, Lower Earnings"
217998,Erskine College,South Carolina,Professions-focused Baccalaureate Small,0,0,24940,"Greenwood, SC",0.4014,0.4311,1.21,,43562.0,34837.43087036972,1.25,"Higher Access, Medium Earnings"
218025,Florence-Darlington Technical College,South Carolina,Professions-focused Associate Large/Medium,0,1,22500,"Florence, SC",0.5408,0.551,1.32,,28766.0,28560.14633201336,1.01,"Higher Access, Medium Earnings"
218061,Francis Marion University,South Carolina,Professions-focused Baccalaureate Medium,1,0,22500,"Florence, SC",0.5261,0.4996,1.24,,38848.0,29111.991784579528,1.33,"Higher Access, Medium Earnings"
218070,Furman University,South Carolina,Special Focus: Arts and Sciences,0,0,24860,"Greenville-Anderson-Greer, SC",0.1124,0.1645,0.41,,57288.0,37879.265511467456,1.51,"Lower Access, Higher Earnings"
218113,Greenville Technical College,South Carolina,Professions-focused Associate Large/Medium,0,1,24860,"Greenville-Anderson-Greer, SC",0.417,0.4152,1.48,,36871.0,34886.67841854771,1.06,"Higher Access, Medium Earnings"
218140,Horry-Georgetown Technical College,South Carolina,Professions-focused Associate Large/Medium,0,1,34820,"Myrtle Beach-Conway-North Myrtle Beach, SC",0.4687,0.3804,1.57,,33162.0,31104.363399218648,1.07,"Higher Access, Medium Earnings"
218229,Lander University,South Carolina,Professions-focused Baccalaureate Medium,1,0,24940,"Greenwood, SC",0.4211,0.3289,0.98,,40190.0,28697.169299333123,1.4,"Lower Access, Medium Earnings"
218238,Limestone University,South Carolina,Professions-focused Baccalaureate Small,0,0,23500,"Gaffney, SC",0.4358,0.4769,1.36,,43792.0,32451.684257842706,1.35,"Higher Access, Medium Earnings"
218335,Medical University of South Carolina,South Carolina,Special Focus: Medical Schools and Centers,0,0,16700,"Charleston-North Charleston, SC",0.1167,0.2199,,,89038.0,,,Not Classified in SAEC
218353,Midlands Technical College,South Carolina,Professions-focused Associate Large/Medium,0,1,17900,"Columbia, SC",0.4524,0.5496,1.32,,35346.0,33305.00422704276,1.06,"Higher Access, Medium Earnings"
218399,Morris College,South Carolina,Professions-focused Baccalaureate Small,0,0,44940,"Sumter, SC",0.8177,0.988,2.69,,30289.0,27010.07600813044,1.12,"Higher Access, Medium Earnings"
218414,Newberry College,South Carolina,Professions-focused Baccalaureate Small,0,0,35140,"Newberry, SC",0.4892,0.4921,1.45,,43553.0,34747.21694446909,1.25,"Higher Access, Medium Earnings"
218441,North Greenville University,South Carolina,Professions-focused Baccalaureate Small,0,0,24860,"Greenville-Anderson-Greer, SC",0.357,0.2163,0.84,,41670.0,35948.916273954586,1.16,"Lower Access, Medium Earnings"
218487,Orangeburg Calhoun Technical College,South Carolina,Professions-focused Associate Small,0,1,36700,"Orangeburg, SC",0.623,0.6599,1.15,,33309.0,27553.391596385893,1.21,"Higher Access, Medium Earnings"
218520,Piedmont Technical College,South Carolina,Professions-focused Associate Large/Medium,0,1,24940,"Greenwood, SC",0.5876,0.5093,1.43,,33331.0,28374.96456200706,1.17,"Higher Access, Medium Earnings"
218539,Presbyterian College,South Carolina,Mixed Undergraduate/Graduate-Doctorate Small,0,0,24860,"Greenville-Anderson-Greer, SC",0.3033,0.3364,0.95,,54728.0,36970.19531987592,1.48,"Lower Access, Medium Earnings"
218645,University of South Carolina Aiken,South Carolina,Professions-focused Undergraduate/Graduate-Master's Large/Medium,1,0,12260,"Augusta-Richmond County, GA-SC",0.4121,0.3698,1.0,,43669.0,32060.131725673178,1.36,"Higher Access, Medium Earnings"
218654,University of South Carolina Beaufort,South Carolina,Mixed Baccalaureate,1,0,25940,"Hilton Head Island-Bluffton-Port Royal, SC",0.4387,0.3765,1.24,,43141.0,36212.420275757846,1.19,"Higher Access, Medium Earnings"
218663,University of South Carolina-Columbia,South Carolina,Professions-focused Undergraduate/Graduate-Doctorate Large,0,0,17900,"Columbia, SC",0.1935,0.2018,0.6,,57722.0,37211.758937779916,1.55,"Lower Access, Higher Earnings"
218672,University of South Carolina-Lancaster,South Carolina,Mixed Associate Small,0,1,16740,"Charlotte-Concord-Gastonia, NC-SC",0.3858,0.3316,1.17,,36835.0,37775.01159158901,0.98,"Higher Access, Lower Earnings"
218681,University of South Carolina-Salkehatchie,South Carolina,Mixed Associate Small,0,1,-2,South Carolina -- Not in metropolitan statistical area,0.5188,0.4824,1.32,,30126.0,25408.64686856478,1.19,"Higher Access, Medium Earnings"
218690,University of South Carolina-Sumter,South Carolina,Mixed Associate Small,0,1,44940,"Sumter, SC",0.4405,0.411,0.94,,41313.0,30890.051289154722,1.34,"Lower Access, Higher Earnings"
218706,University of South Carolina-Union,South Carolina,Mixed Associate Small,0,1,43900,"Spartanburg, SC",0.4862,0.3007,1.17,,34663.0,33187.365136932174,1.04,"Higher Access, Medium Earnings"
218724,Coastal Carolina University,South Carolina,Professions-focused Undergraduate/Graduate-Master's Large/Medium,1,0,34820,"Myrtle Beach-Conway-North Myrtle Beach, SC",0.276,0.2645,0.92,,44747.0,35437.75383981205,1.26,"Lower Access, Medium Earnings"
218733,South Carolina State University,South Carolina,Mixed Baccalaureate,1,0,36700,"Orangeburg, SC",0.6916,0.9784,1.58,,34470.0,27157.611452653626,1.27,"Higher Access, Medium Earnings"
218742,University of South Carolina-Upstate,South Carolina,Professions-focused Baccalaureate Medium,1,0,43900,"Spartanburg, SC",0.5035,0.4897,1.55,,46601.0,33770.94248468634,1.38,"Higher Access, Medium Earnings"
218751,Sherman College of Chiropractic,South Carolina,Special Focus: Other Health Professions,0,0,43900,"Spartanburg, SC",0.0,,,,,,,Not Classified in SAEC
218821,Spartanburg Methodist College,South Carolina,Mixed Associate/Baccalaureate,0,1,43900,"Spartanburg, SC",0.6013,0.5456,1.78,,38875.0,33762.419389978226,1.15,"Higher Access, Medium Earnings"
218830,Spartanburg Community College,South Carolina,Professions-focused Associate Large/Medium,0,1,43900,"Spartanburg, SC",0.4769,0.4265,1.4,,35589.0,33871.64534085216,1.05,"Higher Access, Medium Earnings"
218858,Central Carolina Technical College,South Carolina,Professions-focused Associate Large/Medium,0,1,44940,"Sumter, SC",0.541,0.5959,1.23,,31180.0,29313.657782573526,1.06,"Higher Access, Medium Earnings"
218885,Tri-County Technical College,South Carolina,Professions-focused Associate Large/Medium,0,1,24860,"Greenville-Anderson-Greer, SC",0.4696,0.2373,1.18,,39366.0,36793.79058595243,1.07,"Higher Access, Medium Earnings"
218894,Trident Technical College,South Carolina,Professions-focused Associate Large/Medium,0,1,16700,"Charleston-North Charleston, SC",0.3484,0.4631,1.36,,35256.0,40076.273369327624,0.88,"Higher Access, Lower Earnings"
218919,Voorhees University,South Carolina,Professions-focused Baccalaureate Small,0,0,-2,South Carolina -- Not in metropolitan statistical area,0.7749,0.9978,2.56,,30728.0,27336.78177552009,1.12,"Higher Access, Medium Earnings"
218955,Williamsburg Technical College,South Carolina,Mixed Associate Small,0,1,-2,South Carolina -- Not in metropolitan statistical area,0.6418,0.6716,1.78,,28521.0,23049.823109019402,1.24,"Higher Access, Medium Earnings"
218964,Winthrop University,South Carolina,Mixed Undergraduate/Graduate-Master's Large/Medium,1,0,16740,"Charlotte-Concord-Gastonia, NC-SC",0.428,0.4594,1.43,,42584.0,40144.77777866897,1.06,"Higher Access, Medium Earnings"
218973,Wofford College,South Carolina,Special Focus: Arts and Sciences,0,0,43900,"Spartanburg, SC",0.1509,0.1687,0.48,,61865.0,37280.437836970086,1.66,"Lower Access, Higher Earnings"
218991,York Technical College,South Carolina,Professions-focused Associate Large/Medium,0,1,16740,"Charlotte-Concord-Gastonia, NC-SC",0.4179,0.448,1.4,,35612.0,40104.42529614341,0.89,"Higher Access, Lower Earnings"
219000,Augustana University,South Dakota,Professions-focused Undergraduate/Graduate-Master's Small,0,0,43620,"Sioux Falls, SD-MN",0.1663,0.1207,0.65,,53484.0,42752.33885011707,1.25,"Lower Access, Medium Earnings"
219046,Black Hills State University,South Dakota,Professions-focused Baccalaureate Medium,1,0,43940,"Spearfish, SD",0.3104,0.0895,0.83,,42393.0,34479.68706631531,1.23,"Lower Access, Medium Earnings"
219082,Dakota State University,South Dakota,Professions-focused Undergraduate/Graduate-Master's Large/Medium,1,0,-2,South Dakota -- Not in metropolitan statistical area,0.2334,0.1595,0.8,,46966.0,38966.30032461662,1.21,"Lower Access, Medium Earnings"
219091,Dakota Wesleyan University,South Dakota,Professions-focused Baccalaureate Small,0,0,33580,"Mitchell, SD",0.2798,0.1547,0.91,,51754.0,40362.72140564797,1.28,"Lower Access, Medium Earnings"
219143,Lake Area Technical College,South Dakota,Special Focus: Applied and Career Studies,0,1,47980,"Watertown, SD",0.3206,0.0665,1.11,,45724.0,40523.89618043494,1.13,"Higher Access, Medium Earnings"
219189,Mitchell Technical College,South Dakota,Special Focus: Applied and Career Studies,0,1,33580,"Mitchell, SD",0.3594,0.0928,1.07,,47285.0,35997.29328293875,1.31,"Opportunity Colleges and Universities – Higher Access, Higher Earnings"
219198,Mount Marty University,South Dakota,Professions-focused Undergraduate/Graduate-Doctorate Small,0,0,49460,"Yankton, SD",0.3016,0.2368,1.03,,48714.0,39734.301659686666,1.23,"Higher Access, Medium Earnings"
219204,National American University-Rapid City,South Dakota,Professions-focused Undergraduate/Graduate-Master's Small,0,0,39660,"Rapid City, SD",0.5748,0.5387,1.6,,31950.0,35971.61768575373,0.89,"Higher Access, Lower Earnings"
219240,Kairos University,South Dakota,Special Focus: Theological Studies,0,0,43620,"Sioux Falls, SD-MN",0.0,0.0652,,,,,,Not Classified in SAEC
219259,Northern State University,South Dakota,Professions-focused Baccalaureate Medium,1,0,10100,"Aberdeen, SD",0.2695,0.152,1.16,,42830.0,42926.22304061827,1.0,"Higher Access, Medium Earnings"
219277,Oglala Lakota College,South Dakota,Professions-focused Associate/Baccalaureate,0,1,-2,South Dakota -- Not in metropolitan statistical area,0.4847,0.9803,4.27,,21526.0,23477.418043303496,0.92,"Higher Access, Lower Earnings"
219347,South Dakota School of Mines and Technology,South Dakota,"Special Focus: Technology, Engineering, and Sciences",0,0,39660,"Rapid City, SD",0.1685,0.1134,0.56,,66297.0,40467.49795802581,1.64,"Lower Access, Higher Earnings"
219356,South Dakota State University,South Dakota,Professions-focused Undergraduate/Graduate-Doctorate Medium,1,0,15100,"Brookings, SD",0.1825,0.0822,0.72,,52417.0,40974.37622039075,1.28,"Lower Access, Medium Earnings"
219374,Sinte Gleska University,South Dakota,Professions-focused Associate/Baccalaureate,0,1,-2,South Dakota -- Not in metropolitan statistical area,0.6219,0.9157,4.23,,25218.0,24919.156944444443,1.01,"Higher Access, Medium Earnings"
219383,University of Sioux Falls,South Dakota,Professions-focused Undergraduate/Graduate-Master's Small,0,0,43620,"Sioux Falls, SD-MN",0.2963,0.1818,1.09,,51245.0,41221.42428276742,1.24,"Higher Access, Medium Earnings"
219408,Sisseton Wahpeton College,South Dakota,Mixed Associate Small,0,1,-2,South Dakota -- Not in metropolitan statistical area,0.6271,0.9372,4.14,,28455.0,24931.768517791224,1.14,"Higher Access, Medium Earnings"
219426,Southeast Technical College,South Dakota,Special Focus: Applied and Career Studies,0,1,43620,"Sioux Falls, SD-MN",0.372,0.161,1.51,,46398.0,43316.54800160554,1.07,"Higher Access, Medium Earnings"
219471,University of South Dakota,South Dakota,Professions-focused Undergraduate/Graduate-Doctorate Medium,1,0,46820,"Vermillion, SD",0.2431,0.1487,0.96,,51509.0,30380.95481571125,1.7,"Lower Access, Higher Earnings"
219480,Western Dakota Technical College,South Dakota,Special Focus: Applied and Career Studies,0,1,39660,"Rapid City, SD",0.4663,0.206,1.47,,37962.0,34598.40996290429,1.1,"Higher Access, Medium Earnings"
219505,American Baptist College,Tennessee,Special Focus: Theological Studies,0,0,34980,"Nashville-Davidson--Murfreesboro--Franklin, TN",0.6923,1.0,,,32200.0,,,Not Classified in SAEC
219602,Austin Peay State University,Tennessee,Mixed Undergraduate/Graduate-Master's Large/Medium,1,0,17300,"Clarksville, TN-KY",0.525,0.421,1.39,,41659.0,32673.177094007115,1.28,"Higher Access, Medium Earnings"
219639,Baptist Health Sciences University,Tennessee,Special Focus: Nursing,0,0,32820,"Memphis, TN-MS-AR",0.4698,0.5338,1.65,,63611.0,31552.710406658814,2.02,"Opportunity Colleges and Universities – Higher Access, Higher Earnings"
219709,Belmont University,Tennessee,Professions-focused Undergraduate/Graduate-Doctorate Medium,0,0,34980,"Nashville-Davidson--Murfreesboro--Franklin, TN",0.1859,0.1859,0.58,,50319.0,38180.84481018269,1.32,"Lower Access, Medium Earnings"
219718,Bethel University,Tennessee,Professions-focused Baccalaureate Medium,0,0,-2,Tennessee -- Not in metropolitan statistical area,0.4739,0.472,1.69,,43085.0,31926.787715754617,1.35,"Higher Access, Medium Earnings"
219790,Bryan College-Dayton,Tennessee,Professions-focused Undergraduate/Graduate-Master's Small,0,0,-2,Tennessee -- Not in metropolitan statistical area,0.4114,0.1091,0.8,,49262.0,34932.72037783209,1.41,"Lower Access, Medium Earnings"
219806,Carson-Newman University,Tennessee,Professions-focused Undergraduate/Graduate-Doctorate Small,0,0,34100,"Morristown, TN",0.4173,0.2093,1.01,,44452.0,34809.64779392902,1.28,"Higher Access, Medium Earnings"
219824,Chattanooga State Community College,Tennessee,Mixed Associate Medium,0,1,16860,"Chattanooga, TN-GA",0.4549,0.3062,1.47,,36185.0,34736.12931888033,1.04,"Higher Access, Medium Earnings"
219833,Christian Brothers University,Tennessee,Professions-focused Undergraduate/Graduate-Master's Small,0,0,32820,"Memphis, TN-MS-AR",0.3711,0.6052,1.7,,50578.0,32008.055237972734,1.58,"Opportunity Colleges and Universities – Higher Access, Higher Earnings"
219842,Pentecostal Theological Seminary,Tennessee,Special Focus: Theological Studies,0,0,17420,"Cleveland, TN",0.0,,,,,,,Not Classified in SAEC
219879,Cleveland State Community College,Tennessee,Mixed Associate Small,0,1,17420,"Cleveland, TN",0.4493,0.1766,1.34,,34876.0,30895.389328131456,1.13,"Higher Access, Medium Earnings"
219888,Columbia State Community College,Tennessee,Mixed Associate Medium,0,1,34980,"Nashville-Davidson--Murfreesboro--Franklin, TN",0.3707,0.2216,1.15,,38174.0,40317.688091349555,0.95,"Higher Access, Lower Earnings"
219903,Concorde Career College-Memphis,Tennessee,Special Focus: Applied and Career Studies,0,1,32820,"Memphis, TN-MS-AR",0.7389,0.8714,1.85,,31594.0,30825.164408580105,1.02,"Higher Access, Medium Earnings"
219949,Cumberland University,Tennessee,Professions-focused Associate/Baccalaureate,0,1,34980,"Nashville-Davidson--Murfreesboro--Franklin, TN",0.3888,0.2737,1.27,,59093.0,38684.397473322315,1.53,"Opportunity Colleges and Universities – Higher Access, Higher Earnings"
219976,Lipscomb University,Tennessee,Professions-focused Undergraduate/Graduate-Doctorate Medium,0,0,34980,"Nashville-Davidson--Murfreesboro--Franklin, TN",0.2261,0.222,0.76,,53623.0,35516.82403161065,1.51,"Lower Access, Higher Earnings"
220057,Dyersburg State Community College,Tennessee,Mixed Associate Small,0,1,20540,"Dyersburg, TN",0.5305,0.3017,1.46,,32311.0,33092.533836686714,0.98,"Higher Access, Lower Earnings"
220075,East Tennessee State University,Tennessee,Professions-focused Undergraduate/Graduate-Doctorate Medium,1,0,27740,"Johnson City, TN",0.3801,0.1574,1.08,,41898.0,28945.750480240415,1.45,"Higher Access, Medium Earnings"
220118,Chattanooga College Medical Dental and Technical Careers,Tennessee,Special Focus: Applied and Career Studies,0,1,16860,"Chattanooga, TN-GA",0.9,0.4234,2.33,,27429.0,34095.99909156976,0.8,"Higher Access, Lower Earnings"
220181,Fisk University,Tennessee,Special Focus: Arts and Sciences,0,0,34980,"Nashville-Davidson--Murfreesboro--Franklin, TN",0.4827,0.9937,2.39,,32162.0,28100.06267729524,1.14,"Higher Access, Medium Earnings"
220206,Welch College,Tennessee,Special Focus: Arts and Sciences,0,0,34980,"Nashville-Davidson--Murfreesboro--Franklin, TN",0.3629,0.15,0.8,,38595.0,36661.81174751901,1.05,"Lower Access, Medium Earnings"
220215,Freed-Hardeman University,Tennessee,Professions-focused Undergraduate/Graduate-Master's Small,0,0,27180,"Jackson, TN",0.307,0.061,0.57,,42415.0,35177.65550095398,1.21,"Lower Access, Medium Earnings"
220400,Jackson State Community College,Tennessee,Mixed Associate Medium,0,1,27180,"Jackson, TN",0.581,0.3034,1.17,,33155.0,30261.390445730405,1.1,"Higher Access, Medium Earnings"
220464,John A Gupton College,Tennessee,Special Focus: Applied and Career Studies,0,1,34980,"Nashville-Davidson--Murfreesboro--Franklin, TN",0.3622,0.1786,1.0,,44114.0,39156.78344298245,1.13,"Higher Access, Medium Earnings"
220473,Johnson University,Tennessee,Special Focus: Theological Studies,0,0,28940,"Knoxville, TN",0.3844,0.114,,,37472.0,,,Not Classified in SAEC
220516,King University,Tennessee,Professions-focused Undergraduate/Graduate-Master's Small,0,0,28700,"Kingsport-Bristol, TN-VA",0.4394,0.1468,0.95,,57020.0,36580.39646993623,1.56,"Lower Access, Higher Earnings"
220552,South College,Tennessee,Special Focus: Other Health Professions,0,0,28940,"Knoxville, TN",0.5028,0.4777,1.61,,38269.0,34063.54639175258,1.12,"Higher Access, Medium Earnings"
220598,Lane College,Tennessee,Special Focus: Arts and Sciences,0,0,27180,"Jackson, TN",0.7941,0.9803,2.99,,28085.0,27701.608225108223,1.01,"Higher Access, Medium Earnings"
220604,Le Moyne-Owen College,Tennessee,Professions-focused Baccalaureate Small,0,0,32820,"Memphis, TN-MS-AR",0.7174,0.9925,2.97,,32112.0,28483.522369524493,1.13,"Higher Access, Medium Earnings"
220613,Lee University,Tennessee,Professions-focused Baccalaureate Medium,0,0,17420,"Cleveland, TN",0.3141,0.129,0.69,,41919.0,35767.277302969924,1.17,"Lower Access, Medium Earnings"
220631,Lincoln Memorial University,Tennessee,Special Focus: Medical Schools and Centers,0,0,-2,Tennessee -- Not in metropolitan statistical area,0.3881,0.1386,,,51587.0,,,Not Classified in SAEC
220701,The University of Tennessee Southern,Tennessee,Professions-focused Baccalaureate Small,0,0,-2,Tennessee -- Not in metropolitan statistical area,0.3761,0.1675,0.88,,38711.0,33328.81527811886,1.16,"Lower Access, Medium Earnings"
220710,Maryville College,Tennessee,Mixed Baccalaureate,0,0,28940,"Knoxville, TN",0.3869,0.2265,1.0,,44160.0,34853.690754404175,1.27,"Higher Access, Medium Earnings"
220792,Meharry Medical College,Tennessee,Special Focus: Medical Schools and Centers,0,0,34980,"Nashville-Davidson--Murfreesboro--Franklin, TN",0.0,,,,,,,Not Classified in SAEC
220862,University of Memphis,Tennessee,Professions-focused Undergraduate/Graduate-Doctorate Large,1,0,32820,"Memphis, TN-MS-AR",0.4708,0.5466,1.18,,44264.0,33404.71568959375,1.33,"Higher Access, Medium Earnings"
220871,Memphis Theological Seminary,Tennessee,Special Focus: Theological Studies,0,0,32820,"Memphis, TN-MS-AR",0.0,,,,,,,Not Classified in SAEC
220978,Middle Tennessee State University,Tennessee,Professions-focused Undergraduate/Graduate-Master's Large/Medium,1,0,34980,"Nashville-Davidson--Murfreesboro--Franklin, TN",0.3371,0.2899,1.2,,44447.0,38984.855072820625,1.14,"Higher Access, Medium Earnings"
220996,Middle Tennessee School of Anesthesia Inc,Tennessee,Special Focus: Nursing,0,0,34980,"Nashville-Davidson--Murfreesboro--Franklin, TN",0.0,,,,,,,Not Classified in SAEC
221096,Motlow State Community College,Tennessee,Mixed Associate Medium,0,1,46100,"Tullahoma-Manchester, TN",0.4007,0.2705,1.79,,36784.0,29224.661548472322,1.26,"Opportunity Colleges and Universities – Higher Access, Higher Earnings"
221148,Lincoln College of Technology-Nashville,Tennessee,Special Focus: Applied and Career Studies,0,1,34980,"Nashville-Davidson--Murfreesboro--Franklin, TN",0.5393,0.4467,1.63,,47206.0,37920.19620493423,1.24,"Higher Access, Medium Earnings"
221184,Nashville State Community College,Tennessee,Mixed Associate Medium,0,1,34980,"Nashville-Davidson--Murfreesboro--Franklin, TN",0.4341,0.4886,1.85,,35147.0,37926.53408746922,0.93,"Higher Access, Lower Earnings"
221351,Rhodes College,Tennessee,Special Focus: Arts and Sciences,0,0,32820,"Memphis, TN-MS-AR",0.1531,0.2344,0.59,,64735.0,37658.121337904704,1.72,"Lower Access, Higher Earnings"
221397,Roane State Community College,Tennessee,Mixed Associate Medium,0,1,28940,"Knoxville, TN",0.3961,0.1156,1.15,,35889.0,32568.990485541086,1.1,"Higher Access, Medium Earnings"
221485,Southwest Tennessee Community College,Tennessee,Mixed Associate Medium,0,1,32820,"Memphis, TN-MS-AR",0.5446,0.7461,1.44,,32323.0,31454.971430307458,1.03,"Higher Access, Medium Earnings"
221519,The University of the South,Tennessee,Special Focus: Arts and Sciences,0,0,49010,"Winchester, TN",0.1501,0.1391,0.44,,55160.0,38230.33204046045,1.44,"Lower Access, Medium Earnings"
221643,Pellissippi State Community College,Tennessee,Mixed Associate Medium,0,1,28940,"Knoxville, TN",0.339,0.1959,1.39,,35471.0,32271.863003238977,1.1,"Higher Access, Medium Earnings"
221661,Southern Adventist University,Tennessee,Professions-focused Baccalaureate Small,0,0,16860,"Chattanooga, TN-GA",0.3262,0.4419,1.16,,49257.0,35529.41233115962,1.39,"Higher Access, Medium Earnings"
221670,Southern College of Optometry,Tennessee,Special Focus: Other Health Professions,0,0,32820,"Memphis, TN-MS-AR",0.0,,,,,,,Not Classified in SAEC
221731,Tennessee Wesleyan University,Tennessee,Professions-focused Baccalaureate Small,0,0,11940,"Athens, TN",0.3864,0.1703,0.9,,46048.0,34463.953700316604,1.34,"Lower Access, Medium Earnings"
221740,The University of Tennessee-Chattanooga,Tennessee,Professions-focused Undergraduate/Graduate-Master's Large/Medium,1,0,16860,"Chattanooga, TN-GA",0.3268,0.2006,1.0,,47038.0,35075.38114534654,1.34,"Higher Access, Medium Earnings"
221759,The University of Tennessee-Knoxville,Tennessee,Mixed Undergraduate/Graduate-Doctorate Large,0,0,28940,"Knoxville, TN",0.2079,0.1596,0.61,,54188.0,34482.94635535327,1.57,"Lower Access, Higher Earnings"
221768,The University of Tennessee-Martin,Tennessee,Professions-focused Undergraduate/Graduate-Master's Large/Medium,1,0,32280,"Martin, TN",0.4556,0.2155,1.35,,41809.0,27824.005014546456,1.5,"Opportunity Colleges and Universities – Higher Access, Higher Earnings"
221838,Tennessee State University,Tennessee,Professions-focused Undergraduate/Graduate-Doctorate Medium,1,0,34980,"Nashville-Davidson--Murfreesboro--Franklin, TN",0.5411,0.9392,2.45,,39391.0,32504.962202574923,1.21,"Higher Access, Medium Earnings"
221847,Tennessee Technological University,Tennessee,Mixed Undergraduate/Graduate-Master's Large/Medium,1,0,18260,"Cookeville, TN",0.3176,0.1358,1.1,,46379.0,28666.63662359558,1.62,"Opportunity Colleges and Universities – Higher Access, Higher Earnings"
221892,Trevecca Nazarene University,Tennessee,Professions-focused Undergraduate/Graduate-Doctorate Medium,0,0,34980,"Nashville-Davidson--Murfreesboro--Franklin, TN",0.3274,0.344,1.17,,48367.0,34501.54758548982,1.4,"Higher Access, Medium Earnings"
221908,Northeast State Community College,Tennessee,Mixed Associate Medium,0,1,28700,"Kingsport-Bristol, TN-VA",0.4682,0.1167,1.61,,32826.0,28679.333856767575,1.14,"Higher Access, Medium Earnings"
221953,Tusculum University,Tennessee,Professions-focused Undergraduate/Graduate-Master's Small,0,0,24620,"Greeneville, TN",0.514,0.2357,1.17,,42829.0,34983.76513732025,1.22,"Higher Access, Medium Earnings"
221971,Union University,Tennessee,Professions-focused Undergraduate/Graduate-Doctorate Small,0,0,27180,"Jackson, TN",0.2761,0.2559,0.9,,50033.0,34960.44730576706,1.43,"Lower Access, Medium Earnings"
221999,Vanderbilt University,Tennessee,Mixed Undergraduate/Graduate-Doctorate Medium,0,0,34980,"Nashville-Davidson--Murfreesboro--Franklin, TN",0.1853,0.3269,0.77,,84542.0,38449.53017930792,2.2,"Lower Access, Higher Earnings"
222053,Volunteer State Community College,Tennessee,Mixed Associate Medium,0,1,34980,"Nashville-Davidson--Murfreesboro--Franklin, TN",0.3973,0.243,1.25,,38758.0,40082.09931269365,0.97,"Higher Access, Lower Earnings"
222062,Walters State Community College,Tennessee,Mixed Associate Medium,0,1,34100,"Morristown, TN",0.4279,0.138,1.22,,34643.0,27565.874960962738,1.26,"Opportunity Colleges and Universities – Higher Access, Higher Earnings"
222105,William R Moore College of Technology,Tennessee,Special Focus: Applied and Career Studies,0,1,32820,"Memphis, TN-MS-AR",0.3672,0.6233,1.1,,48195.0,33133.333660400735,1.45,"Opportunity Colleges and Universities – Higher Access, Higher Earnings"
222178,Abilene Christian University,Texas,Professions-focused Undergraduate/Graduate-Doctorate Medium,0,0,10180,"Abilene, TX",0.2235,0.3176,0.65,,52257.0,39668.74276852145,1.32,"Lower Access, Medium Earnings"
222567,Alvin Community College,Texas,Mixed Associate Medium,0,1,26420,"Houston-Pasadena-The Woodlands, TX",0.3796,0.5712,1.09,,41886.0,40399.55440296969,1.04,"Higher Access, Medium Earnings"
222576,Amarillo College,Texas,Professions-focused Associate Large/Medium,0,1,11100,"Amarillo, TX",0.5426,0.5958,1.6,,38075.0,34216.98489860671,1.11,"Higher Access, Medium Earnings"
222628,Amberton University,Texas,Mixed Undergraduate/Graduate-Master's Small,0,0,19100,"Dallas-Fort Worth-Arlington, TX",0.2353,0.5212,,,,,,Not Classified in SAEC
222822,Angelina College,Texas,Professions-focused Associate Large/Medium,0,1,31260,"Lufkin, TX",0.638,0.5151,1.48,,30992.0,36284.84517276848,0.85,"Higher Access, Lower Earnings"
222831,Angelo State University,Texas,Mixed Undergraduate/Graduate-Doctorate Medium,1,0,41660,"San Angelo, TX",0.45,0.5283,1.32,,45162.0,33634.85071354064,1.34,"Higher Access, Medium Earnings"
222877,Arlington Baptist University,Texas,Professions-focused Baccalaureate Small,0,0,19100,"Dallas-Fort Worth-Arlington, TX",0.5509,0.5043,1.32,,39650.0,38414.551719819654,1.03,"Higher Access, Medium Earnings"
222983,Austin College,Texas,Special Focus: Arts and Sciences,0,0,43300,"Sherman-Denison, TX",0.3045,0.3868,0.83,,52390.0,39359.68281762052,1.33,"Lower Access, Medium Earnings"
222992,Austin Community College District,Texas,Mixed Associate Large,0,1,12420,"Austin-Round Rock-San Marcos, TX",0.3131,0.5354,1.33,,39997.0,45387.85056066168,0.88,"Higher Access, Lower Earnings"
223001,Austin Presbyterian Theological Seminary,Texas,Special Focus: Theological Studies,0,0,12420,"Austin-Round Rock-San Marcos, TX",0.0,,,,,,,Not Classified in SAEC
223083,Baptist Health System School of Health Professions,Texas,Special Focus: Nursing,0,1,41700,"San Antonio-New Braunfels, TX",0.5182,0.7664,,,76742.0,,,Not Classified in SAEC
223117,Baptist Missionary Association Theological Seminary,Texas,Special Focus: Theological Studies,0,0,27380,"Jacksonville, TX",0.3448,0.4638,,,42354.0,,,Not Classified in SAEC
223223,Baylor College of Medicine,Texas,Special Focus: Medical Schools and Centers,0,0,26420,"Houston-Pasadena-The Woodlands, TX",0.0,,,,,,,Not Classified in SAEC
223232,Baylor University,Texas,Professions-focused Undergraduate/Graduate-Doctorate Large,0,0,47380,"Waco, TX",0.1304,0.2785,0.51,,61504.0,39033.77690609949,1.58,"Lower Access, Higher Earnings"
223320,Coastal Bend College,Texas,Mixed Associate Medium,0,1,13300,"Beeville, TX",0.519,0.8047,1.13,,33536.0,33053.49470234439,1.01,"Higher Access, Medium Earnings"
223427,Blinn College District,Texas,Mixed Associate Large,0,1,14780,"Brenham, TX",0.2194,0.3443,0.99,,42590.0,38566.796659880325,1.1,"Lower Access, Medium Earnings"
223463,Remington College-Dallas Campus,Texas,Professions-focused Associate Small,0,1,19100,"Dallas-Fort Worth-Arlington, TX",0.9204,0.8744,2.6,,28019.0,36801.298908098266,0.76,"Higher Access, Lower Earnings"
223472,Vet Tech Institute of Houston,Texas,Special Focus: Applied and Career Studies,0,1,26420,"Houston-Pasadena-The Woodlands, TX",0.5371,0.6491,1.4,,38019.0,40755.59191919193,0.93,"Higher Access, Lower Earnings"
223506,Brazosport College,Texas,Mixed Associate/Baccalaureate,1,1,26420,"Houston-Pasadena-The Woodlands, TX",0.2394,0.5925,0.91,,41369.0,39769.493824559984,1.04,"Lower Access, Medium Earnings"
223816,Central Texas College,Texas,Mixed Associate Medium,0,1,28660,"Killeen-Temple, TX",0.4261,0.6565,1.31,,40141.0,32817.2525181894,1.22,"Higher Access, Medium Earnings"
223898,Cisco College,Texas,Mixed Associate Medium,0,1,-2,Texas -- Not in metropolitan statistical area,0.2488,0.4852,1.02,,34954.0,27410.846621244596,1.28,"Opportunity Colleges and Universities – Higher Access, Higher Earnings"
223922,Clarendon College,Texas,Mixed Associate Small,0,1,-2,Texas -- Not in metropolitan statistical area,0.2123,0.4234,0.9,,35071.0,29296.339749533523,1.2,"Lower Access, Medium Earnings"
224004,Concordia University Texas,Texas,Special Focus: Nursing,0,0,12420,"Austin-Round Rock-San Marcos, TX",0.3978,0.5481,1.12,,55431.0,37054.9611677779,1.5,"Opportunity Colleges and Universities – Higher Access, Higher Earnings"
224110,North Central Texas College,Texas,Mixed Associate Medium,0,1,23620,"Gainesville, TX",0.2691,0.4301,1.47,,42116.0,33197.297713665015,1.27,"Opportunity Colleges and Universities – Higher Access, Higher Earnings"
224147,Texas A & M University-Corpus Christi,Texas,Mixed Undergraduate/Graduate-Doctorate Medium,1,0,18580,"Corpus Christi, TX",0.3968,0.6153,0.96,,48378.0,33153.07691603709,1.46,"Lower Access, Medium Earnings"
224226,Dallas Baptist University,Texas,Professions-focused Undergraduate/Graduate-Doctorate Medium,0,0,19100,"Dallas-Fort Worth-Arlington, TX",0.2655,0.3541,0.75,,51508.0,38232.70317055553,1.35,"Lower Access, Medium Earnings"
224244,Dallas Christian College,Texas,Special Focus: Arts and Sciences,0,0,19100,"Dallas-Fort Worth-Arlington, TX",0.524,0.5932,1.35,,43057.0,35946.45474347276,1.2,"Higher Access, Medium Earnings"
224271,Dallas Institute of Funeral Service,Texas,Special Focus: Applied and Career Studies,0,1,19100,"Dallas-Fort Worth-Arlington, TX",0.4674,0.4154,1.3,,37279.0,39161.41999999999,0.95,"Higher Access, Lower Earnings"
224305,Dallas Theological Seminary,Texas,Special Focus: Theological Studies,0,0,19100,"Dallas-Fort Worth-Arlington, TX",0.0,,,,,,,Not Classified in SAEC
224323,University of Dallas,Texas,Mixed Undergraduate/Graduate-Master's Small,0,0,19100,"Dallas-Fort Worth-Arlington, TX",0.2649,0.3264,0.78,,55859.0,39162.86655754952,1.43,"Lower Access, Medium Earnings"
224350,Del Mar College,Texas,Professions-focused Associate Large/Medium,0,1,18580,"Corpus Christi, TX",0.3551,0.7838,1.03,,34559.0,31228.53149846957,1.11,"Higher Access, Medium Earnings"
224527,East Texas Baptist University,Texas,Professions-focused Baccalaureate Small,0,0,30980,"Longview, TX",0.3746,0.3593,0.9,,44309.0,37839.60793101977,1.17,"Lower Access, Medium Earnings"
224545,Texas A&M University-Texarkana,Texas,Special Focus: Arts and Sciences,1,0,45500,"Texarkana, TX-AR",0.5126,0.4444,1.36,,43340.0,30150.71345124046,1.44,"Higher Access, Medium Earnings"
224554,East Texas A&M University,Texas,Mixed Undergraduate/Graduate-Doctorate Medium,1,0,19100,"Dallas-Fort Worth-Arlington, TX",0.4086,0.5408,1.33,,46297.0,42183.06411968865,1.1,"Higher Access, Medium Earnings"
224615,Dallas College,Texas,Mixed Associate Large,0,1,19100,"Dallas-Fort Worth-Arlington, TX",0.3623,0.7283,1.46,,37920.0,37040.39486987158,1.02,"Higher Access, Medium Earnings"
224642,El Paso Community College,Texas,Mixed Associate Large,0,1,21340,"El Paso, TX",0.3687,0.9367,0.93,,31963.0,25074.82150109937,1.27,"Lower Access, Higher Earnings"
224660,Western Technical College,Texas,Professions-focused Associate/Baccalaureate,0,1,21340,"El Paso, TX",0.4672,0.797,0.97,,34484.0,25968.413914125034,1.33,"Lower Access, Higher Earnings"
224679,Western Technical College,Texas,Special Focus: Applied and Career Studies,0,1,21340,"El Paso, TX",0.1606,0.8355,0.67,,34484.0,25377.324049740757,1.36,"Lower Access, Higher Earnings"
224712,Episcopal Theological Seminary of the Southwest,Texas,Special Focus: Theological Studies,0,0,12420,"Austin-Round Rock-San Marcos, TX",0.0,,,,,,,Not Classified in SAEC
224891,Frank Phillips College,Texas,Mixed Associate Small,0,1,14420,"Borger, TX",0.5079,0.5504,1.85,,33728.0,32103.923723747004,1.05,"Higher Access, Medium Earnings"
224961,Galveston College,Texas,Professions-focused Associate Small,0,1,26420,"Houston-Pasadena-The Woodlands, TX",0.5276,0.6313,1.36,,33977.0,38225.51362359883,0.89,"Higher Access, Lower Earnings"
225070,Grayson College,Texas,Professions-focused Associate Large/Medium,0,1,43300,"Sherman-Denison, TX",0.4516,0.3805,1.57,,37213.0,32639.436414756405,1.14,"Higher Access, Medium Earnings"
225201,Hallmark University,Texas,Special Focus: Applied and Career Studies,0,1,41700,"San Antonio-New Braunfels, TX",0.5024,0.7111,1.27,,44630.0,33407.55992268041,1.34,"Opportunity Colleges and Universities – Higher Access, Higher Earnings"
225247,Hardin-Simmons University,Texas,Professions-focused Undergraduate/Graduate-Doctorate Small,0,0,10180,"Abilene, TX",0.3902,0.4402,1.0,,48639.0,38742.17089156894,1.26,"Higher Access, Medium Earnings"
225308,Trinity Valley Community College,Texas,Mixed Associate Medium,0,1,11980,"Athens, TX",0.3178,0.4661,1.54,,36063.0,29715.985324118214,1.21,"Higher Access, Medium Earnings"
225371,Hill College,Texas,Mixed Associate Medium,0,1,-2,Texas -- Not in metropolitan statistical area,0.5487,0.4023,1.25,,35681.0,28453.408294245794,1.25,"Opportunity Colleges and Universities – Higher Access, Higher Earnings"
225399,Houston Christian University,Texas,Professions-focused Undergraduate/Graduate-Doctorate Medium,0,0,26420,"Houston-Pasadena-The Woodlands, TX",0.5416,0.7211,1.5,,49015.0,35330.99998440166,1.39,"Higher Access, Medium Earnings"
225414,University of Houston-Clear Lake,Texas,Mixed Undergraduate/Graduate-Doctorate Medium,1,0,26420,"Houston-Pasadena-The Woodlands, TX",0.4434,0.5991,,,56582.0,,,Not Classified in SAEC
225423,Houston Community College,Texas,Mixed Associate Large,0,1,26420,"Houston-Pasadena-The Woodlands, TX",0.4647,0.7421,1.38,,34776.0,34659.76138855012,1.0,"Higher Access, Medium Earnings"
225432,University of Houston-Downtown,Texas,Mixed Undergraduate/Graduate-Master's Large/Medium,1,0,26420,"Houston-Pasadena-The Woodlands, TX",0.5236,0.7903,1.51,,50849.0,35005.20376745991,1.45,"Higher Access, Medium Earnings"
225502,Texas A&M University-Victoria,Texas,Mixed Undergraduate/Graduate-Master's Large/Medium,1,0,47020,"Victoria, TX",0.4642,0.6393,1.26,,49673.0,33061.41822884671,1.5,"Opportunity Colleges and Universities – Higher Access, Higher Earnings"
225511,University of Houston,Texas,Mixed Undergraduate/Graduate-Doctorate Large,0,0,26420,"Houston-Pasadena-The Woodlands, TX",0.4182,0.5534,1.15,,58739.0,36782.62431022191,1.6,"Opportunity Colleges and Universities – Higher Access, Higher Earnings"
225520,Howard College,Texas,Professions-focused Associate Large/Medium,0,1,13700,"Big Spring, TX",0.4988,0.6217,1.42,,34358.0,35579.28052254542,0.97,"Higher Access, Lower Earnings"
225548,Howard Payne University,Texas,Professions-focused Baccalaureate Small,0,0,15220,"Brownwood, TX",0.4572,0.4561,1.11,,43270.0,38182.434494503046,1.13,"Higher Access, Medium Earnings"
225575,Huston-Tillotson University,Texas,Mixed Baccalaureate,0,0,12420,"Austin-Round Rock-San Marcos, TX",0.6255,0.8848,1.8,,40664.0,30991.383049722255,1.31,"Higher Access, Medium Earnings"
225627,University of the Incarnate Word,Texas,Professions-focused Undergraduate/Graduate-Doctorate Medium,0,0,41700,"San Antonio-New Braunfels, TX",0.446,0.7989,1.43,,52962.0,32514.709264414425,1.63,"Opportunity Colleges and Universities – Higher Access, Higher Earnings"
225876,Jacksonville College-Main Campus,Texas,Mixed Associate Small,0,1,27380,"Jacksonville, TX",0.4847,0.7338,1.75,,30885.0,33993.565944446986,0.91,"Higher Access, Lower Earnings"
225885,Jarvis Christian University,Texas,Professions-focused Baccalaureate Small,0,0,-2,Texas -- Not in metropolitan statistical area,0.5226,0.9802,1.81,,30030.0,31086.955937736784,0.97,"Higher Access, Lower Earnings"
225991,KD Conservatory College of Film and Dramatic Arts,Texas,"Special Focus: Arts, Music, and Design",0,1,19100,"Dallas-Fort Worth-Arlington, TX",0.598,0.7687,1.92,,21840.0,37868.52769583742,0.58,"Higher Access, Lower Earnings"
226019,Kilgore College,Texas,Mixed Associate Medium,0,1,30980,"Longview, TX",0.6012,0.5067,1.55,,35420.0,31637.667444797404,1.12,"Higher Access, Medium Earnings"
226091,Lamar University,Texas,Mixed Undergraduate/Graduate-Doctorate Large,1,0,13140,"Beaumont-Port Arthur, TX",0.4483,0.5445,1.25,,46481.0,30890.429668337074,1.5,"Opportunity Colleges and Universities – Higher Access, Higher Earnings"
226107,Lamar State College-Orange,Texas,Professions-focused Associate Small,0,1,13140,"Beaumont-Port Arthur, TX",0.4502,0.324,0.98,,34202.0,32875.706776045015,1.04,"Lower Access, Medium Earnings"
226116,Lamar State College-Port Arthur,Texas,Professions-focused Associate Small,0,1,13140,"Beaumont-Port Arthur, TX",0.4959,0.6543,1.45,,34911.0,30155.409910572645,1.16,"Higher Access, Medium Earnings"
226134,Laredo College,Texas,Mixed Associate Medium,0,1,29700,"Laredo, TX",0.417,0.9809,0.95,,30695.0,24268.838387257532,1.26,"Lower Access, Higher Earnings"
226152,Texas A & M International University,Texas,Mixed Undergraduate/Graduate-Master's Large/Medium,1,0,29700,"Laredo, TX",0.6843,0.9742,1.23,,43366.0,24468.610246137934,1.77,"Opportunity Colleges and Universities – Higher Access, Higher Earnings"
226204,Lee College,Texas,Professions-focused Associate Large/Medium,0,1,26420,"Houston-Pasadena-The Woodlands, TX",0.3191,0.6575,1.08,,37694.0,38203.20784771432,0.99,"Higher Access, Lower Earnings"
226231,LeTourneau University,Texas,Professions-focused Baccalaureate Small,0,0,30980,"Longview, TX",0.2891,0.2179,0.66,,55447.0,38088.866220781325,1.46,"Lower Access, Medium Earnings"
226277,Lincoln College of Technology-Grand Prairie,Texas,Special Focus: Applied and Career Studies,0,1,19100,"Dallas-Fort Worth-Arlington, TX",0.5938,0.728,1.86,,47206.0,37308.67684231256,1.27,"Opportunity Colleges and Universities – Higher Access, Higher Earnings"
226383,Lubbock Christian University,Texas,Professions-focused Undergraduate/Graduate-Master's Small,0,0,31180,"Lubbock, TX",0.3645,0.3376,0.86,,50641.0,38092.69174126962,1.33,"Lower Access, Medium Earnings"
226408,College of the Mainland,Texas,Mixed Associate Medium,0,1,26420,"Houston-Pasadena-The Woodlands, TX",0.392,0.6195,1.16,,35969.0,39688.142085540756,0.91,"Higher Access, Lower Earnings"
226471,University of Mary Hardin-Baylor,Texas,Professions-focused Undergraduate/Graduate-Master's Large/Medium,0,0,28660,"Killeen-Temple, TX",0.3757,0.4389,0.98,,52515.0,38276.83035693095,1.37,"Lower Access, Medium Earnings"
226578,McLennan Community College,Texas,Mixed Associate Medium,0,1,47380,"Waco, TX",0.5443,0.5189,1.3,,35589.0,29495.810811244846,1.21,"Higher Access, Medium Earnings"
226587,McMurry University,Texas,Professions-focused Baccalaureate Small,0,0,10180,"Abilene, TX",0.5064,0.5311,1.26,,47393.0,37095.143511844806,1.28,"Higher Access, Medium Earnings"
226806,Midland College,Texas,Mixed Associate Medium,0,1,33260,"Midland, TX",0.1989,0.7084,1.09,,40495.0,47784.6885337577,0.85,"Higher Access, Lower Earnings"
226833,Midwestern State University,Texas,Professions-focused Undergraduate/Graduate-Master's Large/Medium,1,0,48660,"Wichita Falls, TX",0.4363,0.4782,1.48,,52991.0,30540.825524758005,1.74,"Opportunity Colleges and Universities – Higher Access, Higher Earnings"
226879,Wade College,Texas,"Special Focus: Arts, Music, and Design",0,1,19100,"Dallas-Fort Worth-Arlington, TX",0.6815,0.6917,1.98,,39779.0,37053.33287705327,1.07,"Higher Access, Medium Earnings"
226903,Southern Careers Institute-Austin,Texas,Special Focus: Business,0,1,12420,"Austin-Round Rock-San Marcos, TX",0.6536,0.7002,2.21,,26123.0,39656.21100917431,0.66,"Higher Access, Lower Earnings"
227146,Navarro College,Texas,Mixed Associate Medium,0,1,18620,"Corsicana, TX",0.5042,0.4414,1.18,,34631.0,37191.0250618601,0.93,"Higher Access, Lower Earnings"
227182,Lone Star College System,Texas,Mixed Associate Large,0,1,26420,"Houston-Pasadena-The Woodlands, TX",0.3309,0.6524,1.1,,36919.0,37476.38675822867,0.99,"Higher Access, Lower Earnings"
227216,University of North Texas,Texas,Mixed Undergraduate/Graduate-Doctorate Large,0,0,19100,"Dallas-Fort Worth-Arlington, TX",0.3612,0.5144,1.03,,51890.0,37575.54889006854,1.38,"Higher Access, Medium Earnings"
227225,Northeast Texas Community College,Texas,Mixed Associate Small,0,1,34420,"Mount Pleasant, TX",0.7282,0.5417,1.41,,35477.0,30152.049688279345,1.18,"Higher Access, Medium Earnings"
227289,Oblate School of Theology,Texas,Special Focus: Theological Studies,0,0,41700,"San Antonio-New Braunfels, TX",0.0,,,,,,,Not Classified in SAEC
227304,Odessa College,Texas,Professions-focused Associate Large/Medium,0,1,36220,"Odessa, TX",0.4721,0.7605,1.21,,40503.0,40880.11838099421,0.99,"Higher Access, Lower Earnings"
227331,Our Lady of the Lake University,Texas,Professions-focused Undergraduate/Graduate-Doctorate Small,0,0,41700,"San Antonio-New Braunfels, TX",0.5907,0.9002,1.74,,45657.0,32748.870712816082,1.39,"Higher Access, Medium Earnings"
227368,The University of Texas Rio Grande Valley,Texas,Mixed Undergraduate/Graduate-Doctorate Large,1,0,32580,"McAllen-Edinburg-Mission, TX",0.638,0.9708,1.11,,44456.0,23334.37878146848,1.91,"Opportunity Colleges and Universities – Higher Access, Higher Earnings"
227377,Texas Southmost College,Texas,Mixed Associate Medium,0,1,15180,"Brownsville-Harlingen, TX",0.6569,0.969,1.13,,37377.0,23495.424753951098,1.59,"Opportunity Colleges and Universities – Higher Access, Higher Earnings"
227386,Panola College,Texas,Mixed Associate Small,0,1,-2,Texas -- Not in metropolitan statistical area,0.5124,0.4436,1.27,,35209.0,27384.12216206443,1.29,"Opportunity Colleges and Universities – Higher Access, Higher Earnings"
227401,Paris Junior College,Texas,Professions-focused Associate Large/Medium,0,1,37580,"Paris, TX",0.4254,0.3713,1.3,,33855.0,33507.62339069838,1.01,"Higher Access, Medium Earnings"
227429,Paul Quinn College,Texas,Professions-focused Baccalaureate Small,0,0,19100,"Dallas-Fort Worth-Arlington, TX",0.6976,0.7544,1.8,,29596.0,30270.728864234,0.98,"Higher Access, Lower Earnings"
227526,Prairie View A & M University,Texas,Mixed Undergraduate/Graduate-Master's Large/Medium,1,0,26420,"Houston-Pasadena-The Woodlands, TX",0.6244,0.9786,1.87,,39649.0,31867.72001434226,1.24,"Higher Access, Medium Earnings"
227687,Ranger College,Texas,Mixed Associate Small,0,1,-2,Texas -- Not in metropolitan statistical area,0.194,0.4386,0.89,,35993.0,29128.430106141786,1.24,"Lower Access, Medium Earnings"
227757,Rice University,Texas,Mixed Undergraduate/Graduate-Doctorate Medium,0,0,26420,"Houston-Pasadena-The Woodlands, TX",0.1612,0.3359,0.64,,78690.0,38825.501149517055,2.03,"Lower Access, Higher Earnings"
227845,Saint Edward's University,Texas,Mixed Undergraduate/Graduate-Master's Small,0,0,12420,"Austin-Round Rock-San Marcos, TX",0.3956,0.6256,1.22,,53665.0,36446.14013509069,1.47,"Higher Access, Medium Earnings"
227854,St Philip's College,Texas,Mixed Associate Large,0,1,41700,"San Antonio-New Braunfels, TX",0.2745,0.8023,1.01,,36001.0,33609.50865811037,1.07,"Higher Access, Medium Earnings"
227863,University of St Thomas,Texas,Professions-focused Undergraduate/Graduate-Doctorate Medium,0,0,26420,"Houston-Pasadena-The Woodlands, TX",0.3975,0.6617,1.23,,56544.0,36080.59258172345,1.57,"Opportunity Colleges and Universities – Higher Access, Higher Earnings"
227881,Sam Houston State University,Texas,Professions-focused Undergraduate/Graduate-Master's Large/Medium,1,0,26660,"Huntsville, TX",0.3996,0.4905,1.12,,49729.0,37471.61311595149,1.33,"Higher Access, Medium Earnings"
227924,San Antonio College,Texas,Mixed Associate Large,0,1,41700,"San Antonio-New Braunfels, TX",0.374,0.7973,1.15,,36309.0,33778.33826428966,1.07,"Higher Access, Medium Earnings"
227979,San Jacinto Community College,Texas,Mixed Associate Large,0,1,26420,"Houston-Pasadena-The Woodlands, TX",0.3862,0.7518,1.27,,39188.0,36136.73208515745,1.08,"Higher Access, Medium Earnings"
228042,Schreiner University,Texas,Professions-focused Baccalaureate Small,0,0,28500,"Kerrville, TX",0.4555,0.4973,1.15,,47463.0,37875.46793305042,1.25,"Higher Access, Medium Earnings"
228149,St. Mary's University,Texas,Mixed Undergraduate/Graduate-Doctorate Small,0,0,41700,"San Antonio-New Braunfels, TX",0.4228,0.8159,1.42,,49928.0,31947.89620880485,1.56,"Opportunity Colleges and Universities – Higher Access, Higher Earnings"
228158,South Plains College,Texas,Mixed Associate Medium,0,1,31180,"Lubbock, TX",0.5384,0.5894,1.35,,38020.0,32079.6796562186,1.19,"Higher Access, Medium Earnings"
228194,South Texas College of Law Houston,Texas,Special Focus: Law,0,0,26420,"Houston-Pasadena-The Woodlands, TX",0.0,,,,,,,Not Classified in SAEC
228246,Southern Methodist University,Texas,Mixed Undergraduate/Graduate-Doctorate Medium,0,0,19100,"Dallas-Fort Worth-Arlington, TX",0.1188,0.2685,0.49,,77799.0,39506.3477893835,1.97,"Lower Access, Higher Earnings"
228316,Southwest Texas College,Texas,Mixed Associate Medium,0,1,46620,"Uvalde, TX",0.7154,0.9313,1.37,,33112.0,31227.0036294504,1.06,"Higher Access, Medium Earnings"
228325,Nelson University,Texas,Special Focus: Theological Studies,0,1,19100,"Dallas-Fort Worth-Arlington, TX",0.5125,0.4773,,,42680.0,,,Not Classified in SAEC
228343,Southwestern University,Texas,Special Focus: Arts and Sciences,0,0,12420,"Austin-Round Rock-San Marcos, TX",0.2318,0.3861,0.73,,52689.0,39100.50534029109,1.35,"Lower Access, Medium Earnings"
228431,Stephen F Austin State University,Texas,Mixed Undergraduate/Graduate-Master's Large/Medium,1,0,34860,"Nacogdoches, TX",0.4055,0.3979,1.05,,47094.0,37188.99679850557,1.27,"Higher Access, Medium Earnings"
228459,Texas State University,Texas,Mixed Undergraduate/Graduate-Master's Large/Medium,1,0,12420,"Austin-Round Rock-San Marcos, TX",0.3615,0.5633,1.46,,52554.0,45813.6355960709,1.15,"Higher Access, Medium Earnings"
228468,Southwestern Adventist University,Texas,Professions-focused Baccalaureate Small,0,0,19100,"Dallas-Fort Worth-Arlington, TX",0.462,0.6875,1.41,,47714.0,34681.011959443036,1.38,"Higher Access, Medium Earnings"
228486,Southwestern Christian College,Texas,Mixed Associate Small,0,1,19100,"Dallas-Fort Worth-Arlington, TX",0.9057,0.9845,2.69,,31436.0,32449.718994272553,0.97,"Higher Access, Lower Earnings"
228501,Sul Ross State University,Texas,Mixed Undergraduate/Graduate-Master's Small,1,0,-2,Texas -- Not in metropolitan statistical area,0.5171,0.803,1.81,,39351.0,25584.546232223172,1.54,"Opportunity Colleges and Universities – Higher Access, Higher Earnings"
228529,Tarleton State University,Texas,Professions-focused Undergraduate/Graduate-Master's Large/Medium,1,0,44500,"Stephenville, TX",0.3711,0.3527,1.29,,50130.0,38304.06365004857,1.31,"Higher Access, Medium Earnings"
228547,Tarrant County College District,Texas,Mixed Associate Large,0,1,19100,"Dallas-Fort Worth-Arlington, TX",0.2758,0.6161,1.19,,38503.0,40568.42487253735,0.95,"Higher Access, Lower Earnings"
228608,Temple College,Texas,Mixed Associate Medium,0,1,28660,"Killeen-Temple, TX",0.4826,0.5796,1.2,,35833.0,30053.791729743694,1.19,"Higher Access, Medium Earnings"
228635,University of Texas Southwestern Medical Center,Texas,Special Focus: Medical Schools and Centers,0,0,19100,"Dallas-Fort Worth-Arlington, TX",0.0,,,,,,,Not Classified in SAEC
228644,The University of Texas Health Science Center at San Antonio,Texas,Special Focus: Medical Schools and Centers,0,0,41700,"San Antonio-New Braunfels, TX",0.3516,0.6745,,,76703.0,,,Not Classified in SAEC
228653,The University of Texas Medical Branch at Galveston,Texas,Special Focus: Medical Schools and Centers,0,0,26420,"Houston-Pasadena-The Woodlands, TX",0.2051,0.3886,,,89220.0,,,Not Classified in SAEC
228699,Texarkana College,Texas,Professions-focused Associate Large/Medium,0,1,45500,"Texarkana, TX-AR",0.6447,0.4629,1.56,,30772.0,30061.161301680262,1.02,"Higher Access, Medium Earnings"
228705,Texas A&M University-Kingsville,Texas,Mixed Undergraduate/Graduate-Doctorate Medium,1,0,28780,"Kingsville, TX",0.5798,0.8419,1.12,,48345.0,32262.687777814353,1.5,"Opportunity Colleges and Universities – Higher Access, Higher Earnings"
228723,Texas A&M University-College Station,Texas,Mixed Undergraduate/Graduate-Doctorate Large,0,0,17780,"College Station-Bryan, TX",0.1944,0.3217,0.6,,66077.0,39189.56692965965,1.69,"Lower Access, Higher Earnings"
228769,The University of Texas at Arlington,Texas,Professions-focused Undergraduate/Graduate-Doctorate Large,1,0,19100,"Dallas-Fort Worth-Arlington, TX",0.3996,0.5928,1.38,,63000.0,40774.69473655378,1.55,"Opportunity Colleges and Universities – Higher Access, Higher Earnings"
228778,The University of Texas at Austin,Texas,Mixed Undergraduate/Graduate-Doctorate Large,0,0,12420,"Austin-Round Rock-San Marcos, TX",0.2531,0.3901,0.76,,68554.0,38820.811419386555,1.77,"Lower Access, Higher Earnings"
228787,The University of Texas at Dallas,Texas,Mixed Undergraduate/Graduate-Doctorate Large,1,0,19100,"Dallas-Fort Worth-Arlington, TX",0.2977,0.3018,0.87,,64228.0,42819.59138238446,1.5,"Lower Access, Higher Earnings"
228796,The University of Texas at El Paso,Texas,Mixed Undergraduate/Graduate-Doctorate Large,1,0,21340,"El Paso, TX",0.6072,0.9482,1.19,,44575.0,25108.10357619769,1.78,"Opportunity Colleges and Universities – Higher Access, Higher Earnings"
228802,The University of Texas at Tyler,Texas,Professions-focused Undergraduate/Graduate-Doctorate Medium,1,0,46340,"Tyler, TX",0.4026,0.4235,1.32,,51479.0,32936.350032961454,1.56,"Opportunity Colleges and Universities – Higher Access, Higher Earnings"
228866,Texas Chiropractic College Foundation Inc,Texas,Special Focus: Other Health Professions,0,0,26420,"Houston-Pasadena-The Woodlands, TX",0.0,,,,,,,Not Classified in SAEC
228875,Texas Christian University,Texas,Professions-focused Undergraduate/Graduate-Doctorate Medium,0,0,19100,"Dallas-Fort Worth-Arlington, TX",0.1348,0.2795,0.53,,67491.0,39828.08207256911,1.69,"Lower Access, Higher Earnings"
228884,Texas College,Texas,Professions-focused Baccalaureate Small,0,0,46340,"Tyler, TX",0.8536,0.9907,2.25,,31018.0,30358.869202226328,1.02,"Higher Access, Medium Earnings"
228909,University of North Texas Health Science Center,Texas,Special Focus: Medical Schools and Centers,0,0,19100,"Dallas-Fort Worth-Arlington, TX",0.2,0.5455,,,,,,Not Classified in SAEC
228981,Texas Lutheran University,Texas,Professions-focused Baccalaureate Small,0,0,41700,"San Antonio-New Braunfels, TX",0.3763,0.5732,1.11,,51357.0,36898.629405020954,1.39,"Higher Access, Medium Earnings"
229018,The University of Texas Permian Basin,Texas,Mixed Undergraduate/Graduate-Master's Large/Medium,1,0,36220,"Odessa, TX",0.4064,0.6836,1.07,,52880.0,41290.79050605686,1.28,"Higher Access, Medium Earnings"
229027,The University of Texas at San Antonio,Texas,Mixed Undergraduate/Graduate-Doctorate Large,0,0,41700,"San Antonio-New Braunfels, TX",0.4307,0.7404,1.35,,52616.0,34297.883733832015,1.53,"Opportunity Colleges and Universities – Higher Access, Higher Earnings"
229063,Texas Southern University,Texas,Professions-focused Undergraduate/Graduate-Doctorate Medium,1,0,26420,"Houston-Pasadena-The Woodlands, TX",0.713,0.9831,2.05,,36745.0,31334.922905829673,1.17,"Higher Access, Medium Earnings"
229115,Texas Tech University,Texas,Mixed Undergraduate/Graduate-Doctorate Large,0,0,31180,"Lubbock, TX",0.2593,0.4107,0.78,,57570.0,38413.05887601052,1.5,"Lower Access, Higher Earnings"
229160,Texas Wesleyan University,Texas,Mixed Undergraduate/Graduate-Doctorate Small,0,0,19100,"Dallas-Fort Worth-Arlington, TX",0.499,0.7175,1.43,,49274.0,34874.3862114957,1.41,"Higher Access, Medium Earnings"
229179,Texas Woman's University,Texas,Professions-focused Undergraduate/Graduate-Doctorate Large,1,0,19100,"Dallas-Fort Worth-Arlington, TX",0.4629,0.6025,1.5,,52209.0,40406.12190476883,1.29,"Higher Access, Medium Earnings"
229267,Trinity University,Texas,Mixed Baccalaureate,0,0,41700,"San Antonio-New Braunfels, TX",0.1654,0.3479,0.61,,66445.0,38790.546772122725,1.71,"Lower Access, Higher Earnings"
229300,The University of Texas Health Science Center at Houston,Texas,Special Focus: Medical Schools and Centers,0,0,26420,"Houston-Pasadena-The Woodlands, TX",0.426,0.4814,,,89329.0,,,Not Classified in SAEC
229337,Texas Tech University Health Sciences Center,Texas,Special Focus: Medical Schools and Centers,0,0,31180,"Lubbock, TX",0.143,0.4303,,,88633.0,,,Not Classified in SAEC
229355,Tyler Junior College,Texas,Mixed Associate Medium,0,1,46340,"Tyler, TX",0.4681,0.5049,1.55,,36156.0,32208.968331885797,1.12,"Higher Access, Medium Earnings"
229416,Universal Technical Institute of Texas Inc.,Texas,Special Focus: Applied and Career Studies,0,1,26420,"Houston-Pasadena-The Woodlands, TX",0.5586,0.7418,1.57,,49933.0,35860.42025828542,1.39,"Opportunity Colleges and Universities – Higher Access, Higher Earnings"
229504,Vernon College,Texas,Mixed Associate Small,0,1,46900,"Vernon, TX",0.444,0.4296,0.97,,37265.0,38379.872708451316,0.97,"Lower Access, Lower Earnings"
229540,Victoria College,Texas,Professions-focused Associate Large/Medium,0,1,47020,"Victoria, TX",0.4363,0.6564,1.23,,36145.0,32477.457131285384,1.11,"Higher Access, Medium Earnings"
229780,Wayland Baptist University,Texas,Professions-focused Undergraduate/Graduate-Master's Large/Medium,0,0,38380,"Plainview, TX",0.4196,0.6467,1.25,,50062.0,35553.928824403985,1.41,"Higher Access, Medium Earnings"
229799,Weatherford College,Texas,Mixed Associate Medium,0,1,19100,"Dallas-Fort Worth-Arlington, TX",0.2468,0.3245,0.8,,37421.0,43524.290500020456,0.86,"Lower Access, Lower Earnings"
229814,West Texas A & M University,Texas,Professions-focused Undergraduate/Graduate-Master's Large/Medium,1,0,11100,"Amarillo, TX",0.3975,0.4361,1.17,,48762.0,34892.56071392905,1.4,"Higher Access, Medium Earnings"
229832,Western Texas College,Texas,Mixed Associate Small,0,1,43660,"Snyder, TX",0.2104,0.5775,0.94,,38417.0,37563.52434751865,1.02,"Lower Access, Medium Earnings"
229841,Wharton County Junior College,Texas,Professions-focused Associate Large/Medium,0,1,20900,"El Campo, TX",0.3063,0.5824,0.95,,41437.0,36466.85721942766,1.14,"Lower Access, Medium Earnings"
229887,Wiley University,Texas,Professions-focused Baccalaureate Small,0,0,30980,"Longview, TX",0.7708,0.9041,2.07,,30192.0,29281.018298947063,1.03,"Higher Access, Medium Earnings"
230038,Brigham Young University,Utah,Mixed Undergraduate/Graduate-Doctorate Large,0,0,39340,"Provo-Orem-Lehi, UT",0.3229,0.1448,0.81,,66055.0,38177.22466496068,1.73,"Lower Access, Higher Earnings"
230047,Brigham Young University-Hawaii,Hawaii,Professions-focused Baccalaureate Small,0,0,46520,"Urban Honolulu, HI",0.299,0.4496,1.22,,44702.0,37363.24461098715,1.2,"Higher Access, Medium Earnings"
230171,Utah Tech University,Utah,Special Focus: Arts and Sciences,1,0,41100,"St. George, UT",0.3231,0.2249,1.09,,41730.0,32045.010886475266,1.3,"Higher Access, Medium Earnings"
230366,Eagle Gate College-Murray,Utah,Special Focus: Nursing,0,0,41620,"Salt Lake City-Murray, UT",0.5081,0.3622,1.99,,35757.0,33704.13709559956,1.06,"Higher Access, Medium Earnings"
230418,Ensign College,Utah,Mixed Associate Medium,0,1,41620,"Salt Lake City-Murray, UT",0.1137,0.1609,0.47,,49054.0,39803.05724628095,1.23,"Lower Access, Medium Earnings"
230597,Snow College,Utah,Mixed Associate Medium,0,1,-2,Utah -- Not in metropolitan statistical area,0.3366,0.2179,1.24,,38474.0,30059.018939794718,1.28,"Opportunity Colleges and Universities – Higher Access, Higher Earnings"
230603,Southern Utah University,Utah,Mixed Undergraduate/Graduate-Master's Large/Medium,1,0,16260,"Cedar City, UT",0.3366,0.1472,0.84,,46085.0,30797.601578433358,1.5,"Lower Access, Higher Earnings"
230728,Utah State University,Utah,Mixed Undergraduate/Graduate-Doctorate Large,0,0,30860,"Logan, UT-ID",0.3097,0.1248,0.88,,50008.0,35016.230548957516,1.43,"Lower Access, Medium Earnings"
230737,Utah Valley University,Utah,Mixed Undergraduate/Graduate-Master's Large/Medium,1,0,39340,"Provo-Orem-Lehi, UT",0.366,0.1988,1.23,,50056.0,29448.571370078796,1.7,"Opportunity Colleges and Universities – Higher Access, Higher Earnings"
230746,Salt Lake Community College,Utah,Mixed Associate Large,0,1,41620,"Salt Lake City-Murray, UT",0.2456,0.3445,1.25,,44450.0,38995.094695778535,1.14,"Higher Access, Medium Earnings"
230764,University of Utah,Utah,Mixed Undergraduate/Graduate-Doctorate Large,0,0,41620,"Salt Lake City-Murray, UT",0.2086,0.2399,0.85,,61202.0,35578.04371147339,1.72,"Lower Access, Higher Earnings"
230782,Weber State University,Utah,Mixed Undergraduate/Graduate-Master's Large/Medium,1,0,36260,"Ogden, UT",0.3044,0.2152,1.23,,51525.0,35023.129623562556,1.47,"Higher Access, Medium Earnings"
230807,Westminster University,Utah,Mixed Undergraduate/Graduate-Master's Small,0,0,41620,"Salt Lake City-Murray, UT",0.2575,0.218,0.9,,58021.0,36236.71292913167,1.6,"Lower Access, Higher Earnings"
230816,Bennington College,Vermont,Special Focus: Arts and Sciences,0,0,13540,"Bennington, VT",0.2251,0.2227,0.71,,39270.0,42211.70698260997,0.93,"Lower Access, Lower Earnings"
230852,Champlain College,Vermont,Professions-focused Undergraduate/Graduate-Master's Large/Medium,0,0,15540,"Burlington-South Burlington, VT",0.2336,0.2403,0.88,,54937.0,39943.80967224242,1.38,"Lower Access, Medium Earnings"
230861,Community College of Vermont,Vermont,Professions-focused Associate Large/Medium,0,1,12740,"Barre, VT",0.4778,0.1456,2.01,,37006.0,39721.0774441776,0.93,"Higher Access, Lower Earnings"
230889,Goddard College,Vermont,Mixed Undergraduate/Graduate-Master's Small,0,0,12740,"Barre, VT",0.5619,0.339,1.5,,37532.0,38380.22591093113,0.98,"Higher Access, Lower Earnings"
230959,Middlebury College,Vermont,Special Focus: Arts and Sciences,0,0,-2,Vermont -- Not in metropolitan statistical area,0.1687,0.2698,0.69,,71957.0,41615.34263477285,1.73,"Lower Access, Higher Earnings"
230995,Norwich University,Vermont,Professions-focused Undergraduate/Graduate-Master's Large/Medium,0,0,12740,"Barre, VT",0.2527,0.2224,0.84,,68991.0,39247.23863771059,1.76,"Lower Access, Higher Earnings"
231059,Saint Michael's College,Vermont,Special Focus: Arts and Sciences,0,0,15540,"Burlington-South Burlington, VT",0.1783,0.1114,0.6,,50360.0,42985.55491183699,1.17,"Lower Access, Medium Earnings"
231068,SIT Graduate Institute,Vermont,Special Focus: Graduate Studies,0,0,14710,"Brattleboro, VT",0.0,,,,,,,Not Classified in SAEC
231095,Sterling College,Vermont,"Special Focus: Technology, Engineering, and Sciences",0,0,-2,Vermont -- Not in metropolitan statistical area,0.3977,0.1609,1.15,,32837.0,40654.275,0.81,"Higher Access, Lower Earnings"
231147,Vermont Law and Graduate School,Vermont,Special Focus: Law,0,0,30150,"Lebanon-Claremont, NH-VT",0.0,,,,,,,Not Classified in SAEC
231165,Vermont State University,Vermont,Professions-focused Baccalaureate Medium,1,0,30150,"Lebanon-Claremont, NH-VT",0.3659,0.1374,1.46,,48541.0,39254.05302437684,1.24,"Higher Access, Medium Earnings"
231174,University of Vermont,Vermont,Mixed Undergraduate/Graduate-Doctorate Medium,0,0,15540,"Burlington-South Burlington, VT",0.1346,0.0988,0.43,,57451.0,41933.79281100682,1.37,"Lower Access, Medium Earnings"
231411,Advanced Technology Institute,Virginia,Special Focus: Applied and Career Studies,0,1,47260,"Virginia Beach-Chesapeake-Norfolk, VA-NC",0.3551,0.5617,1.36,,45223.0,36189.28295334441,1.25,"Opportunity Colleges and Universities – Higher Access, Higher Earnings"
231420,Averett University,Virginia,Professions-focused Undergraduate/Graduate-Master's Small,0,0,19260,"Danville, VA",0.397,0.446,1.4,,49603.0,38237.10838544174,1.3,"Higher Access, Medium Earnings"
231536,Blue Ridge Community College,Virginia,Mixed Associate Medium,0,1,44420,"Staunton-Stuarts Draft, VA",0.4531,0.2714,1.74,,38305.0,37024.60884084481,1.03,"Higher Access, Medium Earnings"
231554,Bluefield University,Virginia,Professions-focused Undergraduate/Graduate-Master's Small,0,0,14140,"Bluefield, WV-VA",0.5261,0.317,1.5,,44360.0,38059.28849838207,1.17,"Higher Access, Medium Earnings"
231581,Bridgewater College,Virginia,Special Focus: Arts and Sciences,0,0,25500,"Harrisonburg, VA",0.2951,0.2742,1.0,,50239.0,42808.335702758806,1.17,"Higher Access, Medium Earnings"
231624,William & Mary,Virginia,Mixed Undergraduate/Graduate-Doctorate Medium,0,0,47260,"Virginia Beach-Chesapeake-Norfolk, VA-NC",0.1211,0.2303,0.59,,67721.0,40668.40814893649,1.67,"Lower Access, Higher Earnings"
231651,Regent University,Virginia,Mixed Undergraduate/Graduate-Doctorate Medium,0,0,47260,"Virginia Beach-Chesapeake-Norfolk, VA-NC",0.5089,0.4888,1.62,,43460.0,37982.27613372184,1.14,"Higher Access, Medium Earnings"
231697,Central Virginia Community College,Virginia,Mixed Associate Medium,0,1,31340,"Lynchburg, VA",0.5471,0.3699,1.68,,35883.0,32524.319358543024,1.1,"Higher Access, Medium Earnings"
231712,Christopher Newport University,Virginia,Special Focus: Arts and Sciences,1,0,47260,"Virginia Beach-Chesapeake-Norfolk, VA-NC",0.1459,0.2121,0.53,,57119.0,40617.832457706885,1.41,"Lower Access, Medium Earnings"
231785,Bryant & Stratton College-Virginia Beach,Virginia,Special Focus: Other Health Professions,0,1,47260,"Virginia Beach-Chesapeake-Norfolk, VA-NC",0.6238,0.7449,2.04,,30130.0,34256.25645770794,0.88,"Higher Access, Lower Earnings"
231873,Mountain Gateway Community College,Virginia,Professions-focused Associate Small,0,1,-2,Virginia -- Not in metropolitan statistical area,0.5089,0.1788,1.14,,34362.0,28991.54321339564,1.19,"Higher Access, Medium Earnings"
231882,Danville Community College,Virginia,Mixed Associate Small,0,1,19260,"Danville, VA",0.6395,0.471,1.3,,31185.0,39296.8747559061,0.79,"Higher Access, Lower Earnings"
231970,Eastern Virginia Medical School,Virginia,Special Focus: Medical Schools and Centers,0,0,47260,"Virginia Beach-Chesapeake-Norfolk, VA-NC",0.0,,,,,,,Not Classified in SAEC
232016,Centura College-Virginia Beach,Virginia,Professions-focused Associate/Baccalaureate,0,1,47260,"Virginia Beach-Chesapeake-Norfolk, VA-NC",0.7064,0.7607,2.22,,25977.0,32861.52231583953,0.79,"Higher Access, Lower Earnings"
232025,Emory & Henry University,Virginia,Mixed Undergraduate/Graduate-Doctorate Small,0,0,28700,"Kingsport-Bristol, TN-VA",0.4085,0.2307,1.1,,44974.0,40192.96938090051,1.12,"Higher Access, Medium Earnings"
232043,Eastern Mennonite University,Virginia,Professions-focused Undergraduate/Graduate-Master's Small,0,0,25500,"Harrisonburg, VA",0.2913,0.2932,1.05,,53356.0,40746.96222154435,1.31,"Higher Access, Medium Earnings"
232052,Eastern Shore Community College,Virginia,Mixed Associate Small,0,1,-2,Virginia -- Not in metropolitan statistical area,0.5819,0.5966,2.41,,31002.0,25804.97235527942,1.2,"Higher Access, Medium Earnings"
232089,Ferrum College,Virginia,Professions-focused Baccalaureate Small,0,0,40220,"Roanoke, VA",0.4869,0.4148,1.55,,41107.0,38210.59591731382,1.08,"Higher Access, Medium Earnings"
232186,George Mason University,Virginia,Mixed Undergraduate/Graduate-Doctorate Large,0,0,47900,"Washington-Arlington-Alexandria, DC-VA-MD-WV",0.3013,0.3834,1.2,,68053.0,41579.43769573014,1.64,"Opportunity Colleges and Universities – Higher Access, Higher Earnings"
232195,Germanna Community College,Virginia,Mixed Associate Medium,0,1,29470,"Lake of the Woods, VA",0.3683,0.4389,1.7,,36920.0,28702.571760419585,1.29,"Opportunity Colleges and Universities – Higher Access, Higher Earnings"
232256,Hampden-Sydney College,Virginia,Special Focus: Arts and Sciences,0,0,-2,Virginia -- Not in metropolitan statistical area,0.22,0.1946,0.71,,63236.0,41711.06515860112,1.52,"Lower Access, Higher Earnings"
232265,Hampton University,Virginia,Professions-focused Baccalaureate Medium,0,0,47260,"Virginia Beach-Chesapeake-Norfolk, VA-NC",0.3809,0.9864,2.1,,53813.0,31051.111973558487,1.73,"Opportunity Colleges and Universities – Higher Access, Higher Earnings"
232308,Hollins University,Virginia,Mixed Undergraduate/Graduate-Master's Small,0,0,40220,"Roanoke, VA",0.3324,0.3474,1.14,,37135.0,40101.17935949765,0.93,"Higher Access, Lower Earnings"
232414,J Sargeant Reynolds Community College,Virginia,Mixed Associate Medium,0,1,40060,"Richmond, VA",0.4285,0.482,1.53,,35686.0,38924.36079672134,0.92,"Higher Access, Lower Earnings"
232423,James Madison University,Virginia,Mixed Undergraduate/Graduate-Master's Large/Medium,1,0,25500,"Harrisonburg, VA",0.1715,0.1821,0.7,,64070.0,37313.29160614798,1.72,"Lower Access, Higher Earnings"
232450,Brightpoint Community College,Virginia,Professions-focused Associate Large/Medium,0,1,40060,"Richmond, VA",0.3455,0.4635,1.33,,37040.0,40464.973506117356,0.92,"Higher Access, Lower Earnings"
232557,Liberty University,Virginia,Mixed Undergraduate/Graduate-Doctorate Large,0,0,31340,"Lynchburg, VA",0.3939,0.2879,1.12,,40638.0,36175.29661440788,1.12,"Higher Access, Medium Earnings"
232566,Longwood University,Virginia,Mixed Undergraduate/Graduate-Master's Large/Medium,1,0,-2,Virginia -- Not in metropolitan statistical area,0.2725,0.2427,1.0,,48859.0,29363.238348220817,1.66,"Opportunity Colleges and Universities – Higher Access, Higher Earnings"
232575,Laurel Ridge Community College,Virginia,Mixed Associate Medium,0,1,49020,"Winchester, VA-WV",0.3288,0.2941,1.65,,38377.0,37057.944432091615,1.04,"Higher Access, Medium Earnings"
232609,University of Lynchburg,Virginia,Mixed Undergraduate/Graduate-Doctorate Small,0,0,31340,"Lynchburg, VA",0.2954,0.2566,0.97,,49996.0,42140.20046739094,1.19,"Lower Access, Medium Earnings"
232618,Centra College,Virginia,Special Focus: Nursing,0,1,31340,"Lynchburg, VA",0.4367,0.2278,,,49574.0,,,Not Classified in SAEC
232672,Mary Baldwin University,Virginia,Professions-focused Undergraduate/Graduate-Doctorate Small,0,0,44420,"Staunton-Stuarts Draft, VA",0.4903,0.427,1.59,,42645.0,39664.80441048216,1.08,"Higher Access, Medium Earnings"
232681,University of Mary Washington,Virginia,Special Focus: Arts and Sciences,1,0,47900,"Washington-Arlington-Alexandria, DC-VA-MD-WV",0.2053,0.2724,0.84,,54986.0,53956.61485642202,1.02,"Lower Access, Medium Earnings"
232706,Marymount University,Virginia,Professions-focused Undergraduate/Graduate-Doctorate Medium,0,0,47900,"Washington-Arlington-Alexandria, DC-VA-MD-WV",0.2851,0.5537,1.35,,63019.0,40325.44346695645,1.56,"Opportunity Colleges and Universities – Higher Access, Higher Earnings"
232724,Sovah School of Health Professions,Virginia,Special Focus: Applied and Career Studies,0,1,19260,"Danville, VA",0.3043,0.1186,,,51962.0,,,Not Classified in SAEC
232788,Mountain Empire Community College,Virginia,Professions-focused Associate Small,0,1,-2,Virginia -- Not in metropolitan statistical area,0.6951,0.0619,1.02,,29658.0,29242.087463635376,1.01,"Higher Access, Medium Earnings"
232797,American National University,Virginia,Special Focus: Other Health Professions,0,1,40220,"Roanoke, VA",0.7147,0.4986,2.05,,25768.0,33261.527028373945,0.77,"Higher Access, Lower Earnings"
232867,New River Community College,Virginia,Mixed Associate Medium,0,1,13980,"Blacksburg-Christiansburg-Radford, VA",0.4375,0.1476,1.59,,37173.0,31679.685662025353,1.17,"Higher Access, Medium Earnings"
232885,Sentara College of Health Sciences,Virginia,Special Focus: Nursing,0,0,47260,"Virginia Beach-Chesapeake-Norfolk, VA-NC",0.4066,0.2605,,,78797.0,,,Not Classified in SAEC
232937,Norfolk State University,Virginia,Mixed Baccalaureate,1,0,47260,"Virginia Beach-Chesapeake-Norfolk, VA-NC",0.6229,0.9748,2.38,,40645.0,31933.005083915843,1.27,"Higher Access, Medium Earnings"
232946,Northern Virginia Community College,Virginia,Mixed Associate Large,0,1,47900,"Washington-Arlington-Alexandria, DC-VA-MD-WV",0.3187,0.5316,1.47,,46652.0,52460.65930127937,0.89,"Higher Access, Lower Earnings"
232982,Old Dominion University,Virginia,Mixed Undergraduate/Graduate-Doctorate Large,1,0,47260,"Virginia Beach-Chesapeake-Norfolk, VA-NC",0.3739,0.5127,1.32,,51738.0,38065.071625697085,1.36,"Higher Access, Medium Earnings"
233019,Patrick & Henry Community College,Virginia,Mixed Associate Small,0,1,32300,"Martinsville, VA",0.6146,0.4059,1.25,,31730.0,26575.393665494135,1.19,"Higher Access, Medium Earnings"
233037,Paul D Camp Community College,Virginia,Mixed Associate Small,0,1,-2,Virginia -- Not in metropolitan statistical area,0.5482,0.5653,2.22,,29777.0,25976.54538958615,1.15,"Higher Access, Medium Earnings"
233082,Southside College of Health Sciences,Virginia,Special Focus: Nursing,0,1,40060,"Richmond, VA",0.3107,0.252,,,66483.0,,,Not Classified in SAEC
233116,Piedmont Virginia Community College,Virginia,Mixed Associate Medium,0,1,16820,"Charlottesville, VA",0.4303,0.3383,2.0,,36775.0,39841.367290064416,0.92,"Higher Access, Lower Earnings"
233277,Radford University,Virginia,Professions-focused Undergraduate/Graduate-Master's Large/Medium,1,0,13980,"Blacksburg-Christiansburg-Radford, VA",0.3574,0.3084,1.96,,50773.0,32312.303925339973,1.57,"Opportunity Colleges and Universities – Higher Access, Higher Earnings"
233295,Randolph-Macon College,Virginia,Special Focus: Arts and Sciences,0,0,40060,"Richmond, VA",0.2039,0.2007,0.71,,54896.0,42264.763578631835,1.3,"Lower Access, Medium Earnings"
233301,Randolph College,Virginia,Special Focus: Arts and Sciences,0,0,31340,"Lynchburg, VA",0.4208,0.3658,1.37,,43738.0,41400.99153967101,1.06,"Higher Access, Medium Earnings"
233310,Rappahannock Community College,Virginia,Mixed Associate Small,0,1,47260,"Virginia Beach-Chesapeake-Norfolk, VA-NC",0.5027,0.407,1.41,,33898.0,39543.5484276935,0.86,"Higher Access, Lower Earnings"
233329,Fortis College-Norfolk,Virginia,Special Focus: Nursing,0,1,47260,"Virginia Beach-Chesapeake-Norfolk, VA-NC",0.6619,0.8644,2.27,,28875.0,33672.5071942446,0.86,"Higher Access, Lower Earnings"
233338,Richard Bland College,Virginia,Mixed Associate Small,0,1,40060,"Richmond, VA",0.4501,0.5106,1.58,,37088.0,39165.261001319705,0.95,"Higher Access, Lower Earnings"
233356,Bon Secours Memorial College of Nursing,Virginia,Special Focus: Nursing,0,0,40060,"Richmond, VA",0.2058,0.2963,,,72735.0,,,Not Classified in SAEC
233374,University of Richmond,Virginia,Mixed Undergraduate/Graduate-Doctorate Medium,0,0,40060,"Richmond, VA",0.1799,0.2389,0.66,,73948.0,39619.01796288712,1.87,"Lower Access, Higher Earnings"
233408,Riverside College of Health Careers,Virginia,Special Focus: Nursing,0,1,47260,"Virginia Beach-Chesapeake-Norfolk, VA-NC",0.4792,0.3765,1.33,,59944.0,40528.106180665614,1.48,"Opportunity Colleges and Universities – Higher Access, Higher Earnings"
233426,Roanoke College,Virginia,Special Focus: Arts and Sciences,0,0,40220,"Roanoke, VA",0.2471,0.1625,0.7,,52365.0,42736.99082996409,1.23,"Lower Access, Medium Earnings"
233541,Shenandoah University,Virginia,Professions-focused Undergraduate/Graduate-Doctorate Medium,0,0,49020,"Winchester, VA-WV",0.2185,0.2615,0.83,,52579.0,41228.17449027089,1.28,"Lower Access, Medium Earnings"
233602,Southeastern Free Will Baptist Bible College,North Carolina,Special Focus: Theological Studies,0,0,39580,"Raleigh-Cary, NC",0.3649,0.0909,,,,,,Not Classified in SAEC
233611,Southern Virginia University,Virginia,Special Focus: Arts and Sciences,0,0,-2,Virginia -- Not in metropolitan statistical area,0.4329,0.2343,1.17,,39289.0,38847.17978874319,1.01,"Higher Access, Medium Earnings"
233639,Southside Virginia Community College,Virginia,Mixed Associate Medium,0,1,-2,Virginia -- Not in metropolitan statistical area,0.6271,0.5398,2.3,,31476.0,25713.546537850507,1.22,"Higher Access, Medium Earnings"
233648,Southwest Virginia Community College,Virginia,Mixed Associate Small,0,1,14140,"Bluefield, WV-VA",0.6374,0.0815,1.16,,32672.0,27053.57816310743,1.21,"Higher Access, Medium Earnings"
233684,Strayer University-Virginia,Virginia,Special Focus: Business,0,0,47900,"Washington-Arlington-Alexandria, DC-VA-MD-WV",0.5471,0.6952,2.18,,37064.0,37124.94038081806,1.0,"Higher Access, Medium Earnings"
233718,Sweet Briar College,Virginia,Special Focus: Arts and Sciences,0,0,31340,"Lynchburg, VA",0.3171,0.1784,0.85,,46254.0,41342.55630065389,1.12,"Lower Access, Medium Earnings"
233754,Virginia Peninsula Community College,Virginia,Mixed Associate Medium,0,1,47260,"Virginia Beach-Chesapeake-Norfolk, VA-NC",0.4083,0.5238,1.39,,34478.0,37148.557209683364,0.93,"Higher Access, Lower Earnings"
233772,Tidewater Community College,Virginia,Mixed Associate Large,0,1,47260,"Virginia Beach-Chesapeake-Norfolk, VA-NC",0.3857,0.5183,1.34,,34428.0,37026.53335794937,0.93,"Higher Access, Lower Earnings"
233842,Union Presbyterian Seminary,Virginia,Special Focus: Theological Studies,0,0,40060,"Richmond, VA",0.0,,,,,,,Not Classified in SAEC
233897,University of Virginia's College at Wise,Virginia,Special Focus: Arts and Sciences,1,0,-2,Virginia -- Not in metropolitan statistical area,0.5145,0.1469,1.03,,41513.0,28834.126886022263,1.44,"Higher Access, Medium Earnings"
233903,Virginia Highlands Community College,Virginia,Professions-focused Associate Small,0,1,28700,"Kingsport-Bristol, TN-VA",0.6407,0.0879,1.48,,34356.0,29447.0283011704,1.17,"Higher Access, Medium Earnings"
233921,Virginia Polytechnic Institute and State University,Virginia,Mixed Undergraduate/Graduate-Doctorate Large,0,0,13980,"Blacksburg-Christiansburg-Radford, VA",0.1506,0.2266,0.64,,75717.0,43529.069788716246,1.74,"Lower Access, Higher Earnings"
233949,Virginia Western Community College,Virginia,Professions-focused Associate Large/Medium,0,1,40220,"Roanoke, VA",0.473,0.2745,1.51,,36672.0,36066.57865294028,1.02,"Higher Access, Medium Earnings"
234030,Virginia Commonwealth University,Virginia,Mixed Undergraduate/Graduate-Doctorate Large,0,0,40060,"Richmond, VA",0.3029,0.4225,1.29,,54212.0,41394.222590515514,1.31,"Higher Access, Medium Earnings"
234076,University of Virginia-Main Campus,Virginia,Mixed Undergraduate/Graduate-Doctorate Large,0,0,16820,"Charlottesville, VA",0.1396,0.2261,0.62,,80156.0,42101.89877046998,1.9,"Lower Access, Higher Earnings"
234085,Virginia Military Institute,Virginia,Special Focus: Arts and Sciences,1,0,-2,Virginia -- Not in metropolitan statistical area,0.1647,0.1952,0.65,,78129.0,34095.3304029223,2.29,"Lower Access, Higher Earnings"
234137,Virginia University of Lynchburg,Virginia,Special Focus: Business,0,0,31340,"Lynchburg, VA",0.7853,0.8833,2.66,,25305.0,31695.91678131083,0.8,"Higher Access, Lower Earnings"
234155,Virginia State University,Virginia,Special Focus: Arts and Sciences,1,0,40060,"Richmond, VA",0.7108,0.9622,2.68,,39572.0,30353.221240560822,1.3,"Higher Access, Medium Earnings"
234164,Virginia Union University,Virginia,Mixed Undergraduate/Graduate-Master's Small,0,0,40060,"Richmond, VA",0.5189,0.9847,2.45,,35235.0,31526.81382795901,1.12,"Higher Access, Medium Earnings"
234173,Virginia Wesleyan University,Virginia,Special Focus: Arts and Sciences,0,0,47260,"Virginia Beach-Chesapeake-Norfolk, VA-NC",0.3354,0.4484,1.35,,47428.0,40385.09262958785,1.17,"Higher Access, Medium Earnings"
234207,Washington and Lee University,Virginia,Mixed Undergraduate/Graduate-Doctorate Small,0,0,-2,Virginia -- Not in metropolitan statistical area,0.1109,0.1802,0.45,,89772.0,40246.57233643538,2.23,"Lower Access, Higher Earnings"
234377,Wytheville Community College,Virginia,Mixed Associate Small,0,1,-2,Virginia -- Not in metropolitan statistical area,0.5921,0.1204,1.07,,31164.0,28668.889476972283,1.09,"Higher Access, Medium Earnings"
234669,Bellevue College,Washington,Mixed Associate/Baccalaureate,0,1,42660,"Seattle-Tacoma-Bellevue, WA",0.1304,0.3286,1.07,,53687.0,51047.28756589749,1.05,"Higher Access, Medium Earnings"
234696,Bellingham Technical College,Washington,Special Focus: Applied and Career Studies,0,1,13380,"Bellingham, WA",0.3286,0.272,1.47,,46084.0,34225.73278288005,1.35,"Opportunity Colleges and Universities – Higher Access, Higher Earnings"
234711,Big Bend Community College,Washington,Mixed Associate Small,0,1,34180,"Moses Lake, WA",0.31,0.5454,1.1,,40037.0,34153.707757697666,1.17,"Higher Access, Medium Earnings"
234827,Central Washington University,Washington,Professions-focused Undergraduate/Graduate-Master's Large/Medium,1,0,21260,"Ellensburg, WA",0.3488,0.3722,1.76,,55463.0,36473.13822835468,1.52,"Opportunity Colleges and Universities – Higher Access, Higher Earnings"
234845,Centralia College,Washington,Mixed Associate/Baccalaureate,0,1,16500,"Centralia, WA",0.2824,0.3237,1.55,,37195.0,29694.269521848782,1.25,"Opportunity Colleges and Universities – Higher Access, Higher Earnings"
234915,City University of Seattle,Washington,Special Focus: Business,0,0,42660,"Seattle-Tacoma-Bellevue, WA",0.1403,0.4085,1.12,,60016.0,38792.544144602856,1.55,"Opportunity Colleges and Universities – Higher Access, Higher Earnings"
234933,Clark College,Washington,Mixed Associate Medium,0,1,38900,"Portland-Vancouver-Hillsboro, OR-WA",0.2672,0.31,1.38,,40236.0,40797.86967479402,0.99,"Higher Access, Lower Earnings"
234951,Clover Park Technical College,Washington,Special Focus: Applied and Career Studies,0,1,42660,"Seattle-Tacoma-Bellevue, WA",0.2103,0.452,1.59,,40447.0,47471.703800680785,0.85,"Higher Access, Lower Earnings"
234979,Columbia Basin College,Washington,Mixed Associate/Baccalaureate,1,1,28420,"Kennewick-Richland, WA",0.2909,0.5797,1.36,,43234.0,37627.30441789404,1.15,"Higher Access, Medium Earnings"
235024,Cornish College of the Arts,Washington,"Special Focus: Arts, Music, and Design",0,0,42660,"Seattle-Tacoma-Bellevue, WA",0.3197,0.2102,0.95,,31152.0,40359.973803680754,0.77,"Lower Access, Lower Earnings"
235097,Eastern Washington University,Washington,Mixed Undergraduate/Graduate-Doctorate Medium,1,0,44060,"Spokane-Spokane Valley, WA",0.3768,0.3533,1.81,,52481.0,34981.403454819105,1.5,"Opportunity Colleges and Universities – Higher Access, Higher Earnings"
235103,Edmonds College,Washington,Mixed Associate Medium,0,1,42660,"Seattle-Tacoma-Bellevue, WA",0.2182,0.3834,1.42,,44954.0,49328.27338856781,0.91,"Higher Access, Lower Earnings"
235149,Everett Community College,Washington,Mixed Associate Medium,0,1,42660,"Seattle-Tacoma-Bellevue, WA",0.1771,0.3562,1.27,,43529.0,48633.50009220937,0.9,"Higher Access, Lower Earnings"
235167,The Evergreen State College,Washington,Special Focus: Arts and Sciences,1,0,36500,"Olympia-Lacey-Tumwater, WA",0.4195,0.3212,1.48,,40332.0,36679.84770026622,1.1,"Higher Access, Medium Earnings"
235237,Pierce College District,Washington,Mixed Associate Medium,0,1,42660,"Seattle-Tacoma-Bellevue, WA",0.2598,0.4794,1.76,,44552.0,47374.87560927348,0.94,"Higher Access, Lower Earnings"
235316,Gonzaga University,Washington,Mixed Undergraduate/Graduate-Doctorate Medium,0,0,44060,"Spokane-Spokane Valley, WA",0.1343,0.2393,0.65,,76082.0,40784.75004602872,1.87,"Lower Access, Higher Earnings"
235334,Grays Harbor College,Washington,Mixed Associate Small,0,1,10140,"Aberdeen, WA",0.3393,0.3398,1.42,,37645.0,31476.236381976098,1.2,"Higher Access, Medium Earnings"
235343,Green River College,Washington,Mixed Associate/Baccalaureate,0,1,42660,"Seattle-Tacoma-Bellevue, WA",0.2191,0.428,1.54,,44641.0,49068.94278798531,0.91,"Higher Access, Lower Earnings"
235422,Heritage University,Washington,Professions-focused Baccalaureate Small,0,0,49420,"Yakima, WA",0.6269,0.9063,3.42,,51324.0,36027.233618233615,1.42,"Higher Access, Medium Earnings"
235431,Highline College,Washington,Mixed Associate Medium,0,1,42660,"Seattle-Tacoma-Bellevue, WA",0.1853,0.5693,1.76,,45176.0,48439.240546954556,0.93,"Higher Access, Lower Earnings"
235547,Bastyr University,Washington,Special Focus: Other Health Professions,0,0,42660,"Seattle-Tacoma-Bellevue, WA",0.3836,0.1786,,,50438.0,,,Not Classified in SAEC
235671,Bates Technical College,Washington,Special Focus: Applied and Career Studies,0,1,42660,"Seattle-Tacoma-Bellevue, WA",0.1921,0.3973,1.41,,50315.0,45540.54933931252,1.1,"Higher Access, Medium Earnings"
235699,Lake Washington Institute of Technology,Washington,Professions-focused Associate/Baccalaureate,0,1,42660,"Seattle-Tacoma-Bellevue, WA",0.1667,0.3635,1.26,,49469.0,50521.81940088977,0.98,"Higher Access, Lower Earnings"
235750,Lower Columbia College,Washington,Mixed Associate Small,0,1,31020,"Longview-Kelso, WA",0.3536,0.2541,1.39,,38501.0,33110.0633155215,1.16,"Higher Access, Medium Earnings"
236072,North Seattle College,Washington,Professions-focused Associate/Baccalaureate,0,1,42660,"Seattle-Tacoma-Bellevue, WA",0.2296,0.4626,1.62,,46365.0,48241.42216978653,0.96,"Higher Access, Lower Earnings"
236133,Northwest University,Washington,Professions-focused Undergraduate/Graduate-Master's Small,0,0,42660,"Seattle-Tacoma-Bellevue, WA",0.25,0.2984,1.16,,53555.0,40799.162476424186,1.31,"Higher Access, Medium Earnings"
236188,Olympic College,Washington,Mixed Associate Medium,0,1,14740,"Bremerton-Silverdale-Port Orchard, WA",0.1815,0.3215,1.27,,39194.0,38188.09495378505,1.03,"Higher Access, Medium Earnings"
236212,Perry Technical Institute,Washington,Special Focus: Applied and Career Studies,0,1,49420,"Yakima, WA",0.4931,0.6578,1.21,,58584.0,33308.709463901774,1.76,"Opportunity Colleges and Universities – Higher Access, Higher Earnings"
236230,Pacific Lutheran University,Washington,Special Focus: Arts and Sciences,0,0,42660,"Seattle-Tacoma-Bellevue, WA",0.3342,0.3642,1.43,,60142.0,41820.24757169085,1.44,"Higher Access, Medium Earnings"
236258,Peninsula College,Washington,Mixed Associate Small,0,1,38820,"Port Angeles, WA",0.4362,0.338,1.67,,35014.0,30829.267047942973,1.14,"Higher Access, Medium Earnings"
236328,University of Puget Sound,Washington,Special Focus: Arts and Sciences,0,0,42660,"Seattle-Tacoma-Bellevue, WA",0.1671,0.251,0.68,,55567.0,41026.123796257096,1.35,"Lower Access, Medium Earnings"
236382,Renton Technical College,Washington,Special Focus: Applied and Career Studies,0,1,42660,"Seattle-Tacoma-Bellevue, WA",0.3438,0.5005,2.05,,47221.0,48115.169072254124,0.98,"Higher Access, Lower Earnings"
236452,Saint Martin's University,Washington,Mixed Baccalaureate,0,0,36500,"Olympia-Lacey-Tumwater, WA",0.404,0.5051,1.83,,60492.0,40360.70077030813,1.5,"Opportunity Colleges and Universities – Higher Access, Higher Earnings"
236504,South Seattle College,Washington,Mixed Associate Medium,0,1,42660,"Seattle-Tacoma-Bellevue, WA",0.288,0.5013,1.89,,47576.0,48174.14527405827,0.99,"Higher Access, Lower Earnings"
236513,Seattle Central College,Washington,Professions-focused Associate Large/Medium,0,1,42660,"Seattle-Tacoma-Bellevue, WA",0.2713,0.4866,1.77,,39518.0,48558.90598117688,0.81,"Higher Access, Lower Earnings"
236577,Seattle Pacific University,Washington,Mixed Undergraduate/Graduate-Doctorate Small,0,0,42660,"Seattle-Tacoma-Bellevue, WA",0.335,0.3979,1.44,,59612.0,41519.139695267644,1.44,"Higher Access, Medium Earnings"
236595,Seattle University,Washington,Mixed Undergraduate/Graduate-Doctorate Medium,0,0,42660,"Seattle-Tacoma-Bellevue, WA",0.2166,0.3406,0.95,,72612.0,41506.29866351677,1.75,"Lower Access, Higher Earnings"
236610,Shoreline Community College,Washington,Mixed Associate Medium,0,1,42660,"Seattle-Tacoma-Bellevue, WA",0.152,0.3612,1.16,,45648.0,49042.27360141081,0.93,"Higher Access, Lower Earnings"
236638,Skagit Valley College,Washington,Mixed Associate Medium,0,1,34580,"Mount Vernon-Anacortes, WA",0.2798,0.4217,1.49,,41294.0,38981.84353168155,1.06,"Higher Access, Medium Earnings"
236656,South Puget Sound Community College,Washington,Mixed Associate Medium,0,1,36500,"Olympia-Lacey-Tumwater, WA",0.2395,0.3592,1.39,,40105.0,35510.359032402404,1.13,"Higher Access, Medium Earnings"
236692,Spokane Community College,Washington,Professions-focused Associate Large/Medium,0,1,44060,"Spokane-Spokane Valley, WA",0.3987,0.2679,1.61,,40492.0,34395.88579514509,1.18,"Higher Access, Medium Earnings"
236708,Spokane Falls Community College,Washington,Mixed Associate Medium,0,1,44060,"Spokane-Spokane Valley, WA",0.3032,0.2674,1.44,,36433.0,34235.87064125025,1.06,"Higher Access, Medium Earnings"
236753,Tacoma Community College,Washington,Mixed Associate Medium,0,1,42660,"Seattle-Tacoma-Bellevue, WA",0.2611,0.4703,1.73,,44369.0,46988.92264754765,0.94,"Higher Access, Lower Earnings"
236887,Walla Walla Community College,Washington,Professions-focused Associate Large/Medium,0,1,47460,"Walla Walla, WA",0.3363,0.4409,1.47,,40891.0,37961.245204962455,1.08,"Higher Access, Medium Earnings"
236896,Walla Walla University,Washington,Professions-focused Baccalaureate Small,0,0,47460,"Walla Walla, WA",0.265,0.38,1.08,,58743.0,40726.75863131735,1.44,"Higher Access, Medium Earnings"
236939,Washington State University,Washington,Mixed Undergraduate/Graduate-Doctorate Large,0,0,39420,"Pullman, WA",0.26,0.2988,1.14,,61897.0,41864.00691075903,1.48,"Higher Access, Medium Earnings"
236948,University of Washington-Seattle Campus,Washington,Mixed Undergraduate/Graduate-Doctorate Large,0,0,42660,"Seattle-Tacoma-Bellevue, WA",0.181,0.2628,0.85,,70968.0,45263.591224049305,1.57,"Lower Access, Higher Earnings"
236975,Wenatchee Valley College,Washington,Mixed Associate Small,0,1,48300,"Wenatchee-East Wenatchee, WA",0.2959,0.5902,1.6,,38684.0,35220.68081738056,1.1,"Higher Access, Medium Earnings"
237011,Western Washington University,Washington,Mixed Undergraduate/Graduate-Master's Large/Medium,1,0,13380,"Bellingham, WA",0.2094,0.2337,1.03,,53473.0,35705.183531996496,1.5,"Opportunity Colleges and Universities – Higher Access, Higher Earnings"
237039,Whatcom Community College,Washington,Mixed Associate Medium,0,1,13380,"Bellingham, WA",0.2198,0.2923,1.3,,41372.0,35038.64735096089,1.18,"Higher Access, Medium Earnings"
237057,Whitman College,Washington,Special Focus: Arts and Sciences,0,0,47460,"Walla Walla, WA",0.1489,0.2261,0.64,,60428.0,40963.0789885325,1.48,"Lower Access, Medium Earnings"
237066,Whitworth University,Washington,Special Focus: Arts and Sciences,0,0,44060,"Spokane-Spokane Valley, WA",0.2813,0.2901,1.15,,56792.0,41260.12823299767,1.38,"Higher Access, Medium Earnings"
237109,Yakima Valley College,Washington,Mixed Associate/Baccalaureate,0,1,49420,"Yakima, WA",0.3838,0.7001,1.14,,39118.0,32953.830252568456,1.19,"Higher Access, Medium Earnings"
237136,Appalachian Bible College,West Virginia,Special Focus: Theological Studies,0,0,13220,"Beckley, WV",0.5488,0.0261,,,32792.0,,,Not Classified in SAEC
237181,Bethany College,West Virginia,Special Focus: Arts and Sciences,0,0,48260,"Weirton-Steubenville, WV-OH",0.4139,0.327,1.38,,39623.0,37457.497835078844,1.06,"Higher Access, Medium Earnings"
237215,Bluefield State University,West Virginia,Professions-focused Baccalaureate Small,1,0,14140,"Bluefield, WV-VA",0.4075,0.2537,1.34,,40604.0,28377.255101608105,1.43,"Higher Access, Medium Earnings"
237312,University of Charleston,West Virginia,Special Focus: Business,0,0,16620,"Charleston, WV",0.2906,0.2041,1.08,,49711.0,32661.603874535147,1.52,"Opportunity Colleges and Universities – Higher Access, Higher Earnings"
237330,Concord University,West Virginia,Mixed Undergraduate/Graduate-Master's Small,1,0,14140,"Bluefield, WV-VA",0.4996,0.1518,1.11,,38712.0,29664.178180252293,1.31,"Higher Access, Medium Earnings"
237358,Davis & Elkins College,West Virginia,Professions-focused Baccalaureate Small,0,0,21180,"Elkins, WV",0.4068,0.1742,1.02,,36097.0,32017.319511327285,1.13,"Higher Access, Medium Earnings"
237367,Fairmont State University,West Virginia,Professions-focused Baccalaureate Medium,1,0,21900,"Fairmont, WV",0.38,0.0989,1.05,,42893.0,34170.465936592445,1.26,"Higher Access, Medium Earnings"
237385,Glenville State University,West Virginia,Special Focus: Arts and Sciences,1,0,-2,West Virginia -- Not in metropolitan statistical area,0.5391,0.2185,1.68,,38760.0,30955.555129504188,1.25,"Higher Access, Medium Earnings"
237437,Huntington Junior College,West Virginia,Special Focus: Other Health Professions,0,1,26580,"Huntington-Ashland, WV-KY-OH",0.8889,0.194,2.4,,20217.0,28217.32492852766,0.72,"Higher Access, Lower Earnings"
237525,Marshall University,West Virginia,Professions-focused Undergraduate/Graduate-Doctorate Medium,1,0,26580,"Huntington-Ashland, WV-KY-OH",0.4336,0.1294,1.32,,43449.0,29202.299852187905,1.49,"Higher Access, Medium Earnings"
237598,Mountain State College,West Virginia,Special Focus: Applied and Career Studies,0,1,37620,"Parkersburg-Vienna, WV",0.9,0.069,,,18905.0,,,Not Classified in SAEC
237686,West Virginia University at Parkersburg,West Virginia,Professions-focused Associate/Baccalaureate,1,1,37620,"Parkersburg-Vienna, WV",0.4553,0.0663,1.21,,32355.0,28822.290793668977,1.12,"Higher Access, Medium Earnings"
237701,Potomac State College of West Virginia University,West Virginia,Mixed Associate/Baccalaureate,0,1,19060,"Cumberland, MD-WV",0.4806,0.1457,1.21,,52556.0,33968.74657655886,1.55,"Opportunity Colleges and Universities – Higher Access, Higher Earnings"
237783,Salem University,West Virginia,Special Focus: Business,0,0,17220,"Clarksburg, WV",0.5144,0.4005,1.49,,36162.0,32636.3656690153,1.11,"Higher Access, Medium Earnings"
237792,Shepherd University,West Virginia,Mixed Baccalaureate,1,0,47900,"Washington-Arlington-Alexandria, DC-VA-MD-WV",0.3259,0.2405,1.09,,47170.0,55045.10851660455,0.86,"Higher Access, Lower Earnings"
237817,Southern West Virginia Community and Technical College,West Virginia,Professions-focused Associate Small,0,1,-2,West Virginia -- Not in metropolitan statistical area,0.6493,0.0329,0.97,,29044.0,25199.390138920535,1.15,"Lower Access, Medium Earnings"
237880,West Virginia School of Osteopathic Medicine,West Virginia,Special Focus: Medical Schools and Centers,0,0,-2,,0.0,,,,,,,Not Classified in SAEC
237899,West Virginia State University,West Virginia,Special Focus: Arts and Sciences,1,0,16620,"Charleston, WV",0.4692,0.2664,1.72,,38867.0,29663.232770180784,1.31,"Higher Access, Medium Earnings"
237932,West Liberty University,West Virginia,Professions-focused Undergraduate/Graduate-Master's Small,1,0,48540,"Wheeling, WV-OH",0.3617,0.1254,1.03,,41374.0,30974.096428421526,1.34,"Higher Access, Medium Earnings"
237950,West Virginia University Institute of Technology,West Virginia,Mixed Baccalaureate,1,0,13220,"Beckley, WV",0.3515,0.1379,0.96,,52556.0,30646.593141549834,1.71,"Lower Access, Higher Earnings"
237969,West Virginia Wesleyan College,West Virginia,Mixed Baccalaureate,0,0,-2,West Virginia -- Not in metropolitan statistical area,0.3747,0.2521,1.11,,46774.0,34295.99710506919,1.36,"Higher Access, Medium Earnings"
237987,West Virginia Junior College-Charleston,West Virginia,Special Focus: Applied and Career Studies,0,1,16620,"Charleston, WV",0.7333,0.1198,1.68,,26804.0,28403.401826484016,0.94,"Higher Access, Lower Earnings"
237996,West Virginia Junior College-Morgantown,West Virginia,Special Focus: Other Health Professions,0,1,34060,"Morgantown, WV",0.6788,0.0742,1.57,,32225.0,32151.692170722494,1.0,"Higher Access, Medium Earnings"
238014,West Virginia Northern Community College,West Virginia,Professions-focused Associate Small,0,1,48540,"Wheeling, WV-OH",0.5933,0.1079,1.56,,30147.0,29686.076479004514,1.02,"Higher Access, Medium Earnings"
238032,West Virginia University,West Virginia,Mixed Undergraduate/Graduate-Doctorate Large,0,0,34060,"Morgantown, WV",0.2137,0.1388,0.67,,52556.0,35683.95339297762,1.47,"Lower Access, Medium Earnings"
238078,Wheeling University,West Virginia,Professions-focused Undergraduate/Graduate-Doctorate Small,0,0,48540,"Wheeling, WV-OH",0.2657,0.3569,1.16,,54144.0,35439.71246468803,1.53,"Opportunity Colleges and Universities – Higher Access, Higher Earnings"
238193,Alverno College,Wisconsin,Professions-focused Undergraduate/Graduate-Master's Small,0,0,33340,"Milwaukee-Waukesha, WI",0.5397,0.6259,2.87,,51158.0,37115.31102028811,1.38,"Higher Access, Medium Earnings"
238263,Madison Area Technical College,Wisconsin,Professions-focused Associate Large/Medium,0,1,31540,"Madison, WI",0.2859,0.3083,1.96,,43373.0,44674.6249397574,0.97,"Higher Access, Lower Earnings"
238324,Bellin College,Wisconsin,Special Focus: Nursing,0,0,24580,"Green Bay, WI",0.2161,0.0688,0.63,,71458.0,42533.20461026615,1.68,"Lower Access, Higher Earnings"
238333,Beloit College,Wisconsin,Special Focus: Arts and Sciences,0,0,27500,"Janesville-Beloit, WI",0.3084,0.3596,1.14,,45147.0,40477.22097586971,1.12,"Higher Access, Medium Earnings"
238397,Blackhawk Technical College,Wisconsin,Special Focus: Other Health Professions,0,1,27500,"Janesville-Beloit, WI",0.3832,0.269,1.52,,37952.0,38231.93676260155,0.99,"Higher Access, Lower Earnings"
238458,Carroll University,Wisconsin,Professions-focused Undergraduate/Graduate-Doctorate Small,0,0,33340,"Milwaukee-Waukesha, WI",0.2231,0.1806,0.88,,58055.0,42450.37951466529,1.37,"Lower Access, Medium Earnings"
238476,Carthage College,Wisconsin,Professions-focused Baccalaureate Small,0,0,28450,"Kenosha, WI",0.2591,0.2629,0.98,,51288.0,40879.02269768636,1.25,"Lower Access, Medium Earnings"
238616,Concordia University-Wisconsin,Wisconsin,Professions-focused Undergraduate/Graduate-Doctorate Medium,0,0,33340,"Milwaukee-Waukesha, WI",0.2477,0.2079,0.97,,54071.0,38133.95389780275,1.42,"Lower Access, Medium Earnings"
238661,Edgewood College,Wisconsin,Professions-focused Undergraduate/Graduate-Doctorate Small,0,0,31540,"Madison, WI",0.2482,0.2009,1.07,,55941.0,41273.13409601031,1.36,"Higher Access, Medium Earnings"
238722,Fox Valley Technical College,Wisconsin,Professions-focused Associate Large/Medium,0,1,11540,"Appleton, WI",0.236,0.1216,1.35,,43027.0,43056.90430861001,1.0,"Higher Access, Medium Earnings"
238759,Gateway Technical College,Wisconsin,Professions-focused Associate Large/Medium,0,1,28450,"Kenosha, WI",0.357,0.4481,3.73,,35621.0,35319.42616595555,1.01,"Higher Access, Medium Earnings"
238980,Lakeland University,Wisconsin,Special Focus: Business,0,0,43100,"Sheboygan, WI",0.4294,0.243,1.32,,53819.0,39589.699477986345,1.36,"Opportunity Colleges and Universities – Higher Access, Higher Earnings"
239008,Lakeshore Technical College,Wisconsin,Professions-focused Associate Large/Medium,0,1,31820,"Manitowoc, WI",0.3303,0.1729,1.98,,44597.0,39821.61362424244,1.12,"Higher Access, Medium Earnings"
239017,Lawrence University,Wisconsin,Special Focus: Arts and Sciences,0,0,11540,"Appleton, WI",0.2098,0.2409,0.82,,48065.0,41488.96829520966,1.16,"Lower Access, Medium Earnings"
239071,Maranatha Baptist University,Wisconsin,Professions-focused Undergraduate/Graduate-Master's Small,0,0,48020,"Watertown-Fort Atkinson, WI",0.4378,0.1089,0.96,,41665.0,38441.47463550852,1.08,"Lower Access, Medium Earnings"
239080,Marian University,Wisconsin,Professions-focused Baccalaureate Small,0,0,22540,"Fond du Lac, WI",0.3204,0.206,1.06,,52758.0,41020.546301578775,1.29,"Higher Access, Medium Earnings"
239105,Marquette University,Wisconsin,Mixed Undergraduate/Graduate-Doctorate Medium,0,0,33340,"Milwaukee-Waukesha, WI",0.1933,0.2481,0.83,,71388.0,41164.655846699534,1.73,"Lower Access, Higher Earnings"
239169,Medical College of Wisconsin,Wisconsin,Special Focus: Medical Schools and Centers,0,0,33340,"Milwaukee-Waukesha, WI",0.0,,,,,,,Not Classified in SAEC
239220,Mid-State Technical College,Wisconsin,Professions-focused Associate Large/Medium,0,1,49220,"Wisconsin Rapids-Marshfield, WI",0.3229,0.111,1.69,,40813.0,39366.429299486685,1.04,"Higher Access, Medium Earnings"
239248,Milwaukee Area Technical College,Wisconsin,Professions-focused Associate Large/Medium,0,1,33340,"Milwaukee-Waukesha, WI",0.4539,0.5996,1.92,,36791.0,37937.98794255952,0.97,"Higher Access, Lower Earnings"
239309,Milwaukee Institute of Art & Design,Wisconsin,"Special Focus: Arts, Music, and Design",0,0,33340,"Milwaukee-Waukesha, WI",0.3642,0.3027,1.32,,38748.0,40362.630197503466,0.96,"Higher Access, Lower Earnings"
239318,Milwaukee School of Engineering,Wisconsin,"Special Focus: Technology, Engineering, and Sciences",0,0,33340,"Milwaukee-Waukesha, WI",0.2279,0.1708,0.82,,81364.0,41765.98254288774,1.95,"Lower Access, Higher Earnings"
239372,Moraine Park Technical College,Wisconsin,Professions-focused Associate Large/Medium,0,1,22540,"Fond du Lac, WI",0.2661,0.1686,1.58,,44860.0,40844.343784450415,1.1,"Higher Access, Medium Earnings"
239390,Mount Mary University,Wisconsin,Professions-focused Undergraduate/Graduate-Master's Small,0,0,33340,"Milwaukee-Waukesha, WI",0.6453,0.6032,3.06,,45954.0,36475.61499855269,1.26,"Higher Access, Medium Earnings"
239424,Nashotah House,Wisconsin,Special Focus: Theological Studies,0,0,33340,"Milwaukee-Waukesha, WI",0.0,,,,,,,Not Classified in SAEC
239442,Nicolet Area Technical College,Wisconsin,Professions-focused Associate Small,0,1,-2,Wisconsin -- Not in metropolitan statistical area,0.4038,0.2012,2.24,,34822.0,37260.72815394578,0.93,"Higher Access, Lower Earnings"
239460,Northcentral Technical College,Wisconsin,Professions-focused Associate Large/Medium,0,1,48140,"Wausau, WI",0.3365,0.1302,1.83,,40401.0,38952.69600530944,1.04,"Higher Access, Medium Earnings"
239488,Northeast Wisconsin Technical College,Wisconsin,Professions-focused Associate Large/Medium,0,1,24580,"Green Bay, WI",0.2537,0.2309,1.45,,42623.0,41399.69163050272,1.03,"Higher Access, Medium Earnings"
239512,Northland College,Wisconsin,Special Focus: Arts and Sciences,0,0,-2,Wisconsin -- Not in metropolitan statistical area,0.3248,0.2104,1.06,,40779.0,41378.59039891207,0.99,"Higher Access, Lower Earnings"
239628,Ripon College,Wisconsin,Special Focus: Arts and Sciences,0,0,22540,"Fond du Lac, WI",0.3382,0.1834,1.05,,48800.0,42035.30621272637,1.16,"Higher Access, Medium Earnings"
239637,Sacred Heart Seminary and School of Theology,Wisconsin,Special Focus: Theological Studies,0,0,33340,"Milwaukee-Waukesha, WI",0.0,,,,,,,Not Classified in SAEC
239716,Saint Norbert College,Wisconsin,Special Focus: Arts and Sciences,0,0,24580,"Green Bay, WI",0.1654,0.113,0.6,,52831.0,42369.42201913881,1.25,"Lower Access, Medium Earnings"
239910,Southwest Wisconsin Technical College,Wisconsin,Professions-focused Associate Small,0,1,38420,"Platteville, WI",0.3873,0.125,1.55,,42061.0,34703.16093100581,1.21,"Higher Access, Medium Earnings"
240107,Viterbo University,Wisconsin,Professions-focused Undergraduate/Graduate-Doctorate Small,0,0,29100,"La Crosse-Onalaska, WI-MN",0.2287,0.1521,0.87,,57601.0,42818.068257675994,1.35,"Lower Access, Medium Earnings"
240116,Chippewa Valley Technical College,Wisconsin,Professions-focused Associate Large/Medium,0,1,20740,"Eau Claire, WI",0.3506,0.1002,1.53,,44075.0,37837.160753831624,1.16,"Higher Access, Medium Earnings"
240125,Waukesha County Technical College,Wisconsin,Special Focus: Applied and Career Studies,0,1,33340,"Milwaukee-Waukesha, WI",0.184,0.2375,0.77,,43843.0,44861.868273536544,0.98,"Lower Access, Lower Earnings"
240170,Western Technical College,Wisconsin,Professions-focused Associate Large/Medium,0,1,29100,"La Crosse-Onalaska, WI-MN",0.3467,0.1478,1.83,,42336.0,39146.22332874059,1.08,"Higher Access, Medium Earnings"
240189,University of Wisconsin-Whitewater,Wisconsin,Professions-focused Undergraduate/Graduate-Master's Large/Medium,1,0,48580,"Whitewater-Elkhorn, WI",0.2637,0.1668,1.12,,51609.0,37689.39701514885,1.37,"Higher Access, Medium Earnings"
240198,Northwood Technical College,Wisconsin,Professions-focused Associate Large/Medium,0,1,39960,"Rice Lake, WI",0.3838,0.1178,1.51,,41946.0,38566.47756186622,1.09,"Higher Access, Medium Earnings"
240213,Wisconsin School of Professional Psychology,Wisconsin,Special Focus: Graduate Studies,0,0,33340,"Milwaukee-Waukesha, WI",0.0,,,,,,,Not Classified in SAEC
240268,University of Wisconsin-Eau Claire,Wisconsin,Professions-focused Undergraduate/Graduate-Master's Large/Medium,1,0,20740,"Eau Claire, WI",0.1925,0.0849,0.86,,55231.0,40312.903045720435,1.37,"Lower Access, Medium Earnings"
240277,University of Wisconsin-Green Bay,Wisconsin,Special Focus: Arts and Sciences,1,0,24580,"Green Bay, WI",0.3274,0.1706,1.28,,49891.0,41939.121216367676,1.19,"Higher Access, Medium Earnings"
240329,University of Wisconsin-La Crosse,Wisconsin,Mixed Undergraduate/Graduate-Master's Large/Medium,1,0,29100,"La Crosse-Onalaska, WI-MN",0.1456,0.077,0.8,,57231.0,40048.54056206842,1.43,"Lower Access, Medium Earnings"
240338,Wisconsin Lutheran College,Wisconsin,Professions-focused Baccalaureate Small,0,0,33340,"Milwaukee-Waukesha, WI",0.2576,0.1998,0.93,,58259.0,40695.0581454524,1.43,"Lower Access, Medium Earnings"
240365,University of Wisconsin-Oshkosh,Wisconsin,Professions-focused Undergraduate/Graduate-Master's Large/Medium,1,0,36780,"Oshkosh-Neenah, WI",0.2554,0.1392,1.19,,53330.0,39194.42661989405,1.36,"Higher Access, Medium Earnings"
240374,University of Wisconsin-Parkside,Wisconsin,Mixed Undergraduate/Graduate-Master's Large/Medium,1,0,28450,"Kenosha, WI",0.3729,0.3429,2.53,,47336.0,36416.994415745154,1.3,"Higher Access, Medium Earnings"
240392,Herzing University-Madison,Wisconsin,Special Focus: Other Health Professions,0,0,31540,"Madison, WI",0.6758,0.5894,2.1,,38007.0,34418.180649432514,1.1,"Higher Access, Medium Earnings"
240417,University of Wisconsin-Stout,Wisconsin,Professions-focused Undergraduate/Graduate-Master's Large/Medium,1,0,32860,"Menomonie, WI",0.2302,0.0897,1.0,,54486.0,39468.448166931485,1.38,"Higher Access, Medium Earnings"
240426,University of Wisconsin-Superior,Wisconsin,Professions-focused Undergraduate/Graduate-Master's Small,1,0,20260,"Duluth, MN-WI",0.3241,0.1149,1.17,,45689.0,39947.884199735716,1.14,"Higher Access, Medium Earnings"
240444,University of Wisconsin-Madison,Wisconsin,Mixed Undergraduate/Graduate-Doctorate Large,0,0,31540,"Madison, WI",0.1581,0.1681,0.68,,69868.0,41995.52985040674,1.66,"Lower Access, Higher Earnings"
240453,University of Wisconsin-Milwaukee,Wisconsin,Mixed Undergraduate/Graduate-Doctorate Large,1,0,33340,"Milwaukee-Waukesha, WI",0.3244,0.2759,1.07,,50789.0,44283.084087173105,1.15,"Higher Access, Medium Earnings"
240462,University of Wisconsin-Platteville,Wisconsin,Mixed Undergraduate/Graduate-Master's Large/Medium,1,0,38420,"Platteville, WI",0.2142,0.0823,0.78,,58001.0,36688.10550573714,1.58,"Lower Access, Higher Earnings"
240471,University of Wisconsin-River Falls,Wisconsin,Professions-focused Baccalaureate Medium,1,0,33460,"Minneapolis-St. Paul-Bloomington, MN-WI",0.226,0.0878,0.77,,49859.0,46825.40055799883,1.06,"Lower Access, Medium Earnings"
240480,University of Wisconsin-Stevens Point,Wisconsin,Mixed Undergraduate/Graduate-Master's Large/Medium,1,0,44620,"Stevens Point-Plover, WI",0.2904,0.0983,1.27,,48586.0,39459.99105745972,1.23,"Higher Access, Medium Earnings"
240505,Casper College,Wyoming,Professions-focused Associate Large/Medium,0,1,16220,"Casper, WY",0.3492,0.1794,1.2,,37850.0,36317.21790683661,1.04,"Higher Access, Medium Earnings"
240514,Central Wyoming College,Wyoming,Professions-focused Associate Small,0,1,40180,"Riverton, WY",0.3445,0.3988,1.26,,33292.0,35008.76924056041,0.95,"Higher Access, Lower Earnings"
240596,Eastern Wyoming College,Wyoming,Professions-focused Associate Small,0,1,-2,Wyoming -- Not in metropolitan statistical area,0.3713,0.1602,1.18,,34134.0,36983.50215361541,0.92,"Higher Access, Lower Earnings"
240620,Laramie County Community College,Wyoming,Professions-focused Associate Large/Medium,0,1,16940,"Cheyenne, WY",0.3709,0.2919,1.38,,40716.0,39737.67442878207,1.02,"Higher Access, Medium Earnings"
240657,Northwest College,Wyoming,Professions-focused Associate Small,0,1,17650,"Cody, WY",0.2955,0.1502,1.03,,35250.0,35425.653675200054,1.0,"Higher Access, Medium Earnings"
240666,Northern Wyoming Community College District,Wyoming,Professions-focused Associate Large/Medium,0,1,43260,"Sheridan, WY",0.369,0.1582,1.64,,37179.0,38840.50257700828,0.96,"Higher Access, Lower Earnings"
240693,Western Wyoming Community College,Wyoming,Professions-focused Associate Small,0,1,40540,"Rock Springs, WY",0.3341,0.2443,1.24,,37832.0,36094.41208725276,1.05,"Higher Access, Medium Earnings"
240718,WyoTech,Wyoming,Special Focus: Applied and Career Studies,0,1,29660,"Laramie, WY",0.4288,0.2918,1.13,,47210.0,37057.86721376645,1.27,"Opportunity Colleges and Universities – Higher Access, Higher Earnings"
240727,University of Wyoming,Wyoming,Mixed Undergraduate/Graduate-Doctorate Medium,0,0,29660,"Laramie, WY",0.2256,0.1584,0.76,,53891.0,38690.035305714955,1.39,"Lower Access, Medium Earnings"
240736,American Samoa Community College,American Samoa,Mixed Associate Small,0,1,-2,Puerto Rico,0.7308,0.9895,,,28311.0,,,Not Classified in SAEC
240745,Guam Community College,Guam,Professions-focused Associate Small,0,1,-2,Puerto Rico,0.5682,0.5437,,,25466.0,,,Not Classified in SAEC
240754,University of Guam,Guam,Professions-focused Baccalaureate Small,1,0,-2,Puerto Rico,0.3163,0.483,,,32228.0,,,Not Classified in SAEC
240790,Northern Marianas College,Northern Marianas,Professions-focused Associate/Baccalaureate,1,1,-2,Puerto Rico,0.7469,0.5299,,,24787.0,,,Not Classified in SAEC
241100,American University of Puerto Rico,Puerto Rico,Professions-focused Baccalaureate Small,0,0,41980,"San Juan-Bayam√É¬≥n-Caguas, PR",0.768,1.0,,,20974.0,,,Not Classified in SAEC
241128,American University of Puerto Rico,Puerto Rico,Professions-focused Baccalaureate Small,0,0,41980,"San Juan-Bayam√É¬≥n-Caguas, PR",0.775,1.0,,,20974.0,,,Not Classified in SAEC
241191,Universidad Adventista de las Antillas,Puerto Rico,Special Focus: Nursing,0,0,32420,"Mayag√É¬ºez, PR",0.8132,0.987,1.13,,27980.0,14484.991909558505,1.93,"Opportunity Colleges and Universities – Higher Access, Higher Earnings"
241216,Atlantic University,Puerto Rico,"Special Focus: Arts, Music, and Design",0,0,41980,"San Juan-Bayam√É¬≥n-Caguas, PR",0.8351,1.0,1.05,,21527.0,11050.0,1.95,"Opportunity Colleges and Universities – Higher Access, Higher Earnings"
241225,Universidad Central de Bayamon,Puerto Rico,Professions-focused Baccalaureate Small,0,0,41980,"San Juan-Bayam√É¬≥n-Caguas, PR",0.8455,1.0,1.06,,20714.0,11102.866373739984,1.87,"Opportunity Colleges and Universities – Higher Access, Higher Earnings"
241304,Columbia Central University-Caguas,Puerto Rico,Special Focus: Other Health Professions,0,1,41980,"San Juan-Bayam√É¬≥n-Caguas, PR",0.8099,1.0,1.03,,21301.0,11050.0,1.93,"Opportunity Colleges and Universities – Higher Access, Higher Earnings"
241331,Albizu University-San Juan,Puerto Rico,Mixed Undergraduate/Graduate-Doctorate Small,0,0,41980,"San Juan-Bayam√É¬≥n-Caguas, PR",0.6933,0.9947,,,40741.0,,,Not Classified in SAEC
241377,Caribbean University-Bayamon,Puerto Rico,Professions-focused Baccalaureate Small,0,0,41980,"San Juan-Bayam√É¬≥n-Caguas, PR",0.7689,1.0,1.01,,20958.0,11050.0,1.9,"Opportunity Colleges and Universities – Higher Access, Higher Earnings"
241386,Caribbean University-Carolina,Puerto Rico,Professions-focused Baccalaureate Small,0,0,41980,"San Juan-Bayam√É¬≥n-Caguas, PR",0.7344,1.0,0.98,,20958.0,11050.0,1.9,"Lower Access, Higher Earnings"
241395,Pontifical Catholic University of Puerto Rico-Arecibo,Puerto Rico,Mixed Undergraduate/Graduate-Doctorate Small,0,0,11640,"Arecibo, PR",0.8069,1.0,1.03,,23976.0,11263.699918233851,2.13,"Opportunity Colleges and Universities – Higher Access, Higher Earnings"
241410,Pontifical Catholic University of Puerto Rico-Ponce,Puerto Rico,Mixed Undergraduate/Graduate-Doctorate Medium,0,0,38660,"Ponce, PR",0.8353,1.0,1.05,,23976.0,11070.470437017995,2.17,"Opportunity Colleges and Universities – Higher Access, Higher Earnings"
241517,CEM College-San Juan,Puerto Rico,Special Focus: Nursing,0,1,41980,"San Juan-Bayam√É¬≥n-Caguas, PR",0.8952,1.0,1.09,,20062.0,11050.0,1.82,"Opportunity Colleges and Universities – Higher Access, Higher Earnings"
241614,Universidad Teologica del Caribe,Puerto Rico,Special Focus: Theological Studies,0,0,41980,"San Juan-Bayam√É¬≥n-Caguas, PR",0.5836,1.0,,,17810.0,,,Not Classified in SAEC
241720,Colegio Universitario de San Juan,Puerto Rico,Special Focus: Nursing,1,0,41980,"San Juan-Bayam√É¬≥n-Caguas, PR",0.7795,1.0,1.01,,24256.0,11050.0,2.2,"Opportunity Colleges and Universities – Higher Access, Higher Earnings"
241739,Universidad Ana G. Mendez-Cupey Campus,Puerto Rico,Professions-focused Undergraduate/Graduate-Master's Large/Medium,0,0,41980,"San Juan-Bayam√É¬≥n-Caguas, PR",0.6885,1.0,0.95,,23190.0,11050.0,2.1,"Lower Access, Higher Earnings"
241766,Puerto Rico Conservatory of Music,Puerto Rico,"Special Focus: Arts, Music, and Design",0,0,41980,"San Juan-Bayam√É¬≥n-Caguas, PR",0.6598,1.0,0.94,,22616.0,11547.407560822152,1.96,"Lower Access, Higher Earnings"
241793,Center for Advanced Studies On Puerto Rico and the Caribbean,Puerto Rico,Special Focus: Graduate Studies,0,0,41980,"San Juan-Bayam√É¬≥n-Caguas, PR",0.0,,,,,,,Not Classified in SAEC
241836,EDP University of Puerto Rico Inc-San Sebastian,Puerto Rico,Special Focus: Nursing,0,1,10380,"Aguadilla, PR",0.6356,1.0,1.12,,22391.0,15309.421205756937,1.46,"Opportunity Colleges and Universities – Higher Access, Higher Earnings"
241951,Escuela de Artes Plasticas y Diseno de Puerto Rico,Puerto Rico,"Special Focus: Arts, Music, and Design",0,0,41980,"San Juan-Bayam√É¬≥n-Caguas, PR",0.7689,1.0,1.01,,19272.0,11079.188177339902,1.74,"Opportunity Colleges and Universities – Higher Access, Higher Earnings"
242042,Instituto Tecnologico de Puerto Rico-Recinto de Manati,Puerto Rico,Special Focus: Applied and Career Studies,0,1,41980,"San Juan-Bayam√É¬≥n-Caguas, PR",0.906,1.0,1.1,,24623.0,11050.0,2.23,"Opportunity Colleges and Universities – Higher Access, Higher Earnings"
242112,Huertas College,Puerto Rico,Special Focus: Applied and Career Studies,0,1,41980,"San Juan-Bayam√É¬≥n-Caguas, PR",0.7908,1.0,1.02,,21363.0,11050.0,1.93,"Opportunity Colleges and Universities – Higher Access, Higher Earnings"
242121,Humacao Community College,Puerto Rico,Special Focus: Other Health Professions,0,1,41980,"San Juan-Bayam√É¬≥n-Caguas, PR",0.9673,1.0,1.14,,18884.0,11050.0,1.71,"Opportunity Colleges and Universities – Higher Access, Higher Earnings"
242130,ICPR Junior College-Arecibo,Puerto Rico,Special Focus: Applied and Career Studies,0,1,11640,"Arecibo, PR",0.9663,1.0,1.14,,17104.0,11050.0,1.55,"Opportunity Colleges and Universities – Higher Access, Higher Earnings"
242149,ICPR Junior College-Mayaguez,Puerto Rico,Special Focus: Other Health Professions,0,1,32420,"Mayag√É¬ºez, PR",0.9424,1.0,1.12,,17104.0,11050.0,1.55,"Opportunity Colleges and Universities – Higher Access, Higher Earnings"
242556,Instituto Tecnologico de Puerto Rico-Recinto de Guayama,Puerto Rico,Special Focus: Applied and Career Studies,0,1,25020,"Guayama, PR",0.9256,1.0,1.11,,24623.0,11050.0,2.23,"Opportunity Colleges and Universities – Higher Access, Higher Earnings"
242583,Instituto Tecnologico de Puerto Rico-Recinto de San Juan,Puerto Rico,Special Focus: Applied and Career Studies,0,1,41980,"San Juan-Bayam√É¬≥n-Caguas, PR",0.7212,1.0,0.98,,24623.0,11050.0,2.23,"Lower Access, Higher Earnings"
242617,Inter American University of Puerto Rico-San German,Puerto Rico,Professions-focused Baccalaureate Small,0,0,32420,"Mayag√É¬ºez, PR",0.8392,0.9986,1.06,,23591.0,11139.894529823225,2.12,"Opportunity Colleges and Universities – Higher Access, Higher Earnings"
242626,Inter American University of Puerto Rico-Aguadilla,Puerto Rico,Professions-focused Baccalaureate Small,0,0,10380,"Aguadilla, PR",0.8566,0.9988,1.07,,21871.0,11249.382107762925,1.94,"Opportunity Colleges and Universities – Higher Access, Higher Earnings"
242635,Inter American University of Puerto Rico-Arecibo,Puerto Rico,Professions-focused Baccalaureate Small,0,0,11640,"Arecibo, PR",0.8461,0.9992,1.06,,22166.0,11130.018014377361,1.99,"Opportunity Colleges and Universities – Higher Access, Higher Earnings"
242644,Inter American University of Puerto Rico-Barranquitas,Puerto Rico,Special Focus: Other Health Professions,0,0,41980,"San Juan-Bayam√É¬≥n-Caguas, PR",0.8926,0.9991,1.09,,20339.0,11158.68831823057,1.82,"Opportunity Colleges and Universities – Higher Access, Higher Earnings"
242653,Inter American University of Puerto Rico-Metro,Puerto Rico,Professions-focused Undergraduate/Graduate-Doctorate Medium,0,0,41980,"San Juan-Bayam√É¬≥n-Caguas, PR",0.6973,0.9906,0.97,,29041.0,11286.30189816205,2.57,"Lower Access, Higher Earnings"
242662,Inter American University of Puerto Rico-Ponce,Puerto Rico,Professions-focused Baccalaureate Medium,0,0,38660,"Ponce, PR",0.8274,0.9977,1.06,,23915.0,11119.510376379883,2.15,"Opportunity Colleges and Universities – Higher Access, Higher Earnings"
242680,Inter American University of Puerto Rico-Fajardo,Puerto Rico,Professions-focused Baccalaureate Small,0,0,41980,"San Juan-Bayam√É¬≥n-Caguas, PR",0.8532,0.9969,1.07,,22219.0,11071.46473123157,2.01,"Opportunity Colleges and Universities – Higher Access, Higher Earnings"
242699,Inter American University of Puerto Rico-Guayama,Puerto Rico,Special Focus: Nursing,0,0,25020,"Guayama, PR",0.7597,0.9931,1.03,,24856.0,11067.544205628186,2.25,"Opportunity Colleges and Universities – Higher Access, Higher Earnings"
242705,Inter American University of Puerto Rico-Bayamon,Puerto Rico,Professions-focused Baccalaureate Medium,0,0,41980,"San Juan-Bayam√É¬≥n-Caguas, PR",0.8137,0.9966,1.04,,26237.0,11110.43966559973,2.36,"Opportunity Colleges and Universities – Higher Access, Higher Earnings"
242723,Inter American University of Puerto Rico-School of Law,Puerto Rico,Special Focus: Law,0,0,41980,"San Juan-Bayam√É¬≥n-Caguas, PR",0.0,,,,,,,Not Classified in SAEC
242972,NUC University,Puerto Rico,Special Focus: Other Health Professions,0,0,41980,"San Juan-Bayam√É¬≥n-Caguas, PR",0.7157,0.9608,1.04,,24123.0,11050.0,2.18,"Opportunity Colleges and Universities – Higher Access, Higher Earnings"
243081,Ponce Health Sciences University,Puerto Rico,Special Focus: Medical Schools and Centers,0,0,38660,"Ponce, PR",0.0,,,,,,,Not Classified in SAEC
243106,University of Puerto Rico-Aguadilla,Puerto Rico,Professions-focused Baccalaureate Small,1,0,10380,"Aguadilla, PR",0.8301,0.996,1.05,,24655.0,11205.301704541282,2.2,"Opportunity Colleges and Universities – Higher Access, Higher Earnings"
243115,University of Puerto Rico-Arecibo,Puerto Rico,Professions-focused Baccalaureate Small,1,0,11640,"Arecibo, PR",0.855,1.0,1.06,,26552.0,11050.0,2.4,"Opportunity Colleges and Universities – Higher Access, Higher Earnings"
243133,University of Puerto Rico-Bayamon,Puerto Rico,Professions-focused Baccalaureate Small,1,0,41980,"San Juan-Bayam√É¬≥n-Caguas, PR",0.7793,1.0,1.01,,29745.0,11050.0,2.69,"Opportunity Colleges and Universities – Higher Access, Higher Earnings"
243142,University of Puerto Rico-Carolina,Puerto Rico,Professions-focused Baccalaureate Small,1,0,41980,"San Juan-Bayam√É¬≥n-Caguas, PR",0.7629,0.9996,1.01,,27204.0,11268.325912854621,2.41,"Opportunity Colleges and Universities – Higher Access, Higher Earnings"
243151,University of Puerto Rico-Cayey,Puerto Rico,Special Focus: Arts and Sciences,1,0,41980,"San Juan-Bayam√É¬≥n-Caguas, PR",0.7623,1.0,1.0,,26854.0,11050.0,2.43,"Opportunity Colleges and Universities – Higher Access, Higher Earnings"
243179,University of Puerto Rico-Humacao,Puerto Rico,Professions-focused Baccalaureate Small,1,0,41980,"San Juan-Bayam√É¬≥n-Caguas, PR",0.8059,0.9996,1.03,,27274.0,11256.896860009307,2.42,"Opportunity Colleges and Universities – Higher Access, Higher Earnings"
243188,University of Puerto Rico-Utuado,Puerto Rico,Professions-focused Associate/Baccalaureate,1,1,46580,"Utuado, PR",0.8198,1.0,1.04,,22324.0,13580.13442622951,1.64,"Opportunity Colleges and Universities – Higher Access, Higher Earnings"
243197,University of Puerto Rico-Mayaguez,Puerto Rico,Mixed Baccalaureate,1,0,32420,"Mayag√É¬ºez, PR",0.6456,1.0,0.93,,39204.0,11148.902397260274,3.52,"Lower Access, Higher Earnings"
243203,University of Puerto Rico-Medical Sciences,Puerto Rico,Special Focus: Medical Schools and Centers,0,0,41980,"San Juan-Bayam√É¬≥n-Caguas, PR",0.6629,1.0,,,42036.0,,,Not Classified in SAEC
243212,University of Puerto Rico at Ponce,Puerto Rico,Mixed Baccalaureate,1,0,38660,"Ponce, PR",0.8476,1.0,1.06,,26213.0,11050.0,2.37,"Opportunity Colleges and Universities – Higher Access, Higher Earnings"
243221,University of Puerto Rico-Rio Piedras,Puerto Rico,Mixed Undergraduate/Graduate-Doctorate Medium,1,0,41980,"San Juan-Bayam√É¬≥n-Caguas, PR",0.6546,0.9985,0.94,,27824.0,11181.952469846306,2.49,"Lower Access, Higher Earnings"
243346,Universidad Ana G. Mendez-Carolina Campus,Puerto Rico,Professions-focused Undergraduate/Graduate-Master's Large/Medium,0,0,41980,"San Juan-Bayam√É¬≥n-Caguas, PR",0.699,1.0,0.96,,23001.0,11050.0,2.08,"Lower Access, Higher Earnings"
243443,Universidad del Sagrado Corazon,Puerto Rico,Professions-focused Undergraduate/Graduate-Master's Large/Medium,0,0,41980,"San Juan-Bayam√É¬≥n-Caguas, PR",0.7189,0.999,0.99,,27091.0,11050.0,2.45,"Lower Access, Higher Earnings"
243498,Seminario Evangelico de Puerto Rico,Puerto Rico,Special Focus: Theological Studies,0,0,41980,"San Juan-Bayam√É¬≥n-Caguas, PR",0.0,,,,,,,Not Classified in SAEC
243568,Universidad Central Del Caribe,Puerto Rico,Special Focus: Medical Schools and Centers,0,0,41980,"San Juan-Bayam√É¬≥n-Caguas, PR",0.7321,0.9703,,,25992.0,,,Not Classified in SAEC
243577,Universidad Politecnica de Puerto Rico,Puerto Rico,"Special Focus: Technology, Engineering, and Sciences",0,0,41980,"San Juan-Bayam√É¬≥n-Caguas, PR",0.6257,0.9974,0.92,,41112.0,11050.0,3.72,"Lower Access, Higher Earnings"
243586,Pontifical Catholic University of Puerto Rico-Mayaguez,Puerto Rico,Professions-focused Baccalaureate Small,0,0,32420,"Mayag√É¬ºez, PR",0.8485,1.0,1.06,,23976.0,11044.179979072202,2.17,"Opportunity Colleges and Universities – Higher Access, Higher Earnings"
243601,Universidad Ana G. Mendez-Gurabo Campus,Puerto Rico,Professions-focused Undergraduate/Graduate-Doctorate Medium,0,0,41980,"San Juan-Bayam√É¬≥n-Caguas, PR",0.8266,1.0,1.05,,24615.0,11050.0,2.23,"Opportunity Colleges and Universities – Higher Access, Higher Earnings"
243638,College of Micronesia-FSM,Federated States of Micronesia,Professions-focused Associate Small,0,1,-2,Puerto Rico,0.638,0.9984,,,20599.0,,,Not Classified in SAEC
243647,Palau Community College,Palau,Professions-focused Associate Small,0,1,-2,Puerto Rico,0.7219,0.9691,,,23002.0,,,Not Classified in SAEC
243665,University of the Virgin Islands,Virgin Islands,Professions-focused Baccalaureate Small,1,0,-2,Puerto Rico,0.4808,0.9298,,,35645.0,,,Not Classified in SAEC
243744,Stanford University,California,Mixed Undergraduate/Graduate-Doctorate Large,0,0,41940,"San Jose-Sunnyvale-Santa Clara, CA",0.1995,0.4094,0.84,,109851.0,39220.16176385447,2.8,"Lower Access, Higher Earnings"
243780,Purdue University-Main Campus,Indiana,Mixed Undergraduate/Graduate-Doctorate Large,0,0,29200,"Lafayette-West Lafayette, IN",0.1303,0.1652,0.52,,66951.0,37969.71707094693,1.76,"Lower Access, Higher Earnings"
243823,Parker University,Texas,Special Focus: Other Health Professions,0,0,19100,"Dallas-Fort Worth-Arlington, TX",0.4842,0.4275,1.13,,47479.0,37376.844600526776,1.27,"Opportunity Colleges and Universities – Higher Access, Higher Earnings"
243832,EDP University of Puerto Rico Inc-San Juan,Puerto Rico,Special Focus: Nursing,0,1,41980,"San Juan-Bayam√É¬≥n-Caguas, PR",0.5775,0.9995,1.19,,22391.0,18459.018691588775,1.21,"Higher Access, Medium Earnings"
243841,ICPR Junior College,Puerto Rico,Special Focus: Other Health Professions,0,1,41980,"San Juan-Bayam√É¬≥n-Caguas, PR",0.912,1.0,1.1,,17104.0,11050.0,1.55,"Opportunity Colleges and Universities – Higher Access, Higher Earnings"
244233,City College-Fort Lauderdale,Florida,Special Focus: Applied and Career Studies,0,1,33100,"Miami-Fort Lauderdale-West Palm Beach, FL",1.0,0.5992,1.83,,34544.0,30216.24999440253,1.14,"Higher Access, Medium Earnings"
244279,Meridian College,Florida,Special Focus: Applied and Career Studies,0,1,35840,"North Port-Bradenton-Sarasota, FL",0.5779,0.4495,2.16,,36778.0,30728.223628691983,1.2,"Higher Access, Medium Earnings"
244437,Georgia State University-Perimeter College,Georgia,Mixed Associate Large,0,1,12060,"Atlanta-Sandy Springs-Roswell, GA",0.5135,0.7366,1.72,,42670.0,37321.644858436885,1.14,"Higher Access, Medium Earnings"
244446,Georgia Piedmont Technical College,Georgia,Professions-focused Associate Small,0,1,12060,"Atlanta-Sandy Springs-Roswell, GA",0.624,0.882,2.06,,32854.0,34859.18596657391,0.94,"Higher Access, Lower Earnings"
245625,Warren County Community College,New Jersey,Mixed Associate Small,0,1,10900,"Allentown-Bethlehem-Easton, PA-NJ",0.4194,0.3313,1.37,,40028.0,39077.3831752823,1.02,"Higher Access, Medium Earnings"
245652,St. John's College,New Mexico,Special Focus: Arts and Sciences,0,0,42140,"Santa Fe, NM",0.2418,0.2281,0.65,,41028.0,38885.39583411101,1.06,"Lower Access, Medium Earnings"
245777,Bais Medrash Elyon,New York,Special Focus: Theological Studies,0,0,35620,"New York-Newark-Jersey City, NY-NJ",0.1111,0.0,,,,,,Not Classified in SAEC
245838,Antioch University-Los Angeles,California,Special Focus: Graduate Studies,0,0,31080,"Los Angeles-Long Beach-Anaheim, CA",0.3514,0.4286,,,46844.0,,,Not Classified in SAEC
245847,Antioch University-Santa Barbara,California,Special Focus: Graduate Studies,0,0,42200,"Santa Maria-Santa Barbara, CA",0.4237,0.537,,,46844.0,,,Not Classified in SAEC
245865,Antioch University-New England,New Hampshire,Special Focus: Graduate Studies,0,0,28300,"Keene, NH",0.0,,,,46844.0,,,Not Classified in SAEC
245883,Antioch University-Seattle,Washington,Special Focus: Other Health Professions,0,0,42660,"Seattle-Tacoma-Bellevue, WA",0.325,0.3418,,,46844.0,,,Not Classified in SAEC
245892,Antioch University,Ohio,Mixed Undergraduate/Graduate-Doctorate Small,0,0,19430,"Dayton-Kettering-Beavercreek, OH",0.4286,0.4324,,,46844.0,,,Not Classified in SAEC
245953,Mid-America Christian University,Oklahoma,Professions-focused Undergraduate/Graduate-Master's Small,0,0,36420,"Oklahoma City, OK",0.524,0.4446,1.43,,40045.0,32955.365975281864,1.22,"Higher Access, Medium Earnings"
245962,Miller-Motte College-Tulsa,Oklahoma,Special Focus: Nursing,0,1,46140,"Tulsa, OK",0.8232,0.7638,2.48,,28099.0,31728.057330827065,0.89,"Higher Access, Lower Earnings"
246354,Palo Alto College,Texas,Mixed Associate Medium,0,1,41700,"San Antonio-New Braunfels, TX",0.3316,0.8273,1.11,,35918.0,32671.78894161074,1.1,"Higher Access, Medium Earnings"
246789,HJ International Graduate School for Peace and Public Leadership,New York,Special Focus: Theological Studies,0,0,35620,"New York-Newark-Jersey City, NY-NJ",0.0,,,,,,,Not Classified in SAEC
246813,Athens Technical College,Georgia,Special Focus: Applied and Career Studies,0,1,12020,"Athens-Clarke County, GA",0.4443,0.3933,1.31,,33563.0,28502.49753354989,1.18,"Higher Access, Medium Earnings"
246974,Carrington College-San Leandro Campus,California,Special Focus: Applied and Career Studies,0,1,41860,"San Francisco-Oakland-Fremont, CA",0.5882,0.8946,3.01,,38975.0,47699.11737523106,0.82,"Higher Access, Lower Earnings"
247065,Beckfield College-Florence,Kentucky,Special Focus: Nursing,0,1,17140,"Cincinnati, OH-KY-IN",0.5666,0.2017,1.54,,36304.0,39581.8577100773,0.92,"Higher Access, Lower Earnings"
247162,Ecumenical Theological Seminary,Michigan,Special Focus: Theological Studies,0,0,19820,"Detroit-Warren-Dearborn, MI",0.0,0.9231,,,,,,Not Classified in SAEC
247603,Sussex County Community College,New Jersey,Mixed Associate Small,0,1,35620,"New York-Newark-Jersey City, NY-NJ",0.3612,0.2892,0.99,,42424.0,53403.09351026909,0.79,"Lower Access, Lower Earnings"
247649,Landmark College,Vermont,Mixed Associate/Baccalaureate,0,1,14710,"Brattleboro, VT",0.183,0.2063,0.67,,32020.0,38008.60061844079,0.84,"Lower Access, Lower Earnings"
247773,Yeshiva Gedolah of Greater Detroit,Michigan,Special Focus: Theological Studies,0,0,19820,"Detroit-Warren-Dearborn, MI",0.3824,0.0,,,,,,Not Classified in SAEC
247834,Collin County Community College District,Texas,Mixed Associate Large,0,1,19100,"Dallas-Fort Worth-Arlington, TX",0.2268,0.4359,0.89,,43497.0,42430.694687832365,1.03,"Lower Access, Medium Earnings"
247940,Owensboro Community and Technical College,Kentucky,Mixed Associate Medium,0,1,36980,"Owensboro, KY",0.5308,0.1442,1.51,,33407.0,35228.693103202226,0.95,"Higher Access, Lower Earnings"
248934,ECPI University,Virginia,Special Focus: Applied and Career Studies,0,1,47260,"Virginia Beach-Chesapeake-Norfolk, VA-NC",0.4911,0.6146,1.65,,43157.0,35567.07717966831,1.21,"Higher Access, Medium Earnings"
249609,Fortis Institute-Forty Fort,Pennsylvania,Special Focus: Applied and Career Studies,0,1,42540,"Scranton--Wilkes-Barre, PA",0.6988,0.6231,2.96,,31271.0,33158.316622691294,0.94,"Higher Access, Lower Earnings"
250027,Laurel Business Institute,Pennsylvania,Special Focus: Applied and Career Studies,0,1,38300,"Pittsburgh, PA",0.4884,0.0955,1.26,,27596.0,41397.50774369877,0.67,"Higher Access, Lower Earnings"
251260,Southern Union State Community College,Alabama,Mixed Associate Medium,0,1,-2,Alabama -- Not in metropolitan statistical area,0.4048,0.2965,1.14,,34846.0,27340.743435479948,1.27,"Opportunity Colleges and Universities – Higher Access, Higher Earnings"
251312,South University-Columbia,South Carolina,Special Focus: Other Health Professions,0,0,17900,"Columbia, SC",0.5762,0.8081,2.08,,32897.0,28905.984563500282,1.14,"Higher Access, Medium Earnings"
260372,Lac Courte Oreilles Ojibwe University,Wisconsin,Professions-focused Associate/Baccalaureate,0,1,-2,Wisconsin -- Not in metropolitan statistical area,0.8161,0.891,8.1,,17262.0,24221.00904942965,0.71,"Higher Access, Lower Earnings"
260691,Pima Medical Institute-Mesa,Arizona,Special Focus: Applied and Career Studies,0,1,38060,"Phoenix-Mesa-Chandler, AZ",0.4603,0.5456,1.45,,38155.0,38546.29952442111,0.99,"Higher Access, Lower Earnings"
260789,Platt College-Los Angeles,California,Special Focus: Applied and Career Studies,0,1,31080,"Los Angeles-Long Beach-Anaheim, CA",0.5487,0.7632,1.59,,41224.0,32323.367219917014,1.28,"Opportunity Colleges and Universities – Higher Access, Higher Earnings"
260813,Platt College-Aurora,Colorado,Special Focus: Nursing,0,0,19740,"Denver-Aurora-Centennial, CO",0.3147,0.4094,1.39,,75982.0,43789.9381443299,1.74,"Opportunity Colleges and Universities – Higher Access, Higher Earnings"
260992,Northwestern College,Illinois,Special Focus: Nursing,0,1,16980,"Chicago-Naperville-Elgin, IL-IN",0.749,0.9006,2.53,,36288.0,36287.981836075705,1.0,"Higher Access, Medium Earnings"
262031,St Charles Community College,Missouri,Mixed Associate Medium,0,1,41180,"St. Louis, MO-IL",0.2739,0.2204,1.03,,39248.0,41197.70180355112,0.95,"Higher Access, Lower Earnings"
262086,University of Massachusetts Global,California,Mixed Undergraduate/Graduate-Doctorate Medium,0,0,31080,"Los Angeles-Long Beach-Anaheim, CA",0.2425,0.3005,0.81,,59545.0,38053.951012785525,1.56,"Lower Access, Higher Earnings"
262129,New College of Florida,Florida,Special Focus: Arts and Sciences,1,0,35840,"North Port-Bradenton-Sarasota, FL",0.3034,0.2764,1.16,,42029.0,35080.4533434928,1.2,"Higher Access, Medium Earnings"
262165,Montana Bible College,Montana,Special Focus: Theological Studies,0,0,13740,"Billings, MT",0.0,0.1481,,,,,,Not Classified in SAEC
262457,San Joaquin Valley College-Fresno,California,Special Focus: Applied and Career Studies,0,1,23420,"Fresno, CA",0.5667,0.764,1.29,,36746.0,28900.04196185286,1.27,"Opportunity Colleges and Universities – Higher Access, Higher Earnings"
363633,Luna Community College,New Mexico,Professions-focused Associate Small,0,1,29780,"Las Vegas, NM",0.4452,0.8464,0.93,,30917.0,28160.588475097247,1.1,"Lower Access, Medium Earnings"
363712,Yeshivah Gedolah Rabbinical College,Florida,Special Focus: Theological Studies,0,0,33100,"Miami-Fort Lauderdale-West Palm Beach, FL",0.3864,0.0,,,54801.0,,,Not Classified in SAEC
363907,Caribbean University-Ponce,Puerto Rico,"Special Focus: Technology, Engineering, and Sciences",0,0,38660,"Ponce, PR",0.7531,1.0,1.0,,20958.0,11050.0,1.9,"Opportunity Colleges and Universities – Higher Access, Higher Earnings"
363916,Caribbean University-Vega Baja,Puerto Rico,Professions-focused Baccalaureate Small,0,0,41980,"San Juan-Bayam√É¬≥n-Caguas, PR",0.8175,1.0,1.04,,20958.0,11050.0,1.9,"Opportunity Colleges and Universities – Higher Access, Higher Earnings"
363934,University of Advancing Technology,Arizona,Professions-focused Baccalaureate Small,0,0,38060,"Phoenix-Mesa-Chandler, AZ",0.5773,0.4537,1.5,,41451.0,38057.36228775694,1.09,"Higher Access, Medium Earnings"
364016,Paradise Valley Community College,Arizona,Mixed Associate Medium,0,1,38060,"Phoenix-Mesa-Chandler, AZ",0.2531,0.4134,0.95,,44838.0,40163.59063734234,1.12,"Lower Access, Medium Earnings"
364025,Chandler-Gilbert Community College,Arizona,Mixed Associate Medium,0,1,38060,"Phoenix-Mesa-Chandler, AZ",0.2013,0.4487,0.91,,45647.0,39261.43483543171,1.16,"Lower Access, Medium Earnings"
366003,South Florida Bible College and Theological Seminary,Florida,Professions-focused Associate/Baccalaureate,0,1,33100,"Miami-Fort Lauderdale-West Palm Beach, FL",0.2161,0.6513,0.77,,34307.0,32649.576271186437,1.05,"Lower Access, Medium Earnings"
366252,Pennsylvania College of Technology,Pennsylvania,Special Focus: Applied and Career Studies,1,1,48700,"Williamsport, PA",0.3187,0.1236,1.0,,49063.0,34138.84963017002,1.44,"Opportunity Colleges and Universities – Higher Access, Higher Earnings"
366261,Commonwealth Institute of Funeral Service,Texas,Special Focus: Applied and Career Studies,0,1,26420,"Houston-Pasadena-The Woodlands, TX",0.3564,0.533,1.08,,41098.0,37743.42357336955,1.09,"Higher Access, Medium Earnings"
366270,Delta College of Arts & Technology,Louisiana,"Special Focus: Arts, Music, and Design",0,1,12940,"Baton Rouge, LA",0.899,0.8873,2.55,,29723.0,30506.64579329741,0.97,"Higher Access, Lower Earnings"
366340,Stone Child College,Montana,Professions-focused Associate/Baccalaureate,0,1,-2,Montana -- Not in metropolitan statistical area,0.5021,0.95,4.29,,20732.0,18343.947893569843,1.13,"Higher Access, Medium Earnings"
366368,New York Academy of Art,New York,"Special Focus: Arts, Music, and Design",0,0,35620,"New York-Newark-Jersey City, NY-NJ",0.0,,,,,,,Not Classified in SAEC
366395,Suffolk County Community College,New York,Mixed Associate Large,0,1,35620,"New York-Newark-Jersey City, NY-NJ",0.3272,0.5035,1.15,,44889.0,46678.24096355021,0.96,"Higher Access, Lower Earnings"
366401,Las Positas College,California,Mixed Associate Medium,0,1,41860,"San Francisco-Oakland-Fremont, CA",0.1514,0.4483,1.08,,48399.0,59756.023289879675,0.81,"Higher Access, Lower Earnings"
366465,Ogeechee Technical College,Georgia,Professions-focused Associate Small,0,1,44340,"Statesboro, GA",0.5353,0.4704,1.43,,31969.0,32086.913599771862,1.0,"Higher Access, Medium Earnings"
366535,Remington College-Mobile Campus,Alabama,Special Focus: Applied and Career Studies,0,1,33660,"Mobile, AL",0.9442,0.7459,2.06,,28019.0,27932.11411410033,1.0,"Higher Access, Medium Earnings"
366553,Southern Technical College,Florida,Special Focus: Other Health Professions,0,1,15980,"Cape Coral-Fort Myers, FL",0.699,0.4644,1.76,,35719.0,34025.625725008525,1.05,"Higher Access, Medium Earnings"
366711,California State University-San Marcos,California,Mixed Undergraduate/Graduate-Master's Large/Medium,1,0,41740,"San Diego-Chula Vista-Carlsbad, CA",0.4382,0.6308,1.62,,57040.0,39901.1550331693,1.43,"Higher Access, Medium Earnings"
367112,Miller-Motte College-McCann-Monroe,Louisiana,Special Focus: Applied and Career Studies,0,1,33740,"Monroe, LA",0.739,0.8225,1.95,,28099.0,25839.118381915527,1.09,"Higher Access, Medium Earnings"
367361,Interactive College of Technology,Texas,Professions-focused Associate Small,0,1,26420,"Houston-Pasadena-The Woodlands, TX",0.4889,0.7167,1.39,,26680.0,35704.60317460317,0.75,"Higher Access, Lower Earnings"
367459,NorthWest Arkansas Community College,Arkansas,Mixed Associate Medium,0,1,22220,"Fayetteville-Springdale-Rogers, AR",0.3041,0.3592,1.16,,38347.0,36496.509534301025,1.05,"Higher Access, Medium Earnings"
367884,Hodges University,Florida,Professions-focused Associate/Baccalaureate,0,1,15980,"Cape Coral-Fort Myers, FL",0.2482,0.7252,1.55,,35901.0,33132.851641702175,1.08,"Higher Access, Medium Earnings"
367954,University of St. Augustine for Health Sciences,California,Special Focus: Other Health Professions,0,0,41740,"San Diego-Chula Vista-Carlsbad, CA",0.0,,,,,,,Not Classified in SAEC
368452,Nossi College of Art and Design,Tennessee,"Special Focus: Arts, Music, and Design",0,0,34980,"Nashville-Davidson--Murfreesboro--Franklin, TN",0.5772,0.3365,1.5,,29343.0,33382.89997096399,0.88,"Higher Access, Lower Earnings"
368629,Pima Medical Institute-Seattle,Washington,Special Focus: Applied and Career Studies,0,1,42660,"Seattle-Tacoma-Bellevue, WA",0.2574,0.3752,1.54,,38155.0,50606.59920431257,0.75,"Higher Access, Lower Earnings"
368911,Southeastern Technical College,Georgia,Special Focus: Other Health Professions,0,1,47080,"Vidalia, GA",0.665,0.4356,1.33,,31095.0,34996.440896358545,0.89,"Higher Access, Lower Earnings"
369002,Massachusetts School of Law,Massachusetts,Special Focus: Law,0,0,14460,"Boston-Cambridge-Newton, MA-NH",0.0,,,,,,,Not Classified in SAEC
369400,Universal Technical Institute-Auto Motorcycle & Marine Mechanics Institute Division-Orlando,Florida,Special Focus: Applied and Career Studies,0,1,36740,"Orlando-Kissimmee-Sanford, FL",0.4523,0.4897,1.24,,46267.0,35185.33137112468,1.31,"Opportunity Colleges and Universities – Higher Access, Higher Earnings"
369455,Worsham College of Mortuary Science,Illinois,Special Focus: Applied and Career Studies,0,1,16980,"Chicago-Naperville-Elgin, IL-IN",0.3812,0.3079,,,54447.0,,,Not Classified in SAEC
369516,Bryan University,Missouri,Special Focus: Other Health Professions,0,1,44180,"Springfield, MO",0.7652,0.4292,2.1,,27934.0,31430.19307405808,0.89,"Higher Access, Lower Earnings"
369659,Oregon College of Oriental Medicine,Oregon,Special Focus: Other Health Professions,0,0,38900,"Portland-Vancouver-Hillsboro, OR-WA",0.0,,,,,,,Not Classified in SAEC
369668,Central Pennsylvania Institute of Science and Technology,Pennsylvania,Special Focus: Applied and Career Studies,0,1,44300,"State College, PA",0.6705,0.0615,2.03,,40212.0,33553.568062827224,1.2,"Higher Access, Medium Earnings"
372073,Fremont University,California,Special Focus: Other Health Professions,0,1,31080,"Los Angeles-Long Beach-Anaheim, CA",0.6167,0.8148,1.75,,33099.0,33760.82767624021,0.98,"Higher Access, Lower Earnings"
372329,IBMC College,Colorado,Special Focus: Applied and Career Studies,0,1,22660,"Fort Collins-Loveland, CO",0.8073,0.4876,3.55,,34323.0,36669.22573871305,0.94,"Higher Access, Lower Earnings"
372921,Fortis College-Smyrna,Georgia,Special Focus: Applied and Career Studies,0,1,12060,"Atlanta-Sandy Springs-Roswell, GA",0.7261,0.8485,2.2,,34896.0,36173.139306189754,0.96,"Higher Access, Lower Earnings"
373085,Ross College-Davenport,Iowa,Special Focus: Applied and Career Studies,0,1,19340,"Davenport-Moline-Rock Island, IA-IL",0.8627,0.5,2.54,,28831.0,36842.80859745512,0.78,"Higher Access, Lower Earnings"
374024,Adler Graduate School,Minnesota,Special Focus: Other Health Professions,0,0,33460,"Minneapolis-St. Paul-Bloomington, MN-WI",0.0,,,,,,,Not Classified in SAEC
375230,Yeshiva Gedolah Imrei Yosef D'spinka,New York,Special Focus: Theological Studies,0,0,35620,"New York-Newark-Jersey City, NY-NJ",0.9133,0.0,,,,,,Not Classified in SAEC
375416,Remington College-Cleveland Campus,Ohio,Special Focus: Applied and Career Studies,0,1,17410,"Cleveland, OH",0.9839,0.785,3.02,,28019.0,27677.340909090908,1.01,"Higher Access, Medium Earnings"
375939,YTI Career Institute-Altoona,Pennsylvania,Special Focus: Applied and Career Studies,0,1,11020,"Altoona, PA",0.7284,0.4897,2.79,,30794.0,34112.087647016546,0.9,"Higher Access, Lower Earnings"
376224,CEM College-Humacao,Puerto Rico,Special Focus: Nursing,0,0,41980,"San Juan-Bayam√É¬≥n-Caguas, PR",0.8865,1.0,1.08,,20062.0,11050.0,1.82,"Opportunity Colleges and Universities – Higher Access, Higher Earnings"
376385,Universal Technology College of Puerto Rico,Puerto Rico,Special Focus: Nursing,0,0,10380,"Aguadilla, PR",0.6023,1.0,0.9,,18899.0,11050.0,1.71,"Lower Access, Higher Earnings"
376695,College of the Marshall Islands,Marshall Islands,Professions-focused Associate/Baccalaureate,0,1,-2,Puerto Rico,0.9552,0.9994,,,21519.0,,,Not Classified in SAEC
377111,Remington College-Fort Worth Campus,Texas,Special Focus: Applied and Career Studies,0,1,19100,"Dallas-Fort Worth-Arlington, TX",0.8453,0.8085,2.4,,28019.0,39264.83310476148,0.71,"Higher Access, Lower Earnings"
377218,School of Automotive Machinists & Technology,Texas,Special Focus: Applied and Career Studies,0,1,26420,"Houston-Pasadena-The Woodlands, TX",0.3758,0.4103,1.02,,49678.0,39840.021853146856,1.25,"Opportunity Colleges and Universities – Higher Access, Higher Earnings"
377458,Centura College-Norfolk,Virginia,Special Focus: Other Health Professions,0,1,47260,"Virginia Beach-Chesapeake-Norfolk, VA-NC",0.7376,0.8449,2.38,,25977.0,34080.75,0.76,"Higher Access, Lower Earnings"
377546,Northwest College of Art & Design,Washington,"Special Focus: Arts, Music, and Design",0,0,42660,"Seattle-Tacoma-Bellevue, WA",0.521,0.2774,1.7,,32139.0,40910.33453085378,0.79,"Higher Access, Lower Earnings"
377555,University of Washington-Bothell Campus,Washington,Mixed Undergraduate/Graduate-Master's Large/Medium,1,0,42660,"Seattle-Tacoma-Bellevue, WA",0.2857,0.2982,1.44,,70968.0,52840.75899550339,1.34,"Higher Access, Medium Earnings"
377564,University of Washington-Tacoma Campus,Washington,Mixed Undergraduate/Graduate-Master's Large/Medium,1,0,42660,"Seattle-Tacoma-Bellevue, WA",0.4048,0.3947,1.96,,70968.0,49893.00193560973,1.42,"Higher Access, Medium Earnings"
377661,Valley College-Martinsburg,West Virginia,Special Focus: Other Health Professions,0,1,25180,"Hagerstown-Martinsburg, MD-WV",0.7176,0.4124,2.2,,32000.0,35813.74049316695,0.89,"Higher Access, Lower Earnings"
378105,Central Coast College,California,Special Focus: Applied and Career Studies,0,1,41500,"Salinas, CA",0.5954,0.9265,1.64,,41019.0,30138.2343387471,1.36,"Opportunity Colleges and Universities – Higher Access, Higher Earnings"
378576,Pacific College of Health and Science,California,Special Focus: Other Health Professions,0,0,41740,"San Diego-Chula Vista-Carlsbad, CA",0.3891,0.4276,1.14,,24585.0,39752.307904411784,0.62,"Higher Access, Lower Earnings"
379746,College of Health Care Professions,Texas,Special Focus: Other Health Professions,0,1,26420,"Houston-Pasadena-The Woodlands, TX",0.7194,0.9604,1.96,,32512.0,30828.394736842103,1.05,"Higher Access, Medium Earnings"
379782,Center for Advanced Legal Studies,Texas,Professions-focused Associate Small,0,1,26420,"Houston-Pasadena-The Woodlands, TX",0.4818,0.674,1.41,,53418.0,37468.532871972326,1.43,"Opportunity Colleges and Universities – Higher Access, Higher Earnings"
380359,Bay Mills Community College,Michigan,Professions-focused Associate/Baccalaureate,0,1,42300,"Sault Ste. Marie, MI",0.4624,0.6645,1.8,,30901.0,24335.279246402904,1.27,"Opportunity Colleges and Universities – Higher Access, Higher Earnings"
380368,Fond du Lac Tribal and Community College,Minnesota,Professions-focused Associate Small,0,1,20260,"Duluth, MN-WI",0.6528,0.4781,3.7,,39265.0,34619.40826784668,1.13,"Higher Access, Medium Earnings"
380377,Northwest Indian College,Washington,Mixed Associate/Baccalaureate,0,1,13380,"Bellingham, WA",0.5345,0.9726,3.53,,31797.0,26991.97196660482,1.18,"Higher Access, Medium Earnings"
380438,Provo College,Utah,Special Focus: Nursing,0,0,39340,"Provo-Orem-Lehi, UT",0.5696,0.2188,1.68,,39292.0,34248.1343715847,1.15,"Higher Access, Medium Earnings"
381352,Colorado Chinese Medicine University,Colorado,Special Focus: Other Health Professions,0,0,19740,"Denver-Aurora-Centennial, CO",0.0,,,,,,,Not Classified in SAEC
381459,Phoenix Seminary,Arizona,Special Focus: Theological Studies,0,0,38060,"Phoenix-Mesa-Chandler, AZ",0.0,,,,,,,Not Classified in SAEC
382911,Southwest College for the Deaf,Texas,Mixed Associate Small,0,1,13700,"Big Spring, TX",0.7407,0.7455,2.02,,34358.0,34689.51072167997,0.99,"Higher Access, Lower Earnings"
382957,Fortis College-Richmond,Virginia,Special Focus: Nursing,0,1,40060,"Richmond, VA",0.7064,0.863,2.61,,28875.0,32704.35885167464,0.88,"Higher Access, Lower Earnings"
383020,Midwest College of Oriental Medicine-Racine,Wisconsin,Special Focus: Other Health Professions,0,0,39540,"Racine-Mount Pleasant, WI",0.5,0.1667,,,34101.0,,,Not Classified in SAEC
383190,Hawaii Community College,Hawaii,Mixed Associate Small,0,1,25900,"Hilo-Kailua, HI",0.4512,0.7089,1.37,,31686.0,34060.160858131734,0.93,"Higher Access, Lower Earnings"
383996,Eastern New Mexico University Ruidoso Branch Community College,New Mexico,Mixed Associate Small,0,1,40760,"Ruidoso, NM",0.2348,0.5984,0.99,,36430.0,28522.962749207756,1.28,"Lower Access, Higher Earnings"
384254,Beacon College,Florida,Professions-focused Baccalaureate Small,0,0,36740,"Orlando-Kissimmee-Sanford, FL",0.2601,0.2828,,,19063.0,,,Not Classified in SAEC
384306,Acupuncture and Integrative Medicine College-Berkeley,California,Special Focus: Other Health Professions,0,0,41860,"San Francisco-Oakland-Fremont, CA",0.0,,,,,,,Not Classified in SAEC
384333,Estrella Mountain Community College,Arizona,Mixed Associate Medium,0,1,38060,"Phoenix-Mesa-Chandler, AZ",0.3515,0.7014,1.48,,42288.0,37143.58546977422,1.14,"Higher Access, Medium Earnings"
384342,Heartland Community College,Illinois,Mixed Associate Medium,0,1,14010,"Bloomington, IL",0.3239,0.3298,1.98,,37743.0,37025.0671645379,1.02,"Higher Access, Medium Earnings"
384412,University of the Potomac-Washington DC Campus,District of Columbia,Special Focus: Business,0,0,47900,"Washington-Arlington-Alexandria, DC-VA-MD-WV",0.2632,0.3402,0.98,,32356.0,31876.011717898436,1.02,"Lower Access, Medium Earnings"
384421,Rabbi Jacob Joseph School,New Jersey,Special Focus: Theological Studies,0,0,35620,"New York-Newark-Jersey City, NY-NJ",0.1809,0.0,,,,,,Not Classified in SAEC
385415,Albert Einstein College of Medicine,New York,Special Focus: Medical Schools and Centers,0,0,35620,"New York-Newark-Jersey City, NY-NJ",0.0,,,,,,,Not Classified in SAEC
385503,Fortis Institute-Scranton,Pennsylvania,Special Focus: Applied and Career Studies,0,1,42540,"Scranton--Wilkes-Barre, PA",0.7952,0.43,2.48,,31271.0,33173.78325450169,0.94,"Higher Access, Lower Earnings"
385619,Everglades University,Florida,Professions-focused Undergraduate/Graduate-Master's Small,0,0,33100,"Miami-Fort Lauderdale-West Palm Beach, FL",0.5147,0.4826,1.35,,41440.0,34780.64483683504,1.19,"Higher Access, Medium Earnings"
386472,Herzing University-Orlando,Florida,Special Focus: Nursing,0,1,36740,"Orlando-Kissimmee-Sanford, FL",0.5986,0.7358,1.57,,38007.0,30643.97442143727,1.24,"Higher Access, Medium Earnings"
388520,College of Biblical Studies-Houston,Texas,Special Focus: Theological Studies,0,0,26420,"Houston-Pasadena-The Woodlands, TX",0.7854,0.7996,,,37241.0,,,Not Classified in SAEC
392257,The College of Health Care Professions-Northwest,Texas,Special Focus: Other Health Professions,0,1,26420,"Houston-Pasadena-The Woodlands, TX",0.6629,0.8289,1.76,,32512.0,33609.24010408087,0.97,"Higher Access, Lower Earnings"
392415,Fortis College,Texas,Special Focus: Other Health Professions,0,1,26420,"Houston-Pasadena-The Woodlands, TX",0.7267,0.932,1.95,,34055.0,31710.512251148542,1.07,"Higher Access, Medium Earnings"
395362,Copper Mountain Community College,California,Mixed Associate Small,0,1,40140,"Riverside-San Bernardino-Ontario, CA",0.5313,0.576,1.27,,33887.0,32388.060980319504,1.05,"Higher Access, Medium Earnings"
399212,Santiago Canyon College,California,Mixed Associate Medium,0,1,31080,"Los Angeles-Long Beach-Anaheim, CA",0.1248,0.6529,0.82,,41260.0,37915.41952059556,1.09,"Lower Access, Medium Earnings"
399869,Southern California Institute of Technology,California,"Special Focus: Technology, Engineering, and Sciences",0,0,31080,"Los Angeles-Long Beach-Anaheim, CA",0.7135,0.7482,2.01,,61242.0,37288.328671328665,1.64,"Opportunity Colleges and Universities – Higher Access, Higher Earnings"
399911,Soka University of America,California,Special Focus: Arts and Sciences,0,0,31080,"Los Angeles-Long Beach-Anaheim, CA",0.1685,0.4218,0.82,,48195.0,40584.5668415792,1.19,"Lower Access, Medium Earnings"
400558,Los Angeles Pacific College,California,"Special Focus: Arts, Music, and Design",0,1,31080,"Los Angeles-Long Beach-Anaheim, CA",0.0,0.0198,,,,,,Not Classified in SAEC
401223,World Mission University,California,Special Focus: Theological Studies,0,0,31080,"Los Angeles-Long Beach-Anaheim, CA",0.4688,0.3801,,,16628.0,,,Not Classified in SAEC
401250,Yo San University of Traditional Chinese Medicine,California,Special Focus: Other Health Professions,0,0,31080,"Los Angeles-Long Beach-Anaheim, CA",0.0,,,,,,,Not Classified in SAEC
403469,Frontier Community College,Illinois,Mixed Associate Medium,0,1,-2,Illinois -- Not in metropolitan statistical area,0.4325,0.115,1.49,,37267.0,33924.07056367432,1.1,"Higher Access, Medium Earnings"
403478,Lincoln Trail College,Illinois,Mixed Associate Small,0,1,-2,Illinois -- Not in metropolitan statistical area,0.4743,0.1579,1.79,,37267.0,33935.372855491965,1.1,"Higher Access, Medium Earnings"
403487,Wabash Valley College,Illinois,Mixed Associate Medium,0,1,-2,Illinois -- Not in metropolitan statistical area,0.4335,0.1303,1.49,,37267.0,34082.636521964414,1.09,"Higher Access, Medium Earnings"
404055,Brookline College-Tempe,Arizona,Special Focus: Applied and Career Studies,0,1,38060,"Phoenix-Mesa-Chandler, AZ",0.5843,0.7541,1.93,,31326.0,36255.23735810114,0.86,"Higher Access, Lower Earnings"
404222,Inter American University of Puerto Rico-School of Optometry,Puerto Rico,Special Focus: Other Health Professions,0,0,41980,"San Juan-Bayam√É¬≥n-Caguas, PR",0.0,,,,,,,Not Classified in SAEC
404338,Schiller International University,Florida,Special Focus: Business,0,0,45300,"Tampa-St. Petersburg-Clearwater, FL",0.1071,0.2105,0.55,,37387.0,29962.75671406003,1.25,"Lower Access, Higher Earnings"
404426,Coconino Community College,Arizona,Mixed Associate Medium,0,1,22380,"Flagstaff, AZ",0.2183,0.505,0.94,,40099.0,30279.342643290664,1.32,"Lower Access, Higher Earnings"
404912,Pima Medical Institute-Denver,Colorado,Special Focus: Applied and Career Studies,0,1,19740,"Denver-Aurora-Centennial, CO",0.4124,0.5848,1.96,,38155.0,47291.970921855405,0.81,"Higher Access, Lower Earnings"
405058,Yeshivas Novominsk,New York,Special Focus: Theological Studies,0,1,35620,"New York-Newark-Jersey City, NY-NJ",0.349,0.0,,,,,,Not Classified in SAEC
405076,Southern Careers Institute-Corpus Christi,Texas,Special Focus: Business,0,1,18580,"Corpus Christi, TX",0.7258,0.6705,1.4,,26123.0,30593.774668630336,0.85,"Higher Access, Lower Earnings"
405854,Rabbinical College of Ohr Shimon Yisroel,New York,Special Focus: Theological Studies,0,0,35620,"New York-Newark-Jersey City, NY-NJ",0.8017,0.0,,,,,,Not Classified in SAEC
405872,Carroll Community College,Maryland,Mixed Associate Small,0,1,12580,"Baltimore-Columbia-Towson, MD",0.2252,0.1814,0.74,,41976.0,51739.12819814725,0.81,"Lower Access, Lower Earnings"
406024,Galen College of Nursing-Tampa Bay,Florida,Special Focus: Nursing,0,1,45300,"Tampa-St. Petersburg-Clearwater, FL",0.4832,0.5318,1.48,,60671.0,35875.4081632653,1.69,"Opportunity Colleges and Universities – Higher Access, Higher Earnings"
406033,Galen College of Nursing-San Antonio,Texas,Special Focus: Nursing,0,1,41700,"San Antonio-New Braunfels, TX",0.5324,0.7855,1.36,,60671.0,32606.68397033657,1.86,"Opportunity Colleges and Universities – Higher Access, Higher Earnings"
406547,City College-Gainesville,Florida,Special Focus: Applied and Career Studies,0,1,23540,"Gainesville, FL",0.0,0.5652,,,34544.0,,,Not Classified in SAEC
407610,Pacific Bible College,Oregon,Special Focus: Theological Studies,0,1,32780,"Medford, OR",0.3404,0.0784,,,,,,Not Classified in SAEC
407629,Lake Erie College of Osteopathic Medicine,Pennsylvania,Special Focus: Medical Schools and Centers,0,0,21500,"Erie, PA",0.0,0.1818,,,,,,Not Classified in SAEC
408385,Southern Careers Institute-Pharr,Texas,Special Focus: Business,0,1,32580,"McAllen-Edinburg-Mission, TX",0.7608,0.8364,1.15,,26123.0,22435.804239401496,1.16,"Higher Access, Medium Earnings"
408844,Florida National University-Main Campus,Florida,Special Focus: Other Health Professions,0,1,33100,"Miami-Fort Lauderdale-West Palm Beach, FL",0.8365,0.9758,1.87,,33325.0,31640.057306481427,1.05,"Higher Access, Medium Earnings"
409254,Erikson Institute,Illinois,Special Focus: Graduate Studies,0,0,16980,"Chicago-Naperville-Elgin, IL-IN",0.0,,,,,,,Not Classified in SAEC
409315,South Texas College,Texas,Mixed Associate/Baccalaureate,0,1,32580,"McAllen-Edinburg-Mission, TX",0.5616,0.9663,1.04,,31909.0,23229.094624183006,1.37,"Opportunity Colleges and Universities – Higher Access, Higher Earnings"
409616,Roger Williams University School of Law,Rhode Island,Special Focus: Law,0,0,39300,"Providence-Warwick, RI-MA",0.0,,,,62340.0,,,Not Classified in SAEC
409698,California State University-Monterey Bay,California,Mixed Undergraduate/Graduate-Master's Large/Medium,1,0,41500,"Salinas, CA",0.4368,0.6517,1.18,,55080.0,33968.56161278023,1.62,"Opportunity Colleges and Universities – Higher Access, Higher Earnings"
412173,Academy for Nursing and Health Occupations,Florida,Special Focus: Nursing,0,1,33100,"Miami-Fort Lauderdale-West Palm Beach, FL",0.5303,0.9111,1.39,,46813.0,28691.609756097558,1.63,"Opportunity Colleges and Universities – Higher Access, Higher Earnings"
412599,Remington College-Memphis Campus,Tennessee,Special Focus: Applied and Career Studies,0,1,32820,"Memphis, TN-MS-AR",0.9128,0.9673,2.17,,28019.0,28212.448202172924,0.99,"Higher Access, Lower Earnings"
413413,Capella University,Minnesota,Special Focus: Nursing,0,0,33460,"Minneapolis-St. Paul-Bloomington, MN-WI",0.3658,0.461,1.25,,43273.0,32999.23642017746,1.31,"Opportunity Colleges and Universities – Higher Access, Higher Earnings"
413617,College of Menominee Nation,Wisconsin,Professions-focused Associate/Baccalaureate,0,1,43020,"Shawano, WI",0.6471,0.9377,3.73,,28174.0,26532.96191819464,1.06,"Higher Access, Medium Earnings"
413626,Leech Lake Tribal College,Minnesota,Mixed Associate Small,0,1,14660,"Brainerd, MN",0.7351,0.8458,6.68,,22267.0,15066.694852941175,1.48,"Opportunity Colleges and Universities – Higher Access, Higher Earnings"
413680,Spartan College of Aeronautics & Technology,California,Special Focus: Applied and Career Studies,0,1,31080,"Los Angeles-Long Beach-Anaheim, CA",0.3972,0.7825,1.38,,65476.0,34474.155152887884,1.9,"Opportunity Colleges and Universities – Higher Access, Higher Earnings"
414461,Mech-Tech College,Puerto Rico,Special Focus: Applied and Career Studies,0,1,41980,"San Juan-Bayam√É¬≥n-Caguas, PR",0.9198,0.995,1.13,,24728.0,11893.307981220656,2.08,"Opportunity Colleges and Universities – Higher Access, Higher Earnings"
414595,Pacific College of Health and Science,New York,Special Focus: Other Health Professions,0,0,35620,"New York-Newark-Jersey City, NY-NJ",0.3139,0.4179,1.07,,24585.0,35403.89310009718,0.69,"Higher Access, Lower Earnings"
414878,Trine University-Regional/Non-Traditional Campuses,Indiana,Special Focus: Business,0,0,11420,"Angola, IN",0.2293,0.1782,0.78,,56651.0,35112.801595909514,1.61,"Lower Access, Higher Earnings"
414911,Pennsylvania Highlands Community College,Pennsylvania,Professions-focused Associate Small,0,1,27780,"Johnstown, PA",0.5126,0.1092,1.46,,34313.0,32726.68613841059,1.05,"Higher Access, Medium Earnings"
414939,Nevada Career Institute,Nevada,Special Focus: Applied and Career Studies,0,1,29820,"Las Vegas-Henderson-North Las Vegas, NV",0.6046,0.7605,1.66,,39493.0,32543.17283950617,1.21,"Higher Access, Medium Earnings"
414966,Phillips Theological Seminary,Oklahoma,Special Focus: Theological Studies,0,0,46140,"Tulsa, OK",0.0,,,,,,,Not Classified in SAEC
416458,Premiere Career College,California,Special Focus: Applied and Career Studies,0,1,31080,"Los Angeles-Long Beach-Anaheim, CA",0.65,0.9023,1.88,,38655.0,34378.336468885675,1.12,"Higher Access, Medium Earnings"
416801,The University of Texas MD Anderson Cancer Center,Texas,Special Focus: Other Health Professions,0,0,26420,"Houston-Pasadena-The Woodlands, TX",0.3205,0.4279,,,78449.0,,,Not Classified in SAEC
417327,City College-Altamonte Springs,Florida,Special Focus: Applied and Career Studies,0,1,36740,"Orlando-Kissimmee-Sanford, FL",0.5461,0.7714,1.52,,31517.0,31177.31302876481,1.01,"Higher Access, Medium Earnings"
417734,Southeast Missouri Hospital College of Nursing and Health Sciences,Missouri,Special Focus: Nursing,0,1,16020,"Cape Girardeau, MO-IL",0.4697,0.0667,1.06,,63997.0,33476.94376590331,1.91,"Opportunity Colleges and Universities – Higher Access, Higher Earnings"
417752,Messenger College,Texas,Special Focus: Theological Studies,0,0,19100,"Dallas-Fort Worth-Arlington, TX",0.8421,0.4348,,,39944.0,,,Not Classified in SAEC
418126,New York College of Health Professions,New York,Special Focus: Other Health Professions,0,1,35620,"New York-Newark-Jersey City, NY-NJ",0.3226,0.3609,,,27412.0,,,Not Classified in SAEC
418533,Lancaster County Career and Technology Center,Pennsylvania,Special Focus: Applied and Career Studies,0,1,29540,"Lancaster, PA",0.4957,0.5233,2.51,,44441.0,38819.62401979023,1.14,"Higher Access, Medium Earnings"
418889,North Central Institute,Tennessee,Special Focus: Applied and Career Studies,0,1,17300,"Clarksville, TN-KY",0.18,0.2577,0.7,,59836.0,32357.668734491315,1.85,"Lower Access, Higher Earnings"
419244,Atlanta Institute of Music and Media,Georgia,Special Focus: Applied and Career Studies,0,1,12060,"Atlanta-Sandy Springs-Roswell, GA",0.5,0.674,1.64,,29742.0,37709.76218487392,0.79,"Higher Access, Lower Earnings"
419341,Jna Institute of Culinary Arts,Pennsylvania,Special Focus: Applied and Career Studies,0,1,37980,"Philadelphia-Camden-Wilmington, PA-NJ-DE-MD",0.5556,0.8537,2.39,,21575.0,33356.92105263158,0.65,"Higher Access, Lower Earnings"
420024,Centura College-Chesapeake,Virginia,Special Focus: Other Health Professions,0,1,47260,"Virginia Beach-Chesapeake-Norfolk, VA-NC",0.8413,0.8054,,,25977.0,,,Not Classified in SAEC
420042,University of Phoenix-Hawaii,Hawaii,Special Focus: Business,0,0,46520,"Urban Honolulu, HI",0.125,0.75,1.2,,36644.0,33819.35226824458,1.08,"Higher Access, Medium Earnings"
420246,Sonoran University of Health Sciences,Arizona,Special Focus: Other Health Professions,0,0,38060,"Phoenix-Mesa-Chandler, AZ",0.0,,,,,,,Not Classified in SAEC
420325,Yeshiva D'monsey Rabbinical College,New York,Special Focus: Theological Studies,0,0,35620,"New York-Newark-Jersey City, NY-NJ",0.8353,0.0,,,,,,Not Classified in SAEC
420370,Career Technical Institute,District of Columbia,Professions-focused Associate Small,0,1,47900,"Washington-Arlington-Alexandria, DC-VA-MD-WV",0.8497,0.9197,2.96,,27405.0,38768.81658153084,0.71,"Higher Access, Lower Earnings"
420398,Northwest Vista College,Texas,Mixed Associate Large,0,1,41700,"San Antonio-New Braunfels, TX",0.2731,0.7903,1.0,,38613.0,33514.6924202321,1.15,"Higher Access, Medium Earnings"
420431,Oconee Fall Line Technical College,Georgia,Special Focus: Other Health Professions,0,1,-2,Georgia -- Not in metropolitan statistical area,0.6568,0.5691,1.96,,31447.0,24118.980548894222,1.3,"Opportunity Colleges and Universities – Higher Access, Higher Earnings"
420440,York County Community College,Maine,Professions-focused Associate Small,0,1,38860,"Portland-South Portland, ME",0.3651,0.1017,1.6,,34392.0,41217.4100758212,0.83,"Higher Access, Lower Earnings"
420538,Arkansas State University-Mountain Home,Arkansas,Professions-focused Associate Small,0,1,34260,"Mountain Home, AR",0.62,0.09,1.17,,37165.0,30431.837240952405,1.22,"Higher Access, Medium Earnings"
420556,Columbia Gorge Community College,Oregon,Mixed Associate Small,0,1,45520,"The Dalles, OR",0.416,0.4826,1.75,,38837.0,33804.91907683319,1.15,"Higher Access, Medium Earnings"
420705,Bakke Graduate University,Texas,Special Focus: Theological Studies,0,0,19100,"Dallas-Fort Worth-Arlington, TX",0.0,,,,,,,Not Classified in SAEC
420723,Tillamook Bay Community College,Oregon,Mixed Associate Small,0,1,-2,Oregon -- Not in metropolitan statistical area,0.4208,0.2881,1.6,,34526.0,30070.986027944113,1.15,"Higher Access, Medium Earnings"
421513,Ross College-Hopkinsville,Kentucky,Special Focus: Applied and Career Studies,0,1,17300,"Clarksville, TN-KY",0.7717,0.5217,2.02,,28831.0,32191.241945529684,0.9,"Higher Access, Lower Earnings"
421708,Arizona College of Nursing-Tempe,Arizona,Special Focus: Nursing,0,0,38060,"Phoenix-Mesa-Chandler, AZ",0.4665,0.5332,1.35,,33491.0,34810.37767220903,0.96,"Higher Access, Lower Earnings"
421841,New York Conservatory for Dramatic Arts,New York,"Special Focus: Arts, Music, and Design",0,1,35620,"New York-Newark-Jersey City, NY-NJ",0.4548,0.6759,1.66,,27063.0,38250.16004464286,0.71,"Higher Access, Lower Earnings"
421878,Eastern International College-Jersey City,New Jersey,Special Focus: Applied and Career Studies,0,1,35620,"New York-Newark-Jersey City, NY-NJ",0.4537,0.7132,1.65,,39007.0,35355.70065075922,1.1,"Higher Access, Medium Earnings"
422020,San Joaquin Valley College-Trades Education Center,California,Special Focus: Applied and Career Studies,0,1,23420,"Fresno, CA",0.5816,0.6649,1.22,,36746.0,31040.405000000013,1.18,"Higher Access, Medium Earnings"
422695,Pacific College,California,Special Focus: Nursing,0,1,31080,"Los Angeles-Long Beach-Anaheim, CA",0.5114,0.7463,1.52,,67912.0,34208.55818181818,1.99,"Opportunity Colleges and Universities – Higher Access, Higher Earnings"
423120,Compu-Med Vocational Careers Corp,Florida,Special Focus: Nursing,0,1,33100,"Miami-Fort Lauderdale-West Palm Beach, FL",0.5725,0.9805,1.5,,21938.0,31755.0,0.69,"Higher Access, Lower Earnings"
423643,Midwestern University-Glendale,Arizona,Special Focus: Medical Schools and Centers,0,0,38060,"Phoenix-Mesa-Chandler, AZ",0.0,,,,,,,Not Classified in SAEC
423652,Oregon Coast Community College,Oregon,Professions-focused Associate Small,0,1,35440,"Newport, OR",0.4568,0.3323,,,,,,Not Classified in SAEC
425250,Gwinnett College-Sandy Springs,Georgia,Special Focus: Other Health Professions,0,1,12060,"Atlanta-Sandy Springs-Roswell, GA",0.8347,0.719,2.25,,28983.0,37645.384313725495,0.77,"Higher Access, Lower Earnings"
426314,Embry-Riddle Aeronautical University-Worldwide,Florida,Professions-focused Undergraduate/Graduate-Master's Large/Medium,0,0,19660,"Deltona-Daytona Beach-Ormond Beach, FL",0.2565,0.3694,0.92,,76224.0,34454.824000689645,2.21,"Lower Access, Higher Earnings"
428170,Southeastern College-West Palm Beach,Florida,Special Focus: Applied and Career Studies,0,1,33100,"Miami-Fort Lauderdale-West Palm Beach, FL",0.773,0.8833,1.73,,38065.0,33970.820021894026,1.12,"Higher Access, Medium Earnings"
428259,Ottawa University-Milwaukee,Wisconsin,Professions-focused Baccalaureate Small,0,0,33340,"Milwaukee-Waukesha, WI",0.4603,0.266,,,53089.0,,,Not Classified in SAEC
428392,Klamath Community College,Oregon,Professions-focused Associate Small,0,1,28900,"Klamath Falls, OR",0.573,0.334,1.4,,33850.0,30856.47760835405,1.1,"Higher Access, Medium Earnings"
429085,American College of Acupuncture and Oriental Med,Texas,Special Focus: Other Health Professions,0,0,26420,"Houston-Pasadena-The Woodlands, TX",0.0,,,,,,,Not Classified in SAEC
429094,AOMA Graduate School of Integrative Medicine,Texas,Special Focus: Other Health Professions,0,0,12420,"Austin-Round Rock-San Marcos, TX",0.0,,,,,,,Not Classified in SAEC
429128,Urban College of Boston,Massachusetts,Professions-focused Associate Small,0,1,14460,"Boston-Cambridge-Newton, MA-NH",0.6039,0.8608,3.49,,27352.0,40463.042870456666,0.68,"Higher Access, Lower Earnings"
430184,Strayer University-Maryland,Maryland,Special Focus: Business,0,0,47900,"Washington-Arlington-Alexandria, DC-VA-MD-WV",0.5955,0.8189,2.28,,37064.0,38771.132139969166,0.96,"Higher Access, Lower Earnings"
430245,Southern Careers Institute-San Antonio,Texas,Special Focus: Business,0,1,41700,"San Antonio-New Braunfels, TX",0.7166,0.7968,1.63,,26123.0,31145.166840458813,0.84,"Higher Access, Lower Earnings"
430670,San Juan Bautista School of Medicine,Puerto Rico,Special Focus: Medical Schools and Centers,0,0,41980,"San Juan-Bayam√É¬≥n-Caguas, PR",0.8767,1.0,,,,,,Not Classified in SAEC
430704,Texas Health and Science University,Texas,Special Focus: Other Health Professions,0,0,12420,"Austin-Round Rock-San Marcos, TX",0.0,0.4444,,,,,,Not Classified in SAEC
430935,Colegio de Cinematografía Artes y Television,Puerto Rico,Special Focus: Applied and Career Studies,0,1,41980,"San Juan-Bayam√É¬≥n-Caguas, PR",0.8447,1.0,1.08,,18973.0,13597.866666666661,1.4,"Opportunity Colleges and Universities – Higher Access, Higher Earnings"
431141,Institute of Technology,California,Special Focus: Applied and Career Studies,0,1,23420,"Fresno, CA",0.2928,0.591,0.83,,33082.0,30145.809423667353,1.1,"Lower Access, Medium Earnings"
431983,Yeshiva of the Telshe Alumni,New York,Special Focus: Theological Studies,0,0,35620,"New York-Newark-Jersey City, NY-NJ",0.473,0.0,,,,,,Not Classified in SAEC
432348,Appalachian School of Law,Virginia,Special Focus: Law,0,0,-2,,0.0,,,,,,,Not Classified in SAEC
432384,Platt College-Ontario,California,Special Focus: Applied and Career Studies,0,1,40140,"Riverside-San Bernardino-Ontario, CA",0.6561,0.8594,1.67,,41224.0,30184.1484375,1.37,"Opportunity Colleges and Universities – Higher Access, Higher Earnings"
432524,Delaware College of Art and Design,Delaware,"Special Focus: Arts, Music, and Design",0,1,37980,"Philadelphia-Camden-Wilmington, PA-NJ-DE-MD",0.4016,0.5748,1.68,,30739.0,39259.903119330775,0.78,"Higher Access, Lower Earnings"
433004,American University of Health Sciences,California,Special Focus: Nursing,0,0,31080,"Los Angeles-Long Beach-Anaheim, CA",0.4598,0.5054,1.32,,111213.0,47213.656470588234,2.36,"Opportunity Colleges and Universities – Higher Access, Higher Earnings"
433013,Career Networks Institute,California,Special Focus: Nursing,0,1,31080,"Los Angeles-Long Beach-Anaheim, CA",0.4838,0.571,1.31,,48957.0,38279.94065757818,1.28,"Opportunity Colleges and Universities – Higher Access, Higher Earnings"
433174,Carolinas College of Health Sciences,North Carolina,Special Focus: Nursing,0,1,16740,"Charlotte-Concord-Gastonia, NC-SC",0.1726,0.34,0.81,,64384.0,42003.21527777779,1.53,"Lower Access, Higher Earnings"
433387,Western Governors University,Utah,Professions-focused Undergraduate/Graduate-Master's Large/Medium,0,0,41620,"Salt Lake City-Murray, UT",0.3488,0.3411,1.04,,68924.0,38018.13806157023,1.81,"Opportunity Colleges and Universities – Higher Access, Higher Earnings"
433420,California Aeronautical University,California,Professions-focused Baccalaureate Small,0,0,12540,"Bakersfield-Delano, CA",0.4985,0.4866,1.37,,39771.0,34383.586263020836,1.16,"Higher Access, Medium Earnings"
433536,Herzing University-New Orleans,Louisiana,Special Focus: Other Health Professions,0,1,35380,"New Orleans-Metairie, LA",0.7225,0.8017,1.89,,38007.0,28933.874815905747,1.31,"Opportunity Colleges and Universities – Higher Access, Higher Earnings"
433660,Florida Gulf Coast University,Florida,Mixed Undergraduate/Graduate-Master's Large/Medium,1,0,15980,"Cape Coral-Fort Myers, FL",0.2922,0.3617,1.01,,49680.0,35517.09079874674,1.4,"Higher Access, Medium Earnings"
434016,Little Priest Tribal College,Nebraska,Mixed Associate Small,0,1,-2,Nebraska -- Not in metropolitan statistical area,0.5592,0.9027,5.39,,30724.0,23468.143196202534,1.31,"Opportunity Colleges and Universities – Higher Access, Higher Earnings"
434061,South Louisiana Community College,Louisiana,Professions-focused Associate Large/Medium,0,1,29180,"Lafayette, LA",0.58,0.5037,1.63,,30954.0,31010.39819949714,1.0,"Higher Access, Medium Earnings"
434140,Pima Medical Institute-Chula Vista,California,Special Focus: Applied and Career Studies,0,1,41740,"San Diego-Chula Vista-Carlsbad, CA",0.5491,0.758,1.99,,38155.0,38627.98518955988,0.99,"Higher Access, Lower Earnings"
434159,Lincoln College of Technology-Marietta,Georgia,Special Focus: Applied and Career Studies,0,1,12060,"Atlanta-Sandy Springs-Roswell, GA",0.6031,0.8644,2.0,,33078.0,33404.34352256186,0.99,"Higher Access, Lower Earnings"
434432,Myotherapy Institute,Nebraska,Special Focus: Other Health Professions,0,1,30700,"Lincoln, NE",0.4615,0.1154,1.27,,28122.0,37169.603648424534,0.76,"Higher Access, Lower Earnings"
434441,Florida College of Integrative Medicine,Florida,Special Focus: Other Health Professions,0,0,36740,"Orlando-Kissimmee-Sanford, FL",0.0,,,,,,,Not Classified in SAEC
434469,New Professions Technical Institute,Florida,Special Focus: Nursing,0,1,33100,"Miami-Fort Lauderdale-West Palm Beach, FL",0.9156,1.0,1.99,,27596.0,31558.85207100592,0.87,"Higher Access, Lower Earnings"
434584,Ilisagvik College,Alaska,Professions-focused Associate Small,0,1,-2,Alaska -- Not in metropolitan statistical area,0.1475,0.8681,1.56,,30950.0,28818.291794871802,1.07,"Higher Access, Medium Earnings"
434672,Community College of Baltimore County,Maryland,Professions-focused Associate Large/Medium,0,1,12580,"Baltimore-Columbia-Towson, MD",0.3795,0.5709,1.61,,39208.0,44437.15588749904,0.88,"Higher Access, Lower Earnings"
434751,White Earth Tribal and Community College,Minnesota,Mixed Associate Small,0,1,-2,Minnesota -- Not in metropolitan statistical area,0.8022,0.9127,8.3,,24440.0,16949.514285714286,1.44,"Opportunity Colleges and Universities – Higher Access, Higher Earnings"
434900,Dewey University-Carolina,Puerto Rico,Special Focus: Other Health Professions,0,1,41980,"San Juan-Bayam√É¬≥n-Caguas, PR",0.8512,1.0,1.06,,17913.0,11050.0,1.62,"Opportunity Colleges and Universities – Higher Access, Higher Earnings"
434937,Yeshiva College of the Nations Capital,Maryland,Special Focus: Theological Studies,0,0,47900,"Washington-Arlington-Alexandria, DC-VA-MD-WV",0.186,0.0,,,,,,Not Classified in SAEC
435000,Louisiana State University Health Sciences Center-Shreveport,Louisiana,Special Focus: Medical Schools and Centers,0,0,43340,"Shreveport-Bossier City, LA",0.1739,0.3529,,,67509.0,,,Not Classified in SAEC
436304,River Parishes Community College,Louisiana,Special Focus: Applied and Career Studies,0,1,12940,"Baton Rouge, LA",0.4856,0.5189,1.43,,33557.0,34597.56564956513,0.97,"Higher Access, Lower Earnings"
436429,Los Angeles Film School,California,"Special Focus: Arts, Music, and Design",0,1,31080,"Los Angeles-Long Beach-Anaheim, CA",0.6492,0.6553,1.82,,28434.0,32023.67858877388,0.89,"Higher Access, Lower Earnings"
436599,FINE Mortuary College,Massachusetts,Special Focus: Applied and Career Studies,0,1,14460,"Boston-Cambridge-Newton, MA-NH",0.4661,0.2297,,,,,,Not Classified in SAEC
436614,International Baptist College and Seminary,Arizona,Special Focus: Theological Studies,0,0,38060,"Phoenix-Mesa-Chandler, AZ",0.3091,0.1667,,,,,,Not Classified in SAEC
437097,University of Management and Technology,Virginia,Special Focus: Business,0,0,47900,"Washington-Arlington-Alexandria, DC-VA-MD-WV",0.0484,0.4964,0.83,,66448.0,34054.35714285714,1.95,"Lower Access, Higher Earnings"
437103,Baton Rouge Community College,Louisiana,Professions-focused Associate Large/Medium,0,1,12940,"Baton Rouge, LA",0.7139,0.5832,1.86,,32371.0,29194.92570438211,1.11,"Higher Access, Medium Earnings"
437635,The College of Health Care Professions-Austin,Texas,Special Focus: Applied and Career Studies,0,1,12420,"Austin-Round Rock-San Marcos, TX",0.6855,0.7879,2.44,,33685.0,42916.59228218113,0.78,"Higher Access, Lower Earnings"
437732,The Chicago School-College of Nursing,Texas,Special Focus: Nursing,0,1,19100,"Dallas-Fort Worth-Arlington, TX",0.5896,0.8595,2.01,,55622.0,35519.48114800225,1.57,"Opportunity Colleges and Universities – Higher Access, Higher Earnings"
437750,Professional Golfers Career College,California,Professions-focused Associate Small,0,1,40140,"Riverside-San Bernardino-Ontario, CA",0.2667,0.2043,0.64,,46118.0,37519.02796152943,1.23,"Lower Access, Medium Earnings"
437769,Chester Career College,Virginia,Special Focus: Applied and Career Studies,0,1,40060,"Richmond, VA",0.5738,0.8263,2.3,,31049.0,35449.195578231294,0.88,"Higher Access, Lower Earnings"
437936,Carrington College-San Jose,California,Special Focus: Applied and Career Studies,0,1,41940,"San Jose-Sunnyvale-Santa Clara, CA",0.4854,0.7896,3.05,,38975.0,54818.7732711092,0.71,"Higher Access, Lower Earnings"
438179,Brookline College-Tucson,Arizona,Special Focus: Applied and Career Studies,0,1,46060,"Tucson, AZ",0.6657,0.7819,1.77,,31326.0,30016.310269482885,1.04,"Higher Access, Medium Earnings"
438221,Miller-Motte College-Berks Technical Institute-Lewisburg,Pennsylvania,Professions-focused Associate Small,0,1,30260,"Lewisburg, PA",0.6977,0.2582,,,28099.0,,,Not Classified in SAEC
438258,Carrington College-Pleasant Hill Campus,California,Special Focus: Applied and Career Studies,0,1,41860,"San Francisco-Oakland-Fremont, CA",0.5,0.7296,2.51,,38975.0,59188.9623655914,0.66,"Higher Access, Lower Earnings"
438504,Universal Technical Institute of California Inc,California,Special Focus: Applied and Career Studies,0,1,40140,"Riverside-San Bernardino-Ontario, CA",0.59,0.8443,1.58,,52777.0,30461.829665783545,1.73,"Opportunity Colleges and Universities – Higher Access, Higher Earnings"
438586,American InterContinental University-Atlanta,Georgia,Special Focus: Business,0,1,12060,"Atlanta-Sandy Springs-Roswell, GA",0.833,0.8328,2.37,,35839.0,32067.4834593591,1.12,"Higher Access, Medium Earnings"
438708,Eastern West Virginia Community and Technical College,West Virginia,Mixed Associate Small,0,1,-2,West Virginia -- Not in metropolitan statistical area,0.5628,0.0577,1.08,,30645.0,24847.431729473763,1.23,"Higher Access, Medium Earnings"
438735,Aviation Institute of Maintenance-Indianapolis,Indiana,Special Focus: Applied and Career Studies,0,1,26900,"Indianapolis-Carmel-Greenwood, IN",0.6154,0.4264,2.06,,41048.0,36921.50059481323,1.11,"Higher Access, Medium Earnings"
439020,Midwest College of Oriental Medicine-Skokie,Illinois,Special Focus: Other Health Professions,0,0,16980,"Chicago-Naperville-Elgin, IL-IN",0.3333,0.6,,,34101.0,,,Not Classified in SAEC
439118,Carrington College-Spokane,Washington,Special Focus: Other Health Professions,0,1,44060,"Spokane-Spokane Valley, WA",0.5219,0.4122,2.32,,38213.0,34266.65910773788,1.12,"Higher Access, Medium Earnings"
439190,Cascadia College,Washington,Mixed Associate Small,0,1,42660,"Seattle-Tacoma-Bellevue, WA",0.1481,0.3451,1.17,,53593.0,49862.24020894946,1.07,"Higher Access, Medium Earnings"
439367,CBD College,California,Special Focus: Applied and Career Studies,0,1,31080,"Los Angeles-Long Beach-Anaheim, CA",0.4259,0.5699,1.22,,43892.0,40450.57823129252,1.09,"Higher Access, Medium Earnings"
439394,East West College of Natural Medicine,Florida,Special Focus: Other Health Professions,0,0,35840,"North Port-Bradenton-Sarasota, FL",0.0,,,,,,,Not Classified in SAEC
439446,Atlantic Institute of Oriental Medicine,Florida,Special Focus: Other Health Professions,0,0,33100,"Miami-Fort Lauderdale-West Palm Beach, FL",0.0,0.4412,,,,,,Not Classified in SAEC
439570,Community Care College,Oklahoma,Special Focus: Other Health Professions,0,1,46140,"Tulsa, OK",0.5013,0.4973,1.54,,28192.0,32862.921677951505,0.86,"Higher Access, Lower Earnings"
439701,The King's University,Texas,Special Focus: Theological Studies,0,0,19100,"Dallas-Fort Worth-Arlington, TX",0.0824,0.3533,,,35349.0,,,Not Classified in SAEC
439738,Fortis College-Baton Rouge,Louisiana,Special Focus: Applied and Career Studies,0,1,12940,"Baton Rouge, LA",0.8827,0.8774,2.5,,30952.0,30730.121342512906,1.01,"Higher Access, Medium Earnings"
439783,New York College of Traditional Chinese Medicine,New York,Special Focus: Other Health Professions,0,0,35620,"New York-Newark-Jersey City, NY-NJ",0.0,0.0,,,31237.0,,,Not Classified in SAEC
439792,Fortis College-Orange Park,Florida,Special Focus: Nursing,0,1,27260,"Jacksonville, FL",0.7528,0.6902,2.19,,27082.0,35913.64922711058,0.75,"Higher Access, Lower Earnings"
439817,Northeastern Seminary,New York,Special Focus: Theological Studies,0,0,40380,"Rochester, NY",0.0,,,,,,,Not Classified in SAEC
439862,Pacific Islands University,Guam,Special Focus: Arts and Sciences,0,0,-2,Puerto Rico,0.6216,0.9344,,,,,,Not Classified in SAEC
439871,PCI College,California,Special Focus: Applied and Career Studies,0,1,31080,"Los Angeles-Long Beach-Anaheim, CA",0.671,0.8355,1.85,,29676.0,32468.277173913044,0.91,"Higher Access, Lower Earnings"
439899,Rosedale Bible College,Ohio,Special Focus: Theological Studies,0,1,18140,"Columbus, OH",0.3553,0.0938,,,28359.0,,,Not Classified in SAEC
439914,Seattle Institute of East Asian Medicine,Washington,Special Focus: Other Health Professions,0,0,42660,"Seattle-Tacoma-Bellevue, WA",0.0,,,,,,,Not Classified in SAEC
439969,Acupuncture and Massage College,Florida,Special Focus: Other Health Professions,0,1,33100,"Miami-Fort Lauderdale-West Palm Beach, FL",0.6567,0.7986,1.49,,25141.0,33548.777777777774,0.75,"Higher Access, Lower Earnings"
440031,Keck Graduate Institute,California,"Special Focus: Technology, Engineering, and Sciences",0,0,31080,"Los Angeles-Long Beach-Anaheim, CA",0.0,,,,,,,Not Classified in SAEC
440059,Aviation Institute of Maintenance-Atlanta,Georgia,Special Focus: Applied and Career Studies,0,1,12060,"Atlanta-Sandy Springs-Roswell, GA",0.6181,0.7779,1.93,,45772.0,34955.35041540491,1.31,"Opportunity Colleges and Universities – Higher Access, Higher Earnings"
440262,New York Automotive and Diesel Institute,New York,Special Focus: Applied and Career Studies,0,1,35620,"New York-Newark-Jersey City, NY-NJ",0.7033,0.8544,2.23,,39586.0,36151.595291267644,1.1,"Higher Access, Medium Earnings"
440271,Remington College-Baton Rouge Campus,Louisiana,Special Focus: Applied and Career Studies,0,1,12940,"Baton Rouge, LA",0.9342,0.88,2.59,,28019.0,29226.792610374687,0.96,"Higher Access, Lower Earnings"
440396,New Saint Andrews College,Idaho,Special Focus: Arts and Sciences,0,0,34140,"Moscow, ID",0.0,0.1005,,,,,,Not Classified in SAEC
440402,Arkansas State University-Newport,Arkansas,Professions-focused Associate Large/Medium,0,1,-2,Arkansas -- Not in metropolitan statistical area,0.5629,0.3208,1.61,,43536.0,25728.93385125399,1.69,"Opportunity Colleges and Universities – Higher Access, Higher Earnings"
440651,Atenas University,Puerto Rico,Special Focus: Other Health Professions,0,1,41980,"San Juan-Bayam√É¬≥n-Caguas, PR",0.8119,1.0,1.04,,19505.0,11050.0,1.77,"Opportunity Colleges and Universities – Higher Access, Higher Earnings"
440749,National American University-Ellsworth,South Dakota,Special Focus: Business,0,0,39660,"Rapid City, SD",0.0,0.325,,,31950.0,,,Not Classified in SAEC
440776,Interactive College of Technology,Texas,Special Focus: Business,0,1,26420,"Houston-Pasadena-The Woodlands, TX",0.7059,0.6742,1.68,,26680.0,33892.200000000004,0.79,"Higher Access, Lower Earnings"
440794,Pillar College,New Jersey,Mixed Associate/Baccalaureate,0,1,35620,"New York-Newark-Jersey City, NY-NJ",0.7025,0.7635,2.13,,39518.0,36626.97015337084,1.08,"Higher Access, Medium Earnings"
441025,Miller-Motte College-Charleston,South Carolina,Special Focus: Business,0,1,16700,"Charleston-North Charleston, SC",0.3842,0.8275,2.02,,28099.0,37259.878404067225,0.75,"Higher Access, Lower Earnings"
441052,American Career College-Anaheim,California,Special Focus: Applied and Career Studies,0,1,31080,"Los Angeles-Long Beach-Anaheim, CA",0.601,0.7063,1.62,,38121.0,35233.22497279652,1.08,"Higher Access, Medium Earnings"
441070,Saginaw Chippewa Tribal College,Michigan,Mixed Associate Small,0,1,34380,"Mount Pleasant, MI",0.5093,0.8421,4.09,,24089.0,23188.0,1.04,"Higher Access, Medium Earnings"
441104,Richmont Graduate University,Tennessee,Special Focus: Graduate Studies,0,0,16860,"Chattanooga, TN-GA",0.0,,,,,,,Not Classified in SAEC
441131,The Seattle School of Theology & Psychology,Washington,Special Focus: Graduate Studies,0,0,42660,"Seattle-Tacoma-Bellevue, WA",0.0,,,,,,,Not Classified in SAEC
441229,Smith Chason College,California,Special Focus: Applied and Career Studies,0,1,31080,"Los Angeles-Long Beach-Anaheim, CA",0.5579,0.6647,1.53,,54368.0,39890.15641025641,1.36,"Opportunity Colleges and Universities – Higher Access, Higher Earnings"
441371,Ultimate Medical Academy,Florida,Special Focus: Other Health Professions,0,1,45300,"Tampa-St. Petersburg-Clearwater, FL",0.8142,0.6436,2.18,,27448.0,35080.73132647158,0.78,"Higher Access, Lower Earnings"
441423,Florida Education Institute,Florida,Special Focus: Other Health Professions,0,1,33100,"Miami-Fort Lauderdale-West Palm Beach, FL",0.5171,0.9962,1.43,,27416.0,31746.605357142857,0.86,"Higher Access, Lower Earnings"
441487,Texas County Technical College,Missouri,Special Focus: Nursing,0,1,-2,Missouri -- Not in metropolitan statistical area,0.597,0.0361,0.94,,43633.0,29143.574468085106,1.5,"Lower Access, Higher Earnings"
441609,Yeshiva Shaarei Torah of Rockland,New York,Special Focus: Theological Studies,0,0,35620,"New York-Newark-Jersey City, NY-NJ",0.3121,0.0,,,,,,Not Classified in SAEC
441636,American Institute of Alternative Medicine,Ohio,Special Focus: Nursing,0,1,18140,"Columbus, OH",0.6637,0.8414,3.15,,43596.0,37351.0625,1.17,"Higher Access, Medium Earnings"
441690,Universidad Pentecostal Mizpa,Puerto Rico,Special Focus: Theological Studies,0,1,41980,"San Juan-Bayam√É¬≥n-Caguas, PR",0.7364,1.0,,,21015.0,,,Not Classified in SAEC
441742,Concorde Career College-Grand Prairie,Texas,Special Focus: Applied and Career Studies,0,1,19100,"Dallas-Fort Worth-Arlington, TX",0.7468,0.8588,2.28,,39816.0,38041.73662431707,1.05,"Higher Access, Medium Earnings"
441760,Lamar Institute of Technology,Texas,Special Focus: Applied and Career Studies,0,1,13140,"Beaumont-Port Arthur, TX",0.4362,0.5373,1.23,,38497.0,30068.22175569338,1.28,"Opportunity Colleges and Universities – Higher Access, Higher Earnings"
441858,Eastern Virginia Career College,Virginia,Special Focus: Nursing,0,1,47900,"Washington-Arlington-Alexandria, DC-VA-MD-WV",0.5784,0.6024,2.23,,37042.0,57866.10144927537,0.64,"Higher Access, Lower Earnings"
441900,Nevada State University,Nevada,Professions-focused Baccalaureate Medium,1,0,29820,"Las Vegas-Henderson-North Las Vegas, NV",0.4125,0.6414,1.27,,47968.0,34468.950602029545,1.39,"Higher Access, Medium Earnings"
441937,California State University-Channel Islands,California,Special Focus: Arts and Sciences,1,0,37100,"Oxnard-Thousand Oaks-Ventura, CA",0.4704,0.6891,1.72,,55406.0,35933.900250528895,1.54,"Opportunity Colleges and Universities – Higher Access, Higher Earnings"
441982,Franklin W Olin College of Engineering,Massachusetts,"Special Focus: Technology, Engineering, and Sciences",0,0,14460,"Boston-Cambridge-Newton, MA-NH",0.1453,0.2834,0.69,,130517.0,42167.47049517156,3.1,"Lower Access, Higher Earnings"
442064,Won Institute of Graduate Studies,Pennsylvania,Special Focus: Other Health Professions,0,0,37980,"Philadelphia-Camden-Wilmington, PA-NJ-DE-MD",0.0,,,,,,,Not Classified in SAEC
442134,Pima Medical Institute-Colorado Springs,Colorado,Special Focus: Applied and Career Studies,0,1,17820,"Colorado Springs, CO",0.4552,0.5347,1.79,,38155.0,36499.24240187856,1.05,"Higher Access, Medium Earnings"
442295,Ave Maria School of Law,Florida,Special Focus: Law,0,0,34940,"Naples-Marco Island, FL",0.0,,,,,,,Not Classified in SAEC
442356,Pennsylvania College of Health Sciences,Pennsylvania,Special Focus: Nursing,0,1,29540,"Lancaster, PA",0.3105,0.3171,1.57,,68621.0,40815.95305435612,1.68,"Opportunity Colleges and Universities – Higher Access, Higher Earnings"
442383,West Virginia Junior College-Bridgeport,West Virginia,Special Focus: Applied and Career Studies,0,1,17220,"Clarksburg, WV",0.637,0.0548,1.34,,26804.0,27608.041044776117,0.97,"Higher Access, Lower Earnings"
442426,St Louis College of Health Careers-Fenton,Missouri,Special Focus: Other Health Professions,0,1,41180,"St. Louis, MO-IL",0.5971,0.6118,2.52,,29142.0,37445.24346361188,0.78,"Higher Access, Lower Earnings"
442435,Interactive College of Technology-Gainesville,Georgia,Special Focus: Applied and Career Studies,0,1,23580,"Gainesville, GA",0.7049,0.7703,2.34,,27601.0,32042.933333333338,0.86,"Higher Access, Lower Earnings"
442444,San Joaquin Valley College-Ontario,California,Special Focus: Applied and Career Studies,0,1,40140,"Riverside-San Bernardino-Ontario, CA",0.5322,0.8242,1.46,,36746.0,30318.95194145759,1.21,"Higher Access, Medium Earnings"
442523,Alaska Christian College,Alaska,Mixed Associate Small,0,1,-2,Alaska -- Not in metropolitan statistical area,0.7867,0.9091,2.36,,19021.0,23203.324738114414,0.82,"Higher Access, Lower Earnings"
442569,University of Arkansas Grantham,Arkansas,Professions-focused Undergraduate/Graduate-Master's Large/Medium,0,0,30780,"Little Rock-North Little Rock-Conway, AR",0.6229,0.4994,1.64,,33429.0,33014.894310548305,1.01,"Higher Access, Medium Earnings"
442602,Carrington College-Albuquerque,New Mexico,Special Focus: Nursing,0,1,10740,"Albuquerque, NM",0.6183,0.8127,1.48,,36377.0,30660.91951311739,1.19,"Higher Access, Medium Earnings"
442611,NASCAR Technical Institute,North Carolina,Special Focus: Applied and Career Studies,0,1,16740,"Charlotte-Concord-Gastonia, NC-SC",0.4619,0.426,1.42,,52777.0,38345.33353339297,1.38,"Opportunity Colleges and Universities – Higher Access, Higher Earnings"
442639,University of the Potomac-VA Campus,Virginia,Special Focus: Business,0,0,47900,"Washington-Arlington-Alexandria, DC-VA-MD-WV",0.0,0.46,0.66,,32356.0,35744.2,0.91,"Lower Access, Lower Earnings"
442781,Tohono O'odham Community College,Arizona,Professions-focused Associate Small,0,1,46060,"Tucson, AZ",0.3675,0.9902,1.64,,36977.0,22150.583865422395,1.67,"Opportunity Colleges and Universities – Higher Access, Higher Earnings"
442806,Edward Via College of Osteopathic Medicine,Virginia,Special Focus: Medical Schools and Centers,0,0,13980,"Blacksburg-Christiansburg-Radford, VA",0.0,,,,,,,Not Classified in SAEC
442842,Pacific College of Health and Science,Illinois,Special Focus: Other Health Professions,0,0,16980,"Chicago-Naperville-Elgin, IL-IN",0.614,0.6071,2.04,,24585.0,35705.5873015873,0.69,"Higher Access, Lower Earnings"
442879,Southwest Institute of Healing Arts,Arizona,Special Focus: Other Health Professions,0,1,38060,"Phoenix-Mesa-Chandler, AZ",0.4496,0.4356,1.3,,30733.0,40399.31296334127,0.76,"Higher Access, Lower Earnings"
442930,University of Antelope Valley,California,Professions-focused Baccalaureate Small,0,0,31080,"Los Angeles-Long Beach-Anaheim, CA",0.5328,0.8491,,,34499.0,,,Not Classified in SAEC
443049,Faith International University,Washington,Professions-focused Baccalaureate Small,0,0,42660,"Seattle-Tacoma-Bellevue, WA",0.4716,0.4788,1.55,,44584.0,37081.696732026176,1.2,"Higher Access, Medium Earnings"
443058,Family of Faith Christian University,Oklahoma,Special Focus: Theological Studies,0,0,43060,"Shawnee, OK",0.4242,0.1667,,,,,,Not Classified in SAEC
443076,Hood Theological Seminary,North Carolina,Special Focus: Theological Studies,0,0,16740,"Charlotte-Concord-Gastonia, NC-SC",0.0,,,,,,,Not Classified in SAEC
443261,Southeastern College-Charleston,South Carolina,Special Focus: Applied and Career Studies,0,1,16700,"Charleston-North Charleston, SC",0.6684,0.6054,2.14,,31836.0,39393.416199313426,0.81,"Higher Access, Lower Earnings"
443331,West Coast University-Los Angeles,California,Special Focus: Nursing,0,0,31080,"Los Angeles-Long Beach-Anaheim, CA",0.4527,0.4459,1.24,,98146.0,43061.285132382895,2.28,"Opportunity Colleges and Universities – Higher Access, Higher Earnings"
443340,Williamson Christian College,Tennessee,Special Focus: Business,0,0,34980,"Nashville-Davidson--Murfreesboro--Franklin, TN",0.3902,0.2456,,,,,,Not Classified in SAEC
443377,Triangle Tech Inc-Sunbury,Pennsylvania,Special Focus: Applied and Career Studies,0,1,44980,"Sunbury, PA",0.4528,0.1646,1.69,,46436.0,34418.79908675799,1.35,"Opportunity Colleges and Universities – Higher Access, Higher Earnings"
443410,DigiPen Institute of Technology,Washington,"Special Focus: Arts, Music, and Design",0,0,42660,"Seattle-Tacoma-Bellevue, WA",0.2259,0.2413,0.85,,67507.0,39983.57467705167,1.69,"Lower Access, Higher Earnings"
443492,Pierpont Community and Technical College,West Virginia,Special Focus: Applied and Career Studies,0,1,21900,"Fairmont, WV",0.5241,0.0824,1.26,,31849.0,36082.3172704807,0.88,"Higher Access, Lower Earnings"
443562,Dewey University-Hato Rey,Puerto Rico,Special Focus: Other Health Professions,0,0,41980,"San Juan-Bayam√É¬≥n-Caguas, PR",0.8996,1.0,1.09,,17913.0,11050.0,1.62,"Opportunity Colleges and Universities – Higher Access, Higher Earnings"
443571,InterCoast Colleges-West Covina,California,Special Focus: Other Health Professions,0,1,31080,"Los Angeles-Long Beach-Anaheim, CA",0.5793,0.6844,1.57,,37889.0,32918.89419087137,1.15,"Higher Access, Medium Earnings"
443599,American College of Healthcare Sciences,Oregon,Special Focus: Other Health Professions,0,0,38900,"Portland-Vancouver-Hillsboro, OR-WA",0.6258,0.4378,1.7,,20534.0,38501.906534954396,0.53,"Higher Access, Lower Earnings"
443650,Miller-Motte College-Chattanooga,Tennessee,Special Focus: Other Health Professions,0,1,16860,"Chattanooga, TN-GA",0.8467,0.6836,2.4,,28099.0,35118.949135402996,0.8,"Higher Access, Lower Earnings"
443696,Interactive College of Technology,Texas,Special Focus: Business,0,1,26420,"Houston-Pasadena-The Woodlands, TX",0.5208,0.8472,1.56,,26680.0,31015.742857142857,0.86,"Higher Access, Lower Earnings"
443702,"Bexley Hall Seabury Western Theological Seminary Federation, Inc.",Illinois,Special Focus: Theological Studies,0,0,16980,"Chicago-Naperville-Elgin, IL-IN",0.0,,,,,,,Not Classified in SAEC
443766,Strayer University-Tennessee,Tennessee,Special Focus: Business,0,0,32820,"Memphis, TN-MS-AR",0.8603,0.6761,2.57,,37064.0,29667.7460050651,1.25,"Opportunity Colleges and Universities – Higher Access, Higher Earnings"
443784,Strayer University-Pennsylvania,Pennsylvania,Special Focus: Business,0,0,37980,"Philadelphia-Camden-Wilmington, PA-NJ-DE-MD",0.68,0.711,2.8,,37064.0,32531.951902336026,1.14,"Higher Access, Medium Earnings"
444088,Brookline College-Albuquerque,New Mexico,Special Focus: Nursing,0,0,10740,"Albuquerque, NM",0.5184,0.7453,1.2,,31326.0,26523.209720972092,1.18,"Higher Access, Medium Earnings"
444103,Byzantine Catholic Seminary of Saints Cyril and Methodius,Pennsylvania,Special Focus: Theological Studies,0,0,38300,"Pittsburgh, PA",0.0,,,,,,,Not Classified in SAEC
444130,Northcentral University,California,Special Focus: Graduate Studies,0,0,41740,"San Diego-Chula Vista-Carlsbad, CA",0.2547,0.5379,,,43080.0,,,Not Classified in SAEC
444219,Folsom Lake College,California,Mixed Associate Medium,0,1,40900,"Sacramento-Roseville-Folsom, CA",0.1675,0.3804,0.85,,39856.0,37747.31592982749,1.06,"Lower Access, Medium Earnings"
444325,ATI College-Whittier,California,Special Focus: Other Health Professions,0,0,31080,"Los Angeles-Long Beach-Anaheim, CA",0.7582,0.7727,2.11,,40275.0,34332.835820895525,1.17,"Higher Access, Medium Earnings"
444334,Advance Science International College,Florida,Special Focus: Nursing,0,1,33100,"Miami-Fort Lauderdale-West Palm Beach, FL",0.587,1.0,1.53,,27261.0,31755.0,0.86,"Higher Access, Lower Earnings"
444361,ATA College,California,Special Focus: Applied and Career Studies,0,1,41740,"San Diego-Chula Vista-Carlsbad, CA",0.7797,0.5508,2.22,,37652.0,40791.40425531915,0.92,"Higher Access, Lower Earnings"
444398,Baptist University of the Americas,Texas,Special Focus: Arts and Sciences,0,0,41700,"San Antonio-New Braunfels, TX",0.3241,0.8906,1.34,,37936.0,30359.60863821137,1.25,"Higher Access, Medium Earnings"
444413,Beis Medrash Heichal Dovid,New York,Special Focus: Theological Studies,0,0,35620,"New York-Newark-Jersey City, NY-NJ",0.1507,0.0,,,,,,Not Classified in SAEC
444556,Auguste Escoffier School of Culinary Arts-Austin,Texas,Special Focus: Applied and Career Studies,0,1,12420,"Austin-Round Rock-San Marcos, TX",0.5606,0.5635,1.83,,33113.0,42898.72576430627,0.77,"Higher Access, Lower Earnings"
444565,Culinary Institute Inc,Texas,Special Focus: Applied and Career Studies,0,1,26420,"Houston-Pasadena-The Woodlands, TX",0.7105,0.7434,1.75,,27645.0,36982.628983263705,0.75,"Higher Access, Lower Earnings"
444699,Institute of Clinical Acupuncture & Oriental Medicine,Hawaii,Special Focus: Other Health Professions,0,0,46520,"Urban Honolulu, HI",0.0,,,,,,,Not Classified in SAEC
444714,Gwinnett College-Marietta Campus,Georgia,Special Focus: Other Health Professions,0,1,12060,"Atlanta-Sandy Springs-Roswell, GA",0.6333,0.8893,2.08,,25346.0,33318.35674732941,0.76,"Higher Access, Lower Earnings"
444778,Charlotte Christian College and Theological Seminary,North Carolina,Special Focus: Theological Studies,0,1,16740,"Charlotte-Concord-Gastonia, NC-SC",0.5556,0.8545,,,29453.0,,,Not Classified in SAEC
444787,Nightingale College,Utah,Special Focus: Nursing,0,0,41620,"Salt Lake City-Murray, UT",0.4347,0.4545,,,70052.0,,,Not Classified in SAEC
444811,PITC Institute,Pennsylvania,Special Focus: Nursing,0,1,37980,"Philadelphia-Camden-Wilmington, PA-NJ-DE-MD",0.3509,0.9828,2.25,,48783.0,32129.08530805687,1.52,"Opportunity Colleges and Universities – Higher Access, Higher Earnings"
444866,Southeastern College-Columbia,South Carolina,Special Focus: Applied and Career Studies,0,1,17900,"Columbia, SC",0.729,0.7636,1.97,,25007.0,31863.06818181818,0.78,"Higher Access, Lower Earnings"
444954,Mountwest Community and Technical College,West Virginia,Professions-focused Associate Small,0,1,26580,"Huntington-Ashland, WV-KY-OH",0.5162,0.1138,1.48,,28752.0,30266.585111392014,0.95,"Higher Access, Lower Earnings"
445027,American InterContinental University,Arizona,Special Focus: Business,0,0,38060,"Phoenix-Mesa-Chandler, AZ",0.7383,0.591,1.96,,35839.0,34127.8183281245,1.05,"Higher Access, Medium Earnings"
445054,Toyota Technological Institute at Chicago,Illinois,"Special Focus: Technology, Engineering, and Sciences",0,0,16980,"Chicago-Naperville-Elgin, IL-IN",0.0,,,,,,,Not Classified in SAEC
445133,American InterContinental University-Houston,Texas,Special Focus: Business,0,1,26420,"Houston-Pasadena-The Woodlands, TX",0.7705,0.7517,1.86,,35839.0,31171.67368212807,1.15,"Higher Access, Medium Earnings"
445188,University of California-Merced,California,Mixed Baccalaureate,1,0,32900,"Merced, CA",0.5901,0.6837,1.19,,56207.0,34210.55316740007,1.64,"Opportunity Colleges and Universities – Higher Access, Higher Earnings"
445203,Remington College-North Houston Campus,Texas,Special Focus: Applied and Career Studies,0,1,26420,"Houston-Pasadena-The Woodlands, TX",0.9348,0.9143,2.24,,28019.0,33422.09465381245,0.84,"Higher Access, Lower Earnings"
445230,Pima Medical Institute-Las Vegas,Nevada,Special Focus: Applied and Career Studies,0,1,29820,"Las Vegas-Henderson-North Las Vegas, NV",0.4593,0.6009,1.29,,38155.0,33553.894604763496,1.14,"Higher Access, Medium Earnings"
445249,Remington College-Nashville Campus,Tennessee,Special Focus: Applied and Career Studies,0,1,34980,"Nashville-Davidson--Murfreesboro--Franklin, TN",0.7167,0.6099,2.6,,28019.0,37625.394282069785,0.74,"Higher Access, Lower Earnings"
445267,Central Methodist University-College of Graduate and Extended Studies,Missouri,Professions-focused Baccalaureate Medium,0,0,17860,"Columbia, MO",0.4874,0.1592,,,46676.0,,,Not Classified in SAEC
445692,Neumont College of Computer Science,Utah,Professions-focused Baccalaureate Small,0,0,41620,"Salt Lake City-Murray, UT",0.5733,0.3195,1.47,,78926.0,33575.25672750633,2.35,"Opportunity Colleges and Universities – Higher Access, Higher Earnings"
445708,Johnson & Wales University-Charlotte,North Carolina,Special Focus: Applied and Career Studies,0,1,16740,"Charlotte-Concord-Gastonia, NC-SC",0.5207,0.6337,1.83,,40078.0,35579.86180641454,1.13,"Higher Access, Medium Earnings"
445735,Roseman University of Health Sciences,Nevada,Special Focus: Medical Schools and Centers,0,0,29820,"Las Vegas-Henderson-North Las Vegas, NV",0.2265,0.3168,,,102981.0,,,Not Classified in SAEC
445744,Fortis Institute-Port Saint Lucie,Florida,Special Focus: Nursing,0,1,38940,"Port St. Lucie, FL",0.7597,0.7531,2.22,,30952.0,28921.984802431612,1.07,"Higher Access, Medium Earnings"
445799,Universal Technical Institute of Pennsylvania Inc,Pennsylvania,Special Focus: Applied and Career Studies,0,1,37980,"Philadelphia-Camden-Wilmington, PA-NJ-DE-MD",0.5054,0.4852,1.62,,49933.0,41192.56230969914,1.21,"Higher Access, Medium Earnings"
445869,Divine Mercy University,Virginia,Special Focus: Graduate Studies,0,0,47900,"Washington-Arlington-Alexandria, DC-VA-MD-WV",0.0,,,,,,,Not Classified in SAEC
445948,Northwest Career College,Nevada,Professions-focused Associate Small,0,1,29820,"Las Vegas-Henderson-North Las Vegas, NV",0.7962,0.7922,1.96,,31658.0,33653.706422018346,0.94,"Higher Access, Lower Earnings"
446002,American Academy of Health and Wellness,Minnesota,Special Focus: Other Health Professions,0,0,33460,"Minneapolis-St. Paul-Bloomington, MN-WI",0.0,,,,,,,Not Classified in SAEC
446039,Arizona School of Acupuncture and Oriental Medicine,Arizona,Special Focus: Other Health Professions,0,0,46060,"Tucson, AZ",0.0,,,,,,,Not Classified in SAEC
446048,Ave Maria University,Florida,Mixed Baccalaureate,0,0,34940,"Naples-Marco Island, FL",0.2348,0.194,0.63,,46740.0,35360.961065050535,1.32,"Lower Access, Medium Earnings"
446109,Cambridge College of Healthcare & Technology,Florida,Special Focus: Applied and Career Studies,0,1,36740,"Orlando-Kissimmee-Sanford, FL",0.6293,0.7708,1.64,,30965.0,30780.64077669903,1.01,"Higher Access, Medium Earnings"
446118,Career Care Institute,California,Special Focus: Nursing,0,1,31080,"Los Angeles-Long Beach-Anaheim, CA",0.615,0.8104,1.74,,38040.0,35061.73001631322,1.08,"Higher Access, Medium Earnings"
446127,ATA Career Education,Florida,Special Focus: Nursing,0,1,45300,"Tampa-St. Petersburg-Clearwater, FL",0.9175,0.6452,2.3,,30674.0,35804.522580645156,0.86,"Higher Access, Lower Earnings"
446163,Community Christian College,California,Mixed Associate Small,0,1,40140,"Riverside-San Bernardino-Ontario, CA",0.7897,0.9494,2.38,,36278.0,30040.77777777778,1.21,"Higher Access, Medium Earnings"
446224,Eastern School of Acupuncture and Traditional Medicine,New Jersey,Special Focus: Other Health Professions,0,0,35620,"New York-Newark-Jersey City, NY-NJ",0.0,0.0833,,,,,,Not Classified in SAEC
446233,Ecclesia College,Arkansas,Professions-focused Baccalaureate Small,0,0,22220,"Fayetteville-Springdale-Rogers, AR",0.5556,0.4675,1.52,,39693.0,31903.655409630996,1.24,"Higher Access, Medium Earnings"
446385,Los Angeles College of Music,California,"Special Focus: Arts, Music, and Design",0,0,31080,"Los Angeles-Long Beach-Anaheim, CA",0.2611,0.4276,0.99,,36125.0,40009.1685891748,0.9,"Lower Access, Lower Earnings"
446525,SAE Institute of Technology-Nashville,Tennessee,Special Focus: Applied and Career Studies,0,1,34980,"Nashville-Davidson--Murfreesboro--Franklin, TN",0.7596,0.8383,2.76,,30380.0,37830.41874696457,0.8,"Higher Access, Lower Earnings"
446552,Southern Technical College,Florida,Special Focus: Applied and Career Studies,0,1,36740,"Orlando-Kissimmee-Sanford, FL",0.8225,0.6281,1.79,,30084.0,31342.31512882012,0.96,"Higher Access, Lower Earnings"
446561,Stanbridge University,California,Special Focus: Applied and Career Studies,0,1,31080,"Los Angeles-Long Beach-Anaheim, CA",0.4534,0.6209,1.31,,58467.0,39492.74803416174,1.48,"Opportunity Colleges and Universities – Higher Access, Higher Earnings"
446598,Universal College of Healing Arts,Nebraska,Special Focus: Other Health Professions,0,1,36540,"Omaha, NE-IA",0.5417,0.2391,1.77,,30535.0,45098.444444444445,0.68,"Higher Access, Lower Earnings"
446604,Uta Mesivta of Kiryas Joel,New York,Special Focus: Theological Studies,0,0,28880,"Kiryas Joel-Poughkeepsie-Newburgh, NY",0.8625,0.0,,,28150.0,,,Not Classified in SAEC
446640,Harrisburg University of Science and Technology,Pennsylvania,"Special Focus: Technology, Engineering, and Sciences",0,0,25420,"Harrisburg-Carlisle, PA",0.4976,0.4903,1.85,,41842.0,37449.363900911434,1.12,"Higher Access, Medium Earnings"
446774,Blue Ridge Community and Technical College,West Virginia,Professions-focused Associate Large/Medium,0,1,25180,"Hagerstown-Martinsburg, MD-WV",0.381,0.2322,1.25,,35776.0,36523.40281191784,0.98,"Higher Access, Lower Earnings"
447014,Daytona College,Florida,Special Focus: Nursing,0,1,19660,"Deltona-Daytona Beach-Ormond Beach, FL",0.5795,0.4964,1.76,,27330.0,32743.550239234428,0.83,"Higher Access, Lower Earnings"
447050,United States University,California,Special Focus: Nursing,0,0,41740,"San Diego-Chula Vista-Carlsbad, CA",0.1269,0.4146,,,60539.0,,,Not Classified in SAEC
447263,Joyce University of Nursing and Health Sciences,Utah,Special Focus: Nursing,0,1,41620,"Salt Lake City-Murray, UT",0.3443,0.1956,1.17,,28396.0,35179.60571164021,0.81,"Higher Access, Lower Earnings"
447351,San Joaquin Valley College-Modesto,California,Special Focus: Applied and Career Studies,0,1,33700,"Modesto, CA",0.5277,0.7861,1.49,,36746.0,31768.091510474093,1.16,"Higher Access, Medium Earnings"
447421,Eagle Gate College-Layton,Utah,Special Focus: Nursing,0,0,36260,"Ogden, UT",0.5884,0.2296,1.83,,35757.0,34445.56895949285,1.04,"Higher Access, Medium Earnings"
447582,New River Community and Technical College,West Virginia,Professions-focused Associate Small,0,1,13220,"Beckley, WV",0.6069,0.1089,1.2,,28623.0,28270.262310499013,1.01,"Higher Access, Medium Earnings"
447591,The College of Health Care Professions-Southwest Houston,Texas,Special Focus: Other Health Professions,0,1,26420,"Houston-Pasadena-The Woodlands, TX",0.7253,0.9035,1.92,,32512.0,32429.605080375695,1.0,"Higher Access, Medium Earnings"
447689,Georgia Gwinnett College,Georgia,Mixed Baccalaureate,1,0,12060,"Atlanta-Sandy Springs-Roswell, GA",0.5309,0.6603,1.65,,40279.0,39415.919945536654,1.02,"Higher Access, Medium Earnings"
447698,Phoenix Institute of Herbal Medicine & Acupuncture,Arizona,Special Focus: Other Health Professions,0,0,38060,"Phoenix-Mesa-Chandler, AZ",0.0,,,,,,,Not Classified in SAEC
447713,California Career College,California,Special Focus: Nursing,0,1,31080,"Los Angeles-Long Beach-Anaheim, CA",0.3389,0.428,,,52894.0,,,Not Classified in SAEC
447759,National Polytechnic College,California,Special Focus: Applied and Career Studies,0,1,31080,"Los Angeles-Long Beach-Anaheim, CA",0.5157,0.6921,1.47,,32493.0,30234.389492753624,1.07,"Higher Access, Medium Earnings"
447768,American Career College-Ontario,California,Special Focus: Applied and Career Studies,0,1,40140,"Riverside-San Bernardino-Ontario, CA",0.6132,0.7931,1.56,,39351.0,30272.297165498327,1.3,"Opportunity Colleges and Universities – Higher Access, Higher Earnings"
447777,Asher College,California,Special Focus: Applied and Career Studies,0,1,40900,"Sacramento-Roseville-Folsom, CA",0.8774,0.6243,2.17,,38852.0,34751.63885000708,1.12,"Higher Access, Medium Earnings"
447801,University of East-West Medicine,California,Special Focus: Other Health Professions,0,0,41940,"San Jose-Sunnyvale-Santa Clara, CA",0.0,,,,,,,Not Classified in SAEC
447847,Aviator College of Aeronautical Science and Technology,Florida,Special Focus: Applied and Career Studies,0,1,38940,"Port St. Lucie, FL",0.2069,0.5797,1.01,,82659.0,36051.31349206349,2.29,"Opportunity Colleges and Universities – Higher Access, Higher Earnings"
447935,ATA College,Kentucky,Special Focus: Nursing,0,1,31140,"Louisville/Jefferson County, KY-IN",0.8409,0.5659,2.74,,30674.0,35735.52103857436,0.86,"Higher Access, Lower Earnings"
447953,SUM Bible College and Theological Seminary,California,Special Focus: Theological Studies,0,0,40900,"Sacramento-Roseville-Folsom, CA",0.5288,0.5164,,,35573.0,,,Not Classified in SAEC
447999,WellSpring School of Allied Health-Kansas City,Missouri,Special Focus: Other Health Professions,0,1,28140,"Kansas City, MO-KS",0.7157,0.4967,2.47,,31708.0,40396.626618300084,0.78,"Higher Access, Lower Earnings"
448239,Careers Unlimited,Utah,Special Focus: Other Health Professions,0,0,39340,"Provo-Orem-Lehi, UT",0.5311,0.0791,,,35874.0,,,Not Classified in SAEC
448372,San Joaquin Valley College-Rancho Cordova,California,Special Focus: Applied and Career Studies,0,1,40900,"Sacramento-Roseville-Folsom, CA",0.3398,0.3412,1.11,,36746.0,37274.26829268292,0.99,"Higher Access, Lower Earnings"
448433,Universal Technical Institute of Northern California Inc,California,Special Focus: Applied and Career Studies,0,1,40900,"Sacramento-Roseville-Folsom, CA",0.4859,0.7131,1.91,,46267.0,35763.24352434235,1.29,"Opportunity Colleges and Universities – Higher Access, Higher Earnings"
448594,Lemoore College,California,Mixed Associate Medium,0,1,25260,"Hanford-Corcoran, CA",0.4731,0.7899,1.18,,38566.0,32998.50653734608,1.17,"Higher Access, Medium Earnings"
448600,Stautzenberger College-Brecksville,Ohio,Special Focus: Applied and Career Studies,0,1,17410,"Cleveland, OH",0.6414,0.4593,1.86,,30752.0,41045.454402515716,0.75,"Higher Access, Lower Earnings"
448673,Rasmussen University-Illinois,Illinois,Special Focus: Nursing,0,1,40420,"Rockford, IL",0.629,0.7437,2.36,,41304.0,32191.0530282638,1.28,"Opportunity Colleges and Universities – Higher Access, Higher Earnings"
448691,International Institute for Restorative Practices,Pennsylvania,Special Focus: Graduate Studies,0,0,10900,"Allentown-Bethlehem-Easton, PA-NJ",0.0,,,,,,,Not Classified in SAEC
448859,Triangle Tech Inc-Bethlehem,Pennsylvania,Special Focus: Applied and Career Studies,0,1,10900,"Allentown-Bethlehem-Easton, PA-NJ",0.5083,0.3495,1.54,,51438.0,38387.78803716609,1.34,"Opportunity Colleges and Universities – Higher Access, Higher Earnings"
449038,Strayer University-Florida,Florida,Special Focus: Business,0,0,45300,"Tampa-St. Petersburg-Clearwater, FL",0.7009,0.6967,1.8,,37064.0,30376.640321404317,1.22,"Higher Access, Medium Earnings"
449074,Pima Medical Institute-Renton,Washington,Special Focus: Applied and Career Studies,0,1,42660,"Seattle-Tacoma-Bellevue, WA",0.3691,0.4968,2.12,,38155.0,51257.8077963269,0.74,"Higher Access, Lower Earnings"
449083,CBT Technology Institute-Main Campus,Florida,Special Focus: Applied and Career Studies,0,1,33100,"Miami-Fort Lauderdale-West Palm Beach, FL",1.0,0.9651,2.09,,31930.0,31796.433035714286,1.0,"Higher Access, Medium Earnings"
449092,CBT Technology Institute-Hialeah,Florida,Special Focus: Applied and Career Studies,0,1,33100,"Miami-Fort Lauderdale-West Palm Beach, FL",1.0,0.9911,2.11,,31930.0,31755.0,1.01,"Higher Access, Medium Earnings"
449135,Dewey University-Juana Díaz,Puerto Rico,Special Focus: Other Health Professions,0,1,38660,"Ponce, PR",0.9186,1.0,1.11,,17913.0,11050.0,1.62,"Opportunity Colleges and Universities – Higher Access, Higher Earnings"
449250,The College of Health Care Professions-San Antonio,Texas,Special Focus: Applied and Career Studies,0,1,41700,"San Antonio-New Braunfels, TX",0.5987,0.7947,1.46,,32512.0,32964.75504965962,0.99,"Higher Access, Lower Earnings"
449339,American Public University System,West Virginia,Professions-focused Undergraduate/Graduate-Master's Large/Medium,0,0,47900,"Washington-Arlington-Alexandria, DC-VA-MD-WV",0.2544,0.4576,1.04,,33695.0,35184.548883657735,0.96,"Higher Access, Lower Earnings"
449348,Huntsville Bible College,Alabama,Special Focus: Theological Studies,0,1,26620,"Huntsville, AL",0.4462,0.9222,,,15556.0,,,Not Classified in SAEC
449384,Gnomon,California,"Special Focus: Arts, Music, and Design",0,0,31080,"Los Angeles-Long Beach-Anaheim, CA",0.2655,0.3128,0.82,,92047.0,40671.45865384616,2.26,"Lower Access, Higher Earnings"
449445,Valley College of Medical Careers,California,Special Focus: Applied and Career Studies,0,1,31080,"Los Angeles-Long Beach-Anaheim, CA",0.7736,0.7264,1.92,,40828.0,37410.194968553464,1.09,"Higher Access, Medium Earnings"
449481,Dragon Rises College of Oriental Medicine,Florida,Special Focus: Other Health Professions,0,0,23540,"Gainesville, FL",0.0,,,,,,,Not Classified in SAEC
449506,SABER College,Florida,Special Focus: Applied and Career Studies,0,1,33100,"Miami-Fort Lauderdale-West Palm Beach, FL",0.8305,0.9966,1.87,,49869.0,31313.715969989276,1.59,"Opportunity Colleges and Universities – Higher Access, Higher Earnings"
449524,Taylor College,Florida,Special Focus: Nursing,0,1,36100,"Ocala, FL",0.7468,0.6848,2.02,,65704.0,29025.29758713137,2.26,"Opportunity Colleges and Universities – Higher Access, Higher Earnings"
449612,Louisiana Culinary Institute,Louisiana,Special Focus: Applied and Career Studies,0,1,12940,"Baton Rouge, LA",0.5052,0.3613,1.25,,30850.0,36389.62258953168,0.85,"Higher Access, Lower Earnings"
449658,Bais Medrash Toras Chesed,New Jersey,Special Focus: Theological Studies,0,0,35620,"New York-Newark-Jersey City, NY-NJ",0.3182,0.0,,,,,,Not Classified in SAEC
449728,ATA College,Oklahoma,Special Focus: Applied and Career Studies,0,1,46140,"Tulsa, OK",0.6893,0.5108,1.85,,48371.0,34401.74311926605,1.41,"Opportunity Colleges and Universities – Higher Access, Higher Earnings"
449764,Visible Music College,Tennessee,"Special Focus: Arts, Music, and Design",0,0,32820,"Memphis, TN-MS-AR",0.4471,0.413,1.24,,33320.0,37662.08240963856,0.88,"Higher Access, Lower Earnings"
449834,Virginia Beach Theological Seminary,Virginia,Special Focus: Theological Studies,0,0,47260,"Virginia Beach-Chesapeake-Norfolk, VA-NC",0.0,0.5,,,,,,Not Classified in SAEC
449861,Milwaukee Career College,Wisconsin,Special Focus: Applied and Career Studies,0,1,33340,"Milwaukee-Waukesha, WI",0.9346,0.6425,2.81,,26656.0,30998.888157894737,0.86,"Higher Access, Lower Earnings"
449870,University of the West,California,Special Focus: Arts and Sciences,0,0,31080,"Los Angeles-Long Beach-Anaheim, CA",0.4407,0.7273,1.53,,33522.0,44869.65221959548,0.75,"Higher Access, Lower Earnings"
449889,American College of Education,Indiana,Special Focus: Graduate Studies,0,0,26900,"Indianapolis-Carmel-Greenwood, IN",0.0,0.4396,,,,,,Not Classified in SAEC
449898,South University-Tampa,Florida,Special Focus: Nursing,0,0,45300,"Tampa-St. Petersburg-Clearwater, FL",0.4774,0.6886,1.47,,32897.0,31694.634630659253,1.04,"Higher Access, Medium Earnings"
449922,Appalachian College of Pharmacy,Virginia,Special Focus: Other Health Professions,0,0,-2,,0.0,,,,,,,Not Classified in SAEC
450058,Fortis College-Columbus,Ohio,Special Focus: Nursing,0,1,18140,"Columbus, OH",0.6659,0.6104,2.58,,34896.0,37011.140537805455,0.94,"Higher Access, Lower Earnings"
450067,Fortis College-Cincinnati,Ohio,Special Focus: Nursing,0,1,17140,"Cincinnati, OH-KY-IN",0.7814,0.7286,3.66,,34896.0,33430.49151162791,1.04,"Higher Access, Medium Earnings"
450128,Blue Cliff College-Alexandria,Louisiana,Special Focus: Applied and Career Studies,0,1,10780,"Alexandria, LA",0.809,0.6746,2.0,,20788.0,28522.323095823096,0.73,"Higher Access, Lower Earnings"
450298,Strayer University-Delaware,Delaware,Special Focus: Business,0,0,37980,"Philadelphia-Camden-Wilmington, PA-NJ-DE-MD",0.6862,0.7324,,,37064.0,,,Not Classified in SAEC
450304,Brite Divinity School,Texas,Special Focus: Theological Studies,0,0,19100,"Dallas-Fort Worth-Arlington, TX",0.0,,,,67491.0,,,Not Classified in SAEC
450377,Strayer University-Alabama,Alabama,Special Focus: Business,0,0,13820,"Birmingham, AL",0.8254,0.7049,2.29,,37064.0,26081.94288793103,1.42,"Opportunity Colleges and Universities – Higher Access, Higher Earnings"
450401,Clary Sage College,Oklahoma,"Special Focus: Arts, Music, and Design",0,1,46140,"Tulsa, OK",0.5955,0.4844,1.67,,28192.0,31742.813147277247,0.89,"Higher Access, Lower Earnings"
450571,Rasmussen University-Wisconsin,Wisconsin,Special Focus: Nursing,0,1,24580,"Green Bay, WI",0.5717,0.2329,2.06,,41304.0,40900.83089846604,1.01,"Higher Access, Medium Earnings"
450696,Carrington College-Stockton,California,Special Focus: Applied and Career Studies,0,1,44700,"Stockton-Lodi, CA",0.5994,0.811,1.68,,38975.0,33593.21979434448,1.16,"Higher Access, Medium Earnings"
450933,Columbia Southern University,Alabama,Professions-focused Undergraduate/Graduate-Doctorate Large,0,0,19300,"Daphne-Fairhope-Foley, AL",0.2133,0.2574,0.69,,60123.0,35943.632482632456,1.67,"Lower Access, Higher Earnings"
450960,Healthcare Career College,California,Special Focus: Other Health Professions,0,1,31080,"Los Angeles-Long Beach-Anaheim, CA",0.8988,0.948,2.32,,26224.0,32157.219026548668,0.82,"Higher Access, Lower Earnings"
451079,Academy for Five Element Acupuncture,Florida,Special Focus: Other Health Professions,0,0,23540,"Gainesville, FL",0.0,,,,,,,Not Classified in SAEC
451103,Miami Regional University,Florida,Special Focus: Nursing,0,0,33100,"Miami-Fort Lauderdale-West Palm Beach, FL",0.3075,0.9818,1.52,,35248.0,30110.858302583023,1.17,"Higher Access, Medium Earnings"
451352,Southeastern College-Charlotte,North Carolina,Special Focus: Applied and Career Studies,0,1,16740,"Charlotte-Concord-Gastonia, NC-SC",0.7746,0.8736,2.62,,28846.0,37413.06874182142,0.77,"Higher Access, Lower Earnings"
451370,Yeshivas Be'er Yitzchok,New Jersey,Special Focus: Theological Studies,0,0,35620,"New York-Newark-Jersey City, NY-NJ",0.569,0.0,,,,,,Not Classified in SAEC
451398,Yeshiva Toras Chaim,New Jersey,Special Focus: Theological Studies,0,0,35620,"New York-Newark-Jersey City, NY-NJ",0.4178,0.0,,,28634.0,,,Not Classified in SAEC
451404,Talmudical Seminary of Bobov,New York,Special Focus: Theological Studies,0,0,35620,"New York-Newark-Jersey City, NY-NJ",0.9455,0.0,,,17705.0,,,Not Classified in SAEC
451477,MyComputerCareer at Columbus,Ohio,Special Focus: Applied and Career Studies,0,1,18140,"Columbus, OH",0.5924,0.5931,1.87,,47896.0,38001.222222222226,1.26,"Opportunity Colleges and Universities – Higher Access, Higher Earnings"
451510,Charleston School of Law,South Carolina,Special Focus: Law,0,0,16700,"Charleston-North Charleston, SC",0.0,,,,,,,Not Classified in SAEC
451556,Southwest University at El Paso,Texas,Special Focus: Applied and Career Studies,0,1,21340,"El Paso, TX",0.7909,0.9226,1.38,,30340.0,24661.74467331518,1.23,"Higher Access, Medium Earnings"
451750,Bryant & Stratton College-Wauwatosa,Wisconsin,Special Focus: Nursing,0,1,33340,"Milwaukee-Waukesha, WI",0.5738,0.5746,2.02,,30130.0,39494.16666666667,0.76,"Higher Access, Lower Earnings"
451857,Remington College-Houston Southeast Campus,Texas,Special Focus: Applied and Career Studies,0,1,26420,"Houston-Pasadena-The Woodlands, TX",0.9206,0.7975,2.11,,28019.0,36873.577507598784,0.76,"Higher Access, Lower Earnings"
451866,Remington College-Shreveport Campus,Louisiana,Professions-focused Associate/Baccalaureate,0,1,43340,"Shreveport-Bossier City, LA",0.9091,0.8697,2.06,,28019.0,26272.527011566635,1.07,"Higher Access, Medium Earnings"
451927,Patrick Henry College,Virginia,Special Focus: Arts and Sciences,0,0,47900,"Washington-Arlington-Alexandria, DC-VA-MD-WV",0.0,0.0847,,,,,,Not Classified in SAEC
452081,Ross College-Sylvania,Ohio,Special Focus: Applied and Career Studies,0,1,45780,"Toledo, OH",0.8773,0.5228,2.45,,28831.0,32520.949742717497,0.89,"Higher Access, Lower Earnings"
452124,Fortis Institute-Nashville,Tennessee,Special Focus: Applied and Career Studies,0,1,34980,"Nashville-Davidson--Murfreesboro--Franklin, TN",0.6889,0.6362,2.64,,30952.0,36180.30696798493,0.86,"Higher Access, Lower Earnings"
452373,ATA College-Cincinnati,Ohio,Special Focus: Nursing,0,1,17140,"Cincinnati, OH-KY-IN",0.8382,0.8218,4.06,,30674.0,33998.32155013583,0.9,"Higher Access, Lower Earnings"
452948,Galen College of Nursing-Cincinnati,Ohio,Special Focus: Nursing,0,1,17140,"Cincinnati, OH-KY-IN",0.5665,0.33,2.03,,60671.0,37684.55349686847,1.61,"Opportunity Colleges and Universities – Higher Access, Higher Earnings"
453163,Strayer University-North Carolina,North Carolina,Special Focus: Business,0,0,24660,"Greensboro-High Point, NC",0.7997,0.7709,2.41,,37064.0,30299.762140928007,1.22,"Higher Access, Medium Earnings"
453215,Strayer University-New Jersey,New Jersey,Special Focus: Business,0,0,35620,"New York-Newark-Jersey City, NY-NJ",0.6624,0.8218,,,37064.0,,,Not Classified in SAEC
453792,Ohio Medical Career College,Ohio,Special Focus: Nursing,0,1,19430,"Dayton-Kettering-Beavercreek, OH",0.5913,0.9217,,,,,,Not Classified in SAEC
454227,Chamberlain University-Illinois,Illinois,Special Focus: Nursing,0,0,16980,"Chicago-Naperville-Elgin, IL-IN",0.3013,0.3925,1.14,,88361.0,39059.04741840391,2.26,"Opportunity Colleges and Universities – Higher Access, Higher Earnings"
454236,Chamberlain University-Ohio,Ohio,Special Focus: Nursing,0,0,18140,"Columbus, OH",0.486,0.4578,2.04,,88361.0,36167.209828393134,2.44,"Opportunity Colleges and Universities – Higher Access, Higher Earnings"
454245,Chamberlain University-Arizona,Arizona,Special Focus: Nursing,0,0,38060,"Phoenix-Mesa-Chandler, AZ",0.4352,0.4259,1.17,,88361.0,38300.81390374331,2.31,"Opportunity Colleges and Universities – Higher Access, Higher Earnings"
454582,Ottawa University-Online,Kansas,Professions-focused Undergraduate/Graduate-Master's Small,0,0,28140,"Kansas City, MO-KS",0.4694,0.4815,,,53089.0,,,Not Classified in SAEC
454689,Taft University System,Colorado,Special Focus: Graduate Studies,0,0,19740,"Denver-Aurora-Centennial, CO",0.0,0.0,,,60202.0,,,Not Classified in SAEC
454786,Laurus College,California,Professions-focused Associate/Baccalaureate,0,1,42020,"San Luis Obispo-Paso Robles, CA",0.6742,0.4497,2.25,,35226.0,34828.03531598514,1.01,"Higher Access, Medium Earnings"
454810,Auguste Escoffier School of Culinary Arts-Boulder,Colorado,Special Focus: Applied and Career Studies,0,1,14500,"Boulder, CO",0.4845,0.6267,1.76,,34031.0,36914.007143405805,0.92,"Higher Access, Lower Earnings"
454829,Aspen University,Arizona,Special Focus: Nursing,0,0,38060,"Phoenix-Mesa-Chandler, AZ",0.1293,0.4086,0.71,,45002.0,31819.915577503103,1.41,"Lower Access, Higher Earnings"
454838,Institute of Taoist Education and Acupuncture,Colorado,Special Focus: Other Health Professions,0,0,14500,"Boulder, CO",0.0,,,,,,,Not Classified in SAEC
454856,Denver College of Nursing,Colorado,Special Focus: Nursing,0,0,19740,"Denver-Aurora-Centennial, CO",0.2514,0.4127,,,81283.0,,,Not Classified in SAEC
454865,Cambridge College of Healthcare & Technology,Florida,Special Focus: Applied and Career Studies,0,1,33100,"Miami-Fort Lauderdale-West Palm Beach, FL",0.5761,0.7494,1.51,,54485.0,33989.495195274605,1.6,"Opportunity Colleges and Universities – Higher Access, Higher Earnings"
455099,Urshan Graduate School of Theology,Missouri,Special Focus: Theological Studies,0,0,41180,"St. Louis, MO-IL",0.0,,,,,,,Not Classified in SAEC
455114,College of Western Idaho,Idaho,Professions-focused Associate Large/Medium,0,1,14260,"Boise City, ID",0.3885,0.2893,1.5,,38151.0,35398.94620142828,1.08,"Higher Access, Medium Earnings"
455178,Daoist Traditions College of Chinese Medical Arts,North Carolina,Special Focus: Other Health Professions,0,0,11700,"Asheville, NC",0.0,,,,,,,Not Classified in SAEC
455196,Jersey College,New Jersey,Special Focus: Nursing,0,1,35620,"New York-Newark-Jersey City, NY-NJ",0.5753,0.7891,2.01,,62581.0,34246.49092307973,1.83,"Opportunity Colleges and Universities – Higher Access, Higher Earnings"
455257,Yeshiva of Machzikai Hadas,New York,Special Focus: Theological Studies,0,0,35620,"New York-Newark-Jersey City, NY-NJ",0.8422,0.0,,,21845.0,,,Not Classified in SAEC
455336,MediaTech Institute-Dallas,Texas,Special Focus: Applied and Career Studies,0,1,19100,"Dallas-Fort Worth-Arlington, TX",0.4945,0.7036,1.67,,30792.0,39588.4854073917,0.78,"Higher Access, Lower Earnings"
455406,Pacific Northwest University of Health Sciences,Washington,Special Focus: Medical Schools and Centers,0,0,49420,"Yakima, WA",0.0,,,,,,,Not Classified in SAEC
455433,The Chicago School at Anaheim,California,Special Focus: Graduate Studies,0,0,31080,"Los Angeles-Long Beach-Anaheim, CA",0.0,,,,55622.0,,,Not Classified in SAEC
455479,Fortis Institute-Pensacola,Florida,Special Focus: Nursing,0,1,37860,"Pensacola-Ferry Pass-Brent, FL",0.6593,0.5021,1.9,,27356.0,31916.336600415558,0.86,"Higher Access, Lower Earnings"
455512,Woodland Community College,California,Mixed Associate Medium,0,1,40900,"Sacramento-Roseville-Folsom, CA",0.2895,0.6106,1.41,,36852.0,35654.48091298969,1.03,"Higher Access, Medium Earnings"
455628,Fortis Institute-Birmingham,Alabama,Special Focus: Applied and Career Studies,0,1,13820,"Birmingham, AL",0.7853,0.8725,2.55,,30952.0,28332.066286897978,1.09,"Higher Access, Medium Earnings"
455664,The Chicago School at Los Angeles,California,Special Focus: Graduate Studies,0,0,31080,"Los Angeles-Long Beach-Anaheim, CA",0.6056,0.5327,,,55622.0,,,Not Classified in SAEC
455770,Providence Christian College,California,Special Focus: Arts and Sciences,0,0,31080,"Los Angeles-Long Beach-Anaheim, CA",0.3382,0.5108,,,,,,Not Classified in SAEC
455804,Institute of World Politics,District of Columbia,Special Focus: Graduate Studies,0,0,47900,"Washington-Arlington-Alexandria, DC-VA-MD-WV",0.0,,,,,,,Not Classified in SAEC
455813,Pontifical John Paul II Institute for Studies on Marriage and Family,District of Columbia,Special Focus: Theological Studies,0,0,47900,"Washington-Arlington-Alexandria, DC-VA-MD-WV",0.0,,,,,,,Not Classified in SAEC
455868,National Career College,California,Special Focus: Other Health Professions,0,1,31080,"Los Angeles-Long Beach-Anaheim, CA",0.708,0.8162,1.9,,38727.0,38784.54285714286,1.0,"Higher Access, Medium Earnings"
455983,Columbia College,Virginia,Professions-focused Associate Small,0,1,47900,"Washington-Arlington-Alexandria, DC-VA-MD-WV",0.3031,0.1149,0.87,,26186.0,54233.78801011194,0.48,"Lower Access, Lower Earnings"
455992,Vermont College of Fine Arts,Vermont,Special Focus: Graduate Studies,0,0,12740,"Barre, VT",0.0,,,,,,,Not Classified in SAEC
456038,Pima Medical Institute-East Valley,Arizona,Special Focus: Applied and Career Studies,0,1,38060,"Phoenix-Mesa-Chandler, AZ",0.2436,0.505,1.05,,38155.0,39894.074521651564,0.96,"Higher Access, Lower Earnings"
456153,MediaTech Institute-Houston,Texas,Special Focus: Applied and Career Studies,0,1,26420,"Houston-Pasadena-The Woodlands, TX",0.7227,0.8261,1.87,,30792.0,35892.5499800876,0.86,"Higher Access, Lower Earnings"
456205,Miller-Motte College-Raleigh,North Carolina,Special Focus: Applied and Career Studies,0,1,39580,"Raleigh-Cary, NC",0.6554,0.8876,2.98,,28099.0,36213.25776523145,0.78,"Higher Access, Lower Earnings"
456454,Fortis College-Salt Lake City,Utah,Special Focus: Nursing,0,1,41620,"Salt Lake City-Murray, UT",0.6087,0.3506,2.1,,34056.0,39244.639410187665,0.87,"Higher Access, Lower Earnings"
456481,Polytechnic University of Puerto Rico-Miami,Florida,Special Focus: Business,0,0,33100,"Miami-Fort Lauderdale-West Palm Beach, FL",0.7059,1.0,2.16,,41112.0,30122.3,1.36,"Opportunity Colleges and Universities – Higher Access, Higher Earnings"
456490,Polytechnic University of Puerto Rico-Orlando,Florida,"Special Focus: Technology, Engineering, and Sciences",0,0,36740,"Orlando-Kissimmee-Sanford, FL",0.5913,0.9934,1.94,,41112.0,31072.0,1.32,"Higher Access, Medium Earnings"
456542,Geisinger Commonwealth School of Medicine,Pennsylvania,Special Focus: Medical Schools and Centers,0,0,42540,"Scranton--Wilkes-Barre, PA",0.0,,,,76158.0,,,Not Classified in SAEC
456579,Miller-Motte College-Berks Technical Institute-Allentown,Pennsylvania,Special Focus: Applied and Career Studies,0,1,10900,"Allentown-Bethlehem-Easton, PA-NJ",0.6004,0.823,,,28099.0,,,Not Classified in SAEC
456621,Strayer University-West Virginia,West Virginia,Special Focus: Business,0,0,26580,"Huntington-Ashland, WV-KY-OH",0.8507,0.1769,,,37064.0,,,Not Classified in SAEC
456852,San Joaquin Valley College-Hesperia,California,Special Focus: Applied and Career Studies,0,1,40140,"Riverside-San Bernardino-Ontario, CA",0.6217,0.8393,1.61,,36746.0,30362.23687548195,1.21,"Higher Access, Medium Earnings"
456959,University of Minnesota-Rochester,Minnesota,Special Focus: Other Health Professions,0,0,40340,"Rochester, MN",0.363,0.2891,1.72,,63477.0,43950.18400395137,1.44,"Opportunity Colleges and Universities – Higher Access, Higher Earnings"
457101,Carrington College-Las Vegas,Nevada,Special Focus: Applied and Career Studies,0,1,29820,"Las Vegas-Henderson-North Las Vegas, NV",0.6082,0.7453,1.65,,36377.0,33979.49623655914,1.07,"Higher Access, Medium Earnings"
457110,Carrington College-Reno,Nevada,Special Focus: Nursing,0,1,39900,"Reno, NV",0.3451,0.3571,1.21,,38619.0,41497.988112671206,0.93,"Higher Access, Lower Earnings"
457129,Chamberlain University-Florida,Florida,Special Focus: Nursing,0,0,27260,"Jacksonville, FL",0.5327,0.7271,1.6,,88361.0,31382.72697368421,2.82,"Opportunity Colleges and Universities – Higher Access, Higher Earnings"
457226,Horizon University,Indiana,Special Focus: Theological Studies,0,0,26900,"Indianapolis-Carmel-Greenwood, IN",0.15,0.125,,,63531.0,,,Not Classified in SAEC
457271,Academy for Jewish Religion-California,California,Special Focus: Theological Studies,0,0,31080,"Los Angeles-Long Beach-Anaheim, CA",0.0,,,,,,,Not Classified in SAEC
457299,Angeles College,California,Special Focus: Other Health Professions,0,0,31080,"Los Angeles-Long Beach-Anaheim, CA",0.5147,0.3133,1.21,,51741.0,37195.09947643979,1.39,"Opportunity Colleges and Universities – Higher Access, Higher Earnings"
457402,University of Fort Lauderdale,Florida,Special Focus: Business,0,1,33100,"Miami-Fort Lauderdale-West Palm Beach, FL",0.5833,0.7739,,,,,,Not Classified in SAEC
457484,Pacific Rim Christian University,Hawaii,Special Focus: Theological Studies,0,1,46520,"Urban Honolulu, HI",0.8632,0.5862,,,48304.0,,,Not Classified in SAEC
457527,Ambria College of Nursing,Illinois,Special Focus: Nursing,0,1,16980,"Chicago-Naperville-Elgin, IL-IN",0.3218,0.4826,,,57135.0,,,Not Classified in SAEC
457536,Midwestern Career College,Illinois,Special Focus: Applied and Career Studies,0,1,16980,"Chicago-Naperville-Elgin, IL-IN",0.3961,0.8009,1.76,,36369.0,36413.02222222222,1.0,"Higher Access, Medium Earnings"
457697,City Vision University,Missouri,Professions-focused Baccalaureate Small,0,0,28140,"Kansas City, MO-KS",0.6591,0.374,1.49,,37456.0,32669.11666666666,1.15,"Higher Access, Medium Earnings"
458113,Ascent College,Virginia,Special Focus: Theological Studies,0,0,47900,"Washington-Arlington-Alexandria, DC-VA-MD-WV",0.3824,0.3647,,,,,,Not Classified in SAEC
458140,Northwest School of Wooden Boat Building,Washington,Special Focus: Applied and Career Studies,0,1,39040,"Port Townsend, WA",0.3065,0.131,0.72,,46429.0,38632.323684210525,1.2,"Lower Access, Medium Earnings"
458210,West Coast University-Orange County,California,Special Focus: Nursing,0,0,31080,"Los Angeles-Long Beach-Anaheim, CA",0.4122,0.4535,1.18,,98146.0,43772.18079493493,2.24,"Opportunity Colleges and Universities – Higher Access, Higher Earnings"
458229,West Coast University-Ontario,California,Special Focus: Nursing,0,0,40140,"Riverside-San Bernardino-Ontario, CA",0.4971,0.6259,1.51,,98146.0,42305.53881511747,2.32,"Opportunity Colleges and Universities – Higher Access, Higher Earnings"
458405,Miller-Motte College-Fayetteville,North Carolina,Mixed Associate Small,0,1,22180,"Fayetteville, NC",0.4769,0.8433,1.41,,28099.0,27375.23593964335,1.03,"Higher Access, Medium Earnings"
458441,Miller-Motte College-Columbus,Georgia,Professions-focused Associate Small,0,1,17980,"Columbus, GA-AL",0.9028,0.9256,2.01,,28099.0,26555.62398779013,1.06,"Higher Access, Medium Earnings"
458681,Fortis College-Indianapolis,Indiana,Special Focus: Nursing,0,1,26900,"Indianapolis-Carmel-Greenwood, IN",0.7852,0.7677,3.14,,33761.0,35397.25730994152,0.95,"Higher Access, Lower Earnings"
458885,Strayer University-Arkansas,Arkansas,Special Focus: Business,0,1,30780,"Little Rock-North Little Rock-Conway, AR",0.9273,0.5939,,,37064.0,,,Not Classified in SAEC
458919,Strayer University-Georgia,Georgia,Special Focus: Business,0,0,12060,"Atlanta-Sandy Springs-Roswell, GA",0.7837,0.8264,2.16,,37064.0,29720.552130326145,1.25,"Opportunity Colleges and Universities – Higher Access, Higher Earnings"
458955,Strayer University-Mississippi,Mississippi,Special Focus: Business,0,1,27140,"Jackson, MS",0.8339,0.8953,,,37064.0,,,Not Classified in SAEC
458964,Strayer University-South Carolina,South Carolina,Special Focus: Business,0,0,24860,"Greenville-Anderson-Greer, SC",0.7889,0.7511,2.29,,37064.0,29665.226649059096,1.25,"Opportunity Colleges and Universities – Higher Access, Higher Earnings"
458973,Strayer University-Texas,Texas,Special Focus: Business,0,0,19100,"Dallas-Fort Worth-Arlington, TX",0.7428,0.768,1.83,,37064.0,33223.95396029514,1.12,"Higher Access, Medium Earnings"
459204,Unitek College,California,Special Focus: Nursing,0,1,41860,"San Francisco-Oakland-Fremont, CA",0.4981,0.5744,2.23,,68985.0,57768.347565543074,1.19,"Higher Access, Medium Earnings"
459213,Gurnick Academy of Medical Arts,California,Special Focus: Nursing,0,1,41940,"San Jose-Sunnyvale-Santa Clara, CA",0.442,0.5268,2.46,,68739.0,62820.3986013986,1.09,"Higher Access, Medium Earnings"
459259,South University-Richmond,Virginia,Special Focus: Nursing,0,0,40060,"Richmond, VA",0.5073,0.6667,2.11,,32897.0,35925.61671451357,0.92,"Higher Access, Lower Earnings"
459268,South University-Virginia Beach,Virginia,Special Focus: Other Health Professions,0,0,47260,"Virginia Beach-Chesapeake-Norfolk, VA-NC",0.5122,0.7892,2.32,,32897.0,36656.829268292684,0.9,"Higher Access, Lower Earnings"
459514,Peloton College,Texas,Professions-focused Associate Small,0,1,19100,"Dallas-Fort Worth-Arlington, TX",0.7411,0.9107,2.33,,32298.0,37949.137931034486,0.85,"Higher Access, Lower Earnings"
459727,Touro University Worldwide,California,Professions-focused Undergraduate/Graduate-Doctorate Small,0,0,31080,"Los Angeles-Long Beach-Anaheim, CA",0.553,0.5337,1.54,,58418.0,45338.159999999996,1.29,"Higher Access, Medium Earnings"
459736,Touro University California,California,Special Focus: Medical Schools and Centers,0,0,46700,"Vallejo, CA",0.0,,,,98901.0,,,Not Classified in SAEC
459745,The Chicago School at Washington DC,District of Columbia,Special Focus: Graduate Studies,0,0,47900,"Washington-Arlington-Alexandria, DC-VA-MD-WV",0.0,,,,55622.0,,,Not Classified in SAEC
459824,Touro University Nevada,Nevada,Special Focus: Medical Schools and Centers,0,0,29820,"Las Vegas-Henderson-North Las Vegas, NV",0.2667,0.48,,,98901.0,,,Not Classified in SAEC
459842,Herzing University-Kenosha,Wisconsin,Special Focus: Nursing,0,0,28450,"Kenosha, WI",0.6214,0.59,2.23,,38007.0,39606.419110840165,0.96,"Higher Access, Lower Earnings"
459851,Herzing University-Brookfield,Wisconsin,Special Focus: Nursing,0,0,33340,"Milwaukee-Waukesha, WI",0.6077,0.5707,3.13,,38007.0,37494.77634408602,1.01,"Higher Access, Medium Earnings"
459949,Texas A&M University-San Antonio,Texas,Special Focus: Arts and Sciences,1,0,41700,"San Antonio-New Braunfels, TX",0.5204,0.8397,,,,,,Not Classified in SAEC
459958,Fortis Institute,Texas,Special Focus: Other Health Professions,0,1,26420,"Houston-Pasadena-The Woodlands, TX",0.75,0.94,1.99,,34055.0,31073.2453928225,1.1,"Higher Access, Medium Earnings"
459967,Southern Careers Institute-Brownsville,Texas,Special Focus: Business,0,1,15180,"Brownsville-Harlingen, TX",0.7663,0.7395,1.1,,26123.0,22511.98581560284,1.16,"Higher Access, Medium Earnings"
459985,Southern Careers Institute-Harlingen,Texas,Special Focus: Business,0,1,15180,"Brownsville-Harlingen, TX",0.7494,0.5901,1.0,,26123.0,22654.03155006859,1.15,"Higher Access, Medium Earnings"
459994,Strayer University-Global Region,District of Columbia,Special Focus: Business,0,0,47900,"Washington-Arlington-Alexandria, DC-VA-MD-WV",0.529,0.5089,1.59,,37064.0,32946.560846299915,1.12,"Higher Access, Medium Earnings"
460020,Fortis College-Columbia,South Carolina,Special Focus: Nursing,0,1,17900,"Columbia, SC",0.735,0.8684,2.11,,34896.0,29507.703355704696,1.18,"Higher Access, Medium Earnings"
460136,Pima Medical Institute-Houston,Texas,Special Focus: Applied and Career Studies,0,1,26420,"Houston-Pasadena-The Woodlands, TX",0.4965,0.807,1.49,,38155.0,35423.648055588936,1.08,"Higher Access, Medium Earnings"
460181,Concorde Career College-Dallas,Texas,Special Focus: Applied and Career Studies,0,1,19100,"Dallas-Fort Worth-Arlington, TX",0.6056,0.8153,1.99,,41157.0,36829.64164598842,1.12,"Higher Access, Medium Earnings"
460190,Concorde Career Institute-Orlando,Florida,Special Focus: Applied and Career Studies,0,1,36740,"Orlando-Kissimmee-Sanford, FL",0.6723,0.8319,1.77,,34625.0,30033.987421383645,1.15,"Higher Access, Medium Earnings"
460206,Concorde Career College-San Antonio,Texas,Special Focus: Applied and Career Studies,0,1,41700,"San Antonio-New Braunfels, TX",0.5749,0.78,1.42,,35796.0,32136.135416666668,1.11,"Higher Access, Medium Earnings"
460349,Johnson & Wales University-Online,Rhode Island,Special Focus: Business,0,0,39300,"Providence-Warwick, RI-MA",0.3569,0.4707,,,40078.0,,,Not Classified in SAEC
460376,Fairfax University of America,Virginia,Special Focus: Graduate Studies,0,0,47900,"Washington-Arlington-Alexandria, DC-VA-MD-WV",0.0,0.5,,,,,,Not Classified in SAEC
460394,Moreno Valley College,California,Mixed Associate Medium,0,1,40140,"Riverside-San Bernardino-Ontario, CA",0.2192,0.7916,0.97,,36820.0,30372.476695591162,1.21,"Lower Access, Medium Earnings"
460464,Norco College,California,Mixed Associate Medium,0,1,40140,"Riverside-San Bernardino-Ontario, CA",0.1917,0.7357,0.89,,39852.0,30985.889553578116,1.29,"Lower Access, Higher Earnings"
460543,Universal Technical Institute-Dallas Fort Worth,Texas,Special Focus: Applied and Career Studies,0,1,19100,"Dallas-Fort Worth-Arlington, TX",0.5064,0.6725,1.67,,49933.0,38582.87656675304,1.29,"Opportunity Colleges and Universities – Higher Access, Higher Earnings"
460677,ICPR Junior College,Puerto Rico,Professions-focused Associate Small,0,1,41980,"San Juan-Bayam√É¬≥n-Caguas, PR",0.9883,1.0,1.15,,17104.0,11050.0,1.55,"Opportunity Colleges and Universities – Higher Access, Higher Earnings"
460756,Hawaii Medical College,Hawaii,Special Focus: Applied and Career Studies,0,1,46520,"Urban Honolulu, HI",0.5311,0.6674,1.94,,39521.0,36301.34749034749,1.09,"Higher Access, Medium Earnings"
460817,Miller-Motte College-Jacksonville,North Carolina,Special Focus: Business,0,1,27340,"Jacksonville, NC",0.5268,0.5345,1.45,,28099.0,29433.46846846847,0.95,"Higher Access, Lower Earnings"
460826,Miller-Motte College-Augusta,Georgia,Professions-focused Associate Small,0,1,12260,"Augusta-Richmond County, GA-SC",0.7257,0.9132,2.08,,28099.0,27267.12302335872,1.03,"Higher Access, Medium Earnings"
460835,Miller-Motte College-Conway,South Carolina,Special Focus: Business,0,1,34820,"Myrtle Beach-Conway-North Myrtle Beach, SC",0.5268,0.6705,2.61,,28099.0,27663.043694593376,1.02,"Higher Access, Medium Earnings"
460871,Chamberlain University-Virginia,Virginia,Special Focus: Nursing,0,0,47900,"Washington-Arlington-Alexandria, DC-VA-MD-WV",0.4389,0.7741,1.88,,88361.0,39613.72392086331,2.23,"Opportunity Colleges and Universities – Higher Access, Higher Earnings"
461014,Mildred Elley-New York Campus,New York,Special Focus: Applied and Career Studies,0,1,35620,"New York-Newark-Jersey City, NY-NJ",0.7562,0.9484,2.43,,32495.0,32971.51168701365,0.99,"Higher Access, Lower Earnings"
461023,National Paralegal College,Arizona,Professions-focused Associate/Baccalaureate,0,1,38060,"Phoenix-Mesa-Chandler, AZ",0.3977,0.3345,1.08,,37226.0,32588.541336570397,1.14,"Higher Access, Medium Earnings"
461032,Carolina College of Biblical Studies,North Carolina,Special Focus: Theological Studies,0,0,22180,"Fayetteville, NC",0.5625,0.6846,,,32283.0,,,Not Classified in SAEC
461120,Omega Graduate School,Tennessee,Special Focus: Graduate Studies,0,0,-2,,0.0,,,,,,,Not Classified in SAEC
461139,Jung Tao School of Classical Chinese Medicine,North Carolina,Special Focus: Other Health Professions,0,0,14380,"Boone, NC",0.0,,,,,,,Not Classified in SAEC
461148,New York Film Academy,California,"Special Focus: Arts, Music, and Design",0,0,31080,"Los Angeles-Long Beach-Anaheim, CA",0.2028,0.541,1.01,,31647.0,32799.998975874056,0.96,"Higher Access, Lower Earnings"
461218,Institute of Medical Careers,Pennsylvania,Special Focus: Other Health Professions,0,1,38300,"Pittsburgh, PA",0.9142,0.6016,2.72,,23046.0,39866.50000000001,0.58,"Higher Access, Lower Earnings"
461254,Galaxy Medical College,California,Special Focus: Other Health Professions,0,1,31080,"Los Angeles-Long Beach-Anaheim, CA",0.9286,0.2679,1.73,,37834.0,46592.520000000004,0.81,"Higher Access, Lower Earnings"
461263,American Medical Sciences Center,California,Special Focus: Applied and Career Studies,0,1,31080,"Los Angeles-Long Beach-Anaheim, CA",0.6667,0.7094,1.77,,34877.0,46570.362694300515,0.75,"Higher Access, Lower Earnings"
461281,Jose Maria Vargas University,Florida,Professions-focused Associate/Baccalaureate,0,1,33100,"Miami-Fort Lauderdale-West Palm Beach, FL",0.6629,1.0,,,,,,Not Classified in SAEC
461315,Keweenaw Bay Ojibwa Community College,Michigan,Mixed Associate Small,0,1,-2,Michigan -- Not in metropolitan statistical area,0.5865,0.6411,5.03,,19619.0,24891.469879518074,0.79,"Higher Access, Lower Earnings"
461324,Meridian Institute of Surgical Assisting,Tennessee,Special Focus: Applied and Career Studies,0,1,34980,"Nashville-Davidson--Murfreesboro--Franklin, TN",0.2106,0.3148,,,67735.0,,,Not Classified in SAEC
461485,Shepherds Theological Seminary,North Carolina,Special Focus: Theological Studies,0,0,39580,"Raleigh-Cary, NC",0.0,,,,,,,Not Classified in SAEC
461528,Manna University,North Carolina,Special Focus: Theological Studies,0,1,22180,"Fayetteville, NC",0.3681,0.4278,,,37290.0,,,Not Classified in SAEC
461643,Bergin University of Canine Studies,California,Special Focus: Applied and Career Studies,0,1,42220,"Santa Rosa-Petaluma, CA",0.2941,0.2857,,,,,,Not Classified in SAEC
461689,Pima Medical Institute-Aurora,Colorado,Special Focus: Applied and Career Studies,0,1,19740,"Denver-Aurora-Centennial, CO",0.48,0.7143,2.34,,36442.0,52579.08695652173,0.69,"Higher Access, Lower Earnings"
461759,Simmons College of Kentucky,Kentucky,Special Focus: Arts and Sciences,0,0,31140,"Louisville/Jefferson County, KY-IN",0.4717,0.9953,3.61,,22609.0,26631.93211009174,0.85,"Higher Access, Lower Earnings"
461795,North American University,Texas,Special Focus: Graduate Studies,0,0,26420,"Houston-Pasadena-The Woodlands, TX",0.5143,0.8633,,,31800.0,,,Not Classified in SAEC
461847,Keser Torah-Mayan Hatalmud,New Jersey,Special Focus: Theological Studies,0,0,35620,"New York-Newark-Jersey City, NY-NJ",0.1887,0.0,,,,,,Not Classified in SAEC
461865,Best Care College,New Jersey,Special Focus: Nursing,0,1,35620,"New York-Newark-Jersey City, NY-NJ",0.9535,0.9677,2.8,,68218.0,33112.747798520606,2.06,"Opportunity Colleges and Universities – Higher Access, Higher Earnings"
461883,Millennia Atlantic University,Florida,Special Focus: Business,0,0,33100,"Miami-Fort Lauderdale-West Palm Beach, FL",0.0714,1.0,,,,,,Not Classified in SAEC
461953,Colorado Academy of Veterinary Technology,Colorado,Special Focus: Applied and Career Studies,0,1,17820,"Colorado Springs, CO",0.475,0.2353,1.31,,34223.0,38583.87804878049,0.89,"Higher Access, Lower Earnings"
462044,Institute for Doctoral Studies in the Visual Arts,Maine,Special Focus: Graduate Studies,0,0,38860,"Portland-South Portland, ME",0.0,,,,,,,Not Classified in SAEC
462354,John Paul the Great Catholic University,California,Special Focus: Arts and Sciences,0,0,41740,"San Diego-Chula Vista-Carlsbad, CA",0.38,0.4502,1.16,,32759.0,37811.8613870754,0.87,"Higher Access, Lower Earnings"
464226,Ottawa University-Surprise,Arizona,Professions-focused Baccalaureate Small,0,0,38060,"Phoenix-Mesa-Chandler, AZ",0.3745,0.5761,,,53089.0,,,Not Classified in SAEC
466921,Chamberlain University-Missouri,Missouri,Special Focus: Nursing,0,0,41180,"St. Louis, MO-IL",0.4773,0.3721,1.71,,88361.0,35229.529395420635,2.51,"Opportunity Colleges and Universities – Higher Access, Higher Earnings"
466930,Chamberlain University-Texas,Texas,Special Focus: Nursing,0,0,26420,"Houston-Pasadena-The Woodlands, TX",0.4952,0.6972,1.4,,88361.0,33414.66472303207,2.64,"Opportunity Colleges and Universities – Higher Access, Higher Earnings"
469416,Dewey University-Manati,Puerto Rico,Special Focus: Nursing,0,1,41980,"San Juan-Bayam√É¬≥n-Caguas, PR",0.8938,1.0,1.09,,17913.0,11050.0,1.62,"Opportunity Colleges and Universities – Higher Access, Higher Earnings"
469629,Oklahoma Technical College,Oklahoma,Special Focus: Applied and Career Studies,0,1,46140,"Tulsa, OK",0.6653,0.4658,1.74,,28192.0,31185.765074939012,0.9,"Higher Access, Lower Earnings"
470047,WellSpring School of Allied Health-Lawrence,Kansas,Special Focus: Other Health Professions,0,1,29940,"Lawrence, KS",0.5455,0.2364,1.89,,31708.0,31593.66037735849,1.0,"Higher Access, Medium Earnings"
474863,Los Angeles Pacific University,California,Professions-focused Baccalaureate Small,0,0,31080,"Los Angeles-Long Beach-Anaheim, CA",0.5253,0.6974,,,,,,Not Classified in SAEC
475033,Relay Graduate School of Education,New York,Special Focus: Graduate Studies,0,0,35620,"New York-Newark-Jersey City, NY-NJ",0.0,0.4752,,,,,,Not Classified in SAEC
475060,Miller-Motte College-Macon,Georgia,Special Focus: Business,0,1,31420,"Macon-Bibb County, GA",0.8386,0.9259,1.93,,28099.0,25949.554913294796,1.08,"Higher Access, Medium Earnings"
475121,South University-Savannah Online,Georgia,Special Focus: Other Health Professions,0,0,42340,"Savannah, GA",0.7625,0.6314,2.04,,32897.0,34331.29439257192,0.96,"Higher Access, Lower Earnings"
475176,San Joaquin Valley College-Temecula,California,Special Focus: Applied and Career Studies,0,1,40140,"Riverside-San Bernardino-Ontario, CA",0.5137,0.7391,1.37,,36746.0,30617.494054738636,1.2,"Higher Access, Medium Earnings"
475200,Whitworth University-Adult Degree Programs,Washington,Special Focus: Arts and Sciences,0,0,44060,"Spokane-Spokane Valley, WA",0.4689,0.2857,,,56792.0,,,Not Classified in SAEC
475228,The Colleges of Law at Santa Barbara,California,Special Focus: Law,0,0,42200,"Santa Maria-Santa Barbara, CA",0.0,,,,,,,Not Classified in SAEC
475273,"Springfield College-Regional, Online, and Continuing Education",Massachusetts,Professions-focused Undergraduate/Graduate-Master's Small,0,0,44140,"Springfield, MA",0.5658,0.7376,,,45448.0,,,Not Classified in SAEC
475398,Catholic International University,West Virginia,Special Focus: Theological Studies,0,0,47900,"Washington-Arlington-Alexandria, DC-VA-MD-WV",0.2143,0.2477,,,,,,Not Classified in SAEC
475422,Finger Lakes Health College of Nursing & Health Sciences,New York,Special Focus: Nursing,0,1,40380,"Rochester, NY",0.4184,0.4103,,,36556.0,,,Not Classified in SAEC
475495,Rocky Mountain University of Health Professions,Utah,Special Focus: Other Health Professions,0,0,39340,"Provo-Orem-Lehi, UT",0.0,,,,,,,Not Classified in SAEC
475565,CUNY Stella and Charles Guttman Community College,New York,Mixed Associate Small,0,1,35620,"New York-Newark-Jersey City, NY-NJ",0.6318,0.9,2.15,,31795.0,35999.40588982102,0.88,"Higher Access, Lower Earnings"
475608,Criswell College,Texas,Special Focus: Theological Studies,0,0,19100,"Dallas-Fort Worth-Arlington, TX",0.3471,0.3154,,,45382.0,,,Not Classified in SAEC
475635,Beverly Hills Design Institute,California,Special Focus: Applied and Career Studies,0,1,31080,"Los Angeles-Long Beach-Anaheim, CA",0.5263,0.619,,,,,,Not Classified in SAEC
475714,American Medical Academy,Florida,Special Focus: Applied and Career Studies,0,1,33100,"Miami-Fort Lauderdale-West Palm Beach, FL",0.1027,0.9499,0.82,,70508.0,32659.531818181822,2.16,"Lower Access, Higher Earnings"
475732,Chamberlain University-Georgia,Georgia,Special Focus: Nursing,0,0,12060,"Atlanta-Sandy Springs-Roswell, GA",0.4831,0.772,1.64,,88361.0,31844.83898305085,2.77,"Opportunity Colleges and Universities – Higher Access, Higher Earnings"
475741,Chamberlain University-Indiana,Indiana,Special Focus: Nursing,0,0,26900,"Indianapolis-Carmel-Greenwood, IN",0.4851,0.4256,1.95,,88361.0,32961.61157024794,2.68,"Opportunity Colleges and Universities – Higher Access, Higher Earnings"
475839,Sessions College for Professional Design,Arizona,"Special Focus: Arts, Music, and Design",0,1,38060,"Phoenix-Mesa-Chandler, AZ",0.3344,0.4474,,,,,,Not Classified in SAEC
476601,Bais HaMedrash and Mesivta of Baltimore,Maryland,Special Focus: Theological Studies,0,0,12580,"Baltimore-Columbia-Towson, MD",0.4651,0.0,,,,,,Not Classified in SAEC
476683,Athena Career Academy,Ohio,Professions-focused Associate Small,0,1,45780,"Toledo, OH",0.6391,0.8791,3.04,,51683.0,28498.255944055945,1.81,"Opportunity Colleges and Universities – Higher Access, Higher Earnings"
476692,Yeshiva Gedolah Zichron Leyma,New Jersey,Special Focus: Theological Studies,0,0,35620,"New York-Newark-Jersey City, NY-NJ",0.4737,0.0,,,,,,Not Classified in SAEC
476717,Be'er Yaakov Talmudic Seminary,New York,Special Focus: Theological Studies,0,0,35620,"New York-Newark-Jersey City, NY-NJ",0.8934,0.0,,,21904.0,,,Not Classified in SAEC
476726,Rio Grande Valley College,Texas,Special Focus: Nursing,0,1,32580,"McAllen-Edinburg-Mission, TX",0.5713,0.9901,1.06,,43144.0,22926.34482758621,1.88,"Opportunity Colleges and Universities – Higher Access, Higher Earnings"
476939,FVI School of Nursing and Technology,Florida,Special Focus: Nursing,0,1,33100,"Miami-Fort Lauderdale-West Palm Beach, FL",0.7199,0.9375,1.68,,20915.0,31755.0,0.66,"Higher Access, Lower Earnings"
476975,Colorado State University Global,Colorado,Special Focus: Business,0,0,19740,"Denver-Aurora-Centennial, CO",0.2612,0.3204,,,73820.0,,,Not Classified in SAEC
477039,West Coast University-Texas,Texas,Special Focus: Nursing,0,0,19100,"Dallas-Fort Worth-Arlington, TX",0.52,0.6568,1.49,,98146.0,36429.047619047626,2.69,"Opportunity Colleges and Universities – Higher Access, Higher Earnings"
477233,Evangel University-James River Assembly of God Church,Missouri,Special Focus: Business,0,1,44180,"Springfield, MO",0.3918,0.1053,,,41521.0,,,Not Classified in SAEC
479956,Pennsylvania State University-World Campus,Pennsylvania,Professions-focused Undergraduate/Graduate-Master's Large/Medium,0,0,44300,"State College, PA",0.3123,0.2651,1.01,,60370.0,38686.56549202083,1.56,"Opportunity Colleges and Universities – Higher Access, Higher Earnings"
480028,Digital Film Academy,New York,Professions-focused Associate Small,0,1,35620,"New York-Newark-Jersey City, NY-NJ",0.1885,0.701,,,,,,Not Classified in SAEC
480037,MyComputerCareer at Raleigh,North Carolina,Special Focus: Applied and Career Studies,0,1,39580,"Raleigh-Cary, NC",0.7063,0.7077,2.47,,59407.0,37582.75390199637,1.58,"Opportunity Colleges and Universities – Higher Access, Higher Earnings"
480073,South University-Austin,Texas,Special Focus: Other Health Professions,0,0,12420,"Austin-Round Rock-San Marcos, TX",0.5382,0.7122,1.47,,32897.0,34879.2523364486,0.94,"Higher Access, Lower Earnings"
480091,Bryant & Stratton College-Online,New York,Professions-focused Associate/Baccalaureate,0,1,15380,"Buffalo-Cheektowaga, NY",0.7529,0.5473,2.16,,30130.0,35399.960784718765,0.85,"Higher Access, Lower Earnings"
480198,Warner Pacific University Professional and Graduate Studies,Oregon,Professions-focused Undergraduate/Graduate-Master's Small,0,0,38900,"Portland-Vancouver-Hillsboro, OR-WA",0.29,0.4969,1.81,,50481.0,36750.435636856375,1.37,"Higher Access, Medium Earnings"
480204,Platt College-Riverside,California,Special Focus: Applied and Career Studies,0,1,40140,"Riverside-San Bernardino-Ontario, CA",0.6996,0.8339,1.72,,41224.0,29830.931677018638,1.38,"Opportunity Colleges and Universities – Higher Access, Higher Earnings"
480569,Florida Institute of Technology-Online,Florida,Professions-focused Undergraduate/Graduate-Master's Small,0,0,37340,"Palm Bay-Melbourne-Titusville, FL",0.4865,0.4472,,,42844.0,,,Not Classified in SAEC
480657,Rasmussen University-Kansas,Kansas,Special Focus: Nursing,0,1,45820,"Topeka, KS",0.5712,0.4498,,,41304.0,,,Not Classified in SAEC
480781,California Miramar University,California,Special Focus: Business,0,1,41740,"San Diego-Chula Vista-Carlsbad, CA",0.4646,0.8427,,,,,,Not Classified in SAEC
480790,Rocky Vista University,Colorado,Special Focus: Medical Schools and Centers,0,0,19740,"Denver-Aurora-Centennial, CO",0.0,,,,,,,Not Classified in SAEC
480824,The College of Health Care Professions-Dallas,Texas,Special Focus: Other Health Professions,0,1,19100,"Dallas-Fort Worth-Arlington, TX",0.6803,0.895,,,33685.0,,,Not Classified in SAEC
480833,The College of Health Care Professions-Fort Worth,Texas,Special Focus: Applied and Career Studies,0,1,19100,"Dallas-Fort Worth-Arlington, TX",0.6405,0.7848,,,32512.0,,,Not Classified in SAEC
480851,Miami Media School,Florida,Professions-focused Associate Small,0,1,33100,"Miami-Fort Lauderdale-West Palm Beach, FL",0.6753,0.8711,,,30527.0,,,Not Classified in SAEC
480967,College of the Muscogee Nation,Oklahoma,Mixed Associate Small,0,1,46140,"Tulsa, OK",0.3793,0.9598,,,,,,Not Classified in SAEC
480985,Midwives College of Utah,Utah,Special Focus: Other Health Professions,0,0,41620,"Salt Lake City-Murray, UT",0.5161,0.3448,,,30753.0,,,Not Classified in SAEC
481030,Future Generations University,West Virginia,Special Focus: Graduate Studies,0,0,-2,,0.0,,,,,,,Not Classified in SAEC
481058,Grace Mission University,California,Special Focus: Theological Studies,0,0,31080,"Los Angeles-Long Beach-Anaheim, CA",0.19,0.3551,,,,,,Not Classified in SAEC
481094,Sotheby's Institute of Art-NY,New York,"Special Focus: Arts, Music, and Design",0,0,35620,"New York-Newark-Jersey City, NY-NJ",0.0,,,,,,,Not Classified in SAEC
481155,Helms College,Georgia,Special Focus: Applied and Career Studies,0,1,12260,"Augusta-Richmond County, GA-SC",0.4412,0.7415,,,21227.0,,,Not Classified in SAEC
481225,Mid-South Christian College,Tennessee,Special Focus: Theological Studies,0,0,32820,"Memphis, TN-MS-AR",0.3529,0.5833,,,,,,Not Classified in SAEC
481252,Ultrasound Medical Institute,Florida,Special Focus: Nursing,0,1,33100,"Miami-Fort Lauderdale-West Palm Beach, FL",0.5,0.8765,,,,,,Not Classified in SAEC
481289,Xavier College School of Nursing,California,Special Focus: Nursing,0,1,44700,"Stockton-Lodi, CA",0.4539,0.5533,,,69706.0,,,Not Classified in SAEC
481401,Grace School of Theology,Texas,Special Focus: Theological Studies,0,0,26420,"Houston-Pasadena-The Woodlands, TX",0.1196,0.6386,,,,,,Not Classified in SAEC
481410,Yeshiva Gedolah Kesser Torah,New York,Special Focus: Theological Studies,0,0,35620,"New York-Newark-Jersey City, NY-NJ",0.3797,0.0,,,,,,Not Classified in SAEC
481438,Yeshiva Yesodei Hatorah,New Jersey,Special Focus: Theological Studies,0,0,35620,"New York-Newark-Jersey City, NY-NJ",0.3881,0.0,,,,,,Not Classified in SAEC
481535,Sanford Burnham Prebys Medical Discovery Institute,California,Special Focus: Graduate Studies,0,0,41740,"San Diego-Chula Vista-Carlsbad, CA",0.0,,,,,,,Not Classified in SAEC
481720,South University-High Point,North Carolina,Special Focus: Nursing,0,0,24660,"Greensboro-High Point, NC",0.5532,0.7442,,,32897.0,,,Not Classified in SAEC
481775,San Joaquin Valley College-Lancaster,California,Special Focus: Applied and Career Studies,0,1,31080,"Los Angeles-Long Beach-Anaheim, CA",0.6025,0.892,,,36746.0,,,Not Classified in SAEC
482015,Southern Careers Institute-San Antonio,Texas,Special Focus: Business,0,1,41700,"San Antonio-New Braunfels, TX",0.6519,0.6927,,,26123.0,,,Not Classified in SAEC
482149,Augusta University,Georgia,Special Focus: Medical Schools and Centers,1,0,12260,"Augusta-Richmond County, GA-SC",0.4056,0.4439,,,44120.0,,,Not Classified in SAEC
482158,Middle Georgia State University,Georgia,Professions-focused Baccalaureate Medium,1,0,31420,"Macon-Bibb County, GA",0.4504,0.4524,,,40816.0,,,Not Classified in SAEC
482228,Veritas Baptist College,Indiana,Special Focus: Theological Studies,0,0,17140,"Cincinnati, OH-KY-IN",0.371,0.1186,,,,,,Not Classified in SAEC
482413,DeVry College of New York,New York,Special Focus: Business,0,0,35620,"New York-Newark-Jersey City, NY-NJ",0.5579,0.7104,,,44144.0,,,Not Classified in SAEC
482422,DeVry University-Arizona,Arizona,Professions-focused Baccalaureate Small,0,0,38060,"Phoenix-Mesa-Chandler, AZ",0.5167,0.4493,,,44144.0,,,Not Classified in SAEC
482431,DeVry University-California,California,Special Focus: Business,0,0,40140,"Riverside-San Bernardino-Ontario, CA",0.536,0.6304,,,44144.0,,,Not Classified in SAEC
482459,DeVry University-Florida,Florida,Special Focus: Business,0,0,36740,"Orlando-Kissimmee-Sanford, FL",0.5267,0.7003,,,44144.0,,,Not Classified in SAEC
482468,DeVry University-Georgia,Georgia,Special Focus: Business,0,0,12060,"Atlanta-Sandy Springs-Roswell, GA",0.6122,0.7598,,,44144.0,,,Not Classified in SAEC
482477,DeVry University-Illinois,Illinois,Professions-focused Undergraduate/Graduate-Master's Large/Medium,0,0,16980,"Chicago-Naperville-Elgin, IL-IN",0.6578,0.5422,,,44144.0,,,Not Classified in SAEC
482547,DeVry University-Nevada,Nevada,Special Focus: Business,0,0,29820,"Las Vegas-Henderson-North Las Vegas, NV",0.3,0.5,,,44144.0,,,Not Classified in SAEC
482556,DeVry University-New Jersey,New Jersey,Professions-focused Baccalaureate Small,0,0,35620,"New York-Newark-Jersey City, NY-NJ",0.6023,0.6238,,,44144.0,,,Not Classified in SAEC
482565,DeVry University-North Carolina,North Carolina,Special Focus: Business,0,0,16740,"Charlotte-Concord-Gastonia, NC-SC",0.5,1.0,,,44144.0,,,Not Classified in SAEC
482574,DeVry University-Ohio,Ohio,Special Focus: Business,0,0,18140,"Columbus, OH",0.5459,0.3321,,,44144.0,,,Not Classified in SAEC
482635,DeVry University-Texas,Texas,Professions-focused Associate/Baccalaureate,0,1,19100,"Dallas-Fort Worth-Arlington, TX",0.369,0.6075,,,44144.0,,,Not Classified in SAEC
482653,DeVry University-Virginia,Virginia,Special Focus: Business,0,0,47900,"Washington-Arlington-Alexandria, DC-VA-MD-WV",0.4237,0.7424,,,44144.0,,,Not Classified in SAEC
482680,University of North Georgia,Georgia,Mixed Undergraduate/Graduate-Master's Large/Medium,1,0,12060,"Atlanta-Sandy Springs-Roswell, GA",0.3016,0.246,,,47499.0,,,Not Classified in SAEC
482699,South Georgia State College,Georgia,Mixed Associate/Baccalaureate,1,1,20060,"Douglas, GA",0.5964,0.4064,,,33378.0,,,Not Classified in SAEC
482705,Northeastern University Professional Programs,Massachusetts,Special Focus: Other Health Professions,0,0,14460,"Boston-Cambridge-Newton, MA-NH",0.0633,0.4134,,,82813.0,,,Not Classified in SAEC
482936,Florida Polytechnic University,Florida,"Special Focus: Technology, Engineering, and Sciences",1,0,29460,"Lakeland-Winter Haven, FL",0.3336,0.3646,,,,,,Not Classified in SAEC
482990,Arizona College-Mesa,Arizona,Special Focus: Other Health Professions,0,1,38060,"Phoenix-Mesa-Chandler, AZ",0.8372,0.7708,,,33491.0,,,Not Classified in SAEC
483018,Antioch College,Ohio,Special Focus: Arts and Sciences,0,0,19430,"Dayton-Kettering-Beavercreek, OH",0.748,0.4559,,,,,,Not Classified in SAEC
483036,Texas A&M University-Central Texas,Texas,Mixed Baccalaureate,1,0,28660,"Killeen-Temple, TX",0.4864,0.5873,,,55283.0,,,Not Classified in SAEC
483045,Central Georgia Technical College,Georgia,Special Focus: Applied and Career Studies,0,1,47580,"Warner Robins, GA",0.5388,0.6085,,,30685.0,,,Not Classified in SAEC
483124,Arizona State University Digital Immersion,Arizona,Mixed Undergraduate/Graduate-Doctorate Large,0,0,38060,"Phoenix-Mesa-Chandler, AZ",0.3337,0.4004,1.02,,58779.0,38068.559460235636,1.54,"Opportunity Colleges and Universities – Higher Access, Higher Earnings"
483212,Louisiana Delta Community College,Louisiana,Professions-focused Associate Large/Medium,0,1,33740,"Monroe, LA",0.6809,0.4799,,,29513.0,,,Not Classified in SAEC
483221,Learnet Academy Inc,California,Special Focus: Applied and Career Studies,0,1,31080,"Los Angeles-Long Beach-Anaheim, CA",0.0,0.75,,,,,,Not Classified in SAEC
483373,Integrity College of Health,California,Special Focus: Nursing,0,0,31080,"Los Angeles-Long Beach-Anaheim, CA",0.4889,0.8378,,,,,,Not Classified in SAEC
483595,Ana G. Mendez University,Florida,Professions-focused Undergraduate/Graduate-Master's Large/Medium,0,0,36740,"Orlando-Kissimmee-Sanford, FL",0.455,0.9921,,,,,,Not Classified in SAEC
483647,Ohio Institute of Allied Health,Ohio,Special Focus: Nursing,0,1,19430,"Dayton-Kettering-Beavercreek, OH",0.746,0.6515,,,,,,Not Classified in SAEC
483780,Washington University of Science and Technology,Virginia,"Special Focus: Technology, Engineering, and Sciences",0,0,47900,"Washington-Arlington-Alexandria, DC-VA-MD-WV",0.0,0.0,,,,,,Not Classified in SAEC
483814,Standard Healthcare Services-College of Nursing,Virginia,Special Focus: Nursing,0,1,47900,"Washington-Arlington-Alexandria, DC-VA-MD-WV",0.5,0.9059,,,64010.0,,,Not Classified in SAEC
483975,Alabama College of Osteopathic Medicine,Alabama,Special Focus: Medical Schools and Centers,0,0,20020,"Dothan, AL",0.0,,,,,,,Not Classified in SAEC
484002,High Desert Medical College,California,Special Focus: Applied and Career Studies,0,1,31080,"Los Angeles-Long Beach-Anaheim, CA",0.596,0.7755,,,37904.0,,,Not Classified in SAEC
484066,MedQuest College,Kentucky,Special Focus: Applied and Career Studies,0,1,31140,"Louisville/Jefferson County, KY-IN",0.439,0.5797,,,,,,Not Classified in SAEC
484473,University of Florida-Online,Florida,Professions-focused Baccalaureate Medium,0,0,23540,"Gainesville, FL",0.2348,0.3387,,,65342.0,,,Not Classified in SAEC
484613,University of Phoenix-Arizona,Arizona,Special Focus: Business,0,0,38060,"Phoenix-Mesa-Chandler, AZ",0.4743,0.5757,,,36644.0,,,Not Classified in SAEC
484631,University of Phoenix-California,California,Special Focus: Business,0,0,40140,"Riverside-San Bernardino-Ontario, CA",0.2397,0.7595,,,36644.0,,,Not Classified in SAEC
484710,University of Phoenix-Nevada,Nevada,Special Focus: Business,0,0,29820,"Las Vegas-Henderson-North Las Vegas, NV",0.1667,0.7083,,,36644.0,,,Not Classified in SAEC
484756,University of Phoenix-Texas,Texas,Special Focus: Business,0,0,19100,"Dallas-Fort Worth-Arlington, TX",0.2222,0.8286,,,36644.0,,,Not Classified in SAEC
484844,Minerva University,California,Mixed Baccalaureate,0,0,41860,"San Francisco-Oakland-Fremont, CA",0.0,0.1493,,,,,,Not Classified in SAEC
484862,University of West Los Angeles,California,Special Focus: Law,0,0,31080,"Los Angeles-Long Beach-Anaheim, CA",0.1429,0.6,,,,,,Not Classified in SAEC
484871,Rabbinical College Ohr Yisroel,New York,Special Focus: Theological Studies,0,0,35620,"New York-Newark-Jersey City, NY-NJ",0.3826,0.0,,,,,,Not Classified in SAEC
484905,University of North Texas at Dallas,Texas,Mixed Undergraduate/Graduate-Doctorate Medium,1,0,19100,"Dallas-Fort Worth-Arlington, TX",0.5279,0.8656,,,,,,Not Classified in SAEC
484932,BridgeValley Community & Technical College,West Virginia,Special Focus: Applied and Career Studies,0,1,16620,"Charleston, WV",0.437,0.0682,,,36527.0,,,Not Classified in SAEC
485111,Georgia Military College,Georgia,Professions-focused Associate Large/Medium,0,1,33300,"Milledgeville, GA",0.5501,0.5882,,,34871.0,,,Not Classified in SAEC
485272,West Coast University-Miami,Florida,Special Focus: Nursing,0,0,33100,"Miami-Fort Lauderdale-West Palm Beach, FL",0.6389,0.9329,,,98146.0,,,Not Classified in SAEC
485403,High Tech High Graduate School of Education,California,Special Focus: Graduate Studies,0,0,41740,"San Diego-Chula Vista-Carlsbad, CA",0.0,,,,,,,Not Classified in SAEC
485458,Coastal Pines Technical College,Georgia,Professions-focused Associate Large/Medium,0,1,48180,"Waycross, GA",0.6342,0.3828,,,30681.0,,,Not Classified in SAEC
485519,Lionel University,California,Special Focus: Applied and Career Studies,0,1,42200,"Santa Maria-Santa Barbara, CA",0.3686,0.554,,,,,,Not Classified in SAEC
485546,California Intercontinental University,California,Special Focus: Business,0,0,43620,"Sioux Falls, SD-MN",0.78,0.7592,,,,,,Not Classified in SAEC
485564,Infinity College,Louisiana,Special Focus: Other Health Professions,0,1,29180,"Lafayette, LA",0.4011,0.8367,,,,,,Not Classified in SAEC
485698,American College of the Building Arts,South Carolina,Professions-focused Baccalaureate Small,0,0,16700,"Charleston-North Charleston, SC",0.1986,0.0638,,,,,,Not Classified in SAEC
485768,Atlantis University,Florida,Special Focus: Other Health Professions,0,0,33100,"Miami-Fort Lauderdale-West Palm Beach, FL",0.4944,0.9108,,,,,,Not Classified in SAEC
485953,The Recording Conservatory of Austin,Texas,Special Focus: Applied and Career Studies,0,1,12420,"Austin-Round Rock-San Marcos, TX",0.4651,0.4516,,,,,,Not Classified in SAEC
485999,Bet Medrash Gadol Ateret Torah,New York,Special Focus: Theological Studies,0,0,35620,"New York-Newark-Jersey City, NY-NJ",0.5824,0.0,,,,,,Not Classified in SAEC
486017,Yeshiva Ohr Yisrael,New York,Special Focus: Theological Studies,0,0,35620,"New York-Newark-Jersey City, NY-NJ",0.2609,0.0,,,,,,Not Classified in SAEC
486026,Yeshiva Sholom Shachna,New York,Special Focus: Theological Studies,0,0,35620,"New York-Newark-Jersey City, NY-NJ",0.4915,0.0,,,,,,Not Classified in SAEC
486053,Bethlehem College & Seminary,Minnesota,Special Focus: Theological Studies,0,1,33460,"Minneapolis-St. Paul-Bloomington, MN-WI",0.0,0.0654,,,,,,Not Classified in SAEC
486080,Elmezzi Graduate School of Molecular Medicine,New York,"Special Focus: Technology, Engineering, and Sciences",0,0,35620,"New York-Newark-Jersey City, NY-NJ",0.0,,,,,,,Not Classified in SAEC
486123,Theatre of Arts,California,"Special Focus: Arts, Music, and Design",0,1,31080,"Los Angeles-Long Beach-Anaheim, CA",0.2564,0.5306,,,,,,Not Classified in SAEC
486196,Beth Medrash Meor Yitzchok,New York,Special Focus: Theological Studies,0,1,35620,"New York-Newark-Jersey City, NY-NJ",0.5344,0.0,,,,,,Not Classified in SAEC
486239,San Ignacio University,Florida,Special Focus: Business,0,0,33100,"Miami-Fort Lauderdale-West Palm Beach, FL",0.1094,0.9355,,,,,,Not Classified in SAEC
486257,Valor Christian College,Ohio,Special Focus: Theological Studies,0,1,18140,"Columbus, OH",0.5789,0.5694,,,,,,Not Classified in SAEC
486284,Bethany Global University,Minnesota,Special Focus: Theological Studies,0,0,33460,"Minneapolis-St. Paul-Bloomington, MN-WI",0.4685,0.1614,,,,,,Not Classified in SAEC
486354,United International College,Florida,Special Focus: Business,0,1,33100,"Miami-Fort Lauderdale-West Palm Beach, FL",0.0,0.92,,,,,,Not Classified in SAEC
486372,San Francisco Film School,California,"Special Focus: Arts, Music, and Design",0,1,41860,"San Francisco-Oakland-Fremont, CA",0.1739,0.4749,,,,,,Not Classified in SAEC
486415,AMG School of Nursing,New York,Special Focus: Nursing,0,1,35620,"New York-Newark-Jersey City, NY-NJ",0.679,0.9424,,,,,,Not Classified in SAEC
486424,Saint Michael College of Allied Health,District of Columbia,Special Focus: Nursing,0,1,47900,"Washington-Arlington-Alexandria, DC-VA-MD-WV",0.2635,0.9874,,,,,,Not Classified in SAEC
486433,Presidio Graduate School,California,Special Focus: Graduate Studies,0,0,41860,"San Francisco-Oakland-Fremont, CA",0.0,,,,,,,Not Classified in SAEC
486488,California Jazz Conservatory,California,"Special Focus: Arts, Music, and Design",0,0,41860,"San Francisco-Oakland-Fremont, CA",0.3478,0.375,,,,,,Not Classified in SAEC
486813,Pima Medical Institute-El Paso,Texas,Special Focus: Applied and Career Studies,0,1,21340,"El Paso, TX",0.627,0.8854,,,38155.0,,,Not Classified in SAEC
486822,Pima Medical Institute-Phoenix,Arizona,Special Focus: Applied and Career Studies,0,1,38060,"Phoenix-Mesa-Chandler, AZ",0.4808,0.6795,,,36442.0,,,Not Classified in SAEC
486840,Kennesaw State University,Georgia,Mixed Undergraduate/Graduate-Master's Large/Medium,1,0,12060,"Atlanta-Sandy Springs-Roswell, GA",0.3621,0.4716,,,52536.0,,,Not Classified in SAEC
486901,Milligan University,Tennessee,Professions-focused Undergraduate/Graduate-Master's Small,0,0,27740,"Johnson City, TN",0.2438,0.1646,,,48278.0,,,Not Classified in SAEC
486938,Chamberlain University-Nevada,Nevada,Special Focus: Nursing,0,0,29820,"Las Vegas-Henderson-North Las Vegas, NV",0.4268,0.4289,,,88361.0,,,Not Classified in SAEC
486947,Chamberlain University-Michigan,Michigan,Special Focus: Nursing,0,0,19820,"Detroit-Warren-Dearborn, MI",0.4474,0.2936,,,88361.0,,,Not Classified in SAEC
486956,Chamberlain University-New Jersey,New Jersey,Special Focus: Nursing,0,0,35620,"New York-Newark-Jersey City, NY-NJ",0.3442,0.6535,,,88361.0,,,Not Classified in SAEC
487010,The University of Tennessee Health Science Center,Tennessee,Special Focus: Medical Schools and Centers,0,0,32820,"Memphis, TN-MS-AR",0.1254,0.3993,,,67394.0,,,Not Classified in SAEC
487092,Emory University-Oxford College,Georgia,Mixed Associate Small,0,1,12060,"Atlanta-Sandy Springs-Roswell, GA",0.1574,0.2558,,,80270.0,,,Not Classified in SAEC
487153,The Chicago School at Xavier University of Louisiana,Louisiana,Special Focus: Graduate Studies,0,0,35380,"New Orleans-Metairie, LA",0.0,,,,55622.0,,,Not Classified in SAEC
487162,Southern Regional Technical College,Georgia,Professions-focused Associate Large/Medium,0,1,45620,"Thomasville, GA",0.719,0.5341,,,31122.0,,,Not Classified in SAEC
487302,Fortis College-Cuyahoga Falls,Ohio,Special Focus: Nursing,0,1,10420,"Akron, OH",0.7593,0.5909,,,34056.0,,,Not Classified in SAEC
487311,Jones Technical Institute,Florida,Special Focus: Applied and Career Studies,0,1,27260,"Jacksonville, FL",0.6264,0.523,,,19892.0,,,Not Classified in SAEC
487320,Texas State Technical College,Texas,Special Focus: Applied and Career Studies,0,1,47380,"Waco, TX",0.5488,0.6633,,,37305.0,,,Not Classified in SAEC
487375,Arizona College of Nursing-Las Vegas,Nevada,Special Focus: Nursing,0,0,29820,"Las Vegas-Henderson-North Las Vegas, NV",0.5739,0.5996,,,33491.0,,,Not Classified in SAEC
487409,Florida Career College-Hialeah,Florida,Special Focus: Other Health Professions,0,1,33100,"Miami-Fort Lauderdale-West Palm Beach, FL",0.7136,0.9604,,,27882.0,,,Not Classified in SAEC
487418,Florida Career College-Lauderdale Lakes,Florida,Special Focus: Other Health Professions,0,1,33100,"Miami-Fort Lauderdale-West Palm Beach, FL",0.7529,0.9565,,,27882.0,,,Not Classified in SAEC
487445,Florida Career College-Boynton Beach,Florida,Special Focus: Other Health Professions,0,1,33100,"Miami-Fort Lauderdale-West Palm Beach, FL",0.6834,0.8942,,,27882.0,,,Not Classified in SAEC
487454,Florida Career College-Margate,Florida,Special Focus: Other Health Professions,0,1,33100,"Miami-Fort Lauderdale-West Palm Beach, FL",0.6923,0.9463,,,27882.0,,,Not Classified in SAEC
487490,Florida Career College-Houston,Texas,Special Focus: Other Health Professions,0,1,26420,"Houston-Pasadena-The Woodlands, TX",0.7251,0.9298,,,27882.0,,,Not Classified in SAEC
487524,Husson University,Maine,Professions-focused Undergraduate/Graduate-Doctorate Small,0,0,12620,"Bangor, ME",0.3601,0.125,,,44467.0,,,Not Classified in SAEC
487588,Concorde Career College-Southaven,Mississippi,Special Focus: Applied and Career Studies,0,1,32820,"Memphis, TN-MS-AR",0.7882,0.9379,,,31594.0,,,Not Classified in SAEC
487597,Universal Technical Institute-Southern California,California,Special Focus: Applied and Career Studies,0,1,31080,"Los Angeles-Long Beach-Anaheim, CA",0.5617,0.8363,,,52777.0,,,Not Classified in SAEC
487603,Northwest University-Center for Online and Extended Education,Washington,Professions-focused Undergraduate/Graduate-Master's Small,0,0,42660,"Seattle-Tacoma-Bellevue, WA",0.4335,0.2868,,,53555.0,,,Not Classified in SAEC
487649,California Institute of Advanced Management,California,Special Focus: Business,0,0,31080,"Los Angeles-Long Beach-Anaheim, CA",0.0,,,,,,,Not Classified in SAEC
487658,Academy of Interactive Entertainment,Louisiana,"Special Focus: Arts, Music, and Design",0,1,29180,"Lafayette, LA",0.4787,0.4359,,,,,,Not Classified in SAEC
487746,Yeshiva Zichron Aryeh,New York,Special Focus: Theological Studies,0,0,35620,"New York-Newark-Jersey City, NY-NJ",0.1071,0.0,,,,,,Not Classified in SAEC
487861,Felbry College,Ohio,Special Focus: Nursing,0,1,18140,"Columbus, OH",0.4341,0.929,,,,,,Not Classified in SAEC
487968,CAAN Academy of Nursing,Illinois,Special Focus: Nursing,0,1,16980,"Chicago-Naperville-Elgin, IL-IN",0.4741,0.9828,,,,,,Not Classified in SAEC
487977,Martinsburg College,West Virginia,Special Focus: Other Health Professions,0,1,25180,"Hagerstown-Martinsburg, MD-WV",0.8071,0.4987,,,,,,Not Classified in SAEC
487995,Alhambra Medical University,California,Special Focus: Other Health Professions,0,0,31080,"Los Angeles-Long Beach-Anaheim, CA",0.0,0.0313,,,,,,Not Classified in SAEC
488004,Central Yeshiva Beth Joseph,New York,Special Focus: Theological Studies,0,0,35620,"New York-Newark-Jersey City, NY-NJ",0.3929,0.0,,,,,,Not Classified in SAEC
488031,Abraham Lincoln University,California,Special Focus: Law,0,0,31080,"Los Angeles-Long Beach-Anaheim, CA",0.4894,0.4746,,,,,,Not Classified in SAEC
488059,Med College,Florida,Special Focus: Applied and Career Studies,0,1,33100,"Miami-Fort Lauderdale-West Palm Beach, FL",0.6935,0.9063,,,,,,Not Classified in SAEC
488077,Sonoran Desert Institute,Arizona,Special Focus: Applied and Career Studies,0,1,38060,"Phoenix-Mesa-Chandler, AZ",0.2685,0.2508,,,,,,Not Classified in SAEC
488305,Elim Bible Institute and College,New York,Special Focus: Theological Studies,0,1,40380,"Rochester, NY",0.5094,0.2885,,,,,,Not Classified in SAEC
488314,Beth Medrash of Asbury Park,New Jersey,Special Focus: Theological Studies,0,0,35620,"New York-Newark-Jersey City, NY-NJ",0.4479,0.0,,,,,,Not Classified in SAEC
488332,Hope College of Arts and Sciences,Florida,Special Focus: Nursing,0,1,33100,"Miami-Fort Lauderdale-West Palm Beach, FL",0.2214,0.9705,,,,,,Not Classified in SAEC
488350,Yeshiva Gedolah Shaarei Shmuel,New Jersey,Special Focus: Theological Studies,0,1,35620,"New York-Newark-Jersey City, NY-NJ",0.384,0.0,,,,,,Not Classified in SAEC
488387,Claremont Lincoln University,California,Special Focus: Business,0,0,31080,"Los Angeles-Long Beach-Anaheim, CA",0.0,0.5385,,,,,,Not Classified in SAEC
488448,Seattle Film Institute,Washington,"Special Focus: Arts, Music, and Design",0,0,42660,"Seattle-Tacoma-Bellevue, WA",0.4058,0.413,,,,,,Not Classified in SAEC
488527,Arkansas Colleges of Health Education,Arkansas,Special Focus: Medical Schools and Centers,0,0,22900,"Fort Smith, AR-OK",0.0,,,,,,,Not Classified in SAEC
488554,Burrell College of Osteopathic Medicine,New Mexico,Special Focus: Medical Schools and Centers,0,0,29740,"Las Cruces, NM",0.0,,,,,,,Not Classified in SAEC
488572,California Health Sciences University,California,Special Focus: Medical Schools and Centers,0,0,23420,"Fresno, CA",0.0,,,,,,,Not Classified in SAEC
488679,Indiana Wesleyan University-National & Global,Indiana,Professions-focused Undergraduate/Graduate-Doctorate Medium,0,0,31980,"Marion, IN",0.4819,0.3694,,,59093.0,,,Not Classified in SAEC
488721,NationsUniversity,Louisiana,Special Focus: Theological Studies,0,0,35380,"New Orleans-Metairie, LA",0.0,0.2667,,,,,,Not Classified in SAEC
488730,Northeast Lakeview College,Texas,Mixed Associate Medium,0,1,41700,"San Antonio-New Braunfels, TX",0.2492,0.7427,,,,,,Not Classified in SAEC
488776,John Patrick University of Health and Applied Sciences,Indiana,Special Focus: Applied and Career Studies,0,1,43780,"South Bend-Mishawaka, IN-MI",0.1806,0.4553,,,,,,Not Classified in SAEC
488785,University of Saint Katherine,California,Professions-focused Baccalaureate Small,0,0,41740,"San Diego-Chula Vista-Carlsbad, CA",0.3627,0.6934,,,,,,Not Classified in SAEC
488800,Teachers College of San Joaquin,California,Special Focus: Graduate Studies,0,0,44700,"Stockton-Lodi, CA",0.0,0.4014,,,,,,Not Classified in SAEC
488846,University of the People,California,Professions-focused Undergraduate/Graduate-Master's Large/Medium,0,0,31080,"Los Angeles-Long Beach-Anaheim, CA",0.0,0.4649,,,,,,Not Classified in SAEC
488907,Wongu University of Oriental Medicine,Nevada,Special Focus: Other Health Professions,0,0,29820,"Las Vegas-Henderson-North Las Vegas, NV",0.0,,,,,,,Not Classified in SAEC
489201,Clovis Community College,California,Mixed Associate Medium,0,1,23420,"Fresno, CA",0.2265,0.589,,,,,,Not Classified in SAEC
489283,The College of Health Care Professions-McAllen Campus,Texas,Special Focus: Applied and Career Studies,0,1,32580,"McAllen-Edinburg-Mission, TX",0.7811,0.9906,,,32512.0,,,Not Classified in SAEC
489335,Institute of Buddhist Studies,California,Special Focus: Theological Studies,0,0,41860,"San Francisco-Oakland-Fremont, CA",0.0,,,,,,,Not Classified in SAEC
489344,Chamberlain University-North Carolina,North Carolina,Special Focus: Nursing,0,0,16740,"Charlotte-Concord-Gastonia, NC-SC",0.3806,0.6448,,,88361.0,,,Not Classified in SAEC
489353,Chamberlain University-California,California,Special Focus: Nursing,0,0,40900,"Sacramento-Roseville-Folsom, CA",0.3166,0.3321,,,88361.0,,,Not Classified in SAEC
489779,Purdue University Global,Indiana,Professions-focused Undergraduate/Graduate-Doctorate Large,0,0,29200,"Lafayette-West Lafayette, IN",0.4817,0.4192,,,35551.0,,,Not Classified in SAEC
489812,Pima Medical Institute-Dillon,Montana,Special Focus: Applied and Career Studies,0,1,-2,Montana -- Not in metropolitan statistical area,0.3506,0.1948,,,32409.0,,,Not Classified in SAEC
489858,West Coast University-Center for Graduate Studies,California,Special Focus: Other Health Professions,0,0,31080,"Los Angeles-Long Beach-Anaheim, CA",0.0,,,,98146.0,,,Not Classified in SAEC
489937,Carolina University,North Carolina,Mixed Undergraduate/Graduate-Doctorate Small,0,0,49180,"Winston-Salem, NC",0.4562,0.4768,,,31373.0,,,Not Classified in SAEC
490045,Presbyterian Theological Seminary in America,California,Special Focus: Theological Studies,0,0,31080,"Los Angeles-Long Beach-Anaheim, CA",0.4722,0.0,,,,,,Not Classified in SAEC
490054,HCI College,Florida,Special Focus: Nursing,0,1,33100,"Miami-Fort Lauderdale-West Palm Beach, FL",0.3244,0.7507,,,,,,Not Classified in SAEC
490081,America Evangelical University,California,Special Focus: Graduate Studies,0,0,31080,"Los Angeles-Long Beach-Anaheim, CA",0.549,0.4912,,,,,,Not Classified in SAEC
490106,Virginia University of Integrative Medicine,Virginia,Special Focus: Other Health Professions,0,0,47900,"Washington-Arlington-Alexandria, DC-VA-MD-WV",0.0,,,,,,,Not Classified in SAEC
490133,Westcliff University,California,Special Focus: Business,0,0,31080,"Los Angeles-Long Beach-Anaheim, CA",0.021,0.4851,,,,,,Not Classified in SAEC
490160,Sacramento Ultrasound Institute,California,Special Focus: Applied and Career Studies,0,1,40900,"Sacramento-Roseville-Folsom, CA",0.2671,0.4969,,,,,,Not Classified in SAEC
490203,Bolivar Technical College,Missouri,Special Focus: Nursing,0,1,44180,"Springfield, MO",0.6154,0.119,,,,,,Not Classified in SAEC
490230,Reformed University,Georgia,Special Focus: Business,0,0,12060,"Atlanta-Sandy Springs-Roswell, GA",0.0,0.4091,,,,,,Not Classified in SAEC
490276,Yeshiva Shaar Ephraim,New York,Special Focus: Theological Studies,0,1,35620,"New York-Newark-Jersey City, NY-NJ",0.7333,0.0,,,,,,Not Classified in SAEC
490285,California Institute of Arts & Technology,California,Special Focus: Applied and Career Studies,0,1,41740,"San Diego-Chula Vista-Carlsbad, CA",0.3127,0.7346,,,,,,Not Classified in SAEC
490328,Mechon L'hoyroa,New York,Special Focus: Theological Studies,0,0,35620,"New York-Newark-Jersey City, NY-NJ",0.8316,0.0,,,,,,Not Classified in SAEC
490346,Elyon College,New York,Special Focus: Theological Studies,0,1,35620,"New York-Newark-Jersey City, NY-NJ",0.6324,0.0,,,,,,Not Classified in SAEC
490373,Western Michigan University Homer Stryker M.D. School of Medicine,Michigan,Special Focus: Medical Schools and Centers,0,0,28020,"Kalamazoo-Portage, MI",0.0,,,,,,,Not Classified in SAEC
490498,Digital Media Institute,Louisiana,"Special Focus: Arts, Music, and Design",0,1,43340,"Shreveport-Bossier City, LA",0.2745,0.3725,,,,,,Not Classified in SAEC
490504,Yeshiva Ohr Naftoli,New York,Special Focus: Theological Studies,0,1,28880,"Kiryas Joel-Poughkeepsie-Newburgh, NY",0.4091,0.0,,,,,,Not Classified in SAEC
490513,Bais Medrash Mayan Hatorah,New Jersey,Special Focus: Theological Studies,0,1,35620,"New York-Newark-Jersey City, NY-NJ",0.2059,0.0,,,,,,Not Classified in SAEC
490753,Maine Media College,Maine,"Special Focus: Arts, Music, and Design",0,0,-2,Maine -- Not in metropolitan statistical area,0.1,0.2,,,,,,Not Classified in SAEC
490805,Purdue University Northwest,Indiana,Professions-focused Undergraduate/Graduate-Master's Large/Medium,1,0,16980,"Chicago-Naperville-Elgin, IL-IN",0.3723,0.4109,,,49368.0,,,Not Classified in SAEC
490832,Ross College-Canton,Ohio,Special Focus: Nursing,0,1,15940,"Canton-Massillon, OH",0.8154,0.5542,,,28831.0,,,Not Classified in SAEC
490878,Platt College-Anaheim,California,Special Focus: Applied and Career Studies,0,1,31080,"Los Angeles-Long Beach-Anaheim, CA",0.5981,0.7235,,,41224.0,,,Not Classified in SAEC
490975,Fortis College-Cutler Bay,Florida,Special Focus: Nursing,0,1,33100,"Miami-Fort Lauderdale-West Palm Beach, FL",0.761,0.9453,,,33761.0,,,Not Classified in SAEC
491057,Yeshiva Kollel Tifereth Elizer,New York,Special Focus: Theological Studies,0,0,35620,"New York-Newark-Jersey City, NY-NJ",0.8904,0.0,,,,,,Not Classified in SAEC
491181,Galen College of Nursing-ARH,Kentucky,Special Focus: Nursing,0,1,-2,Kentucky -- Not in metropolitan statistical area,0.7021,0.0149,,,60671.0,,,Not Classified in SAEC
491190,The Chicago School at San Diego,California,Special Focus: Graduate Studies,0,0,41740,"San Diego-Chula Vista-Carlsbad, CA",0.5,0.5714,,,55622.0,,,Not Classified in SAEC
491288,University of Wisconsin-Milwaukee Flex,Wisconsin,Special Focus: Other Health Professions,1,0,33340,"Milwaukee-Waukesha, WI",0.1749,0.1755,,,50789.0,,,Not Classified in SAEC
491297,University of Wisconsin-Parkside Flex,Wisconsin,Special Focus: Business,0,0,28450,"Kenosha, WI",0.1862,0.1641,,,47336.0,,,Not Classified in SAEC
491446,Bnos Zion Of Bobov Seminary,New York,Professions-focused Associate Small,0,1,35620,"New York-Newark-Jersey City, NY-NJ",0.7296,0.0,,,,,,Not Classified in SAEC
491525,Union Bible College,Indiana,Special Focus: Theological Studies,0,0,26900,"Indianapolis-Carmel-Greenwood, IN",0.3,0.1354,,,,,,Not Classified in SAEC
491613,Yeshiva Gedolah Tiferes Boruch,New Jersey,Special Focus: Theological Studies,0,0,35620,"New York-Newark-Jersey City, NY-NJ",0.5507,0.0,,,,,,Not Classified in SAEC
491622,Yeshiva Chemdas Hatorah,New Jersey,Special Focus: Theological Studies,0,1,35620,"New York-Newark-Jersey City, NY-NJ",0.4691,0.0,,,,,,Not Classified in SAEC
491631,Women's Institute of Torah Seminary and College,Maryland,Special Focus: Theological Studies,0,0,12580,"Baltimore-Columbia-Towson, MD",0.3134,0.0,,,,,,Not Classified in SAEC
491640,Yeshiva Gedolah Keren Hatorah,New Jersey,Special Focus: Theological Studies,0,1,35620,"New York-Newark-Jersey City, NY-NJ",0.6022,0.0,,,,,,Not Classified in SAEC
491710,Yeshiva Gedolah of Cliffwood,New Jersey,Special Focus: Theological Studies,0,0,35620,"New York-Newark-Jersey City, NY-NJ",0.0938,0.0,,,,,,Not Classified in SAEC
491765,Yeshivas Emek Hatorah,New Jersey,Special Focus: Theological Studies,0,0,35620,"New York-Newark-Jersey City, NY-NJ",0.0899,0.0,,,,,,Not Classified in SAEC
491808,Meridian University,California,Special Focus: Graduate Studies,0,0,42220,"Santa Rosa-Petaluma, CA",0.0,,,,,,,Not Classified in SAEC
491817,Seminary Bnos Chaim,New Jersey,Special Focus: Theological Studies,0,1,35620,"New York-Newark-Jersey City, NY-NJ",0.645,0.0,,,,,,Not Classified in SAEC
491844,Red Lake Nation College,Minnesota,Mixed Associate Small,0,1,13420,"Bemidji, MN",0.9266,0.9804,,,,,,Not Classified in SAEC
491914,Yeshiva Gedola Tiferes Yerachmiel,New Jersey,Special Focus: Theological Studies,0,1,35620,"New York-Newark-Jersey City, NY-NJ",0.4326,0.0,,,,,,Not Classified in SAEC
491941,Caris College,Indiana,Special Focus: Applied and Career Studies,0,1,31140,"Louisville/Jefferson County, KY-IN",0.5798,0.2563,,,,,,Not Classified in SAEC
491950,Contra Costa Medical Career College,California,Special Focus: Applied and Career Studies,0,1,41860,"San Francisco-Oakland-Fremont, CA",0.0682,0.6861,,,,,,Not Classified in SAEC
492069,Champion Christian College,Arkansas,Special Focus: Arts and Sciences,0,0,26300,"Hot Springs, AR",0.6535,0.4,,,,,,Not Classified in SAEC
492209,Reiss-Davis Graduate School,California,Special Focus: Graduate Studies,0,0,31080,"Los Angeles-Long Beach-Anaheim, CA",0.0,,,,,,,Not Classified in SAEC
492449,Pima Medical Institute-San Marcos,California,Special Focus: Applied and Career Studies,0,1,41740,"San Diego-Chula Vista-Carlsbad, CA",0.4229,0.6792,,,38155.0,,,Not Classified in SAEC
492476,EDP University of Puerto Rico-Villalba,Puerto Rico,Special Focus: Nursing,0,1,38660,"Ponce, PR",0.6991,1.0,,,22391.0,,,Not Classified in SAEC
492607,The Chicago School at Dallas,Texas,Special Focus: Graduate Studies,0,0,19100,"Dallas-Fort Worth-Arlington, TX",1.0,1.0,,,55622.0,,,Not Classified in SAEC
492689,Texas Tech University Health Sciences Center-El Paso,Texas,Special Focus: Medical Schools and Centers,0,0,21340,"El Paso, TX",0.5331,0.92,,,,,,Not Classified in SAEC
492704,Ponce Health Sciences University-Centro Universitario de San Juan,Puerto Rico,Special Focus: Graduate Studies,0,0,41980,"San Juan-Bayam√É¬≥n-Caguas, PR",0.0,,,,,,,Not Classified in SAEC
492722,The College of Health Care Professions-South San Antonio,Texas,Special Focus: Other Health Professions,0,1,41700,"San Antonio-New Braunfels, TX",0.732,0.865,,,32512.0,,,Not Classified in SAEC
492759,Chamberlain University-Louisiana,Louisiana,Special Focus: Nursing,0,0,35380,"New Orleans-Metairie, LA",0.3657,0.6576,,,88361.0,,,Not Classified in SAEC
492801,Drury University-College of Continuing Professional Studies,Missouri,Professions-focused Baccalaureate Small,0,0,44180,"Springfield, MO",0.6124,0.2252,,,39507.0,,,Not Classified in SAEC
492962,Indiana Institute of Technology-College of Professional Studies,Indiana,Special Focus: Business,0,0,23060,"Fort Wayne, IN",0.5571,0.4265,,,39554.0,,,Not Classified in SAEC
493080,Institute of Culinary Education,California,Special Focus: Applied and Career Studies,0,1,31080,"Los Angeles-Long Beach-Anaheim, CA",0.2958,0.6013,,,38805.0,,,Not Classified in SAEC
493363,Institute of Lutheran Theology,South Dakota,Special Focus: Theological Studies,0,0,15100,"Brookings, SD",0.0,0.0952,,,,,,Not Classified in SAEC
493451,WellSpring School of Allied Health-Springfield,Missouri,Special Focus: Applied and Career Studies,0,1,44180,"Springfield, MO",0.7676,0.1348,,,31708.0,,,Not Classified in SAEC
493488,Premiere International College,Florida,Special Focus: Nursing,0,1,15980,"Cape Coral-Fort Myers, FL",0.4545,0.7403,,,,,,Not Classified in SAEC
493512,San Diego Global Knowledge University,California,Special Focus: Business,0,0,41740,"San Diego-Chula Vista-Carlsbad, CA",0.053,0.4872,,,,,,Not Classified in SAEC
493594,Yeshiva of Ocean,New York,Special Focus: Theological Studies,0,1,28740,"Kingston, NY",0.625,0.0,,,,,,Not Classified in SAEC
493600,Congregation Talmidei Mesivta Tiferes Shmiel Aleksander,New York,Special Focus: Theological Studies,0,0,35620,"New York-Newark-Jersey City, NY-NJ",0.7765,0.0,,,,,,Not Classified in SAEC
493619,Young Americans College of the Performing Arts,California,"Special Focus: Arts, Music, and Design",0,1,40140,"Riverside-San Bernardino-Ontario, CA",0.1579,0.4,,,,,,Not Classified in SAEC
493646,Ohel Margulia Seminary,New York,Professions-focused Associate Small,0,1,35620,"New York-Newark-Jersey City, NY-NJ",0.8171,0.0,,,,,,Not Classified in SAEC
493664,Yeshivat Hechal Shemuel,New York,Special Focus: Theological Studies,0,0,35620,"New York-Newark-Jersey City, NY-NJ",0.3729,0.0,,,,,,Not Classified in SAEC
493673,Professional University Dr. Carlos J. Borrero Rios,Puerto Rico,Special Focus: Nursing,0,0,41980,"San Juan-Bayam√É¬≥n-Caguas, PR",0.3333,1.0,,,,,,Not Classified in SAEC
493707,Yeshiva Gedolah of Woodlake Village,New Jersey,Special Focus: Theological Studies,0,1,35620,"New York-Newark-Jersey City, NY-NJ",0.3165,0.0,,,,,,Not Classified in SAEC
493716,Yeshiva Gedola Tiferes Yaakov Yitzchok,New Jersey,Special Focus: Theological Studies,0,1,35620,"New York-Newark-Jersey City, NY-NJ",0.1912,0.0,,,,,,Not Classified in SAEC
493798,New York Seminary,New York,Professions-focused Associate Small,0,1,35620,"New York-Newark-Jersey City, NY-NJ",0.3684,0.0,,,,,,Not Classified in SAEC
493822,College Unbound,Rhode Island,Special Focus: Arts and Sciences,0,0,39300,"Providence-Warwick, RI-MA",0.6506,0.8212,,,,,,Not Classified in SAEC
493895,SANS Technology Institute,Maryland,Special Focus: Graduate Studies,0,0,47900,"Washington-Arlington-Alexandria, DC-VA-MD-WV",0.0,0.2609,,,,,,Not Classified in SAEC
493947,Idaho College of Osteopathic Medicine,Idaho,Special Focus: Medical Schools and Centers,0,0,14260,"Boise City, ID",0.0,,,,,,,Not Classified in SAEC
494010,Ponce Health Sciences University-St Louis,Missouri,Special Focus: Graduate Studies,0,0,41180,"St. Louis, MO-IL",0.0,,,,,,,Not Classified in SAEC
494162,Arizona College of Nursing-Dallas,Texas,Special Focus: Nursing,0,0,19100,"Dallas-Fort Worth-Arlington, TX",0.6542,0.7444,,,33491.0,,,Not Classified in SAEC
494250,Valley College-Cleveland,Ohio,Special Focus: Applied and Career Studies,0,1,17410,"Cleveland, OH",0.7717,0.8238,,,32000.0,,,Not Classified in SAEC
494278,EDP University of Puerto Rico-Humacao,Puerto Rico,Special Focus: Nursing,0,1,41980,"San Juan-Bayam√É¬≥n-Caguas, PR",0.6214,1.0,,,22391.0,,,Not Classified in SAEC
494287,EDP University of Puerto Rico-Manati,Puerto Rico,Special Focus: Nursing,0,1,41980,"San Juan-Bayam√É¬≥n-Caguas, PR",0.3705,1.0,,,22391.0,,,Not Classified in SAEC
494436,Fortis Institute-Cookeville,Tennessee,Special Focus: Nursing,0,1,18260,"Cookeville, TN",0.7258,0.1089,,,34056.0,,,Not Classified in SAEC
494551,IE New York College,New York,Special Focus: Graduate Studies,0,0,35620,"New York-Newark-Jersey City, NY-NJ",0.0,,,,,,,Not Classified in SAEC
494588,Pima Medical Institute-San Antonio,Texas,Special Focus: Applied and Career Studies,0,1,41700,"San Antonio-New Braunfels, TX",0.5148,0.7836,,,38155.0,,,Not Classified in SAEC
494597,Faith Theological Seminary and Christian College,Florida,Special Focus: Theological Studies,0,1,45300,"Tampa-St. Petersburg-Clearwater, FL",0.0,0.6923,,,,,,Not Classified in SAEC
494603,The Southwestern Baptist Theological Seminary,Texas,Special Focus: Graduate Studies,0,0,19100,"Dallas-Fort Worth-Arlington, TX",0.0,0.3079,,,,,,Not Classified in SAEC
494630,Christ Mission College,Texas,Special Focus: Theological Studies,0,0,41700,"San Antonio-New Braunfels, TX",0.5957,0.9362,,,,,,Not Classified in SAEC
494685,Urshan University,Missouri,Professions-focused Baccalaureate Small,0,0,41180,"St. Louis, MO-IL",0.4047,0.2467,,,,,,Not Classified in SAEC
494737,Yeshiva Yesoda Hatorah Vetz Chaim,New York,Special Focus: Theological Studies,0,0,35620,"New York-Newark-Jersey City, NY-NJ",0.8315,0.0,,,,,,Not Classified in SAEC
494746,North-West College-San Diego,California,Special Focus: Nursing,0,1,41740,"San Diego-Chula Vista-Carlsbad, CA",0.4924,0.5437,,,39493.0,,,Not Classified in SAEC
494755,West Virginia Junior College-United Career Institute,Pennsylvania,Special Focus: Other Health Professions,0,1,38300,"Pittsburgh, PA",0.75,0.2111,,,32225.0,,,Not Classified in SAEC
494807,Ponce Health Sciences University-East,Puerto Rico,Special Focus: Graduate Studies,0,0,38660,"Ponce, PR",0.8696,1.0,,,,,,Not Classified in SAEC
494843,Fortis College-Landover,Maryland,Special Focus: Applied and Career Studies,0,1,47900,"Washington-Arlington-Alexandria, DC-VA-MD-WV",0.7253,0.9267,,,35732.0,,,Not Classified in SAEC
494852,Stautzenberger College-Rockford Career College,Illinois,Professions-focused Associate Small,0,1,40420,"Rockford, IL",0.7167,0.6055,,,30752.0,,,Not Classified in SAEC
494898,WellSpring School of Allied Health-Wichita,Kansas,Special Focus: Other Health Professions,0,1,48620,"Wichita, KS",0.8345,0.3456,,,31708.0,,,Not Classified in SAEC
494959,Northern Pennsylvania Regional College,Pennsylvania,Special Focus: Business,0,1,47620,"Warren, PA",0.0,0.1714,,,,,,Not Classified in SAEC
494986,Apex College of Veterinary Technology,Colorado,Special Focus: Applied and Career Studies,0,1,17820,"Colorado Springs, CO",0.3611,0.3208,,,,,,Not Classified in SAEC
495031,Bais Medrash of Dexter Park,New York,Special Focus: Theological Studies,0,1,35620,"New York-Newark-Jersey City, NY-NJ",0.2059,0.0,,,,,,Not Classified in SAEC
495059,Oak Valley College,California,Special Focus: Business,0,0,40140,"Riverside-San Bernardino-Ontario, CA",0.4468,0.7447,,,,,,Not Classified in SAEC
495147,Pacific Northwest Christian College,Washington,Special Focus: Theological Studies,0,1,28420,"Kennewick-Richland, WA",0.4699,0.7143,,,,,,Not Classified in SAEC
495183,Mariano Moreno Culinary Institute,Florida,Special Focus: Applied and Career Studies,0,1,33100,"Miami-Fort Lauderdale-West Palm Beach, FL",0.3661,0.9091,,,,,,Not Classified in SAEC
495192,Alder Graduate School of Education,California,Special Focus: Graduate Studies,0,0,41860,"San Francisco-Oakland-Fremont, CA",0.0,,,,,,,Not Classified in SAEC
495271,California Indian Nations College,California,Mixed Associate Small,0,1,40140,"Riverside-San Bernardino-Ontario, CA",0.0,1.0,,,,,,Not Classified in SAEC
495280,Indian Bible College,Arizona,Special Focus: Theological Studies,0,0,22380,"Flagstaff, AZ",0.7143,0.871,,,,,,Not Classified in SAEC
495314,Hackensack Meridian School of Medicine,New Jersey,Special Focus: Medical Schools and Centers,0,0,35620,"New York-Newark-Jersey City, NY-NJ",0.0,,,,,,,Not Classified in SAEC
495420,Arizona College of Nursing-Tampa,Florida,Special Focus: Nursing,0,0,45300,"Tampa-St. Petersburg-Clearwater, FL",0.5311,0.707,,,33491.0,,,Not Classified in SAEC
495439,Arizona College of Nursing-Fort Lauderdale,Florida,Special Focus: Nursing,0,0,33100,"Miami-Fort Lauderdale-West Palm Beach, FL",0.6667,0.8627,,,33491.0,,,Not Classified in SAEC
495448,Arizona College of Nursing-Tucson,Arizona,Special Focus: Nursing,0,0,46060,"Tucson, AZ",0.6415,0.6564,,,33491.0,,,Not Classified in SAEC
495457,Arizona College of Nursing-Phoenix,Arizona,Special Focus: Nursing,0,0,38060,"Phoenix-Mesa-Chandler, AZ",0.5255,0.6471,,,33491.0,,,Not Classified in SAEC
495916,Pathways College,California,Special Focus: Business,0,0,38060,"Phoenix-Mesa-Chandler, AZ",0.0,0.375,,,,,,Not Classified in SAEC
495952,San Joaquin Valley College-Rancho Mirage,California,Special Focus: Nursing,0,1,40140,"Riverside-San Bernardino-Ontario, CA",0.671,0.8802,,,36746.0,,,Not Classified in SAEC
495961,San Joaquin Valley College-Santa Maria,California,Special Focus: Nursing,0,1,42200,"Santa Maria-Santa Barbara, CA",0.6209,0.8352,,,36746.0,,,Not Classified in SAEC
496043,California University of Science and Medicine,California,Special Focus: Graduate Studies,0,0,40140,"Riverside-San Bernardino-Ontario, CA",0.0,,,,,,,Not Classified in SAEC
496186,California Institute of Arts & Technology-National City,California,Special Focus: Applied and Career Studies,0,1,41740,"San Diego-Chula Vista-Carlsbad, CA",0.1648,0.7517,,,,,,Not Classified in SAEC
496265,Triangle Tech-Chambersburg,Pennsylvania,Special Focus: Applied and Career Studies,0,1,16540,"Chambersburg, PA",0.52,0.1354,,,41713.0,,,Not Classified in SAEC
496326,Eagle Gate College-Boise Campus,Idaho,Special Focus: Nursing,0,0,14260,"Boise City, ID",0.5256,0.267,,,35757.0,,,Not Classified in SAEC
496469,Daybreak University,California,Special Focus: Other Health Professions,0,0,31080,"Los Angeles-Long Beach-Anaheim, CA",0.0,,,,,,,Not Classified in SAEC
496627,California Northstate University,California,Special Focus: Medical Schools and Centers,0,0,40900,"Sacramento-Roseville-Folsom, CA",0.0,0.2055,,,,,,Not Classified in SAEC
496636,Antigua College International,Florida,Special Focus: Nursing,0,1,33100,"Miami-Fort Lauderdale-West Palm Beach, FL",0.7371,0.9825,,,,,,Not Classified in SAEC
496681,Florida Academy of Nursing,Florida,Special Focus: Nursing,0,0,33100,"Miami-Fort Lauderdale-West Palm Beach, FL",0.662,0.9568,,,,,,Not Classified in SAEC
496706,Lakewood University,Ohio,Special Focus: Business,0,1,17410,"Cleveland, OH",0.0549,0.7477,,,,,,Not Classified in SAEC
496973,Herzing University-Tampa,Florida,Special Focus: Nursing,0,1,45300,"Tampa-St. Petersburg-Clearwater, FL",0.4865,0.7018,,,38007.0,,,Not Classified in SAEC
496991,Galen Health Institutes-Miami Campus,Florida,Special Focus: Nursing,0,1,33100,"Miami-Fort Lauderdale-West Palm Beach, FL",0.5478,0.8669,,,60671.0,,,Not Classified in SAEC
497000,Remington College-Online Dallas,Tennessee,Professions-focused Baccalaureate Small,0,0,19100,"Dallas-Fort Worth-Arlington, TX",0.8894,0.8211,,,28019.0,,,Not Classified in SAEC
497037,Abilene Christian University-Undergraduate Online,Texas,Special Focus: Arts and Sciences,0,0,19100,"Dallas-Fort Worth-Arlington, TX",0.6169,0.5258,,,52257.0,,,Not Classified in SAEC
497046,Madera Community College,California,Mixed Associate Medium,0,1,23420,"Fresno, CA",0.2169,0.7329,,,,,,Not Classified in SAEC
497107,University of Silicon Andhra,California,"Special Focus: Arts, Music, and Design",0,0,41940,"San Jose-Sunnyvale-Santa Clara, CA",0.0,0.0,,,,,,Not Classified in SAEC
497116,Galen Health Institutes-Austin Campus,Texas,Special Focus: Nursing,0,1,12420,"Austin-Round Rock-San Marcos, TX",0.5144,0.7371,,,60671.0,,,Not Classified in SAEC
497125,Galen Health Institutes-Nashville Campus,Tennessee,Special Focus: Nursing,0,1,34980,"Nashville-Davidson--Murfreesboro--Franklin, TN",0.4218,0.4417,,,60671.0,,,Not Classified in SAEC
497213,Great Northern University,Washington,Professions-focused Baccalaureate Small,0,0,44060,"Spokane-Spokane Valley, WA",0.4706,0.1282,,,,,,Not Classified in SAEC
497268,Arizona College of Nursing-Salt Lake City,Utah,Special Focus: Nursing,0,0,41620,"Salt Lake City-Murray, UT",0.4845,0.3343,,,33491.0,,,Not Classified in SAEC
497277,Arizona College-Glendale,Arizona,Special Focus: Other Health Professions,0,1,38060,"Phoenix-Mesa-Chandler, AZ",0.7263,0.8097,,,33491.0,,,Not Classified in SAEC
497286,Universal Technical Institute-West Texas,Texas,Special Focus: Applied and Career Studies,0,1,12420,"Austin-Round Rock-San Marcos, TX",0.656,0.7109,,,49933.0,,,Not Classified in SAEC
497338,Glendale Career College-North-West College-Bakersfield,California,Special Focus: Applied and Career Studies,0,1,12540,"Bakersfield-Delano, CA",0.6658,0.7362,,,39493.0,,,Not Classified in SAEC
497408,Bridges Christian College,Louisiana,Special Focus: Theological Studies,0,0,35380,"New Orleans-Metairie, LA",0.4262,0.3387,,,,,,Not Classified in SAEC
497453,Jackson Theological Seminary,Arkansas,Special Focus: Theological Studies,0,0,30780,"Little Rock-North Little Rock-Conway, AR",0.0,1.0,,,,,,Not Classified in SAEC
497462,Redeemers University North America,Texas,Special Focus: Theological Studies,0,0,19100,"Dallas-Fort Worth-Arlington, TX",0.0139,1.0,,,,,,Not Classified in SAEC
497480,Reach University,California,Special Focus: Arts and Sciences,0,0,41860,"San Francisco-Oakland-Fremont, CA",0.6111,0.3967,,,,,,Not Classified in SAEC
497657,Hawaii Tokai International College,Hawaii,Mixed Associate Small,0,1,46520,"Urban Honolulu, HI",0.0,0.8125,,,,,,Not Classified in SAEC
497718,Academy for Jewish Religion,New York,Special Focus: Theological Studies,0,0,35620,"New York-Newark-Jersey City, NY-NJ",0.0,,,,,,,Not Classified in SAEC
497824,Evangel University-College of Online Learning,Missouri,Professions-focused Baccalaureate Small,0,0,44180,"Springfield, MO",0.578,0.1948,,,41521.0,,,Not Classified in SAEC
497833,Marian University-Ancilla,Indiana,Professions-focused Associate Small,0,1,38500,"Plymouth, IN",0.5088,0.3901,,,56234.0,,,Not Classified in SAEC
498234,Larkin University,Florida,Special Focus: Other Health Professions,0,0,33100,"Miami-Fort Lauderdale-West Palm Beach, FL",0.0,,,,,,,Not Classified in SAEC
498289,Pontifex University,Georgia,Special Focus: Theological Studies,0,0,12060,"Atlanta-Sandy Springs-Roswell, GA",0.0,,,,,,,Not Classified in SAEC
498562,Commonwealth University of Pennsylvania,Pennsylvania,Professions-focused Undergraduate/Graduate-Master's Large/Medium,0,0,14100,"Bloomsburg-Berwick, PA",0.3305,0.1657,,,48117.0,,,Not Classified in SAEC
498571,Pennsylvania Western University,Pennsylvania,Professions-focused Undergraduate/Graduate-Doctorate Medium,0,0,38300,"Pittsburgh, PA",0.3765,0.1779,,,43589.0,,,Not Classified in SAEC
